name,address,website,phone_number,reviews_count,reviews_average,latitude,longitude,keyword,searched_zipcode
Camp Kids Place,"
3910 Lorcom Ln, Arlington, VA 22207","
campkidsplace.com","
(703) 243-1506",,,38.967273,-77.2199576,summer camps for kids,22201
Congressional Camp,"
3229 Sleepy Hollow Rd, Falls Church, VA 22042","
congocamp.org","
(703) 533-0931",,,38.8585949,-77.3079302,summer camps for kids,22201
"LCF KIDS - Falls Church, VA","
150 S Washington St #100, Falls Church, VA 22046","
lcfkids.com","
(703) 909-7971",,,38.8585949,-77.3079302,summer camps for kids,22201
YMCA Arlington,"
3422 13th St N, Arlington, VA 22201","
ymcadc.org","
(703) 525-5420",,,38.8585949,-77.3079302,summer camps for kids,22201
Summer Camp at Episcopal,"
1200 N Quaker Ln, Alexandria, VA 22302","
summeratepiscopal.org","
(703) 933-4040",,,38.8585949,-77.3079302,summer camps for kids,22201
YMCA Arlington Woodmont Gymnastics Center,"
2422 N Fillmore St, Arlington, VA 22207","
ymcadc.org","
(703) 527-4966",,,38.9028651,-77.1820491,summer camps for kids,22201
The Little Gym of Arlington,"
2209 N Pershing Dr, Arlington, VA 22201","
thelittlegym.com","
(703) 672-3504",,,38.9028651,-77.1820491,summer camps for kids,22201
Steve & Kate's Camp - Arlington (TEMPORARILY CLOSED),"
105 N Thomas St, Arlington, VA 22203","
steveandkatescamp.com","
(571) 384-2214",,,38.8711549,-77.2485739,summer camps for kids,22201
Boolean Girl,"
1000 N Glebe Rd, Arlington, VA 22201","
booleangirl.org","
(202) 996-8241",,,38.871097,-77.2485741,stem camps,22201
"STEM Preschool Arlington, Virginia","
3120 S Abingdon St, Arlington, VA 22206","
stempreschool.com","
(703) 639-4601",,,38.871097,-77.2485741,stem camps,22201
STEM exCEL Enrichment Center,"
9914 Main St, Fairfax, VA 22031","
stemexcel.org","
(703) 673-2784",,,38.8440719,-77.4327034,stem camps,22201
Bright Path Institute of Science and Technology,"
3100 Clarendon Blvd Suite 200, Arlington, VA 22201","
brightpathtechnology.com","
(801) 889-3468",,,38.8863515,-77.2396135,stem camps,22201
DC Summer STEM Academy,"
3100 Clarendon Blvd Suite 200, Arlington, VA 22201","
brightpathtechnology.com","
(801) 889-3468",,,38.8863515,-77.2396135,stem camps,22201
Stemtree Education Center LLC,"
220 Maple Ave W, Vienna, VA 22180","
stemtree.com","
(703) 281-7836",,,38.8988345,-77.4120832,stem camps,22201
Lubber Run Community Center,"
300 N Park Dr, Arlington, VA 22203","
arlingtonva.us","
(703) 228-4712",,,38.8735076,-77.2581906,stem camps,22201
Code Ninjas Alexandria,"
4694 King St Suite 15, Alexandria, VA 22302","
codeninjas.com","
(703) 375-9540",,,38.8422738,-77.2537662,stem camps,22201
TIC Summer Camp - DC,"
4694 King St Suite 15, Alexandria, VA 22302","
codeninjas.com","
(703) 375-9540",,,38.8422738,-77.2537662,stem camps,22201
St. Stephen's and St. Agnes School Summertimes,"
400 Fontaine St, Alexandria, VA 22302","
summertimes.org","
(703) 212-2777",,,38.8422738,-77.2537662,stem camps,22201
Thomas Jefferson Community Center,"
3501 2nd St S, Arlington, VA 22204","
parks.arlingtonva.us","
(703) 228-5920",,,38.8422738,-77.2537662,stem camps,22201
Kinhaven School,"
915 N Oakland St, Arlington, VA 22203","
kinhaven.com","
(703) 525-4636",,,38.8422738,-77.2537662,stem camps,22201
Arlington Science Focus Elementary School,"
1501 N Lincoln St, Arlington, VA 22201","
asfs.apsva.us","
(703) 228-7670",,,38.8422738,-77.2537662,stem camps,22201
The T.E.A. Center,"
1491 Chain Bridge Rd #200, McLean, VA 22101","
theteacenter.org","
(571) 342-9211",,,38.9305859,-77.262787,stem camps,22201
Children's Weekday Program,"
1491 Chain Bridge Rd #200, McLean, VA 22101","
theteacenter.org","
(571) 342-9211",,,38.9305859,-77.262787,stem camps,22201
Syphax Education Center,"
2110 Washington Blvd, Arlington, VA 22204","
apsva.us","
(703) 228-6000",,,38.9305859,-77.262787,stem camps,22201
George Mason University - Mason Square (Arlington Campus),"
3351 Fairfax Dr, Arlington, VA 22201","
masonsquare.gmu.edu","
(703) 993-8999",,,38.8849692,-77.2451292,stem camps,22201
Pentagon Mixed Martial Arts,"
1041 S Edgewood St, Arlington, VA 22204","
pentagonmma.com","
(703) 521-1000",,,38.8975317,-77.1896621,stem camps,22201
Primrose School of Arlington,"
2107 Wilson Blvd, Arlington, VA 22201","
primroseschools.com","
(703) 565-9800",,,38.8975317,-77.1896621,stem camps,22201
Hayes Park,"
1516 N Lincoln St, Arlington, VA 22201","
arlingtonva.us","
(703) 228-6525",,,38.8896864,-77.2482421,stem camps,22201
NYLF Pathways to Stem,"
1516 N Lincoln St, Arlington, VA 22201","
arlingtonva.us","
(703) 228-6525",,,38.8896864,-77.2482421,stem camps,22201
Flatiron School,"
1516 N Lincoln St, Arlington, VA 22201","
arlingtonva.us","
(703) 228-6525",,,38.8896864,-77.2482421,stem camps,22201
Vertex Labs Academy - Ninja Warrior and STEM Northern Virginia,"
7406b Lockport Pl, Lorton, VA 22079","
vla.ninja","
(571) 488-4639",,,38.7176367,-77.3412767,stem camps,22201
Astar Explorer,"
11750 Fair Oaks Mall, Fairfax, VA 22033","
astarexplorer.com","
(571) 619-3478",,,38.8625497,-77.503319,stem camps,22201
Urban Boxing Arlington,"
3701 Fairfax Dr, Arlington, VA 22203","
urbanboxingarlington.com","
(571) 312-0488",,,38.8831477,-77.2487421,stem camps,22201
UVA Darden DC Metro at Sands Family Grounds,"
1100 Wilson Blvd 30th Floor, Arlington, VA 22209","
darden.virginia.edu","
(703) 718-4789",,,38.8831477,-77.2487421,stem camps,22201
Conte's Bike Shop,"
1100 Wilson Blvd 30th Floor, Arlington, VA 22209","
darden.virginia.edu","
(703) 718-4789",,,38.8831477,-77.2487421,stem camps,22201
Early Years Preschool,"
3701 Lorcom Ln, Arlington, VA 22207","
earlyyearspreschool.org","
(703) 465-8687",,,38.9012603,-77.2470034,stem camps,22201
NYLF Explore STEM,"
1919 Gallows Rd ste 700-4, Vienna, VA 22182",,"
(866) 858-5323",,,38.912997,-77.3709001,stem camps,22201
Alice West Fleet Elementary School,"
115 S Old Glebe Rd, Arlington, VA 22204","
fleet.apsva.us","
(703) 228-5820",,,38.8702001,-77.2421363,stem camps,22201
Marymount University,"
115 S Old Glebe Rd, Arlington, VA 22204","
fleet.apsva.us","
(703) 228-5820",,,38.8702001,-77.2421363,stem camps,22201
Cookology Culinary School,"
4238 Wilson Blvd 3rd Floor, Suite #3110, Arlington, VA 22203","
cookologyonline.com","
(703) 433-1909",,,38.8813735,-77.2318721,educational camps,22201
Aspire Afterschool Learning,"
909 S Dinwiddie St, Arlington, VA 22204","
aspireafterschool.org","
(703) 379-6488",,,38.8813735,-77.2318721,educational camps,22201
Pathways Learning Academy at Ballston Quarter,"
4238 Wilson Blvd 2nd Floor, Arlington, VA 22203","
pathwayslearningacademy.com","
(757) 900-9771",,,38.8813735,-77.2318721,educational camps,22201
Edu-Futuro,"
2110 Washington Blvd, Arlington, VA 22204","
edu-futuro.org","
(703) 228-2560",,,38.8813735,-77.2318721,educational camps,22201
Casual Adventure Outfitters,"
3451 Washington Blvd, Arlington, VA 22201","
casualadventure.com","
(703) 527-0600",,,38.8813735,-77.2318721,educational camps,22201
Ballston Children's Center,"
3850 Wilson Blvd, Arlington, VA 22203","
ballstonchildrenscenter.com","
(703) 527-7200",,,38.8813735,-77.2318721,educational camps,22201
PedalHeads-Arlington,"
4400 Arlington Blvd, Arlington, VA 22204","
pedalheads.com",,,,38.8813735,-77.2318721,educational camps,22201
Arlington YMCA Tennis & Squash Center,"
3400 13th St N, Arlington, VA 22201","
ymcadc.org","
(703) 522-1700",,,38.8813735,-77.2318721,educational camps,22201
Steve & Kate's Camp - Alexandria,"
2400 Russell Rd, Alexandria, VA 22301","
steveandkatescamp.com","
(703) 997-9147",,,38.8813735,-77.2318721,educational camps,22201
Encore Stage & Studio,"
3701 Lorcom Ln, Arlington, VA 22207","
encorestage.org","
(703) 548-1154",,,38.8813735,-77.2318721,educational camps,22201
Summer Cove,"
7210 Braddock Rd, Annandale, VA 22003","
summercovenova.com","
(571) 354-0422",,,38.8123087,-77.3374176,educational camps,22201
Museum of Contemporary Art Arlington,"
3550 Wilson Blvd, Arlington, VA 22201","
mocaarlington.org","
(703) 248-6800",,,38.881727,-77.2462752,educational camps,22201
Merritt Academy,"
9211 Arlington Blvd, Fairfax, VA 22031","
merrittacademy.org","
(703) 273-8000",,,38.863891,-77.4070886,science camps,22201
Science Cosmos,"
14101 Parke Long Ct suite n, Chantilly, VA 20151",,"
(703) 831-7416",,,38.8913848,-77.5796494,science camps,22201
Children's Science Center Lab,"
11948L Fair Oaks Mall, Fairfax, VA 22033","
childsci.org","
(703) 648-3130",,,38.8635441,-77.5042833,science camps,22201
ChildSpace Learning Center,"
2721 Mt Vernon Ave, Alexandria, VA 22301","
mychildspace.com","
(571) 429-3082",,,38.8299881,-77.2033176,science camps,22201
The Goddard School of Alexandria - West,"
2721 Mt Vernon Ave, Alexandria, VA 22301","
mychildspace.com","
(571) 429-3082",,,38.8299881,-77.2033176,science camps,22201
Camp Galileo,"
1411 Balls Hill Rd, McLean, VA 22101","
galileo-camps.com","
(800) 854-3684",,,38.8299881,-77.2033176,science camps,22201
Browne Academy and Drobots: Drone | Tech | Robotics | Coding Summer Camps For Kids,"
Drobots Summer Camp at St. Stephen's and St. Agnes School, 4401 W Braddock Rd, Alexandria, VA 22304","
drobotscompany.com","
(800) 336-2098",,,38.8305639,-77.2491134,coding camps for kids,22201
"Panda Programmer – Washington, DC Summer Camp","
Drobots Summer Camp at St. Stephen's and St. Agnes School, 4401 W Braddock Rd, Alexandria, VA 22304","
drobotscompany.com","
(800) 336-2098",,,38.8305639,-77.2491134,coding camps for kids,22201
Code Ninjas,"
Drobots Summer Camp at St. Stephen's and St. Agnes School, 4401 W Braddock Rd, Alexandria, VA 22304","
drobotscompany.com","
(800) 336-2098",,,38.8305639,-77.2491134,coding camps for kids,22201
theCoderSchool,"
1320 Old Chain Bridge Rd #170, McLean, VA 22101","
mclean.thecoderschool.com","
(703) 712-7182",,,38.9388166,-77.3210419,coding camps for kids,22201
iCode Vienna,"
1320 Old Chain Bridge Rd #170, McLean, VA 22101","
mclean.thecoderschool.com","
(703) 712-7182",,,38.9388166,-77.3210419,coding camps for kids,22201
"Panda Programmer – Bethesda, MD Summer Camp","
1320 Old Chain Bridge Rd #170, McLean, VA 22101","
mclean.thecoderschool.com","
(703) 712-7182",,,38.9388166,-77.3210419,coding camps for kids,22201
The Code Ranger,"
23305 Mount Middleton Square, Ashburn, VA 20148","
thecoderanger.com","
(703) 501-2034",,,38.8503354,-77.4779717,coding camps for kids,22201
Aveda Arts & Sciences Institute Arlington,"
23305 Mount Middleton Square, Ashburn, VA 20148","
thecoderanger.com","
(703) 501-2034",,,38.8503354,-77.4779717,coding camps for kids,22201
Code Ninjas,"
23305 Mount Middleton Square, Ashburn, VA 20148","
thecoderanger.com","
(703) 501-2034",,,38.9722849,-77.6643208,coding camps for kids,22201
"Panda Programmer – Gaithersburg, MD Summer Camp","
23305 Mount Middleton Square, Ashburn, VA 20148","
thecoderanger.com","
(703) 501-2034",,,38.9722849,-77.6643208,coding camps for kids,22201
TECH INSIDER SCHOOL,"
23305 Mount Middleton Square, Ashburn, VA 20148","
thecoderanger.com","
(703) 501-2034",,,38.9722849,-77.6643208,coding camps for kids,22201
The Python Academy,"
23305 Mount Middleton Square, Ashburn, VA 20148","
thecoderanger.com","
(703) 501-2034",,,38.9722849,-77.6643208,coding camps for kids,22201
KoolCoders,"
23305 Mount Middleton Square, Ashburn, VA 20148","
thecoderanger.com","
(703) 501-2034",,,38.8444546,-77.4386443,coding camps for kids,22201
Cody Child Development Center,"
23305 Mount Middleton Square, Ashburn, VA 20148","
thecoderanger.com","
(703) 501-2034",,,38.8444546,-77.4386443,coding camps for kids,22201
30 Minute Hit,"
23305 Mount Middleton Square, Ashburn, VA 20148","
thecoderanger.com","
(703) 501-2034",,,38.8444546,-77.4386443,coding camps for kids,22201
Bullis School and Drobots: Drone | Tech | Robotics | Coding Summer Camps For Kids,"
MacArthur Circle, Fort Myer, VA 22211","
jbmhh.armymwr.com","
(703) 696-3095",,,38.8444546,-77.4386443,coding camps for kids,22201
The Renaissance Child,"
MacArthur Circle, Fort Myer, VA 22211","
jbmhh.armymwr.com","
(703) 696-3095",,,38.8715151,-77.2210209,coding camps for kids,22201
Code Career Mastery,"
MacArthur Circle, Fort Myer, VA 22211","
jbmhh.armymwr.com","
(703) 696-3095",,,38.8715151,-77.2210209,coding camps for kids,22201
Magellan Tutoring,"
MacArthur Circle, Fort Myer, VA 22211","
jbmhh.armymwr.com","
(703) 696-3095",,,38.8715151,-77.2210209,coding camps for kids,22201
theCoderSchool,"
MacArthur Circle, Fort Myer, VA 22211","
jbmhh.armymwr.com","
(703) 696-3095",,,38.8715151,-77.2210209,coding camps for kids,22201
Tech Lead Academy,"
MacArthur Circle, Fort Myer, VA 22211","
jbmhh.armymwr.com","
(703) 696-3095",,,38.8715151,-77.2210209,coding camps for kids,22201
Code Ninjas,"
MacArthur Circle, Fort Myer, VA 22211","
jbmhh.armymwr.com","
(703) 696-3095",,,38.8715151,-77.2210209,coding camps for kids,22201
Trek Bicycle Arlington Clarendon,"
MacArthur Circle, Fort Myer, VA 22211","
jbmhh.armymwr.com","
(703) 696-3095",,,38.4752528,-77.5687691,coding camps for kids,22201
Apple Clarendon,"
MacArthur Circle, Fort Myer, VA 22211","
jbmhh.armymwr.com","
(703) 696-3095",,,38.4752528,-77.5687691,coding camps for kids,22201
Tech Dream Lab,"
MacArthur Circle, Fort Myer, VA 22211","
jbmhh.armymwr.com","
(703) 696-3095",,,38.4752528,-77.5687691,coding camps for kids,22201
Capitol Rehab of Arlington,"
MacArthur Circle, Fort Myer, VA 22211","
jbmhh.armymwr.com","
(703) 696-3095",,,38.4752528,-77.5687691,coding camps for kids,22201
Panda Programmer Gaithersburg Weekend Classes,"
MacArthur Circle, Fort Myer, VA 22211","
jbmhh.armymwr.com","
(703) 696-3095",,,38.4752528,-77.5687691,coding camps for kids,22201
iCode Clifton,"
MacArthur Circle, Fort Myer, VA 22211","
jbmhh.armymwr.com","
(703) 696-3095",,,38.4752528,-77.5687691,coding camps for kids,22201
University of Management and Technology,"
MacArthur Circle, Fort Myer, VA 22211","
jbmhh.armymwr.com","
(703) 696-3095",,,38.4752528,-77.5687691,coding camps for kids,22201
Courthouse Library,"
MacArthur Circle, Fort Myer, VA 22211","
jbmhh.armymwr.com","
(703) 696-3095",,,38.8895259,-77.2358266,coding camps for kids,22201
Central Library,"
2100 Clarendon Blvd, Arlington, VA 22201","
library.arlingtonva.us","
(703) 228-3352",,,38.8895259,-77.2358266,coding camps for kids,22201
Code Ninjas Ashburn,"
2100 Clarendon Blvd, Arlington, VA 22201","
library.arlingtonva.us","
(703) 228-3352",,,38.8895259,-77.2358266,coding camps for kids,22201
COMStar Learning Computer Courses & Camps,"
2100 Clarendon Blvd, Arlington, VA 22201","
library.arlingtonva.us","
(703) 228-3352",,,38.8895259,-77.2358266,coding camps for kids,22201
Lyon Hall,"
2100 Clarendon Blvd, Arlington, VA 22201","
library.arlingtonva.us","
(703) 228-3352",,,38.8895259,-77.2358266,coding camps for kids,22201
Office of Naval Research,"
2100 Clarendon Blvd, Arlington, VA 22201","
library.arlingtonva.us","
(703) 228-3352",,,38.8895259,-77.2358266,coding camps for kids,22201
Mind Your Body Oasis,"
2100 Clarendon Blvd, Arlington, VA 22201","
library.arlingtonva.us","
(703) 228-3352",,,38.8895259,-77.2358266,coding camps for kids,22201
Hoya Kids Learning Center,"
6134-R Arlington Blvd, Falls Church, VA 22044","
mindyourbodyoasis.com",,,,38.8895259,-77.2358266,coding camps for kids,22201
Barrie Camps and Drobots: Drone | Tech | Robotics | Coding Summer Camps For Kids,"
6134-R Arlington Blvd, Falls Church, VA 22044","
mindyourbodyoasis.com",,,,39.0777197,-77.1932008,coding camps for kids,22201
MiKiDo,"
6134-R Arlington Blvd, Falls Church, VA 22044","
mindyourbodyoasis.com",,,,39.0777197,-77.1932008,coding camps for kids,22201
Arlington Ballroom LLC,"
6134-R Arlington Blvd, Falls Church, VA 22044","
mindyourbodyoasis.com",,,,38.8497233,-77.2670996,coding camps for kids,22201
NAMI,"
5130 Wilson Blvd, Arlington, VA 22205","
arlingtonballroom.com","
(443) 517-9575",,,38.8497233,-77.2670996,coding camps for kids,22201
Academy of Programming,"
5130 Wilson Blvd, Arlington, VA 22205","
arlingtonballroom.com","
(443) 517-9575",,,38.8497233,-77.2670996,coding camps for kids,22201
Three Whistles - Eat Drink Work,"
5130 Wilson Blvd, Arlington, VA 22205","
arlingtonballroom.com","
(443) 517-9575",,,38.8497233,-77.2670996,coding camps for kids,22201
Origins Thai Spa,"
5130 Wilson Blvd, Arlington, VA 22205","
arlingtonballroom.com","
(443) 517-9575",,,38.8497233,-77.2670996,coding camps for kids,22201
David M. Brown Planetarium,"
5130 Wilson Blvd, Arlington, VA 22205","
arlingtonballroom.com","
(443) 517-9575",,,38.8497233,-77.2670996,coding camps for kids,22201
The Lab School of Washington,"
5130 Wilson Blvd, Arlington, VA 22205","
arlingtonballroom.com","
(443) 517-9575",,,38.8497233,-77.2670996,coding camps for kids,22201
Game Camp Nation,"
5130 Wilson Blvd, Arlington, VA 22205","
arlingtonballroom.com","
(443) 517-9575",,,38.8497233,-77.2670996,coding camps for kids,22201
Westover Library,"
5130 Wilson Blvd, Arlington, VA 22205","
arlingtonballroom.com","
(443) 517-9575",,,38.8497233,-77.2670996,coding camps for kids,22201
Westpost Outdoor Ice Skating formerly Pentagon Row,"
1644 McKinley Rd #3, Arlington, VA 22205","
library.arlingtonva.us","
(703) 228-5260",,,38.8497233,-77.2670996,coding camps for kids,22201
Movement Crystal City,"
1644 McKinley Rd #3, Arlington, VA 22205","
library.arlingtonva.us","
(703) 228-5260",,,38.8497233,-77.2670996,coding camps for kids,22201
Cherrydale Library,"
1644 McKinley Rd #3, Arlington, VA 22205","
library.arlingtonva.us","
(703) 228-5260",,,38.8497233,-77.2670996,coding camps for kids,22201
"iCode Columbia, MD","
1644 McKinley Rd #3, Arlington, VA 22205","
library.arlingtonva.us","
(703) 228-5260",,,38.8497233,-77.2670996,coding camps for kids,22201
Infamous Robotics LLC,"
1644 McKinley Rd #3, Arlington, VA 22205","
library.arlingtonva.us","
(703) 228-5260",,,38.8497233,-77.2670996,coding camps for kids,22201
Claremont Immersion School,"
1644 McKinley Rd #3, Arlington, VA 22205","
library.arlingtonva.us",,,,38.8445061,-77.4495966,coding camps for kids,22201
Virtu.Academy,"
4031 University Dr, Fairfax, VA 22030",,,,,38.8445061,-77.4495966,coding camps for kids,22201
Wonder Kids Learning Center,"
907 N Quincy St, Arlington, VA 22203","
wonderkidslearningcenter.com","
(703) 716-3870",,,38.8813868,-77.1254492,kids learning center,22201
"A Plus Kids ""Fun & Creative Learning Center""","
925 N Garfield St STE D, Arlington, VA 22201","
apluskids2.com","
(703) 405-4598",,,38.8839552,-77.1107841,kids learning center,22201
Finding Dreams in Children CDC at Virginia Center,"
3501 Fairfax Dr, Arlington, VA 22201","
brighthorizons.com","
(571) 405-3705",,,38.8839552,-77.1107841,kids learning center,22201
Ladybug Academy Courthouse,"
3501 Fairfax Dr, Arlington, VA 22201","
brighthorizons.com","
(571) 405-3705",,,38.8843451,-77.1202598,kids learning center,22201
Little Beginnings Child Development,"
606 N Irving St, Arlington, VA 22201","
littlebeginnings.org","
(703) 527-9270",,,38.8843451,-77.1202598,kids learning center,22201
Kidz Corner Daycare,"
1619 N Highland St, Arlington, VA 22201","
kidzcornerarlington.com","
(202) 746-8187",,,38.8843451,-77.1202598,kids learning center,22201
Clarendon Child Care Center,"
1619 N Highland St, Arlington, VA 22201","
kidzcornerarlington.com","
(202) 746-8187",,,38.8843451,-77.1202598,kids learning center,22201
Merit School of Arlington,"
1619 N Highland St, Arlington, VA 22201","
kidzcornerarlington.com","
(202) 746-8187",,,38.8843451,-77.1202598,kids learning center,22201
First Baptist Church of Clarendon Child Development Center,"
1619 N Highland St, Arlington, VA 22201","
meritschools.com","
(540) 755-3703",,,38.8812468,-77.1035435,kids learning center,22201
Early Steps Bilingual Preschool,"
2201 N Pershing Dr Suite K, Arlington, VA 22201","
meritschools.com","
(540) 755-3703",,,38.8812468,-77.1035435,kids learning center,22201
St. Charles Preschool,"
3299 Fairfax Dr, Arlington, VA 22201","
stcharlesarlington.org","
(703) 527-0608",,,38.8858256,-77.1178896,kids learning center,22201
Merit School of Clarendon,"
2311 Wilson Blvd, Arlington, VA 22201","
meritschools.com","
(571) 605-6763",,,38.8911462,-77.1047701,kids learning center,22201
Children's International School,"
2311 Wilson Blvd, Arlington, VA 22201","
meritschools.com","
(571) 605-6763",,,38.8911462,-77.1047701,kids learning center,22201
Bright Horizons at Ballston,"
2311 Wilson Blvd, Arlington, VA 22201","
meritschools.com","
(571) 605-6763",,,38.8911462,-77.1047701,kids learning center,22201
VINCI School Arlington,"
4001 Fairfax Dr Suite 175, Arlington, VA 22203","
brighthorizons.com","
(571) 746-5573",,,38.8828963,-77.1262225,kids learning center,22201
Bright Horizons at Rosslyn,"
1300 Wilson Blvd Suite 100, Arlington, VA 22209","
brighthorizons.com","
(571) 480-4594",,,38.8944979,-77.0906325,kids learning center,22201
Rosslyn Childrens Center,"
1101 Wilson Blvd #100, Arlington, VA 22209","
rcc4kids.com","
(703) 524-0202",,,38.8944979,-77.0906325,kids learning center,22201
C Care Preschool,"
1101 Wilson Blvd #100, Arlington, VA 22209","
rcc4kids.com","
(703) 524-0202",,,38.8944979,-77.0906325,kids learning center,22201
Fablis Daycare,"
923 N Edgewood St, Arlington, VA 22201","
fablisdaycare.com","
(703) 547-7026",,,38.8838593,-77.1094967,kids learning center,22201
Children's International School,"
4347 Arlington Blvd, Arlington, VA 22203","
childrensinternationalschool.com","
(703) 525-0593",,,38.8697142,-77.1242115,kids learning center,22201
"Playway Learning Daycare, LLC","
4347 Arlington Blvd, Arlington, VA 22203","
childrensinternationalschool.com","
(703) 525-0593",,,38.8697142,-77.1242115,kids learning center,22201
The Children’s School,"
4770 Langston Blvd., Arlington, VA 22207","
thechildrensschooltcs.org","
(703) 462-5180",,,38.896933,-77.1426264,kids learning center,22201
Marymount Early Learning Academy,"
4770 Langston Blvd., Arlington, VA 22207","
thechildrensschooltcs.org","
(703) 462-5180",,,38.896933,-77.1426264,kids learning center,22201
Olivia's Daycare,"
3114 15th St S, Arlington, VA 22204",,"
(703) 220-2745",,,38.856786,-77.1072293,kids learning center,22201
Ana's Kids,"
2201 S Fern St, Arlington, VA 22202","
anaskids2.com","
(703) 340-7925",,,38.854004,-77.0731454,kids learning center,22201
School of Children,"
2706 24th Rd S, Arlington, VA 22206","
schoolofchildren.net","
(703) 486-0880",,,38.854004,-77.0731454,kids learning center,22201
Junior playland,"
2706 24th Rd S, Arlington, VA 22206","
schoolofchildren.net","
(703) 486-0880",,,38.8475454,-77.1010547,kids learning center,22201
The Learning Beehive Bilingual family home daycare,"
2706 24th Rd S, Arlington, VA 22206","
schoolofchildren.net","
(703) 486-0880",,,38.8475454,-77.1010547,kids learning center,22201
Norman Swimming LLC,"
2706 24th Rd S, Arlington, VA 22206","
schoolofchildren.net","
(703) 486-0880",,,38.8475454,-77.1010547,kids learning center,22201
Busy Bee Daycare and Educational center,"
2706 24th Rd S, Arlington, VA 22206","
schoolofchildren.net","
(703) 486-0880",,,38.8475454,-77.1010547,kids learning center,22201
Sparkles! Child Care Centers at Crystal City,"
913 23rd St S, Arlington, VA 22206","
busybeedaycareva.com","
(703) 920-8633",,,38.8534322,-77.080051,kids learning center,22201
Soaring Starts Early Learning,"
913 23rd St S, Arlington, VA 22206","
busybeedaycareva.com","
(703) 920-8633",,,38.8534322,-77.080051,kids learning center,22201
Angel Hearts of Arlington Daycare,"
2345 N Dickerson St, Arlington, VA 22207","
my.arlingtonva.us","
(571) 269-3286",,,38.8985724,-77.1476875,kids learning center,22201
Bailey's Childcare and Learning Center Falls Church,"
2345 N Dickerson St, Arlington, VA 22207","
my.arlingtonva.us","
(571) 269-3286",,,38.8985724,-77.1476875,kids learning center,22201
Endeavor Martial Arts Center,"
3000 10th St N, Arlington, VA 22201","
endeavorclarendon.com","
(703) 340-0348",,,38.884173,-77.1123258,kids learning center,22201
Child Care Aware Of America,"
3000 10th St N, Arlington, VA 22201","
endeavorclarendon.com","
(703) 340-0348",,,38.884173,-77.1123258,kids learning center,22201
Urban Kempo,"
3000 Washington Blvd C, Arlington, VA 22201",,"
(703) 888-2425",,,38.8912327,-77.1017674,kids learning center,22201
iSprout STEAM Academy,"
3000 Washington Blvd C, Arlington, VA 22201",,"
(703) 888-2425",,,38.8847512,-77.1124544,kids learning center,22201
District Martial Arts | MMA Gym,"
3000 Washington Blvd C, Arlington, VA 22201",,"
(703) 888-2425",,,38.8847512,-77.1124544,kids learning center,22201
Arlington Unitarian Cooperative Preschool (AUCP),"
4444 Arlington Blvd, Arlington, VA 22204","
aucpva.org","
(703) 892-3878",,,38.868352,-77.1255113,kids learning center,22201
Star kids home daycare,"
4444 Arlington Blvd, Arlington, VA 22204","
aucpva.org","
(703) 892-3878",,,38.868352,-77.1255113,kids learning center,22201
Faith Lutheran Preschool,"
4444 Arlington Blvd, Arlington, VA 22204","
aucpva.org","
(703) 892-3878",,,38.868352,-77.1255113,kids learning center,22201
Feya Preschool LLC,"
4444 Arlington Blvd, Arlington, VA 22204","
aucpva.org","
(703) 892-3878",,,38.868352,-77.1255113,kids learning center,22201
Everbrook Academy of Arlington,"
4444 Arlington Blvd, Arlington, VA 22204","
aucpva.org","
(703) 892-3878",,,38.8725231,-77.1141756,kids learning center,22201
Children's House Montessori School,"
4444 Arlington Blvd, Arlington, VA 22204","
aucpva.org","
(703) 892-3878",,,38.8725231,-77.1141756,kids learning center,22201
"Maggie's House Day Care - Arlington, Va","
4444 Arlington Blvd, Arlington, VA 22204","
aucpva.org","
(703) 892-3878",,,38.8725231,-77.1141756,kids learning center,22201
Celebree School of National Landing,"
4444 Arlington Blvd, Arlington, VA 22204","
aucpva.org","
(703) 892-3878",,,38.8725231,-77.1141756,kids learning center,22201
Maria Teresa's Babies Early Enrichment Center,"
3232 13th St S, Arlington, VA 22204",,"
(703) 401-0952",,,38.8586993,-77.1088929,kids learning center,22201
Crystal City Children's Center,"
3650 S Glebe Rd, Arlington, VA 22202","
crystalcitychildrenscenter.org","
(703) 979-2770",,,38.8420068,-77.0691207,kids learning center,22201
Washington-Liberty Aquatics Center,"
1301 N Quincy St, Arlington, VA 22201","
apsva.us","
(703) 228-6262",,,38.8881462,-77.1275212,kids learning center,22201
Pouch Modern Daycare,"
1301 N Quincy St, Arlington, VA 22201","
apsva.us","
(703) 228-6262",,,38.8881462,-77.1275212,kids learning center,22201
MDV Education & Care,"
1301 N Quincy St, Arlington, VA 22201","
apsva.us","
(703) 228-6262",,,38.8881462,-77.1275212,kids learning center,22201
Mama Nena Daycare,"
5311 Langston Blvd., Arlington, VA 22207","
mdveducation.com","
(571) 409-1737",,,38.8967551,-77.1533988,kids learning center,22201
Amu's Home Daycare,"
5311 Langston Blvd., Arlington, VA 22207","
mdveducation.com","
(571) 409-1737",,,38.8967551,-77.1533988,kids learning center,22201
Preschool Arlington - The Fairfax Academy,"
820 S Carlin Springs Rd, Arlington, VA 22204","
thefairfaxacademy.com","
(703) 671-5555",,,38.8548259,-77.1414281,kids learning center,22201
Arts & Minds Academy,"
820 S Carlin Springs Rd, Arlington, VA 22204","
thefairfaxacademy.com","
(703) 671-5555",,,38.8548259,-77.1414281,kids learning center,22201
Kids Educational Tech Foundation,"
3033 Wilson Blvd #700, Arlington, VA 22201",,"
(703) 646-1493",,,38.8548182,-77.1723281,educational programs for kids,22201
Arlington Community Learning (Adult Education),"
3033 Wilson Blvd #700, Arlington, VA 22201",,"
(703) 646-1493",,,38.8548182,-77.1723281,educational programs for kids,22201
Alexandria Classical Christian Academy,"
3033 Wilson Blvd #700, Arlington, VA 22201",,"
(703) 646-1493",,,38.8548182,-77.1723281,educational programs for kids,22201
Montessori School of Northern Virginia - Sleepy Hollow Campus,"
3033 Wilson Blvd #700, Arlington, VA 22201",,"
(703) 646-1493",,,38.8548182,-77.1723281,educational programs for kids,22201
Arlington Public Schools: Extended Day,"
3033 Wilson Blvd #700, Arlington, VA 22201",,"
(703) 646-1493",,,38.849709,-77.2439718,educational programs for kids,22201
Arlington Partnership Child,"
3033 Wilson Blvd, Arlington, VA 22201","
arlingtonva.us","
(703) 228-1667",,,38.849709,-77.2439718,educational programs for kids,22201
The Swim Farm LLC,"
1301 N Quincy St, Arlington, VA 22201","
theswimfarm.com","
(703) 424-4551",,,38.888261,-77.1666819,educational programs for kids,22201
Arlington Scholars Childcare (Before & After School Care),"
Arlington, VA 22204",,"
(571) 414-9010",,,38.8882465,-77.1666819,after school programs for kids,22201
YMCA Alexandria,"
420 E Monroe Ave, Alexandria, VA 22301","
ymcadc.org","
(703) 838-8085",,,38.8213752,-77.3426957,summer camps for kids,22202
Walter Reed Recreation Center,"
2909 16th St S, Arlington, VA 22204","
arlingtonva.us","
(703) 228-0935",,,38.8213752,-77.3426957,summer camps for kids,22202
Leonard “Chick” Armstrong Recreation Center,"
25 W Reed Ave, Alexandria, VA 22305","
alexandriava.gov","
(703) 746-5554",,,38.8213752,-77.3426957,summer camps for kids,22202
Everbrook Academy of Arlington,"
201 12th St S Suite 10, Arlington, VA 22202","
everbrookacademy.com","
(855) 444-3778",,,38.8213752,-77.3426957,summer camps for kids,22202
emPOWER kids,"
Studio - Located on Ground Level (parking lot in the rear, Gym - Located on 5th Floor, 4700 King St, Alexandria, VA 22302","
empower-kids.com","
(703) 399-3600",,,38.8213752,-77.3426957,summer camps for kids,22202
Commonwealth Academy Summer Fun and Learning,"
1321 Leslie Ave, Alexandria, VA 22301","
commonwealthacademy.org","
(703) 548-6912",,,38.8213752,-77.3426957,summer camps for kids,22202
The Sent Christian School,"
15451 US-29, Centreville, VA 20121","
thesentschool.org","
(703) 810-7157",,,38.827894,-77.7687161,stem camps,22202
"Sylvan Learning of Alexandria, VA","
2305 Mt Vernon Ave, Alexandria, VA 22301","
sylvanlearning.com","
(703) 822-7503",,,38.8928893,-77.2835965,stem camps,22202
Potomac Kempo - National Landing,"
3650 S Glebe Rd # 190, Arlington, VA 22202","
potomackempo.com","
(571) 412-8585",,,38.8926576,-77.2835973,educational camps,22202
Discover Fun Camp,"
3650 S Glebe Rd # 190, Arlington, VA 22202","
potomackempo.com","
(571) 412-8585",,,38.8926576,-77.2835973,educational camps,22202
Camp Greenway,"
2100 Clarendon Blvd UNIT 414, Arlington, VA 22201","
arlingtonva.us","
(703) 228-4747",,,38.8926576,-77.2835973,educational camps,22202
Metropolitan Culinary Arts Institute,"
2100 Clarendon Blvd UNIT 414, Arlington, VA 22201","
arlingtonva.us","
(703) 228-4747",,,38.8926576,-77.2835973,educational camps,22202
Maywood Mini Park,"
2100 Clarendon Blvd UNIT 414, Arlington, VA 22201","
arlingtonva.us","
(703) 228-4747",,,38.8926576,-77.2835973,educational camps,22202
Grassroots Leadership Academy,"
3210 22nd St N, Arlington, VA 22201","
parks.arlingtonva.us","
(703) 228-6525",,,38.8926576,-77.2835973,educational camps,22202
Arlington Special Education PTA,"
3210 22nd St N, Arlington, VA 22201","
parks.arlingtonva.us","
(703) 228-6525",,,38.8926576,-77.2835973,educational camps,22202
Summer at Madeira,"
3210 22nd St N, Arlington, VA 22201","
parks.arlingtonva.us","
(703) 228-6525",,,38.8926576,-77.2835973,educational camps,22202
Bright Horizons at Crystal City,"
2451 Crystal Dr Suite 100, Arlington, VA 22202","
brighthorizons.com","
(703) 278-3243",,,38.892426,-77.2835982,science camps,22202
Apple Pentagon City,"
1100 S Hayes St, Arlington, VA 22202","
apple.com","
(703) 236-1550",,,38.8921943,-77.283599,coding camps for kids,22202
Capital Youth Empowerment Program,"
950 N Washington St, Alexandria, VA 22314","
cyep.org","
(202) 321-8704",,,38.8921943,-77.283599,coding camps for kids,22202
Conte's Bike Shop,"
1350 S Eads St, Arlington, VA 22202","
contebikes.com","
(571) 366-7111",,,38.8921943,-77.283599,coding camps for kids,22202
National Association of State Boards of Education,"
2121 Crystal Dr, Arlington, VA 22202","
nasbe.org","
(703) 684-4000",,,38.8921943,-77.283599,coding camps for kids,22202
Mattress Warehouse of Arlington - Pentagon Row,"
1201 S Joyce St Unit C14, Arlington, VA 22202","
mattresswarehouse.com","
(703) 546-4781",,,38.8921943,-77.283599,coding camps for kids,22202
Westpost at National Landing,"
1201 S Joyce St, Arlington, VA 22202","
westpostva.com","
(877) 265-7417",,,38.8921943,-77.283599,coding camps for kids,22202
EduWorkforce Training and Consulting Inc.,"
901 S Highland St #437, Arlington, VA 22204",,"
(703) 899-5371",,,38.8921943,-77.283599,coding camps for kids,22202
"Cora Kelly School for Math, Science and Technology","
3600 Commonwealth Ave, Alexandria, VA 22305","
ck.acps.k12.va.us","
(703) 706-4420",,,38.8921943,-77.283599,coding camps for kids,22202
Arlington County Dept. of Human Services,"
2100 Washington Blvd, Arlington, VA 22204","
arlingtonva.us","
(703) 228-1300",,,38.8921943,-77.283599,coding camps for kids,22202
Aurora Hills Library,"
2100 Washington Blvd, Arlington, VA 22204","
arlingtonva.us","
(703) 228-1300",,,38.8921943,-77.283599,coding camps for kids,22202
Queen City,"
2100 Washington Blvd, Arlington, VA 22204","
arlingtonva.us","
(703) 228-1300",,,38.8921943,-77.283599,coding camps for kids,22202
HelloWorld Coding Club,"
2565 Pennington Pl, Vienna, VA 22181","
helloworldcodingclub.com","
(262) 893-9741",,,38.8906901,-77.567785,coding camps for kids,22202
Music Together Alexandria,"
100 E Windsor Ave, Alexandria, VA 22301","
musictogetheralexandria.com","
(571) 494-1869",,,38.8247934,-77.3478903,coding camps for kids,22202
Commonwealth Academy,"
1321 Leslie Ave, Alexandria, VA 22301","
commonwealthacademy.org","
(703) 548-6912",,,38.8247934,-77.3478903,coding camps for kids,22202
DoubleTree by Hilton Hotel Washington DC - Crystal City,"
1321 Leslie Ave, Alexandria, VA 22301","
commonwealthacademy.org","
(703) 548-6912",,,38.8247934,-77.3478903,coding camps for kids,22202
Code Ninjas Gainesville,"
7543 Somerset Crossing Dr, Gainesville, VA 20155",,"
(571) 248-0465",,,38.7932974,-77.9173558,coding camps for kids,22202
Jeysica Daycare,"
2633 27th Rd S, Arlington, VA 22206","
jeysicadaycare.com","
(571) 250-9272",,,38.8814295,-77.1082759,kids learning center,22202
Most Akter’s Home Daycare,"
2633 27th Rd S, Arlington, VA 22206","
jeysicadaycare.com","
(571) 250-9272",,,38.8814295,-77.1082759,kids learning center,22202
BB-Babies LLC,"
2633 27th Rd S, Arlington, VA 22206","
jeysicadaycare.com","
(571) 250-9272",,,38.8814295,-77.1082759,kids learning center,22202
Les Petits Curieux Day Care,"
2633 27th Rd S, Arlington, VA 22206","
jeysicadaycare.com","
(571) 250-9272",,,38.8438378,-77.1171105,kids learning center,22202
Discovery Time Learning Academy,"
2633 27th Rd S, Arlington, VA 22206","
jeysicadaycare.com","
(571) 250-9272",,,38.8438378,-77.1171105,kids learning center,22202
Discovery Time Learning Center,"
1509 Leslie Ave, Alexandria, VA 22301","
discoverytimelearning.com","
(703) 930-9043",,,38.831739,-77.0879908,kids learning center,22202
Arlington Center,"
1509 Leslie Ave, Alexandria, VA 22301","
discoverytimelearning.com","
(703) 930-9043",,,38.831739,-77.0879908,kids learning center,22202
Museum of Contemporary Art Innovation Studio + Store,"
1509 Leslie Ave, Alexandria, VA 22301","
discoverytimelearning.com","
(703) 930-9043",,,38.831739,-77.0879908,kids learning center,22202
Great Beginnings Early Learning Center,"
525 14th St S, Arlington, VA 22202","
mocaarlington.org","
(703) 566-7496",,,38.831739,-77.0879908,kids learning center,22202
The LEGO® Store Fashion Centre,"
525 14th St S, Arlington, VA 22202","
mocaarlington.org","
(703) 566-7496",,,38.8613903,-77.090607,kids learning center,22202
Tomorrow's Promise Learning Center,"
525 14th St S, Arlington, VA 22202","
mocaarlington.org","
(703) 566-7496",,,38.8613903,-77.090607,kids learning center,22202
USDA Child Development Center,"
525 14th St S, Arlington, VA 22202","
mocaarlington.org","
(703) 566-7496",,,38.9070214,-77.088649,kids learning center,22202
Yolita's Daycare,"
525 14th St S, Arlington, VA 22202","
mocaarlington.org","
(703) 566-7496",,,38.9070214,-77.088649,kids learning center,22202
Kiddie Academy of D.C. - West End,"
2401 9th St N, Arlington, VA 22201","
brentwoodacademy.org","
(703) 525-7116",,,38.887287,-77.0682431,kids learning center,22202
Kogaion Academy Brazilian Jiu-Jitsu & Judo,"
2401 9th St N, Arlington, VA 22201","
brentwoodacademy.org","
(703) 525-7116",,,38.8831503,-77.1232079,kids learning center,22202
Big Mama's Children Center,"
2401 9th St N, Arlington, VA 22201","
brentwoodacademy.org","
(703) 525-7116",,,38.8831503,-77.1232079,kids learning center,22202
Semillita's Early Learning Center,"
2401 9th St N, Arlington, VA 22201","
brentwoodacademy.org","
(703) 525-7116",,,38.8831503,-77.1232079,kids learning center,22202
Crossroads Child Development Center,"
2401 9th St N, Arlington, VA 22201","
brentwoodacademy.org","
(703) 525-7116",,,38.8831503,-77.1232079,kids learning center,22202
Communities In Schools,"
2461 S Clark St #1200, Arlington, VA 22202","
communitiesinschools.org","
(800) 247-4543",,,38.8518136,-77.0872529,educational programs for kids,22202
Distance Learning Int,"
2461 S Clark St #1200, Arlington, VA 22202","
communitiesinschools.org","
(800) 247-4543",,,38.8518136,-77.0872529,educational programs for kids,22202
Public Broadcasting Service (PBS),"
2461 S Clark St #1200, Arlington, VA 22202","
communitiesinschools.org","
(800) 247-4543",,,38.8518136,-77.0872529,educational programs for kids,22202
Rainbow Road Preschool,"
2461 S Clark St #1200, Arlington, VA 22202","
communitiesinschools.org","
(800) 247-4543",,,38.8518136,-77.0872529,educational programs for kids,22202
The Gardner School of Arlington,"
2217 Columbia Pike, Arlington, VA 22204","
rainbowroadpreschool.com","
(571) 225-9189",,,38.8518136,-77.0872529,educational programs for kids,22202
Curious Kids Toys,"
2217 Columbia Pike, Arlington, VA 22204","
rainbowroadpreschool.com","
(571) 225-9189",,,38.8643626,-77.1182478,educational programs for kids,22202
Full Circle Montessori School,"
2217 Columbia Pike, Arlington, VA 22204","
rainbowroadpreschool.com","
(571) 225-9189",,,38.8643626,-77.1182478,educational programs for kids,22202
Arlington Public Schools,"
870 S Greenbrier St Ste 102, Arlington, VA 22204","
fullcirclemontessori.com","
(703) 243-8282",,,38.8542168,-77.1542529,educational programs for kids,22202
The Nest Academy Learning Preschool,"
870 S Greenbrier St Ste 102, Arlington, VA 22204","
fullcirclemontessori.com","
(703) 243-8282",,,38.8542168,-77.1542529,educational programs for kids,22202
"Veritas Collegiate Academy, National Landing Campus","
870 S Greenbrier St Ste 102, Arlington, VA 22204","
fullcirclemontessori.com","
(703) 243-8282",,,38.8287998,-77.0948651,educational programs for kids,22202
Air Force Aid Society,"
870 S Greenbrier St Ste 102, Arlington, VA 22204","
fullcirclemontessori.com","
(703) 243-8282",,,38.8287998,-77.0948651,educational programs for kids,22202
Metta Montessori School,"
870 S Greenbrier St Ste 102, Arlington, VA 22204","
fullcirclemontessori.com","
(703) 243-8282",,,38.8287998,-77.0948651,educational programs for kids,22202
Long Bridge Aquatics & Fitness Center,"
935 23rd St S, Arlington, VA 22202","
veritascollegiateacademydc.com","
(866) 564-4233",,,38.853503,-77.0986564,educational programs for kids,22202
Sur La Table,"
935 23rd St S, Arlington, VA 22202","
veritascollegiateacademydc.com","
(866) 564-4233",,,38.853503,-77.0986564,educational programs for kids,22202
"Skills on the Hill, LLC","
935 23rd St S, Arlington, VA 22202","
veritascollegiateacademydc.com","
(866) 564-4233",,,38.853503,-77.0986564,educational programs for kids,22202
Virginia Highlands Park,"
1101 S Joyce St Suite B-20, Arlington, VA 22202","
surlatable.com","
(703) 414-3580",,,38.853503,-77.0986564,educational programs for kids,22202
Arlington Montessori House,"
1101 S Joyce St Suite B-20, Arlington, VA 22202","
surlatable.com","
(703) 414-3580",,,38.853503,-77.0986564,educational programs for kids,22202
Kiddie Academy of Alexandria,"
2025 S Randolph St, Arlington, VA 22204","
evergreenimmersionacademy.com","
(703) 746-6329",,,38.8492473,-77.1313998,after school programs for kids,22202
My Little Shine Home Daycare,"
2025 S Randolph St, Arlington, VA 22204","
evergreenimmersionacademy.com","
(703) 746-6329",,,38.8492473,-77.1313998,after school programs for kids,22202
Tania's Family Day Home,"
2025 S Randolph St, Arlington, VA 22204","
evergreenimmersionacademy.com","
(703) 746-6329",,,38.8492473,-77.1313998,after school programs for kids,22202
Everest Home Daycare,"
2025 S Randolph St, Arlington, VA 22204","
evergreenimmersionacademy.com","
(703) 746-6329",,,38.8492473,-77.1313998,after school programs for kids,22202
Creative Play School,"
2025 S Randolph St, Arlington, VA 22204","
evergreenimmersionacademy.com","
(703) 746-6329",,,38.8492473,-77.1313998,after school programs for kids,22202
Claudia's Home Daycare,"
2025 S Randolph St, Arlington, VA 22204","
evergreenimmersionacademy.com","
(703) 746-6329",,,38.8492473,-77.1313998,after school programs for kids,22202
Modern Tots,"
3716 9th St S, Arlington, VA 22204",,"
(571) 225-6281",,,38.8492473,-77.1313998,after school programs for kids,22202
"Kid Power, Inc.","
3716 9th St S, Arlington, VA 22204",,"
(571) 225-6281",,,38.8492473,-77.1313998,after school programs for kids,22202
Waytogo21,"
3716 9th St S, Arlington, VA 22204",,"
(571) 225-6281",,,38.8492473,-77.1313998,after school programs for kids,22202
District Dogs National Landing,"
3716 9th St S, Arlington, VA 22204",,"
(571) 225-6281",,,38.8605964,-77.0899076,after school programs for kids,22202
The Goddard School of Washington DC - The Wharf,"
3716 9th St S, Arlington, VA 22204",,"
(571) 225-6281",,,38.8605964,-77.0899076,after school programs for kids,22202
JBAB Child Development Center 2,"
3716 9th St S, Arlington, VA 22204",,"
(571) 225-6281",,,38.8605964,-77.0899076,after school programs for kids,22202
"CAMP, A Family Experience Store","
1961 CHAIN BRIDGE RD MALL M5L, McLean, VA 22102","
camp.com","
(571) 368-4264",,,38.9179728,-77.3635856,stem camps,22203
Data Science Vista,"
1775 Tysons Blvd 5th floor, McLean, VA 22102","
datasciencevista.com","
(855) 950-5660",,,38.9179728,-77.3635856,stem camps,22203
The Goddard School of Falls Church,"
1775 Tysons Blvd 5th floor, McLean, VA 22102","
datasciencevista.com","
(855) 950-5660",,,38.9179728,-77.3635856,stem camps,22203
Phoebe Hall Knipling Outdoor Lab,"
5554 Beverleys Mill Rd, Broad Run, VA 20137","
outdoorlab.org","
(540) 347-2258",,,38.8046216,-77.8582128,science camps,22203
Stemtree of Ashburn,"
Same unit as Ashburn Art Classes, 21001 Sycolin Rd Suite 210, Ashburn, VA 20147","
stemtree.com","
(571) 500-7836",,,39.0418806,-77.6673288,science camps,22203
Sandboxx,"
4200 Wilson Blvd STE 500, Arlington, VA 22203","
sandboxx.us",,,,39.0413877,-77.914577,coding camps for kids,22203
Ellen M. Bozman Government Center,"
4200 Wilson Blvd STE 500, Arlington, VA 22203","
sandboxx.us",,,,39.0413877,-77.914577,coding camps for kids,22203
iTouch Repair,"
4200 Wilson Blvd STE 500, Arlington, VA 22203","
sandboxx.us",,,,39.0413877,-77.914577,coding camps for kids,22203
Columbia Pike Library,"
816 S Walter Reed Dr, Arlington, VA 22204","
library.arlingtonva.us","
(703) 228-5710",,,39.0413877,-77.914577,coding camps for kids,22203
Willston Multicultural Center,"
816 S Walter Reed Dr, Arlington, VA 22204","
library.arlingtonva.us","
(703) 228-5710",,,39.0413877,-77.914577,coding camps for kids,22203
The Right Method,"
816 S Walter Reed Dr, Arlington, VA 22204","
library.arlingtonva.us","
(703) 228-5710",,,39.0413877,-77.914577,coding camps for kids,22203
Mathnasium,"
4801 1st St N, Arlington, VA 22203","
mathnasium.com","
(703) 351-6284",,,38.88143,-77.097976,educational programs for kids,22203
Early Head Start,"
4801 1st St N, Arlington, VA 22203","
mathnasium.com","
(703) 351-6284",,,38.867897,-77.1348074,educational programs for kids,22203
Discover Creative Learning Spaces,"
4801 1st St N, Arlington, VA 22203","
mathnasium.com","
(703) 351-6284",,,38.867897,-77.1348074,educational programs for kids,22203
"Russian School of Mathematics - RSM Arlington, VA","
3330 Washington Blvd #100, Arlington, VA 22201","
mathschool.com","
(202) 996-8844",,,38.885704,-77.1185815,educational programs for kids,22203
"Immersive Gamebox - Ballston Quarter, Arlington","
3330 Washington Blvd #100, Arlington, VA 22201","
mathschool.com","
(202) 996-8844",,,38.885704,-77.1185815,educational programs for kids,22203
SwimBox,"
5183B Langston Blvd., Arlington, VA 22207","
theswimbox.com","
(703) 904-6340",,,38.8966556,-77.151373,educational programs for kids,22203
lotuspreschoolclub.com,"
5183B Langston Blvd., Arlington, VA 22207","
theswimbox.com","
(703) 904-6340",,,38.8966556,-77.151373,educational programs for kids,22203
Chesterbrook Montessori School,"
5183B Langston Blvd., Arlington, VA 22207","
theswimbox.com","
(703) 904-6340",,,38.8966556,-77.151373,educational programs for kids,22203
Kinder Haus Toys,"
4701 Arlington Blvd, Arlington, VA 22203","
chesterbrookmontessori.org","
(703) 243-3914",,,38.8683254,-77.1304164,educational programs for kids,22203
Arlington Soccer Association,"
4701 Arlington Blvd, Arlington, VA 22203","
chesterbrookmontessori.org","
(703) 243-3914",,,38.8683254,-77.1304164,educational programs for kids,22203
W&L Techrise Club for smartie pants,"
1301 N Stafford St, Arlington, VA 22201",,,,,38.8683245,-77.1304164,after school programs for kids,22203
Elibunny family child care,"
1301 N Stafford St, Arlington, VA 22201",,,,,38.8879295,-77.128067,after school programs for kids,22203
Happy Steps Day Care,"
5916 5th Rd S, Arlington, VA 22204","
elibunnyfamilychildcare.com","
(571) 213-2723",,,38.8615515,-77.1480637,after school programs for kids,22203
Mount Olivet Preschool,"
1500 N Glebe Rd, Arlington, VA 22207","
mountolivetumc.com","
(571) 562-0803",,,38.889028,-77.1373807,after school programs for kids,22203
Full Circle Montessori School (JORDAN Campus relocated to Main Campus),"
1500 N Glebe Rd, Arlington, VA 22207","
mountolivetumc.com","
(571) 562-0803",,,38.889028,-77.1373807,after school programs for kids,22203
Ladybug Family Day Care,"
1500 N Glebe Rd, Arlington, VA 22207","
mountolivetumc.com","
(571) 562-0803",,,38.889028,-77.1373807,after school programs for kids,22203
Little Wonders Daycare LLC,"
4834 22nd Rd N, Arlington, VA 22207","
usabrandly.top","
(703) 459-8411",,,38.889028,-77.1373807,after school programs for kids,22203
Arlington Community Foundation,"
4834 22nd Rd N, Arlington, VA 22207","
usabrandly.top","
(703) 459-8411",,,38.889028,-77.1373807,after school programs for kids,22203
Tierra Encantada - Ashton Heights,"
3804 Wilson Blvd, Arlington, VA 22203","
tierraencantada.com","
(571) 556-8640",,,38.8806864,-77.1225376,after school programs for kids,22203
Golden Shine Home Daycare,"
3804 Wilson Blvd, Arlington, VA 22203","
tierraencantada.com","
(571) 556-8640",,,38.8806864,-77.1225376,after school programs for kids,22203
Mamá Luz Family Daycare,"
3804 Wilson Blvd, Arlington, VA 22203","
tierraencantada.com","
(571) 556-8640",,,38.8806864,-77.1225376,after school programs for kids,22203
Little Angels Family Daycare,"
3804 Wilson Blvd, Arlington, VA 22203","
tierraencantada.com","
(571) 556-8640",,,38.8636075,-77.1596425,after school programs for kids,22203
El Amanecer DE Los Pitufos Day Care,"
3804 Wilson Blvd, Arlington, VA 22203","
tierraencantada.com","
(571) 556-8640",,,38.8636075,-77.1596425,after school programs for kids,22203
Bright Beginnings Home Daycare,"
3221 Hallran Rd, Falls Church, VA 22041",,"
(703) 577-9119",,,38.8636075,-77.1596425,after school programs for kids,22203
Falls Church Montessori,"
3221 Hallran Rd, Falls Church, VA 22041",,"
(703) 577-9119",,,38.8636075,-77.1596425,after school programs for kids,22203
ELEVATE MMA,"
3221 Hallran Rd, Falls Church, VA 22041",,"
(703) 577-9119",,,38.8636075,-77.1596425,after school programs for kids,22203
Elizabeth Zanetti Daycare,"
5916 5th Rd S, Arlington, VA 22204","
upwards.com",,,,38.8615505,-77.148047,after school programs for kids,22203
Arlington Forest Club,"
5916 5th Rd S, Arlington, VA 22204","
upwards.com",,,,38.8615505,-77.148047,after school programs for kids,22203
Muddy Boots Escuela,"
5916 5th Rd S, Arlington, VA 22204","
upwards.com",,,,38.8803936,-77.1054656,after school programs for kids,22203
Alexandria KinderCare,"
4616 Minor Ln, Alexandria, VA 22312","
kindercare.com","
(703) 941-6424",,,38.822745,-77.3115246,stem camps,22204
Kids Language Art,"
1481 Chain Bridge Rd #103, McLean, VA 22101","
kidslanguagearts.com","
(703) 689-1186",,,38.9308583,-77.3251474,stem camps,22204
Code One CPR Training,"
701 W Broad St Suite 309, Falls Church, VA 22046","
code1web.com","
(703) 639-4111",,,38.9285116,-77.5724023,coding camps for kids,22204
Stemality,"
701 W Broad St Suite 309, Falls Church, VA 22046","
code1web.com","
(703) 639-4111",,,38.9285116,-77.5724023,coding camps for kids,22204
Arlington Convention and Visitors Service,"
1100 N Glebe Rd #1500, Arlington, VA 22201","
stayarlington.com","
(800) 677-6267",,,38.883444,-77.6948262,coding camps for kids,22204
Glencarlyn Library,"
1100 N Glebe Rd #1500, Arlington, VA 22201","
stayarlington.com","
(800) 677-6267",,,38.883444,-77.6948262,coding camps for kids,22204
Happy Home Christian Leadership Academy,"
5001 Seminary Rd # 109, Alexandria, VA 22311","
happyhomecla.com","
(703) 931-1051",,,38.8328606,-77.1320449,kids learning center,22204
Our Savior Lutheran Church and School,"
825 S Taylor St, Arlington, VA 22204","
osva.org","
(703) 892-4846",,,38.8601208,-77.122133,kids learning center,22204
Big Blue Swim School,"
825 S Taylor St, Arlington, VA 22204","
osva.org","
(703) 892-4846",,,38.8601208,-77.122133,kids learning center,22204
Arlington Education and Employment Program (REEP),"
2110 Washington Blvd, Arlington, VA 22204","
reep.apsva.us","
(703) 228-4200",,,38.8726742,-77.1015416,educational programs for kids,22204
The Swim Farm LLC,"
2110 Washington Blvd, Arlington, VA 22204","
reep.apsva.us","
(703) 228-4200",,,38.8726742,-77.1015416,educational programs for kids,22204
Etz Hayim Preschool,"
2110 Washington Blvd, Arlington, VA 22204","
reep.apsva.us","
(703) 228-4200",,,38.8726742,-77.1015416,educational programs for kids,22204
Encore Learning,"
2110 Washington Blvd, Arlington, VA 22204","
encorelearning.net","
(703) 228-2144",,,38.8726742,-77.1015416,educational programs for kids,22204
Fun Shine Preschool Inc,"
2110 Washington Blvd, Arlington, VA 22204","
encorelearning.net","
(703) 228-2144",,,38.8726742,-77.1015416,educational programs for kids,22204
Lovely’s Family Daycare,"
5011 8th Rd S, Arlington, VA 22204",,"
(703) 507-7941",,,38.8726733,-77.1015416,after school programs for kids,22204
Champ Camp Great Outdoors at Marymount University,"
2807 N Glebe Rd, Arlington, VA 22207","
discoverchampions.com","
(800) 246-2154",,,38.8733124,-77.1950077,summer camps for kids,22205
Social Skills for Life,"
2807 N Glebe Rd, Arlington, VA 22207","
discoverchampions.com","
(800) 246-2154",,,38.9053535,-77.2722181,summer camps for kids,22205
The Swim Farm LLC,"
5200 Yorktown Blvd, Arlington, VA 22207","
theswimfarm.com","
(703) 424-4551",,,38.9053535,-77.2722181,summer camps for kids,22205
Falls Church Summer Camp,"
5200 Yorktown Blvd, Arlington, VA 22207","
theswimfarm.com","
(703) 424-4551",,,38.9053535,-77.2722181,summer camps for kids,22205
Little Ambassadors' Academy Overlee,"
5200 Yorktown Blvd, Arlington, VA 22207","
theswimfarm.com","
(703) 424-4551",,,38.9053535,-77.2722181,summer camps for kids,22205
U.S. Tae Kwon Do College,"
2930 Patrick Henry Dr, Falls Church, VA 22044","
ustc7c.com","
(703) 942-8826",,,38.9053535,-77.2722181,summer camps for kids,22205
Barcroft Community Center,"
2930 Patrick Henry Dr, Falls Church, VA 22044","
ustc7c.com","
(703) 942-8826",,,38.9053535,-77.2722181,summer camps for kids,22205
Creative Cauldron,"
2930 Patrick Henry Dr, Falls Church, VA 22044","
ustc7c.com","
(703) 942-8826",,,38.9053535,-77.2722181,summer camps for kids,22205
Scramble Falls Church,"
2930 Patrick Henry Dr, Falls Church, VA 22044","
ustc7c.com","
(703) 942-8826",,,38.9053535,-77.2722181,summer camps for kids,22205
LEAD Day School,"
2930 Patrick Henry Dr, Falls Church, VA 22044","
ustc7c.com","
(703) 942-8826",,,38.9053535,-77.2722181,summer camps for kids,22205
Columbia Child Development Center,"
2930 Patrick Henry Dr, Falls Church, VA 22044","
ustc7c.com","
(703) 942-8826",,,38.9053535,-77.2722181,summer camps for kids,22205
CommuniKids Preschool,"
2930 Patrick Henry Dr, Falls Church, VA 22044","
ustc7c.com","
(703) 942-8826",,,38.9053535,-77.2722181,summer camps for kids,22205
"Art House 7: Art Classes & Art Supplies in Arlington, Va.","
2930 Patrick Henry Dr, Falls Church, VA 22044","
ustc7c.com","
(703) 942-8826",,,38.9053535,-77.2722181,summer camps for kids,22205
Go West Tennis,"
2930 Patrick Henry Dr, Falls Church, VA 22044","
ustc7c.com","
(703) 942-8826",,,38.9053535,-77.2722181,summer camps for kids,22205
Madison Community Center,"
2930 Patrick Henry Dr, Falls Church, VA 22044","
ustc7c.com","
(703) 942-8826",,,38.9053535,-77.2722181,summer camps for kids,22205
Overlee Community Association Inc,"
2930 Patrick Henry Dr, Falls Church, VA 22044","
ustc7c.com","
(703) 942-8826",,,38.9053535,-77.2722181,summer camps for kids,22205
Elite M.A. Center - Springfield,"
6030 Lee Hwy, Arlington, VA 22205","
overlee.org","
(703) 532-7819",,,38.9053535,-77.2722181,summer camps for kids,22205
Perfect Pointe Dance Studio,"
6030 Lee Hwy, Arlington, VA 22205","
overlee.org","
(703) 532-7819",,,38.9053535,-77.2722181,summer camps for kids,22205
Nova Fencing and Archery Club,"
6030 Lee Hwy, Arlington, VA 22205","
overlee.org","
(703) 532-7819",,,38.9053535,-77.2722181,summer camps for kids,22205
Sunshine Kidz Day Camp,"
6030 Lee Hwy, Arlington, VA 22205","
overlee.org","
(703) 532-7819",,,38.9053535,-77.2722181,summer camps for kids,22205
Piano & More,"
6030 Lee Hwy, Arlington, VA 22205","
overlee.org","
(703) 532-7819",,,38.9053535,-77.2722181,summer camps for kids,22205
Young Life Capernum,"
6030 Lee Hwy, Arlington, VA 22205","
overlee.org","
(703) 532-7819",,,38.9053535,-77.2722181,summer camps for kids,22205
Instructor's Choice Driving,"
118 E Broad St, Falls Church, VA 22046","
icdrivingschool.com","
(703) 527-4444",,,38.8814988,-77.7472427,coding camps for kids,22205
Code Partners,"
118 E Broad St, Falls Church, VA 22046","
icdrivingschool.com","
(703) 527-4444",,,38.8814988,-77.7472427,coding camps for kids,22205
Swanson Middle School,"
1934 Old Gallows Rd, Vienna, VA 22182","
robotsnow.org","
(703) 798-7743",,,38.8814988,-77.7472427,coding camps for kids,22205
Bach to Rock McLean,"
1934 Old Gallows Rd, Vienna, VA 22182","
robotsnow.org","
(703) 798-7743",,,38.8814988,-77.7472427,coding camps for kids,22205
TechCenture Academy,"
1934 Old Gallows Rd, Vienna, VA 22182","
robotsnow.org","
(703) 798-7743",,,38.8814988,-77.7472427,coding camps for kids,22205
Falls Church Preschool and Daycare,"
1934 Old Gallows Rd, Vienna, VA 22182","
robotsnow.org","
(703) 798-7743",,,38.8814988,-77.7472427,coding camps for kids,22205
iCode Burke,"
6045 Burke Centre Pkwy #202, Burke, VA 22015","
icodeschool.com","
(571) 295-5708",,,38.880572,-77.7472461,robotics camps,22205
Titan Robotics,"
3330 King St, Alexandria, VA 22302","
frc5587.org",,,,38.880572,-77.7472461,robotics camps,22205
Seven Corners Children's Center,"
6129 Willston Dr, Falls Church, VA 22044","
sevencornerschildrenscenter.org","
(703) 532-4262",,,38.8840262,-77.3107994,kids learning center,22205
St. Stephen's and St. Agnes Lower School,"
400 Fontaine St, Alexandria, VA 22302","
sssas.org","
(703) 212-2705",,,38.824986,-77.2124526,kids learning center,22205
The Princeton Review,"
400 Fontaine St, Alexandria, VA 22302","
sssas.org","
(703) 212-2705",,,38.824986,-77.2124526,kids learning center,22205
Trinity Presbyterian Preschool,"
400 Fontaine St, Alexandria, VA 22302","
sssas.org","
(703) 212-2705",,,38.824986,-77.2124526,kids learning center,22205
Suomikoulu DC,"
6201 Washington Blvd, Arlington, VA 22205","
suomikouludc.org",,,,38.8876833,-77.293386,educational programs for kids,22205
OPEN International,"
6201 Washington Blvd, Arlington, VA 22205","
suomikouludc.org",,,,38.8876833,-77.293386,educational programs for kids,22205
Resurrection Lutheran Weekday Preschool,"
5925 10th Rd N, Arlington, VA 22205","
openinternational.org","
(703) 623-3603",,,38.8876833,-77.293386,educational programs for kids,22205
Sylvan Learning of Falls Church,"
5925 10th Rd N, Arlington, VA 22205","
openinternational.org","
(703) 623-3603",,,38.8876833,-77.293386,educational programs for kids,22205
Arlington Traditional Elementary School,"
6521 Arlington Blvd #306, Falls Church, VA 22042","
sylvanlearning.com","
(571) 297-8156",,,38.8876833,-77.293386,educational programs for kids,22205
Childtime of Fairfax,"
12550 Ox Trail, Fairfax, VA 22033","
childtime.com","
(877) 220-0584",,,38.88832,-77.5246516,after school programs for kids,22205
Rosemary's Day Care,"
12550 Ox Trail, Fairfax, VA 22033","
childtime.com","
(877) 220-0584",,,38.88832,-77.5246516,after school programs for kids,22205
Mathnasium,"
12550 Ox Trail, Fairfax, VA 22033","
childtime.com","
(877) 220-0584",,,38.8803356,-77.3162074,after school programs for kids,22205
Chinquapin Park Recreation Center & Aquatics Facility,"
3210 King St, Alexandria, VA 22302","
alexandriava.gov","
(703) 746-5553",,,38.8231659,-77.6601196,summer camps for kids,22206
Gunston Community Center,"
2700 S Lang St, Arlington, VA 22206","
arlingtonva.us","
(703) 228-6980",,,38.8231659,-77.6601196,summer camps for kids,22206
Arlington County Youth Department,"
3308 S Stafford St, Arlington, VA 22206","
arlingtonva.us","
(703) 228-6404",,,38.8231659,-77.6601196,summer camps for kids,22206
Scramble Parkour,"
2900 S Quincy St, Arlington, VA 22206","
goscramble.com","
(703) 665-1343",,,38.8213132,-77.6601263,educational camps,22206
Orange Line Sports,"
4302 36th St S, Arlington, VA 22206","
orangelinesports.com","
(516) 967-9113",,,38.8213132,-77.6601263,educational camps,22206
MySecureKid,"
2221 S Kenmore St Mason, Arlington, VA 22206","
mysecurekid.org","
(877) 454-9361",,,38.8213132,-77.6601263,educational camps,22206
Tiny Chefs,"
6100 Franconia Rd STE D, Alexandria, VA 22310","
tinychefs.com","
(301) 841-7395",,,38.8194605,-77.6601329,coding camps for kids,22206
Maryland Coding Academy 4 Kids,"
6100 Franconia Rd STE D, Alexandria, VA 22310","
tinychefs.com","
(301) 841-7395",,,38.8194605,-77.6601329,coding camps for kids,22206
AR Workshop Alexandria,"
1212 King St, Alexandria, VA 22314","
arworkshop.com","
(703) 566-0177",,,38.8194605,-77.6601329,coding camps for kids,22206
VT-Thinkabit,"
1212 King St, Alexandria, VA 22314","
arworkshop.com","
(703) 566-0177",,,38.8194605,-77.6601329,coding camps for kids,22206
uBreakiFix - Phone and Computer Repair,"
1212 King St, Alexandria, VA 22314","
arworkshop.com","
(703) 566-0177",,,38.8194605,-77.6601329,coding camps for kids,22206
Elite M.A. Center - Fairfax,"
4656C King St, Alexandria, VA 22302","
ubreakifix.com","
(571) 867-9145",,,38.8194605,-77.6601329,coding camps for kids,22206
UpCycle Creative Reuse Center,"
2397 S Dove St, Alexandria, VA 22314","
upcyclecrc.org","
(703) 861-8705",,,38.8194605,-77.6601329,coding camps for kids,22206
Synetic Theater,"
Administrative Office, 2400 26th Rd S, Arlington, VA 22206","
synetictheater.org","
(703) 824-8060",,,38.8194605,-77.6601329,coding camps for kids,22206
"Jerome ""Buddie"" Ford Nature Center","
Administrative Office, 2400 26th Rd S, Arlington, VA 22206","
synetictheater.org","
(703) 824-8060",,,38.8194605,-77.6601329,coding camps for kids,22206
Shirlington Library,"
4200 Campbell Ave, Arlington, VA 22206","
library.arlingtonva.us","
(703) 228-6545",,,38.8194605,-77.6601329,coding camps for kids,22206
Kidstretch,"
4200 Campbell Ave, Arlington, VA 22206","
library.arlingtonva.us","
(703) 228-6545",,,38.8194605,-77.6601329,coding camps for kids,22206
Climb UPton,"
3700 Burgundy Rd, Alexandria, VA 22303","
burgundyfarm.org","
(703) 960-3431",,,38.800983,-77.702774,coding camps for kids,22206
Tierra Encantada - Ford,"
4401 Ford Ave, Alexandria, VA 22302","
tierraencantada.com","
(571) 603-6145",,,38.836728,-77.1766148,kids learning center,22206
Born 2 Dance Studio - Arlington,"
4401 Ford Ave, Alexandria, VA 22302","
tierraencantada.com","
(571) 603-6145",,,38.836728,-77.1766148,kids learning center,22206
Jennie Dean Park,"
4401 Ford Ave, Alexandria, VA 22302","
tierraencantada.com","
(571) 603-6145",,,38.836728,-77.1766148,kids learning center,22206
Fairlington Preschool,"
3630 27th St S, Arlington, VA 22206","
arlingtonva.us","
(703) 228-6525",,,38.836728,-77.1766148,kids learning center,22206
Bright Start Learning Center LLC,"
3630 27th St S, Arlington, VA 22206","
arlingtonva.us","
(703) 228-6525",,,38.836728,-77.1766148,kids learning center,22206
Guidepost Montessori at West Alex,"
4920 Brenman Park Dr, Alexandria, VA 22304","
brightstartva.com","
(703) 370-8414",,,38.836728,-77.1766148,kids learning center,22206
One Two Kangaroo Toys,"
4920 Brenman Park Dr, Alexandria, VA 22304","
brightstartva.com","
(703) 370-8414",,,38.836728,-77.1766148,kids learning center,22206
WeAquatics,"
4920 Brenman Park Dr, Alexandria, VA 22304","
brightstartva.com","
(703) 370-8414",,,38.836728,-77.1766148,kids learning center,22206
BabyFe Bilingual Learning Center,"
4022 Campbell Ave, Arlington, VA 22206","
villageatshirlington.com","
(703) 845-9099",,,38.836728,-77.1766148,kids learning center,22206
Creative World Learning Center,"
4022 Campbell Ave, Arlington, VA 22206","
villageatshirlington.com","
(703) 845-9099",,,38.836728,-77.1766148,kids learning center,22206
Little Rising Stars Day School,"
4022 Campbell Ave, Arlington, VA 22206","
villageatshirlington.com","
(703) 845-9099",,,38.836728,-77.1766148,kids learning center,22206
Ready Set Gymnastics,"
241 S Reynolds St, Alexandria, VA 22304","
creativeworldlearningcentertx.com","
(703) 212-2024",,,38.836728,-77.1766148,kids learning center,22206
AVA Dance Company,"
241 S Reynolds St, Alexandria, VA 22304","
creativeworldlearningcentertx.com","
(703) 212-2024",,,38.836728,-77.1766148,kids learning center,22206
Celebree School of Alexandria,"
241 S Reynolds St, Alexandria, VA 22304","
creativeworldlearningcentertx.com","
(703) 212-2024",,,38.836728,-77.1766148,kids learning center,22206
Arlington Food Assistance Center (AFAC),"
2900 S Quincy St Suite 700, Arlington, VA 22206","
schoolnutrition.org","
(703) 824-3000",,,38.8722558,-77.1491408,educational programs for kids,22206
Feathers Bilingual Academy,"
2900 S Quincy St Suite 700, Arlington, VA 22206","
schoolnutrition.org","
(703) 824-3000",,,38.8722558,-77.1491408,educational programs for kids,22206
Abingdon Elementary School,"
3846 King St, Alexandria, VA 22302","
feathersbilingualacademy.com","
(571) 307-4261",,,38.8722558,-77.1491408,educational programs for kids,22206
Reaching For Las Estrellas Academy,"
3846 King St, Alexandria, VA 22302","
feathersbilingualacademy.com","
(571) 307-4261",,,38.8722558,-77.1491408,educational programs for kids,22206
Theatre On The Run,"
3846 King St, Alexandria, VA 22302","
feathersbilingualacademy.com","
(571) 307-4261",,,38.8722558,-77.1491408,educational programs for kids,22206
Childtime of Alexandria,"
3846 King St, Alexandria, VA 22302","
feathersbilingualacademy.com","
(571) 307-4261",,,38.8722558,-77.1491408,educational programs for kids,22206
WorldStrides,"
2800 Shirlington Rd # 100, Alexandria, VA 22206","
worldstrides.com","
(703) 931-7764",,,38.794547,-77.1426878,educational programs for kids,22206
Jammin' With Jack,"
2800 Shirlington Rd # 100, Alexandria, VA 22206","
worldstrides.com","
(703) 931-7764",,,38.794547,-77.1426878,educational programs for kids,22206
Creative Play School,"
25 S Quaker Ln, Alexandria, VA 22314","
childrensinternationalschool.com","
(703) 751-7266",,,38.8328897,-77.4024654,after school programs for kids,22206
children's kingdom daycare,"
25 S Quaker Ln, Alexandria, VA 22314","
childrensinternationalschool.com","
(703) 751-7266",,,38.8328897,-77.4024654,after school programs for kids,22206
Montessori Kids Universe Cameron Square,"
25 S Quaker Ln, Alexandria, VA 22314","
childrensinternationalschool.com","
(703) 751-7266",,,38.8328897,-77.4024654,after school programs for kids,22206
Mc Lean Old Fire House Center,"
1440 Chain Bridge Rd, McLean, VA 22101","
mcleancenter.org","
(703) 448-8336",,,38.9423744,-77.3503696,summer camps for kids,22207
Virginia Dance Conservatory,"
1440 Chain Bridge Rd, McLean, VA 22101","
mcleancenter.org","
(703) 448-8336",,,38.9423744,-77.3503696,summer camps for kids,22207
Adventures on The Hill Summer Camp - Takoma,"
5115 Little Falls Rd, Arlington, VA 22207","
vadanceconservatory.com","
(571) 375-5065",,,38.9423744,-77.3503696,summer camps for kids,22207
Potomac Overlook Regional Park,"
5115 Little Falls Rd, Arlington, VA 22207","
vadanceconservatory.com","
(571) 375-5065",,,38.9423744,-77.3503696,summer camps for kids,22207
Homerun Baseball Camp,"
5115 Little Falls Rd, Arlington, VA 22207","
vadanceconservatory.com","
(571) 375-5065",,,38.9423744,-77.3503696,summer camps for kids,22207
Metaphor International School,"
5115 Little Falls Rd, Arlington, VA 22207","
vadanceconservatory.com","
(571) 375-5065",,,38.9423744,-77.3503696,summer camps for kids,22207
Rocky Run Park,"
5115 Little Falls Rd, Arlington, VA 22207","
vadanceconservatory.com","
(571) 375-5065",,,38.9423744,-77.3503696,summer camps for kids,22207
Everbrook Academy of South Riding/Chantilly,"
25404 Lizzio Center Dr, Chantilly, VA 20152","
everbrookacademy.com","
(855) 444-3778",,,38.914948,-77.7737731,educational camps,22207
The Transformational Education Adventure Center 3 / The T.E.A. Center 3,"
1491 Chain Bridge Rd #202, McLean, VA 22101","
theteacenter.org","
(571) 488-6233",,,38.9129775,-78.2683804,science camps,22207
Easy Genius Kids,"
6849 Old Dominion Dr #200, McLean, VA 22101","
thestudypro.com","
(571) 321-5800",,,38.9092682,-78.2683937,coding camps for kids,22207
Kumon Math and Reading Center of Arlington - Yorktown,"
2499 NORTH HARRISON STREET LL-6, Arlington, VA 22207","
kumon.com","
(703) 237-2600",,,38.8976888,-77.1566705,kids learning center,22207
Little Ambassadors' Academy Yorktown,"
5232 Lee Hwy, Arlington, VA 22207","
littleambassadorsacademy.com","
(571) 335-4493",,,38.8976888,-77.1566705,kids learning center,22207
Jhoon Rhee Tae Kwon Do,"
2449 N Harrison St, Arlington, VA 22207","
arlingtonkicks.com","
(703) 532-7433",,,38.8976888,-77.1566705,kids learning center,22207
Rock Spring Cooperative Preschool,"
5010 Little Falls Rd, Arlington, VA 22207","
rockspringpreschool.org","
(703) 625-0334",,,38.907613,-77.2098408,educational programs for kids,22207
The Sycamore School,"
1550 Wilson Blvd STE 300, Arlington, VA 22209","
thesycamoreschoolva.org","
(703) 717-5360",,,38.907613,-77.2098408,educational programs for kids,22207
Taylor Elementary School,"
1550 Wilson Blvd STE 300, Arlington, VA 22209","
thesycamoreschoolva.org","
(703) 717-5360",,,38.8942517,-77.1480353,educational programs for kids,22207
Walker Chapel Preschool,"
1550 Wilson Blvd STE 300, Arlington, VA 22209","
thesycamoreschoolva.org","
(703) 717-5360",,,38.8942517,-77.1480353,educational programs for kids,22207
Everbrook Academy of Foggy Bottom,"
1550 Wilson Blvd STE 300, Arlington, VA 22209","
thesycamoreschoolva.org","
(703) 717-5360",,,38.9217007,-77.2009556,educational programs for kids,22207
Shriver Secondary Program,"
1550 Wilson Blvd STE 300, Arlington, VA 22209","
thesycamoreschoolva.org","
(703) 717-5360",,,38.9217007,-77.2009556,educational programs for kids,22207
The Transformational Education Adventure Center /The T.E.A Center,"
6228 Old Dominion Dr, McLean, VA 22101","
tutoringclub.com","
(703) 237-8886",,,38.920154,-77.2219068,after school programs for kids,22207
Seafood Nutrition Partnership,"
1101 Wilson Blvd 6th FL, Arlington, VA 22209","
seafoodnutrition.org","
(703) 579-6750",,,38.9079008,-77.3531688,science camps,22209
H-B Woodlawn Secondary Program,"
1601 Wilson Blvd, Arlington, VA 22209","
hbwoodlawn.apsva.us","
(703) 228-6363",,,38.9052588,-77.3558779,coding camps for kids,22209
Twins Ace Hardware Arlington,"
1601 Wilson Blvd, Arlington, VA 22209","
hbwoodlawn.apsva.us","
(703) 228-6363",,,38.9052588,-77.3558779,coding camps for kids,22209
BASH Boxing Rosslyn,"
1550 Wilson Blvd UNIT 102, Arlington, VA 22209","
bash-boxing.com","
(703) 646-7890",,,38.8942509,-77.0939404,kids learning center,22209
Steam Kidz Lab,"
14701 Willard Rd # B, Chantilly, VA 20151",,,,,38.8878974,-77.7445323,stem camps,22210
Fairfax Academy Elite,"
8220 Little River Turnpike, Annandale, VA 22003","
facebook.com","
(571) 251-9040",,,38.837068,-77.5183605,educational camps,22210
Camp Under the Stars,"
8220 Little River Turnpike, Annandale, VA 22003","
facebook.com","
(571) 251-9040",,,38.837068,-77.5183605,educational camps,22210
Camp Gan Israel,"
8220 Little River Turnpike, Annandale, VA 22003","
facebook.com","
(571) 251-9040",,,38.837068,-77.5183605,educational camps,22210
CAMP KIDZ,"
8220 Little River Turnpike, Annandale, VA 22003","
facebook.com","
(571) 251-9040",,,38.6309706,-77.2014679,educational camps,22210
Camp Blue Ridge,"
6810 Piedmont Center Plaza, Gainesville, VA 20155","
haymarketca.com","
(571) 261-2020",,,38.809324,-77.9135872,educational camps,22210
Little Folks School,"
6810 Piedmont Center Plaza, Gainesville, VA 20155","
haymarketca.com","
(571) 261-2020",,,38.809324,-77.9135872,educational camps,22210
Burn Boot Camp,"
6810 Piedmont Center Plaza, Gainesville, VA 20155","
haymarketca.com","
(571) 261-2020",,,38.809324,-77.9135872,educational camps,22210
Pozez Jewish Community Center of Northern Virginia,"
6810 Piedmont Center Plaza, Gainesville, VA 20155","
haymarketca.com","
(571) 261-2020",,,38.809324,-77.9135872,educational camps,22210
Japan Karate Association of Virginia in Arlington and Reston VA,"
6810 Piedmont Center Plaza, Gainesville, VA 20155","
haymarketca.com","
(571) 261-2020",,,38.809324,-77.9135872,educational camps,22210
Club SciKidz NOVA,"
37018 Glendale St, Purcellville, VA 20134","
clubscikidznova.com","
(804) 548-4787",,,39.1290818,-78.0117669,science camps,22210
Code Ninjas Front Royal,"
479 S Maple Ave, Falls Church, VA 22046","
codeninjas.com","
(571) 310-0554",,,39.3225715,-78.5066194,coding camps for kids,22210
Franconia Road KinderCare,"
46586 S Cottage Rd, Sterling, VA 20164","
vaearlylearningacademies.com","
(571) 926-9496",,,39.0296821,-77.4604477,kids learning center,22210
"Thaddeus Stevens School (Washington, D.C.)","
46586 S Cottage Rd, Sterling, VA 20164","
vaearlylearningacademies.com","
(571) 926-9496",,,39.0296821,-77.4604477,kids learning center,22210
Lyceum for Kids LLC /ELF,"
46586 S Cottage Rd, Sterling, VA 20164","
vaearlylearningacademies.com","
(571) 926-9496",,,38.9032022,-77.1191534,kids learning center,22210
ABC Kidstime Learning Center,"
46586 S Cottage Rd, Sterling, VA 20164","
vaearlylearningacademies.com","
(571) 926-9496",,,39.0015347,-77.2322752,kids learning center,22210
Edutainment Learning Center,"
3100 Clarendon Blvd Suite 600, Arlington, VA 22201","
exceptionalchildren.org","
(888) 232-7733",,,38.8863497,-77.1673049,educational programs for kids,22210
Community Education Research Group,"
3100 Clarendon Blvd Suite 600, Arlington, VA 22201","
exceptionalchildren.org","
(888) 232-7733",,,38.8863497,-77.1673049,educational programs for kids,22210
Fairfax's BEST After-School and Summer Camp,"
11230 Waples Mill Rd STE 160, Fairfax, VA 22030","
fairfaxafterschool.com","
(703) 272-3466",,,38.8330579,-77.3921698,after school programs for kids,22210
Whiz-Kid Starz,"
11230 Waples Mill Rd STE 160, Fairfax, VA 22030","
fairfaxafterschool.com","
(703) 272-3466",,,38.8577723,-77.6228975,after school programs for kids,22210
Lango Kids Northern Virginia,"
11230 Waples Mill Rd STE 160, Fairfax, VA 22030","
fairfaxafterschool.com","
(703) 272-3466",,,38.8577723,-77.6228975,after school programs for kids,22210
Woodbridge's BEST After School and Summer Camp Program,"
13464 Dumfries Rd, Manassas, VA 20112",,"
(703) 653-0107",,,38.6605241,-77.7300031,after school programs for kids,22210
Kids Child Care Inc.,"
13464 Dumfries Rd, Manassas, VA 20112",,,,,38.8656003,-77.5500318,after school programs for kids,22210
Elite Action Martial Arts & Before / After School,"
9130 Arlington Blvd, Fairfax, VA 22031",,,,,38.8656003,-77.5500318,after school programs for kids,22210
Rise and Shine Kidz,"
10185 Main St, Fairfax, VA 22031","
riseandshinekidz.com","
(703) 829-0318",,,38.8656003,-77.5500318,after school programs for kids,22210
"ALOHA Mind Math Fairfax, Tutoring Fairfax VA, After School Enrichment Programs Fairfax","
10185 Main St, Fairfax, VA 22031","
riseandshinekidz.com","
(703) 829-0318",,,38.8656003,-77.5500318,after school programs for kids,22210
"Children's Center for Language and Culture, Inc. (ChiCeLaCu!)","
10185 Main St, Fairfax, VA 22031","
riseandshinekidz.com","
(703) 829-0318",,,38.8656003,-77.5500318,after school programs for kids,22210
Tots N Us Children's Academy,"
10185 Main St, Fairfax, VA 22031","
spanishclassesforchildren.com","
(571) 210-0161",,,38.8656003,-77.5500318,after school programs for kids,22210
Fairfax KinderCare,"
10201 Main St Suite 230, Fairfax, VA 22030","
spanishclassesforchildren.com","
(571) 210-0161",,,38.8656003,-77.5500318,after school programs for kids,22210
Pozez JCC Early Childhood Learning Center,"
10201 Main St Suite 230, Fairfax, VA 22030","
spanishclassesforchildren.com","
(571) 210-0161",,,38.8656003,-77.5500318,after school programs for kids,22210
Lyon Village Park,"
3011 7th St N, Arlington, VA 22201","
arlingtonva.us","
(703) 228-6525",,,38.858657,-77.3827471,summer camps for kids,22211
Alcova Heights Park,"
3011 7th St N, Arlington, VA 22201","
arlingtonva.us","
(703) 228-6525",,,38.858657,-77.3827471,summer camps for kids,22211
Long Bridge Park,"
3011 7th St N, Arlington, VA 22201","
arlingtonva.us","
(703) 228-6525",,,38.858657,-77.3827471,summer camps for kids,22211
Carver Center,"
1415 S Queen St, Arlington, VA 22204","
arlingtonva.us","
(703) 228-5706",,,38.9069378,-77.2177926,educational camps,22211
First Down Performance,"
1415 S Queen St, Arlington, VA 22204","
arlingtonva.us","
(703) 228-5706",,,38.8620074,-77.3599885,educational camps,22211
Henderson Hall - Education Office,"
1415 S Queen St, Arlington, VA 22204","
arlingtonva.us","
(703) 228-5706",,,38.8620074,-77.3599885,educational camps,22211
Tragedy Assistance Program for Survivors,"
Myer-Henderson Hall, 1555 Southgate Road, Building 29, Room 100, Joint Base Myer-Henderson Hall, 1555 Southgate Rd Building 29, Room 100, Arlington, VA 22214","
mccshh.com","
(703) 614-9104",,,38.8620074,-77.3599885,educational camps,22211
Ethiopian Community Development Council,"
Myer-Henderson Hall, 1555 Southgate Road, Building 29, Room 100, Joint Base Myer-Henderson Hall, 1555 Southgate Rd Building 29, Room 100, Arlington, VA 22214","
mccshh.com","
(703) 614-9104",,,38.8620074,-77.3599885,educational camps,22211
Arlington Career Center,"
Myer-Henderson Hall, 1555 Southgate Road, Building 29, Room 100, Joint Base Myer-Henderson Hall, 1555 Southgate Rd Building 29, Room 100, Arlington, VA 22214","
mccshh.com","
(703) 614-9104",,,38.8620074,-77.3599885,educational camps,22211
Life Time,"
816 S Walter Reed Dr, Arlington, VA 22204","
careercenter.apsva.us","
(703) 228-5800",,,38.8620074,-77.3599885,educational camps,22211
Social Grace,"
816 S Walter Reed Dr, Arlington, VA 22204","
careercenter.apsva.us","
(703) 228-5800",,,38.8620074,-77.3599885,educational camps,22211
ISEP Study Abroad,"
816 S Walter Reed Dr, Arlington, VA 22204","
careercenter.apsva.us","
(703) 228-5800",,,38.8620074,-77.3599885,educational camps,22211
Xtend Barre Arlington,"
816 S Walter Reed Dr, Arlington, VA 22204","
careercenter.apsva.us","
(703) 228-5800",,,38.8620074,-77.3599885,educational camps,22211
Feminist Majority Foundation,"
2008 Wilson Blvd, Arlington, VA 22201","
xtendbarrearlington.com","
(703) 528-7846",,,38.8620074,-77.3599885,educational camps,22211
Congregation Etz Hayim,"
2008 Wilson Blvd, Arlington, VA 22201","
xtendbarrearlington.com","
(703) 528-7846",,,38.8620074,-77.3599885,educational camps,22211
Technical Institute Of America PMP Training Washington DC,"
1901 Fort Myer Dr #1020, Arlington, VA 22209","
tiaedu.com","
(212) 564-2351",,,38.8620074,-77.3599885,educational camps,22211
Artworks Fine Art Studio,"
819 W Broad St, Falls Church, VA 22046","
artworksclasses.com","
(301) 656-0044",,,38.888808,-77.3260294,summer camps for kids,22213
Redeemer Renaissance Preschool & After-School,"
1545 Chain Bridge Rd, McLean, VA 22101","
redeemerrenaissance.org","
(703) 356-3346",,,38.8887501,-77.3260296,stem camps,22213
Everbrook Academy of Arcola/Stone Ridge,"
24299 Liberty Harvest Ct, Sterling, VA 20166","
everbrookacademy.com","
(855) 444-3778",,,38.94447,-77.6648806,educational camps,22213
Dulin Cooperative Preschool,"
513 E Broad St, Falls Church, VA 22046","
dulinpreschool.com","
(703) 532-3790",,,38.9439774,-77.9121289,science camps,22213
Prometric Testing Center,"
800 W Broad St STE 450, Falls Church, VA 22046","
prometric.com","
(703) 204-9060",,,38.9430502,-77.9121322,coding camps for kids,22213
James Lee Community Center,"
800 W Broad St STE 450, Falls Church, VA 22046","
prometric.com","
(703) 204-9060",,,38.9430502,-77.9121322,coding camps for kids,22213
Clay Cafe Studios,"
800 W Broad St STE 450, Falls Church, VA 22046","
prometric.com","
(703) 204-9060",,,38.9430502,-77.9121322,coding camps for kids,22213
Body Dynamics Inc,"
800 W Broad St STE 450, Falls Church, VA 22046","
prometric.com","
(703) 204-9060",,,38.9430502,-77.9121322,coding camps for kids,22213
"Snapology of Woodbridge, VA","
14173 Crossing Pl, Woodbridge, VA 22192","
snapology.com","
(571) 261-8677",,,38.942123,-77.9121355,robotics camps,22213
Falls Church McLean Children's Center,"
7230 Idylwood Rd, Falls Church, VA 22043","
fcmlcc.org","
(703) 534-4907",,,38.8839165,-77.1853229,kids learning center,22213
St Joseph's Preschool,"
7230 Idylwood Rd, Falls Church, VA 22043","
fcmlcc.org","
(703) 534-4907",,,38.903806,-77.2675845,kids learning center,22213
Aqua-Tots Swim School Falls Church,"
7230 Idylwood Rd, Falls Church, VA 22043","
fcmlcc.org","
(703) 534-4907",,,38.903806,-77.2675845,kids learning center,22213
Kumon Math and Reading Center of Falls Church,"
1104b W Broad St, Falls Church, VA 22046","
aqua-tots.com","
(571) 356-9985",,,38.903806,-77.2675845,kids learning center,22213
Acton Academy Falls Church,"
1104b W Broad St, Falls Church, VA 22046","
aqua-tots.com","
(571) 356-9985",,,38.903806,-77.2675845,kids learning center,22213
The Village School,"
513 W Broad St #110c, Falls Church, VA 22046","
actonfallschurch.org","
(703) 237-2695",,,38.903806,-77.2675845,kids learning center,22213
MemoKid Accelerated Learning Center of Fairfax,"
513 W Broad St #110c, Falls Church, VA 22046","
actonfallschurch.org","
(703) 237-2695",,,38.903806,-77.2675845,kids learning center,22213
British Swim School at Onelife Fitness - Falls Church,"
513 W Broad St #110c, Falls Church, VA 22046","
actonfallschurch.org","
(703) 237-2695",,,38.903806,-77.2675845,kids learning center,22213
Vale’s Home Daycare,"
1000 E Broad St, Falls Church, VA 22046","
britishswimschool.com","
(202) 988-3825",,,38.903806,-77.2675845,kids learning center,22213
Goldfish Swim School - Falls Church,"
1000 E Broad St, Falls Church, VA 22046","
britishswimschool.com","
(202) 988-3825",,,38.8738641,-77.2305409,kids learning center,22213
Doodlehopper 4 Kids,"
1000 E Broad St, Falls Church, VA 22046","
britishswimschool.com","
(202) 988-3825",,,38.8738641,-77.2305409,kids learning center,22213
Autism Learning Center,"
1000 E Broad St, Falls Church, VA 22046","
britishswimschool.com","
(202) 988-3825",,,38.8738641,-77.2305409,kids learning center,22213
Building Blocks Day School 2,"
1000 E Broad St, Falls Church, VA 22046","
britishswimschool.com","
(202) 988-3825",,,38.8738641,-77.2305409,kids learning center,22213
Adam Learning Center LLC.,"
7600 Leesburg Pike, Falls Church, VA 22043","
autismlearningcenter.org","
(571) 524-0209",,,38.8738641,-77.2305409,kids learning center,22213
Russian School of Mathematics - RSM Chevy Chase,"
7600 Leesburg Pike, Falls Church, VA 22043","
autismlearningcenter.org","
(571) 524-0209",,,38.9078844,-77.2797212,kids learning center,22213
THE LITTLEGIANT MUAY THAI,"
6310 Seven Corners Center, Falls Church, VA 22044","
thelittlegiantmuaythai.com","
(571) 371-8454",,,38.8693811,-77.2243731,kids learning center,22213
McLean Children's Academy,"
6310 Seven Corners Center, Falls Church, VA 22044","
thelittlegiantmuaythai.com","
(571) 371-8454",,,38.8693811,-77.2243731,kids learning center,22213
Faz Creative Education learning Center,"
6310 Seven Corners Center, Falls Church, VA 22044","
thelittlegiantmuaythai.com","
(571) 371-8454",,,38.8693811,-77.2243731,kids learning center,22213
"Tutor Smart by Dr. Dan, MD","
6310 Seven Corners Center, Falls Church, VA 22044","
thelittlegiantmuaythai.com","
(571) 371-8454",,,38.8693811,-77.2243731,kids learning center,22213
Eye Level Learning Center McLean,"
6310 Seven Corners Center, Falls Church, VA 22044","
thelittlegiantmuaythai.com","
(571) 371-8454",,,38.8693811,-77.2243731,kids learning center,22213
KiPS Family Gymnastics,"
7395 Lee Hwy, Falls Church, VA 22042","
kipsfamily.com","
(703) 891-1514",,,38.9178504,-77.2851799,kids learning center,22213
Medina Montessori,"
7395 Lee Hwy, Falls Church, VA 22042","
kipsfamily.com","
(703) 891-1514",,,38.9178504,-77.2851799,kids learning center,22213
Rivendell School,"
7395 Lee Hwy, Falls Church, VA 22042","
kipsfamily.com","
(703) 891-1514",,,38.9178504,-77.2851799,kids learning center,22213
ROSITA'S FAMILY CHILD CARE,"
2410 N Kensington St, Arlington, VA 22205","
rivendellschool.net","
(703) 532-1200",,,38.9178504,-77.2851799,kids learning center,22213
Tuckahoe Elementary School,"
300 Hunton Ave, Falls Church, VA 22046","
dcmdva.easterseals.com","
(703) 534-5353",,,38.8947672,-77.2141396,educational programs for kids,22213
The Finishing School,"
300 Hunton Ave, Falls Church, VA 22046","
dcmdva.easterseals.com","
(703) 534-5353",,,38.8947672,-77.2141396,educational programs for kids,22213
Temple Rodef Shalom Early Childhood Center,"
300 Hunton Ave, Falls Church, VA 22046","
dcmdva.easterseals.com","
(703) 534-5353",,,38.8947672,-77.2141396,educational programs for kids,22213
Children's Center for Language and Culture ChiCeLaCu!,"
300 Hunton Ave, Falls Church, VA 22046","
dcmdva.easterseals.com","
(703) 534-5353",,,38.8947672,-77.2141396,educational programs for kids,22213
The Falls Church Episcopal Day School,"
300 Hunton Ave, Falls Church, VA 22046","
dcmdva.easterseals.com","
(703) 534-5353",,,38.8947672,-77.2141396,educational programs for kids,22213
Bishop O'Connell High School,"
115 E Fairfax St, Falls Church, VA 22046","
thefallschurch.org","
(703) 534-8687",,,38.8947672,-77.2141396,educational programs for kids,22213
Columbia Child Development Center,"
115 E Fairfax St, Falls Church, VA 22046","
thefallschurch.org","
(703) 534-8687",,,38.8947672,-77.2141396,educational programs for kids,22213
Westgate Child Center,"
115 E Fairfax St, Falls Church, VA 22046","
thefallschurch.org","
(703) 534-8687",,,38.8947672,-77.2141396,educational programs for kids,22213
Gandomak Persian School,"
1613 Great Falls St Suite B101, McLean, VA 22101","
westgatechildcenter.com","
(703) 893-6372",,,38.9265976,-77.266986,educational programs for kids,22213
Tysons Art and Learning Center,"
1613 Great Falls St Suite B101, McLean, VA 22101","
westgatechildcenter.com","
(703) 893-6372",,,38.9265976,-77.266986,educational programs for kids,22213
Nottingham Elementary School,"
1613 Great Falls St Suite B101, McLean, VA 22101","
westgatechildcenter.com","
(703) 893-6372",,,38.9265976,-77.266986,educational programs for kids,22213
James Lee Preschool & Day Care,"
1613 Great Falls St Suite B101, McLean, VA 22101","
westgatechildcenter.com","
(703) 893-6372",,,38.9265976,-77.266986,educational programs for kids,22213
Capstone Performance Training - Falls Church,"
5900 Little Falls Rd, Arlington, VA 22207","
nottingham.apsva.us","
(703) 228-5290",,,38.9004684,-77.2231569,educational programs for kids,22213
Russian School of Mathematics - RSM Tysons Corner,"
5900 Little Falls Rd, Arlington, VA 22207","
nottingham.apsva.us","
(703) 228-5290",,,38.9004684,-77.2231569,educational programs for kids,22213
Tuckahoe Park,"
5900 Little Falls Rd, Arlington, VA 22207","
nottingham.apsva.us","
(703) 228-5290",,,38.9004684,-77.2231569,educational programs for kids,22213
Oak Hill Montessori,"
5900 Little Falls Rd, Arlington, VA 22207","
nottingham.apsva.us","
(703) 228-5290",,,38.9004684,-77.2231569,educational programs for kids,22213
Master Kicks Martial Arts,"
6557 South St, Falls Church, VA 22042",,"
(571) 331-1993",,,38.9004539,-77.2231569,after school programs for kids,22213
Fifty/50 Martial Arts Academy,"
6557 South St, Falls Church, VA 22042",,"
(703) 536-5414",,,38.8900871,-77.2564336,after school programs for kids,22213
Our Small World Children's Center,"
929 W Broad St #103, Falls Church, VA 22046","
5050bjj.com","
(703) 536-5414",,,38.8900871,-77.2564336,after school programs for kids,22213
Ritas Day Care,"
929 W Broad St #103, Falls Church, VA 22046","
5050bjj.com","
(703) 536-5414",,,38.8900871,-77.2564336,after school programs for kids,22213
Kaizen MMA Falls Church,"
929 W Broad St #103, Falls Church, VA 22046","
5050bjj.com","
(703) 536-5414",,,38.8900871,-77.2564336,after school programs for kids,22213
Jhoon Rhee Tae Kwon Do,"
2190 Pimmit Dr K - L, Falls Church, VA 22043","
kzmma.com","
(703) 734-5425",,,38.8900871,-77.2564336,after school programs for kids,22213
McLean Daycare,"
2190 Pimmit Dr K - L, Falls Church, VA 22043","
kzmma.com","
(703) 734-5425",,,38.8900871,-77.2564336,after school programs for kids,22213
Kids World,"
2190 Pimmit Dr K - L, Falls Church, VA 22043","
kzmma.com","
(703) 734-5425",,,38.8900871,-77.2564336,after school programs for kids,22213
TotoMoto Kids,"
8524 Betterton Ct, Vienna, VA 22182","
totomotokids.com","
(350) 201-9800",,,38.9007261,-77.3120078,after school programs for kids,22213
McLean Playtime Daycare,"
8524 Betterton Ct, Vienna, VA 22182","
totomotokids.com","
(350) 201-9800",,,38.9007261,-77.3120078,after school programs for kids,22213
Lewinsville Montessori,"
8524 Betterton Ct, Vienna, VA 22182","
totomotokids.com","
(350) 201-9800",,,38.9127516,-77.2728757,after school programs for kids,22213
Lucia's Family Home Daycare,"
7603 Lisle Ave, Falls Church, VA 22043",,"
(571) 525-0383",,,38.9127516,-77.2728757,after school programs for kids,22213
Riffat jabeen,"
7603 Lisle Ave, Falls Church, VA 22043",,"
(571) 525-0383",,,38.9127516,-77.2728757,after school programs for kids,22213
Techhaven Academy,"
1900 Campus Commons Dr, Reston, VA 20191","
techhavenacademy.com","
(571) 306-0854",,,38.9447291,-77.9135253,coding camps for kids,22214
Marine Corps Exchange,"
26 Joint Base Myer, 1555 Southgate Rd, Arlington, VA 22214","
hendersonhall.usmc-mccs.org","
(703) 979-8420",,,38.9447291,-77.9135253,coding camps for kids,22214
Robotics For Youth,"
4620 Fillingame Dr, Chantilly, VA 20151","
roboticsforyouth.org","
(571) 250-6576",,,38.7211707,-79.0754492,robotics camps,22214
"Evolve To Fit, GymnasticBodies DMV","
2501 9th Rd S #95, Arlington, VA 22204","
evolvetofit.com","
(703) 672-3348",,,38.8637613,-77.1570087,educational programs for kids,22214
Creative World Learning Center,"
2501 9th Rd S #95, Arlington, VA 22204","
evolvetofit.com","
(703) 672-3348",,,38.8637613,-77.1570087,educational programs for kids,22214
Everbrook Academy of Ashburn,"
21684 Romans Dr, Ashburn, VA 20147","
everbrookacademy.com","
(855) 444-3778",,,39.017538,-77.7726061,educational camps,22215
Camp Highroad,"
21164 Steptoe Hill Rd, Middleburg, VA 20117","
camphighroad.org","
(540) 687-6262",,,39.0340459,-77.9750412,educational camps,22215
Potomac Woods,"
21164 Steptoe Hill Rd, Middleburg, VA 20117","
camphighroad.org","
(540) 687-6262",,,39.0340459,-77.9750412,educational camps,22215
Fairfax Collegiate Summer Program,"
21164 Steptoe Hill Rd, Middleburg, VA 20117","
camphighroad.org","
(540) 687-6262",,,39.0340459,-77.9750412,educational camps,22215
Sterling Park KinderCare,"
106 Free Ct, Sterling, VA 20164","
kindercare.com","
(703) 430-7373",,,38.9697255,-77.667101,educational camps,22215
Fitwize 4 Kids Ashburn,"
106 Free Ct, Sterling, VA 20164","
kindercare.com","
(703) 430-7373",,,38.9697255,-77.667101,educational camps,22215
Teen Leadership Camps,"
106 Free Ct, Sterling, VA 20164","
kindercare.com","
(703) 430-7373",,,38.9697255,-77.667101,educational camps,22215
Science Cosmos,"
44190 Waxpool Rd #162, Ashburn, VA 20147",,"
(703) 596-3849",,,38.9694937,-77.6671018,science camps,22215
Two Birds - Arlington,"
1100 N Glebe Rd, Arlington, VA 22201","
twobirdsinc.com",,,,38.8743403,-77.1495722,kids learning center,22215
Annandale Children's Learning,"
1100 N Glebe Rd, Arlington, VA 22201","
twobirdsinc.com",,,,38.883444,-77.1901418,kids learning center,22215
Bailey's Childcare and Learning Center Alexandria,"
1100 N Glebe Rd, Arlington, VA 22201","
twobirdsinc.com",,,,38.883444,-77.1901418,kids learning center,22215
La Petite Academy of Sugarland/Cascades,"
46839 Maple Leaf Pl Unit 1, Sterling, VA 20164","
lapetite.com","
(877) 271-6466",,,39.019664,-77.4517488,kids learning center,22215
The Kingdom of Children Bilingual Preschool,"
46839 Maple Leaf Pl Unit 1, Sterling, VA 20164","
lapetite.com","
(877) 271-6466",,,39.019664,-77.4517488,kids learning center,22215
Kiddie Country Developmental Learning Center,"
46839 Maple Leaf Pl Unit 1, Sterling, VA 20164","
lapetite.com","
(877) 271-6466",,,38.7760906,-77.3484482,kids learning center,22215
Northern Virginia Academy of Early Learning - Early Development Center,"
46839 Maple Leaf Pl Unit 1, Sterling, VA 20164","
lapetite.com","
(877) 271-6466",,,38.7760906,-77.3484482,kids learning center,22215
Hellenic Education Center,"
46839 Maple Leaf Pl Unit 1, Sterling, VA 20164","
lapetite.com","
(877) 271-6466",,,38.8605977,-77.2087896,kids learning center,22215
Northern Virginia Academy of Early Learning - Burke Campus,"
46839 Maple Leaf Pl Unit 1, Sterling, VA 20164","
lapetite.com","
(877) 271-6466",,,38.8605977,-77.2087896,kids learning center,22215
Leo Dalla Brazilian Jiu jitsu,"
46839 Maple Leaf Pl Unit 1, Sterling, VA 20164","
lapetite.com","
(877) 271-6466",,,38.8605977,-77.2087896,kids learning center,22215
The Wonder - Arlington,"
4238 Wilson Blvd Suite 1295, Arlington, VA 22203","
thewonder.fun","
(571) 970-0338",,,38.7812222,-77.4987278,educational programs for kids,22215
Close Up Foundation,"
4238 Wilson Blvd Suite 1295, Arlington, VA 22203","
thewonder.fun","
(571) 970-0338",,,38.7812222,-77.4987278,educational programs for kids,22215
Arlington Partnership for Children Youth and Families Foundation,"
4238 Wilson Blvd Suite 1295, Arlington, VA 22203","
thewonder.fun","
(571) 970-0338",,,38.7812222,-77.4987278,educational programs for kids,22215
AUMC Early Learning Program,"
4238 Wilson Blvd Suite 1295, Arlington, VA 22203","
thewonder.fun","
(571) 970-0338",,,38.7812222,-77.4987278,educational programs for kids,22215
5 Wits Arlington,"
4238 Wilson Blvd Suite 1295, Arlington, VA 22203","
thewonder.fun","
(571) 970-0338",,,38.7812222,-77.4987278,educational programs for kids,22215
Glebe Elementary School,"
6935 Columbia Pike, Annandale, VA 22003",,"
(703) 256-8667",,,38.7812222,-77.4987278,educational programs for kids,22215
Obbligato Music,"
6935 Columbia Pike, Annandale, VA 22003",,"
(703) 256-8667",,,38.7812222,-77.4987278,educational programs for kids,22215
Alpha STEM for the Gifted,"
11416 Waples Mill Rd, Oakton, VA 22124","
alphastem.us","
(202) 465-0399",,,38.8779712,-77.6301344,stem camps,22217
Camp Invention,"
12001 Tygart Lake Dr Basecamp 1, Bristow, VA 20136","
invent.org","
(800) 968-4332",,,38.9284508,-78.3920216,educational camps,22217
Camp Invention,"
12001 Tygart Lake Dr Basecamp 1, Bristow, VA 20136","
invent.org","
(800) 968-4332",,,38.7541887,-77.842362,educational camps,22217
Salvation Army Camp Rappahannock,"
12001 Tygart Lake Dr Basecamp 1, Bristow, VA 20136","
invent.org","
(800) 968-4332",,,38.7541887,-77.842362,educational camps,22217
Bull Run Mountain Art Camp,"
12001 Tygart Lake Dr Basecamp 1, Bristow, VA 20136","
invent.org","
(800) 968-4332",,,38.3996124,-78.001007,educational camps,22217
Camp Varsity,"
1344 Beamers Head Rd, Madison, VA 22727","
campvarsity.net","
(540) 923-4922",,,38.4283142,-78.5696105,educational camps,22217
"Camp William B. Snyder, Boy Scouts of America","
1344 Beamers Head Rd, Madison, VA 22727","
campvarsity.net","
(540) 923-4922",,,38.4283142,-78.5696105,educational camps,22217
Camp Shenandoah Springs,"
1344 Beamers Head Rd, Madison, VA 22727","
campvarsity.net","
(540) 923-4922",,,38.4283142,-78.5696105,educational camps,22217
Ignite Baseball LLC,"
1344 Beamers Head Rd, Madison, VA 22727","
campvarsity.net","
(540) 923-4922",,,38.4283142,-78.5696105,educational camps,22217
Prince William County 4-H Youth Program,"
1344 Beamers Head Rd, Madison, VA 22727","
campvarsity.net","
(540) 923-4922",,,38.8772458,-77.4116941,educational camps,22217
Ski Club of Washington D.C.,"
5309 Langston Blvd., Arlington, VA 22207","
scwdc.wildapricot.org","
(703) 532-7776",,,38.8772458,-77.4116941,educational camps,22217
Challenge Island Greater Arlington,"
5309 Langston Blvd., Arlington, VA 22207","
scwdc.wildapricot.org","
(703) 532-7776",,,38.8772458,-77.4116941,educational camps,22217
"Northern Virginia Lions Youth Camp, Inc.","
5309 Langston Blvd., Arlington, VA 22207","
scwdc.wildapricot.org","
(703) 532-7776",,,38.8772458,-77.4116941,educational camps,22217
TASC for Teens,"
5309 Langston Blvd., Arlington, VA 22207","
scwdc.wildapricot.org","
(703) 532-7776",,,38.8772458,-77.4116941,educational camps,22217
Camp Big Mac,"
5309 Langston Blvd., Arlington, VA 22207","
scwdc.wildapricot.org","
(703) 532-7776",,,38.633677,-78.2133571,educational camps,22217
NYSA | New York School of Arts,"
320 Maple Ave E, Vienna, VA 22180","
nyschoolarts.com","
(703) 255-2200",,,38.90585,-77.4051626,robotics camps,22217
Escuela Key Elementary School,"
Wilson Blvd side, 850 N Randolph St UNIT 101, Arlington, VA 22203","
traininggroundarlington.com","
(571) 858-5451",,,38.8803531,-77.1817421,educational programs for kids,22217
Onelife Fitness - Ballston,"
Wilson Blvd side, 850 N Randolph St UNIT 101, Arlington, VA 22203","
traininggroundarlington.com","
(571) 858-5451",,,38.8803531,-77.1817421,educational programs for kids,22217
Washington-Liberty High School,"
Wilson Blvd side, 850 N Randolph St UNIT 101, Arlington, VA 22203","
traininggroundarlington.com","
(571) 858-5451",,,38.8803531,-77.1817421,educational programs for kids,22217
St Thomas More Cathedral School,"
Wilson Blvd side, 850 N Randolph St UNIT 101, Arlington, VA 22203","
traininggroundarlington.com","
(571) 858-5451",,,38.8803531,-77.1817421,educational programs for kids,22217
Camp Invention,"
10381 Ridge Rd, King George, VA 22485","
invent.org","
(800) 968-4332",,,38.2590772,-78.3179881,stem camps,22218
Snapology of Fredericksburg,"
Inside Urban Air, 4254 Plank Rd, Fredericksburg, VA 22407","
snapology.com","
(540) 684-3354",,,38.2590772,-78.3179881,stem camps,22218
STEM Education and Innovation Center,"
10671 Courthouse Rd, Fredericksburg, VA 22407","
stemeic.org","
(571) 494-6200",,,38.2590772,-78.3179881,stem camps,22218
Shiloh Quaker Camp,"
4774 Middle River Rd, Stanardsville, VA 22973","
bymcamps.org","
(540) 948-5226",,,38.3845329,-79.5775775,educational camps,22218
Camp Horizons,"
3586 Horizons Way, Harrisonburg, VA 22802","
camphorizons.com","
(540) 896-7600",,,38.3845329,-79.5775775,educational camps,22218
Camp Blue Ridge,"
3586 Horizons Way, Harrisonburg, VA 22802","
camphorizons.com","
(540) 896-7600",,,38.3845329,-79.5775775,educational camps,22218
Passages Adventure Camp,"
11421 Polo Cir, Midlothian, VA 23113","
peakexperiences.com","
(804) 897-6800",,,37.5260884,-78.7633501,educational camps,22218
Blue Ridge Running Camp,"
1200 Park Rd, Harrisonburg, VA 22802","
blueridgerunningcamp.com","
(203) 314-7385",,,38.4716451,-80.0323941,educational camps,22218
Camp Overlook,"
1200 Park Rd, Harrisonburg, VA 22802","
blueridgerunningcamp.com","
(203) 314-7385",,,38.4716451,-80.0323941,educational camps,22218
Triple C Camp,"
920 Camp Rd, Charlottesville, VA 22902","
tripleccamp.com","
(434) 293-2529",,,38.4716451,-80.0323941,educational camps,22218
Camp Friendship,"
920 Camp Rd, Charlottesville, VA 22902","
tripleccamp.com","
(434) 293-2529",,,38.4716451,-80.0323941,educational camps,22218
Camp Mont Shenandoah,"
920 Camp Rd, Charlottesville, VA 22902","
tripleccamp.com","
(434) 293-2529",,,37.9869363,-80.7996229,educational camps,22218
Camp LIGHT,"
218 Mont Shenandoah Ln, Millboro, VA 24460","
campmontshenandoah.com","
(540) 997-5994",,,37.9869363,-80.7996229,educational camps,22218
Camp Dogwood Summer Academy,"
1389 Garth Run Rd, Graves Mill, VA 22727",,,,,38.3799805,-79.538332,educational camps,22218
Still Meadows Enrichment Center and Camp,"
1389 Garth Run Rd, Graves Mill, VA 22727",,,,,38.3799805,-79.538332,educational camps,22218
Field Camp of Charlottesville,"
11992 Hollar School Rd, Linville, VA 22834","
campstillmeadows.org","
(540) 833-2072",,,38.3799805,-79.538332,educational camps,22218
Camp Albemarle,"
11992 Hollar School Rd, Linville, VA 22834","
campstillmeadows.org","
(540) 833-2072",,,38.3799805,-79.538332,educational camps,22218
Camp Hanover,"
11992 Hollar School Rd, Linville, VA 22834","
campstillmeadows.org","
(540) 833-2072",,,37.6067971,-78.3611969,educational camps,22218
Camp Alkulana,"
11992 Hollar School Rd, Linville, VA 22834","
campstillmeadows.org","
(540) 833-2072",,,37.6067971,-78.3611969,educational camps,22218
Cedar Creek Christian Camp,"
2828 Emerywood Pkwy, Richmond, VA 23294","
alkulana.org","
(804) 329-1701 ext. 114",,,37.6067971,-78.3611969,educational camps,22218
"Camp Shenandoah, BSA","
2828 Emerywood Pkwy, Richmond, VA 23294","
alkulana.org","
(804) 329-1701 ext. 114",,,37.6067971,-78.3611969,educational camps,22218
Highland Summer Camps,"
Lower Highland Dr, Bergton, VA 22811","
highlandretreat.org","
(540) 705-0554",,,38.7738357,-80.0550975,educational camps,22218
Canopy Adventure Summer Camps,"
Lower Highland Dr, Bergton, VA 22811","
highlandretreat.org","
(540) 705-0554",,,38.7738357,-80.0550975,educational camps,22218
Camp Piankatank,"
1586 Stampers Bay Rd Box 435, Hartfield, VA 23071","
camppiankatank.com","
(804) 776-9552",,,37.5318946,-77.5894699,educational camps,22218
Camp Up with People,"
3586 Horizons Way, Harrisonburg, VA 22802",,"
(540) 214-2752",,,38.514022,-79.8704561,educational camps,22218
Girl Scout Camp Sugar Hollow,"
3586 Horizons Way, Harrisonburg, VA 22802",,"
(540) 214-2752",,,38.514022,-79.8704561,educational camps,22218
"Piedmont Virginia College Drobots Drone STEM Camps For Kids, Pre-Teens & Teens","
PVCC - Main Building, Piedmont Virginia Community College, 501 College Drive, 501 College Dr, Charlottesville, VA 22902","
drobotscompany.com","
(800) 336-2098",,,38.514022,-79.8704561,educational camps,22218
Steve & Kate's Camp - Capitol Hill (TEMPORARILY CLOSED),"
PVCC - Main Building, Piedmont Virginia Community College, 501 College Drive, 501 College Dr, Charlottesville, VA 22902","
drobotscompany.com","
(800) 336-2098",,,38.514022,-79.8704561,educational camps,22218
Nature Camp,"
316 Nature Camp Trail, Vesuvius, VA 24483","
naturecamp.net","
(540) 377-2491",,,38.5770242,-80.8699751,science camps,22218
Code Ninjas Eastern Panhandle,"
13569 Midlothian Tpke, Midlothian, VA 23113","
codeninjas.com","
(804) 893-4285",,,37.5017948,-82.2655278,coding camps for kids,22218
CodeVA,"
300 E Broad St, Richmond, VA 23219","
codevirginia.org","
(804) 727-9817",,,37.5441069,-82.0532502,coding camps for kids,22218
Code Ninjas Snellville,"
300 E Broad St, Richmond, VA 23219","
codevirginia.org","
(804) 727-9817",,,37.5441069,-82.0532502,coding camps for kids,22218
Classroom of Discovery,"
201 E Frederick Dr, Sterling, VA 20164",,"
(703) 927-3333",,,39.015262,-77.676711,educational programs for kids,22218
Kidz Club,"
5514 Alma Ln STE 300, Springfield, VA 22151","
mykidzclub.org","
(703) 451-2366",,,38.800753,-77.474526,educational programs for kids,22218
LifeLong Education,"
21680 Ridgetop Cir, Sterling, VA 20166","
thelifelongeducation.com",,,,39.023902,-77.6985161,educational programs for kids,22218
Young Scholars Circle,"
44330 Mercure Cir Suite 100 G, Sterling, VA 20166","
youngscholarscircle.com","
(571) 485-0934",,,39.023902,-77.6985161,educational programs for kids,22218
The Gift of Language Spanish Immersion School,"
8214-B Old Courthouse Rd, Vienna, VA 22182","
thegiftoflanguage.org","
(703) 200-3006",,,38.913117,-77.5171601,educational programs for kids,22218
Children's Center for Language and Culture,"
8214-B Old Courthouse Rd, Vienna, VA 22182","
thegiftoflanguage.org","
(703) 200-3006",,,38.913117,-77.5171601,educational programs for kids,22218
Kids Quest Club,"
20608 Gordon Pk Sq Unit 170, Ashburn, VA 20147",,"
(703) 665-0075",,,39.0456382,-77.7759196,after school programs for kids,22218
Loudoun County After School,"
215 Parker Ct SE, Leesburg, VA 20175","
loudoun.gov","
(703) 777-0343",,,39.0456382,-77.7759196,after school programs for kids,22218
Tiny City Academy,"
21019 Forum Terrace, Sterling, VA 20166","
tinycityacademy.com","
(703) 444-2626",,,39.0456382,-77.7759196,after school programs for kids,22218
"Master Lee's Martial Arts - After School, Summer Camp","
20020 Ashbrook Commons Plaza #126, Ashburn, VA 20147","
gomasterlee.com","
(703) 858-7771",,,39.0456382,-77.7759196,after school programs for kids,22218
Kidcreate Studio - Ashburn,"
42775 Generation Dr Suite 180, Ashburn, VA 20147","
kidcreate.com","
(571) 410-0520",,,39.0456382,-77.7759196,after school programs for kids,22218
Ashburn After School Programs,"
42775 Generation Dr Suite 180, Ashburn, VA 20147","
kidcreate.com","
(571) 410-0520",,,39.0456382,-77.7759196,after school programs for kids,22218
Summer Camps and After School Program,"
44200 Waxpool Rd, Ashburn, VA 20147",,"
(571) 210-5323",,,39.0456382,-77.7759196,after school programs for kids,22218
Kids Under Construction Preschool,"
304 E Church Rd, Sterling, VA 20164","
kucpreschool.org","
(703) 430-0088",,,39.0456382,-77.7759196,after school programs for kids,22218
HERO WITHIN - Need After School Care?,"
200 E Willie Palmer Way, Purcellville, VA 20132",,"
(877) 493-5425",,,39.1298785,-77.9992626,after school programs for kids,22218
Kidtime Christian Academy,"
71N N Laycock St, Hamilton, VA 20158","
kidtimechristianacademy.com","
(540) 751-3755",,,39.1298785,-77.9992626,after school programs for kids,22218
The Splash Kids at The Well,"
71N N Laycock St, Hamilton, VA 20158","
kidtimechristianacademy.com","
(540) 751-3755",,,39.1298785,-77.9992626,after school programs for kids,22218
KidzClub,"
835 Lee Ave SW suite 112 b, Leesburg, VA 20175",,"
(703) 771-7625",,,39.1298785,-77.9992626,after school programs for kids,22218
Jun Lee Taekwondo & Afterschool Program & Summer Camp,"
700 Fieldstone Dr NE #110, Leesburg, VA 20176","
junleetkd.com","
(703) 687-4714",,,39.1257522,-77.8346522,after school programs for kids,22218
"After School Program: MAP, SOL, Algebra, Math League, Olympiad, APCS, Physics, TJ, AOS, SAT, COGAT, ACSL, AMC, MATHCOUNTS","
700 Fieldstone Dr NE #110, Leesburg, VA 20176","
junleetkd.com","
(703) 687-4714",,,39.1257522,-77.8346522,after school programs for kids,22218
Gateway Village Children's Center,"
700 Fieldstone Dr NE #110, Leesburg, VA 20176","
junleetkd.com","
(703) 687-4714",,,39.1257522,-77.8346522,after school programs for kids,22218
Oakland Terrace Elementary,"
700 Fieldstone Dr NE #110, Leesburg, VA 20176","
junleetkd.com","
(703) 687-4714",,,39.1257522,-77.8346522,after school programs for kids,22218
The Classroom LLC,"
100 Ayr Hill Ave NE, Vienna, VA 22180","
theclassroomllc.com","
(703) 314-2857",,,38.9040279,-77.5564277,after school programs for kids,22218
Whiz-Kid Starz- River Oaks,"
16649 River Ridge Blvd, Woodbridge, VA 22191","
whizkidstarz.com","
(703) 291-5060",,,38.5883773,-77.5918453,after school programs for kids,22218
My Baby Steps Academy Little River Turn Pike,"
16649 River Ridge Blvd, Woodbridge, VA 22191","
whizkidstarz.com","
(703) 291-5060",,,38.5883773,-77.5918453,after school programs for kids,22218
Williams After School Programs & Karate,"
43930 Farmwell Hunt Plaza #126, Ashburn, VA 20147",,"
(703) 858-3800",,,39.0389945,-77.3653559,after school programs for kids,22218
Countryside Children's Academy,"
43930 Farmwell Hunt Plaza #126, Ashburn, VA 20147",,"
(703) 858-3800",,,39.0237601,-77.7690169,after school programs for kids,22218
Famly,"
1201 Wilson Blvd 25th Fl, Arlington, VA 22209","
famly.co","
(202) 804-2225",,,38.895267,-77.0892911,kids learning center,22219
SoFlo SAT Tutoring,"
1701 N Bryan St, Arlington, VA 22201",,,,,38.8929338,-77.107679,educational programs for kids,22219
Holy Trinity School,"
1701 N Bryan St, Arlington, VA 22201",,,,,38.9074598,-77.0879742,educational programs for kids,22219
Operation Autism,"
1100 Wilson Blvd, Arlington, VA 22209","
nvlsp.org","
(202) 265-8305",,,38.8944868,-77.0884117,educational programs for kids,22219
Soapstone KinderCare,"
2300 Soapstone Dr, Reston, VA 20191","
kindercare.com","
(703) 476-4710",,,38.931069,-77.6355081,robotics camps,22222
Kids 'R' Kids Learning Academy of South Riding,"
25160 Loudoun County Pkwy, South Riding, VA 20152","
kidsrkids.com","
(703) 957-3037",,,38.9204485,-77.8056721,kids learning center,22222
Children of the World,"
4451 Brookfield Corporate Dr #201, Chantilly, VA 20151","
cotwschool.com","
(703) 956-6266",,,38.9204485,-77.8056721,kids learning center,22222
The Learning Experience - Aldie,"
24405 Arcola Mills Dr, Aldie, VA 20105","
thelearningexperience.com","
(571) 367-2050",,,38.9204485,-77.8056721,kids learning center,22222
South Riding Learning Center,"
43053 Pemberton Square #140-150, South Riding, VA 20152","
southridinglearningcenter.com","
(703) 348-7001",,,38.9204485,-77.8056721,kids learning center,22222
Preschool Learning Center,"
835 Lee Ave SW suite 112 b, Leesburg, VA 20175","
preschoollearningcenterva.com","
(703) 771-7625",,,39.1062322,-77.8707595,kids learning center,22222
Neighborhood Learning Center,"
711 W Main St, Purcellville, VA 20132","
tnlcenter.com","
(540) 338-3956",,,39.1388345,-78.0144662,kids learning center,22222
Children's Enrichment Preschool Program,"
75 Merrimans Ln, Winchester, VA 22601",,"
(540) 664-9238",,,39.1906589,-79.3467883,educational programs for kids,22222
Blue Ridge Educational Center,"
606 Massanutten Ave, Front Royal, VA 22630","
blueridgeeducation.org","
(540) 631-9503",,,39.1906589,-79.3467883,educational programs for kids,22222
National Science Foundation Child Development Center,"
4201 Wilson Blvd, Arlington, VA 22230","
nsf.gov","
(703) 292-4794",,,38.8805396,-78.2645265,educational programs for kids,22222
The Academy 5,"
1481 Chain Bridge Rd Suite, McLean, VA 22101",,,,,38.8805396,-78.2645265,educational programs for kids,22222
YMCA After School Care,"
Arlington, VA 22205",,,,,38.8805396,-78.2645265,educational programs for kids,22222
Rising Star Education Center,"
2190 Pimmit Dr #202, Falls Church, VA 22043",,"
(703) 992-7032",,,38.8805396,-78.2645265,educational programs for kids,22222
Discovery Oaks Academy,"
624 W Church Rd, Sterling, VA 20164","
ymcadc.org","
(703) 430-2781",,,38.8805396,-78.2645265,educational programs for kids,22222
SACC and Daycare Alternative,"
3848 Blenheim Blvd, Fairfax, VA 22030","
best-after-school-program.com","
(703) 935-9100",,,38.848501,-77.58926,after school programs for kids,22222
Best Before and After-School-OSA Martial Arts (In Manassas and Bristow),"
8733 Quarry Rd Unit 102, Manassas, VA 20110","
best-after-school-program.com","
(703) 935-9100",,,38.7538773,-77.7496428,after school programs for kids,22222
Daycare,"
2920 VA-120, Arlington, VA 22206",,,,,38.8446605,-77.35555,after school programs for kids,22222
International Initiative to End Child Labor,"
1016 S Wayne St #702, Arlington, VA 22204","
endchildlabor.net","
(703) 920-0435",,,38.8559759,-77.1374968,kids learning center,22225
Northern Virginia Academy of Early Learning - Lincolnia Campus,"
1016 S Wayne St #702, Arlington, VA 22204","
endchildlabor.net","
(703) 920-0435",,,38.8559759,-77.1374968,kids learning center,22225
Adela's House Family Daycare,"
1016 S Wayne St #702, Arlington, VA 22204","
endchildlabor.net","
(703) 920-0435",,,38.8559759,-77.1374968,kids learning center,22225
The Learning Experience Alexandria – Richmond Highway,"
1016 S Wayne St #702, Arlington, VA 22204","
endchildlabor.net","
(703) 920-0435",,,38.8318783,-77.2236761,kids learning center,22225
Adult and Community Education,"
6815 Edsall Rd, Springfield, VA 22151","
fcps.edu","
(703) 658-1201",,,38.8061867,-77.4699325,educational programs for kids,22225
Everbrook Academy of Lake Ridge/ Daisy Reid,"
4645 Daisy Reid Ave, Woodbridge, VA 22192","
everbrookacademy.com","
(855) 444-3778",,,38.678987,-77.6362791,educational programs for kids,22225
Hoffman-Boston Elementary School,"
1415 S Queen St, Arlington, VA 22204","
hoffmanboston.apsva.us","
(703) 228-5845",,,38.8614858,-77.3607059,educational programs for kids,22225
The Red Wagon Learning Center,"
6452 Landsdowne Centre Dr, Alexandria, VA 22315","
redwagonlearningcenter.com","
(571) 255-8131",,,38.8614858,-77.3607059,educational programs for kids,22225
Montrose Alternative Learning Center,"
6525 Montrose St, Alexandria, VA 22312","
fcps.edu","
(703) 658-5800",,,38.8614858,-77.3607059,educational programs for kids,22225
Empower U Center,"
6281 Franconia Rd, Alexandria, VA 22310","
empoweruva.com","
(571) 348-4361",,,38.8614858,-77.3607059,educational programs for kids,22225
Kingstowne Montessori Children’s House,"
6281 Franconia Rd, Alexandria, VA 22310","
empoweruva.com","
(571) 348-4361",,,38.8614858,-77.3607059,educational programs for kids,22225
Oakridge Elementary School,"
1414 24th St S, Arlington, VA 22202","
oakridge.apsva.us","
(703) 228-5840",,,38.8614858,-77.3607059,educational programs for kids,22225
EurAupair Au Pair Program,"
1414 24th St S, Arlington, VA 22202","
oakridge.apsva.us","
(703) 228-5840",,,38.8614858,-77.3607059,educational programs for kids,22225
The Partnership for Food Safety Education,"
2501 9th Rd S UNIT 263, Arlington, VA 22204","
euraupair.com","
(800) 333-3804",,,38.8614858,-77.3607059,educational programs for kids,22225
Gunston Middle School,"
2700 S Lang St, Arlington, VA 22206","
gunston.apsva.us","
(703) 228-6900",,,38.8614858,-77.3607059,educational programs for kids,22225
Kidventure Daycare,"
2700 S Lang St, Arlington, VA 22206","
gunston.apsva.us","
(703) 228-6900",,,38.8614858,-77.3607059,educational programs for kids,22225
Northeast Stars,"
7739 Sullivan Cir, Alexandria, VA 22315","
kidventuredaycare.com","
(703) 705-2374",,,38.8614858,-77.3607059,educational programs for kids,22225
Primrose School of Arlington at National Landing,"
2461 S Clark St Suite R-001, Arlington, VA 22202","
primroseschools.com","
(703) 512-0172",,,38.8614858,-77.3607059,educational programs for kids,22225
Mount Vernon Baptist Church Preschool,"
935 23rd St S, Arlington, VA 22202",,"
(703) 892-1001",,,38.8614858,-77.3607059,educational programs for kids,22225
Mike's Music School,"
1830 Columbia Pike, Arlington, VA 22204",,,,,38.8614858,-77.3607059,educational programs for kids,22225
VIPkids Vienna Immersion Program,"
549 Malcolm Rd NW, Vienna, VA 22180","
vipkidsvienna.com","
(703) 928-6433",,,38.8750289,-77.1223973,after school programs for kids,22225
The Montessori School of Washington DC,"
549 Malcolm Rd NW, Vienna, VA 22180","
vipkidsvienna.com","
(703) 928-6433",,,38.9011085,-77.3519451,after school programs for kids,22225
Silver Knights Chess Academy,"
549 Malcolm Rd NW, Vienna, VA 22180","
vipkidsvienna.com","
(703) 928-6433",,,38.9011085,-77.3519451,after school programs for kids,22225
MADabolic Arlington,"
3100 Clarendon Blvd M-100, Arlington, VA 22201","
madabolic.com","
(571) 470-6966",,,38.8818642,-77.1161326,after school programs for kids,22226
campwhatakid,"
8905 Ox Rd, Lorton, VA 22079","
campwhatakid.com","
(888) 581-3555",,,38.7167174,-77.5527086,summer camps for kids,22227
Herndon Parkway KinderCare,"
1178 Herndon Pkwy, Herndon, VA 20170","
kindercare.com","
(703) 435-3955",,,38.964812,-77.4730338,kids learning center,22227
Eye Level Learning Center of Alexandria,"
1416 Prince St, Alexandria, VA 22314","
myeyelevel.com","
(703) 535-3330",,,38.8048311,-77.127937,kids learning center,22227
Kuumba Learning Center Inc,"
1416 Prince St, Alexandria, VA 22314","
myeyelevel.com","
(703) 535-3330",,,38.8048311,-77.127937,kids learning center,22227
KinderKidz Learning Center- Manassas,"
8610 Mathis Ave, Manassas, VA 20110","
kinderkidzlc.com","
(703) 368-8252",,,38.7688504,-77.5284674,kids learning center,22227
Burgundy farm summer day camp,"
QWX3+GC, Rose Hill, VA 22303",,,,,38.7988056,-77.3848911,educational camps,22230
Childtime of Herndon,"
530 Huntmar Park Dr, Herndon, VA 20170","
childtime.com","
(877) 220-0584",,,38.963786,-77.4514398,kids learning center,22230
C2 Education of McLean,"
1311-A Dolley Madison Blvd 4th Floor, McLean, VA 22101","
c2educate.com","
(703) 288-4400",,,38.9398552,-77.4654626,educational programs for kids,22230
Childtime of Bethesda,"
1311-A Dolley Madison Blvd 4th Floor, McLean, VA 22101","
c2educate.com","
(703) 288-4400",,,38.9398552,-77.4654626,educational programs for kids,22230
Lucky Strike Arlington,"
Fox Mill Rd, Herndon, VA 20171","
rootedtorisedmv.com",,,,38.9324181,-77.6666053,educational programs for kids,22240
Michuchutren,"
Fox Mill Rd, Herndon, VA 20171","
rootedtorisedmv.com",,,,38.9324181,-77.6666053,educational programs for kids,22240
Reston Children’s Center,"
Fox Mill Rd, Herndon, VA 20171","
rootedtorisedmv.com",,,,38.9324181,-77.6666053,educational programs for kids,22240
Doulas of Northern Virginia,"
2221 S Clark St, Arlington, VA 22202","
doulasofnorthernva.com","
(919) 721-2693",,,38.9324181,-77.6666053,educational programs for kids,22240
Long Branch Elementary School,"
2221 S Clark St, Arlington, VA 22202","
doulasofnorthernva.com","
(919) 721-2693",,,38.853911,-77.3399101,educational programs for kids,22240
Tiny Tots Playroom,"
1500 King St #105, Alexandria, VA 22314","
brentwoodacademy.org","
(703) 683-5130",,,38.8057241,-77.1283161,after school programs for kids,22240
Mount Vernon Community School,"
2601 Commonwealth Ave, Alexandria, VA 22305","
acps.k12.va.us","
(703) 706-4460",,,38.8420273,-77.3646369,educational camps,22241
Train Your Brain Project,"
2601 Commonwealth Ave, Alexandria, VA 22305","
acps.k12.va.us","
(703) 706-4460",,,38.8420273,-77.3646369,educational camps,22241
Living Classrooms Foundation,"
2601 Commonwealth Ave, Alexandria, VA 22305","
acps.k12.va.us","
(703) 706-4460",,,38.8420273,-77.3646369,educational camps,22241
Westminster Weekday Preschool,"
2601 Commonwealth Ave, Alexandria, VA 22305","
acps.k12.va.us","
(703) 706-4460",,,38.8420273,-77.3646369,educational camps,22241
Madison Day School,"
203 E Custis Ave, Alexandria, VA 22301","
madisondayschool.com","
(703) 299-4200",,,38.9673828,-77.4133499,kids learning center,22242
Campagna Kids Program,"
530 S St Asaph St, Alexandria, VA 22314",,"
(703) 836-3696",,,38.967151,-77.4133508,educational programs for kids,22242
My Baby Steps Academy Center,"
4604 Ravensworth Rd, Annandale, VA 22003","
mybabystepsacademy.com","
(703) 927-5589",,,38.8243203,-77.2743038,after school programs for kids,22242
Creative Learning School,"
8331 Washington Ave, Alexandria, VA 22309","
facebook.com","
(703) 799-0335",,,38.7306108,-77.3915354,kids learning center,22243
Early Childhood Infant & Learning Center,"
8331 Washington Ave, Alexandria, VA 22309","
facebook.com","
(703) 799-0335",,,38.7306108,-77.3915354,kids learning center,22243
Tiny-Tots Childcare & Learning Center LLC,"
Richmond Hwy, Alexandria, VA 22309",,"
(703) 398-2352",,,38.7277657,-77.3999573,kids learning center,22244
Little Stars Family Daycare,"
Richmond Hwy, Alexandria, VA 22309",,"
(703) 398-2352",,,38.7277657,-77.3999573,kids learning center,22244
Childtime of Alexandria,"
2272 Huntington Ave, Alexandria, VA 22303","
childtime.com","
(877) 220-0584",,,38.7273029,-77.399959,after school programs for kids,22244
Fredericksburg Parks & Rec,"
5325 Harrison Rd, Fredericksburg, VA 22407","
hazelwildfarm.com","
(540) 891-8751",,,38.2730502,-78.0963091,summer camps for kids,22245
Summer Camps Fredericksburg,"
125 Olde Greenwich Dr #110, Fredericksburg, VA 22408","
pilsungmartialarts.com","
(540) 710-9094",,,38.271789,-78.0573672,educational camps,22245
Rappahannock Area YMCA,"
212 Butler Rd, Falmouth, VA 22405","
family-ymca.org","
(540) 371-9622",,,38.271789,-78.0573672,educational camps,22245
Hazelwild Farm Educational Foundation,"
5325 Harrison Rd, Fredericksburg, VA 22407","
hazelwildfarm.com","
(540) 891-8751",,,38.271789,-78.0573672,educational camps,22245
Art Cart Kids Enrichment Studio,"
5325 Harrison Rd, Fredericksburg, VA 22407","
hazelwildfarm.com","
(540) 891-8751",,,38.271789,-78.0573672,educational camps,22245
YMCA/APYC Camp Kekoka,"
1083 Boys Camp Rd, Kilmarnock, VA 22482","
ymcavp.org","
(804) 435-3616",,,37.6962013,-76.9292907,educational camps,22245
Tiny Troops Soccer - Joint Base Anacostia-Bolling/Alexandria,"
1083 Boys Camp Rd, Kilmarnock, VA 22482","
ymcavp.org","
(804) 435-3616",,,38.5263764,-78.3836262,educational camps,22245
Code Ninjas,"
10811 W Broad St Suite 17, Glen Allen, VA 23060","
codeninjas.com","
(804) 396-4411",,,37.6454253,-78.1587946,coding camps for kids,22245
Rainbow Early Learning Center,"
206 N Fayette St, Alexandria, VA 22314","
rainbowelc.net","
(571) 277-0077",,,38.9673828,-77.366732,kids learning center,22245
Inspired Learning Academy,"
1127 International Pkwy #241, Fredericksburg, VA 22406","
inspiredlearningacademy.com","
(540) 259-1378",,,38.3606456,-77.8023347,educational programs for kids,22245
Sparks Early Learning Academy,"
1127 International Pkwy #241, Fredericksburg, VA 22406","
inspiredlearningacademy.com","
(540) 259-1378",,,38.3606456,-77.8023347,educational programs for kids,22245
Merit School at The Castle,"
1127 International Pkwy #241, Fredericksburg, VA 22406","
inspiredlearningacademy.com","
(540) 259-1378",,,38.3606456,-77.8023347,educational programs for kids,22245
E3 kids International,"
6306 Old Plank Rd, Fredericksburg, VA 22407","
meritschools.com","
(540) 302-2771",,,38.3606456,-77.8023347,educational programs for kids,22245
Learning Paths Academy South Campus,"
6306 Old Plank Rd, Fredericksburg, VA 22407","
meritschools.com","
(540) 302-2771",,,38.3606456,-77.8023347,educational programs for kids,22245
Creative Kids Preschool in Fredericksburg Virginia,"
122 Old Potomac Church Rd, Stafford, VA 22554","
learningpathsacademy.com","
(804) 392-1440",,,38.3606456,-77.8023347,educational programs for kids,22245
Cadence Academy Preschool,"
122 Old Potomac Church Rd, Stafford, VA 22554","
learningpathsacademy.com","
(804) 392-1440",,,38.3606456,-77.8023347,educational programs for kids,22245
Creative Kids Virtual Preschool,"
365 Ferry Rd, Fredericksburg, VA 22405","
cadence-education.com","
(540) 369-6919",,,38.3606456,-77.8023347,educational programs for kids,22245
Tiffany's Learning Center,"
365 Ferry Rd, Fredericksburg, VA 22405","
cadence-education.com","
(540) 369-6919",,,38.3606456,-77.8023347,educational programs for kids,22245
Cadence Academy Preschool,"
365 Ferry Rd, Fredericksburg, VA 22405","
cadence-education.com","
(540) 369-6919",,,38.3606456,-77.8023347,educational programs for kids,22245
Creative Child Care & Academy,"
365 Ferry Rd, Fredericksburg, VA 22405","
cadence-education.com","
(540) 369-6919",,,38.3606456,-77.8023347,educational programs for kids,22245
The Phoenix Center for Innovative Learning,"
365 Ferry Rd, Fredericksburg, VA 22405","
cadence-education.com","
(540) 369-6919",,,38.3606456,-77.8023347,educational programs for kids,22245
Celebree School of Herndon-West Reston,"
365 Ferry Rd, Fredericksburg, VA 22405","
cadence-education.com","
(540) 369-6919",,,38.3606456,-77.8023347,educational programs for kids,22245
Little Discoverers Learning Center,"
365 Ferry Rd, Fredericksburg, VA 22405","
cadence-education.com","
(540) 369-6919",,,38.949709,-77.6745759,educational programs for kids,22245
Fredericksburg Preschool Programs,"
1 Towne Centre Blvd #5350, Fredericksburg, VA 22407",,"
(540) 548-8885",,,38.2915292,-77.7988253,educational programs for kids,22245
Chesterbrook Academy Preschool,"
1 Towne Centre Blvd #5350, Fredericksburg, VA 22407",,"
(540) 548-8885",,,38.2915292,-77.7988253,educational programs for kids,22245
Guitar Train,"
1 Towne Centre Blvd #5350, Fredericksburg, VA 22407",,"
(540) 548-8885",,,38.2915292,-77.7988253,educational programs for kids,22245
Winwood Children's Center,"
1 Towne Centre Blvd #5350, Fredericksburg, VA 22407",,"
(540) 548-8885",,,38.2915292,-77.7988253,educational programs for kids,22245
Parent Education Infant Development,"
1841 Explorer St, Reston, VA 20190","
cadence-education.com","
(703) 832-0809",,,38.9609552,-77.6478011,educational programs for kids,22245
Cabin Camp 5 - Happyland,"
17425 Mawavi Rd, Triangle, VA 22172","
nps.gov","
(703) 221-4706",,,38.5765317,-78.5666597,summer camps for kids,20231
Summer at Sacred Heart,"
110 Keating Dr, Winchester, VA 22601","
sashcamp.org","
(540) 808-2736",,,39.1895343,-79.3428187,educational camps,20231
Shady Grove Family YMCA,"
11255 Nuckols Rd, Glen Allen, VA 23059","
ymcarichmond.org","
(804) 270-3866",,,37.625438,-78.7479069,educational camps,20231
CORE Kids Academy,"
11255 Nuckols Rd, Glen Allen, VA 23059","
ymcarichmond.org","
(804) 270-3866",,,37.625438,-78.7479069,educational camps,20231
Mad Science of Central Virginia,"
11551 Nuckols Rd ste j, Glen Allen, VA 23059","
centralva.madscience.org","
(804) 887-3492",,,37.6217684,-78.7479204,science camps,20231
The Steward School,"
11600 Gayton Rd, Richmond, VA 23238","
stewardschool.org","
(804) 740-3394",,,37.6217684,-78.7479204,science camps,20231
Ephesus Adventist Junior Academy,"
3700 Midlothian Tpke, Richmond, VA 23224","
ephesusjracademy.org","
(804) 233-4582",,,37.6217684,-78.7479204,science camps,20231
Mad Science of Hampton Roads,"
1720B S Park Ct, Chesapeake, VA 23320","
hamptonroads.madscience.org","
(757) 502-8124",,,36.7868063,-77.391744,science camps,20231
STEM for Kids - Central Virginia,"
5213 Hickory Park Dr # B, Glen Allen, VA 23059","
t.stemforkids.net","
(804) 719-1745",,,37.67685,-78.7421595,science camps,20231
"Roboprenr Virginia - Robotics, AI, Coding, Olympiad, Math & Science Best Classes","
11993 Grey Oaks Park Rd, Glen Allen, VA 23059","
roboprenr.com","
(650) 556-6299",,,37.6731787,-78.742173,coding camps for kids,20231
Simply Coding,"
6933 Commons Plaza Ste. 110, Chesterfield, VA 23832","
simplycodingllc.com","
(804) 503-3840",,,37.6731787,-78.742173,coding camps for kids,20231
RoboKai,"
11307 Polo Pl Ste C, Midlothian, VA 23113","
robokai.com","
(804) 366-7190",,,37.6695075,-78.7421865,robotics camps,20231
Kingdom Kidz Academy LLC,"
4820 Finlay St, Richmond, VA 23231","
4kingdomkidzrva.com","
(804) 322-7100",,,37.6658365,-78.7422001,kids learning center,20231
Skipwith Road KinderCare,"
3206 Skipwith Rd, Henrico, VA 23294","
kindercare.com","
(804) 270-0292",,,37.6658365,-78.7422001,kids learning center,20231
Unity Children Learning Center,"
1305 Woodside Mews, Richmond, VA 23231","
unitychildrenlearning.com","
(804) 562-6409",,,37.6658365,-78.7422001,kids learning center,20231
Kids Clubhouse Learning Center LLC,"
1696 Franklin St, Rocky Mount, VA 24151","
rymap.org","
(540) 483-2214",,,36.9893284,-81.0634434,kids learning center,20231
Nuckols KinderCare,"
11155 Nuckols Rd, Glen Allen, VA 23059","
kindercare.com","
(804) 273-6319",,,37.6773,-78.7390645,kids learning center,20231
The Learning Connection,"
7172 Pole Green Rd, Mechanicsville, VA 23116","
learningva.com","
(804) 559-1005",,,37.6773,-78.7390645,kids learning center,20231
Parham Road KinderCare,"
2240 E Parham Rd, Richmond, VA 23228","
kindercare.com","
(804) 264-8729",,,37.6773,-78.7390645,kids learning center,20231
Coal Pit Learning Center,"
5101 Francistown Rd, Glen Allen, VA 23060","
coalpitlearningcenter.org","
(804) 270-7502",,,37.6773,-78.7390645,kids learning center,20231
Pump Road KinderCare,"
1001 Pump Rd, Richmond, VA 23238","
kindercare.com","
(804) 740-0020",,,37.6773,-78.7390645,kids learning center,20231
Skipwith Academy at Forest Avenue,"
7344 Townes Rd, Richmond, VA 23226","
skipwithacademy.com","
(804) 735-1007",,,37.6773,-78.7390645,kids learning center,20231
Let’s Be a Kid Childcare Center,"
4107 Dill Rd, Richmond, VA 23222","
letsbeakid.com","
(804) 214-4002",,,37.6773,-78.7390645,kids learning center,20231
Skipwith Academy at Huguenot,"
11211 W Huguenot Rd, Richmond, VA 23235","
skipwithacademy.com","
(804) 568-9118",,,37.6773,-78.7390645,kids learning center,20231
Love & Learn Child Care Center,"
11211 W Huguenot Rd, Richmond, VA 23235","
skipwithacademy.com","
(804) 568-9118",,,37.6773,-78.7390645,kids learning center,20231
Bon Air KinderCare,"
11171 Robious Rd, Richmond, VA 23235","
kindercare.com","
(804) 320-0513",,,37.6773,-78.7390645,kids learning center,20231
RVA 24 hour Childcare,"
6210 Beaufont Hills Ct, Richmond, VA 23225","
balancedchildcare.com","
(804) 301-6122",,,37.6773,-78.7390645,kids learning center,20231
Villa Education Center,"
8000 Brook Rd, Richmond, VA 23227","
neverstopbelieving.org","
(804) 521-5571",,,37.6736287,-78.739078,educational programs for kids,20231
"Romp n' Roll West End, VA","
9677 W Broad St, Glen Allen, VA 23060","
rompnroll.com","
(804) 249-5001",,,37.6736287,-78.739078,educational programs for kids,20231
Harvie Elementary School,"
3401 Harvie Rd, Richmond, VA 23223","
harvie.henricoschools.us","
(804) 343-7010",,,37.6736287,-78.739078,educational programs for kids,20231
After-School Association of America,"
1024 Carrington Pl suite c, Charlottesville, VA 22901","
after-school.org","
(434) 260-1511",,,38.0697896,-79.6221684,educational programs for kids,20231
Kinder Prep Learning Academy,"
1024 Carrington Pl suite c, Charlottesville, VA 22901","
after-school.org","
(434) 260-1511",,,38.0697896,-79.6221684,educational programs for kids,20231
Carilion Clinic Field at Salem Memorial Ballpark,"
1008 Texas St, Salem, VA 24153","
salemsox.com","
(540) 389-3333",,,37.285492,-81.1904791,educational programs for kids,20231
"Raising Brain, LLC Learning Enrichment Center","
667 Zachary Taylor Hwy, Flint Hill, VA 22627","
raisingbrain.com","
(540) 359-1040",,,38.7665153,-79.2545229,educational programs for kids,20231
TEENS Inc.,"
2122 N Frederick Pike, Winchester, VA 22603","
teensincva.org","
(540) 324-8965",,,38.7665153,-79.2545229,educational programs for kids,20231
Tyke Center,"
64 Sycolin Rd SE A, Leesburg, VA 20175",,"
(703) 779-7467",,,38.7665153,-79.2545229,educational programs for kids,20231
Karter School of South Riding,"
25235 Elk Lick Rd, Chantilly, VA 20152","
karterschools.com","
(703) 327-2003",,,38.9198276,-78.6660424,after school programs for kids,20231
The Kids Clubs of Northern Shenandoah Valley,"
2400 Roosevelt Blvd, Winchester, VA 22601","
thekidsclubs.org","
(540) 723-6665",,,39.157067,-79.3316315,after school programs for kids,20231
Kid's Harbor Preschool & After School,"
1871 Boyers Rd, Harrisonburg, VA 22801","
kidsharbor.org","
(540) 434-1901",,,38.3944259,-80.009283,after school programs for kids,20231
Youth For Tomorrow,"
11835 Hazel Cir Dr, Bristow, VA 20136","
youthfortomorrow.org","
(703) 368-7995",,,38.7394185,-78.7027884,after school programs for kids,20231
Kidtime Christian Academy,"
4701 Valley Pike, Stephens City, VA 22655","
kidtimechristianacademy.com","
(540) 944-3555",,,38.7394185,-78.7027884,after school programs for kids,20231
"Little Friends Learning Center, LLC","
4701 Valley Pike, Stephens City, VA 22655","
kidtimechristianacademy.com","
(540) 944-3555",,,39.0997518,-79.3598373,after school programs for kids,20231
Stafford's Best After School Program and Summer Camp,"
60 Susa Dr, Stafford, VA 22554","
staffordafterschool.com","
(571) 520-2378",,,38.450978,-78.5554049,after school programs for kids,20231
The Goddard School of Richmond,"
8401 Patterson Ave #203, Henrico, VA 23229","
henricogives.org","
(804) 877-9400",,,37.5939588,-78.7137182,after school programs for kids,20231
Little Toads,"
23574 Prosperity Ridge Pl, Ashburn, VA 20148","
littletoads.org","
(202) 378-0984",,,38.964662,-78.6789675,after school programs for kids,20231
TBC Racing,"
2900 Virginia Ave NW, Washington, DC 20037","
tbcracing.org","
(703) 597-7690",,,38.9085762,-77.3254726,educational camps,20301
Young Marines National Hqs,"
2900 Virginia Ave NW, Washington, DC 20037","
tbcracing.org","
(703) 597-7690",,,38.9085762,-77.3254726,educational camps,20301
Virginia Robotics Education Foundation,"
Georgetown Pike, McLean, VA 22102","
varobotics.org","
(703) 944-1141",,,38.9814335,-77.3811056,robotics camps,20330
The Learning Experience - Sterling Potomac Falls,"
20881 Potomac View Rd, Sterling, VA 20165","
thelearningexperience.com","
(703) 454-5677",,,39.0381544,-77.4582518,kids learning center,20330
Willow Lake KinderCare,"
20881 Potomac View Rd, Sterling, VA 20165","
thelearningexperience.com","
(703) 454-5677",,,39.0381544,-77.4582518,kids learning center,20330
Learning Paths Academy Belmont,"
20881 Potomac View Rd, Sterling, VA 20165","
thelearningexperience.com","
(703) 454-5677",,,39.0381544,-77.4582518,kids learning center,20330
Emmanuel Kids Korner,"
20881 Potomac View Rd, Sterling, VA 20165","
thelearningexperience.com","
(703) 454-5677",,,39.0381544,-77.4582518,kids learning center,20330
Little Learners Academy,"
20881 Potomac View Rd, Sterling, VA 20165","
thelearningexperience.com","
(703) 454-5677",,,39.0381544,-77.4582518,kids learning center,20330
The Learning Experience - Ashburn,"
20005 Riverside Cmns Plz, Ashburn, VA 20147","
thelearningexperience.com","
(571) 517-9592",,,39.0633818,-77.5342162,educational programs for kids,20330
Ashburn Early Learning Academy,"
20005 Riverside Cmns Plz, Ashburn, VA 20147","
thelearningexperience.com","
(571) 517-9592",,,39.0633818,-77.5342162,educational programs for kids,20330
The Gardner School of Ashburn,"
20005 Riverside Cmns Plz, Ashburn, VA 20147","
thelearningexperience.com","
(571) 517-9592",,,39.0633818,-77.5342162,educational programs for kids,20330
Learn & Play LLC,"
20005 Riverside Cmns Plz, Ashburn, VA 20147","
thelearningexperience.com","
(571) 517-9592",,,39.0633818,-77.5342162,educational programs for kids,20330
Loudoun Montessori School,"
20854 Stubble Rd, Ashburn, VA 20147","
vaearlylearningacademies.com","
(703) 723-5930",,,39.0633818,-77.5342162,educational programs for kids,20330
TIC Summer Camp - Year Round Office,"
3715 Camelot Dr, Annandale, VA 22003","
ticcamp.com","
(703) 876-2868",,,38.843601,-77.5150431,educational camps,20350
ACCA CHILD DEVELOPMENT CENTER,"
7200 Columbia Pike, Annandale, VA 22003","
accacdc.org","
(703) 256-0100",,,38.8321744,-77.2291106,kids learning center,20406
David's Star Day Care Center,"
7200 Columbia Pike, Annandale, VA 22003","
accacdc.org","
(703) 256-0100",,,38.8321744,-77.2291106,kids learning center,20406
Little Flower Montessori School,"
7200 Columbia Pike, Annandale, VA 22003","
accacdc.org","
(703) 256-0100",,,38.8321744,-77.2291106,kids learning center,20406
Fusion Academy Washington D.C.,"
7200 Columbia Pike, Annandale, VA 22003","
accacdc.org","
(703) 256-0100",,,38.8321744,-77.2291106,kids learning center,20406
Friendship Children's Center,"
7200 Columbia Pike, Annandale, VA 22003","
accacdc.org","
(703) 256-0100",,,38.9271903,-77.0720798,kids learning center,20406
Amazing Life Games Preschool,"
7200 Columbia Pike, Annandale, VA 22003","
accacdc.org","
(703) 256-0100",,,38.9271903,-77.0720798,kids learning center,20406
Israel Baptist Church Child Development Center,"
7200 Columbia Pike, Annandale, VA 22003","
accacdc.org","
(703) 256-0100",,,38.9271903,-77.0720798,kids learning center,20406
Tiny Dancers,"
2985 District Ave, Fairfax, VA 22031","
tinydancers.com","
(703) 280-5000",,,38.8695665,-77.5192289,summer camps for kids,20598
Evolution Basketball - Merrifield,"
2985 District Ave, Fairfax, VA 22031","
tinydancers.com","
(703) 280-5000",,,38.8695665,-77.5192289,summer camps for kids,20598
Providence Rec Center,"
2985 District Ave, Fairfax, VA 22031","
tinydancers.com","
(703) 280-5000",,,38.8695665,-77.5192289,summer camps for kids,20598
NYSA | New York School of Arts,"
320 Maple Ave E, Vienna, VA 22180","
nyschoolarts.com","
(703) 255-2200",,,38.8695665,-77.5192289,summer camps for kids,20598
Next Level Basketball Training,"
320 Maple Ave E, Vienna, VA 22180","
nyschoolarts.com","
(703) 255-2200",,,38.8695665,-77.5192289,summer camps for kids,20598
Capstone Soccer,"
320 Maple Ave E, Vienna, VA 22180","
nyschoolarts.com","
(703) 255-2200",,,38.8695665,-77.5192289,summer camps for kids,20598
Vienna Community Center,"
320 Maple Ave E, Vienna, VA 22180","
nyschoolarts.com","
(703) 255-2200",,,38.8695665,-77.5192289,summer camps for kids,20598
Spring Hill Rec Center,"
120 Cherry St SE, Vienna, VA 22180","
viennava.gov","
(703) 255-6360",,,38.8695665,-77.5192289,summer camps for kids,20598
Little Creators,"
120 Cherry St SE, Vienna, VA 22180","
viennava.gov","
(703) 255-6360",,,38.8695665,-77.5192289,summer camps for kids,20598
InCourage Martial Arts,"
120 Cherry St SE, Vienna, VA 22180","
viennava.gov","
(703) 255-6360",,,38.8695665,-77.5192289,summer camps for kids,20598
YMCA Fairfax County Reston,"
120 Cherry St SE, Vienna, VA 22180","
viennava.gov","
(703) 255-6360",,,38.8695665,-77.5192289,summer camps for kids,20598
McLean Community Center,"
3013 Nutley St, Fairfax, VA 22031","
incouragemartialarts.com","
(571) 778-0521",,,38.8695665,-77.5192289,summer camps for kids,20598
Holmes Run Acres Recreation Association,"
3451 Gallows Rd, Falls Church, VA 22042","
holmesrunpool.org","
(703) 560-2750",,,38.8695665,-77.5192289,summer camps for kids,20598
US Arts Center Vienna,"
3451 Gallows Rd, Falls Church, VA 22042","
holmesrunpool.org","
(703) 560-2750",,,38.8695665,-77.5192289,summer camps for kids,20598
Mosaic Gymnastics,"
3451 Gallows Rd, Falls Church, VA 22042","
holmesrunpool.org","
(703) 560-2750",,,38.8695665,-77.5192289,summer camps for kids,20598
"Peak Performance Training, LLC","
3451 Gallows Rd, Falls Church, VA 22042","
holmesrunpool.org","
(703) 560-2750",,,38.8695665,-77.5192289,summer camps for kids,20598
LadyBug Academy,"
3018 Javier Rd, Fairfax, VA 22031","
ladybug-academy.com","
(703) 814-5514",,,38.8695665,-77.5192289,summer camps for kids,20598
Katydid Inc Day Camps,"
3018 Javier Rd, Fairfax, VA 22031","
ladybug-academy.com","
(703) 814-5514",,,38.8695665,-77.5192289,summer camps for kids,20598
Therapeutic Recreation Services,"
3018 Javier Rd, Fairfax, VA 22031","
ladybug-academy.com","
(703) 814-5514",,,38.8695665,-77.5192289,summer camps for kids,20598
Merritt Academy,"
3018 Javier Rd, Fairfax, VA 22031","
ladybug-academy.com","
(703) 814-5514",,,38.8695665,-77.5192289,summer camps for kids,20598
Vienna Woods Swim & Tennis Club,"
3018 Javier Rd, Fairfax, VA 22031","
ladybug-academy.com","
(703) 814-5514",,,38.8695665,-77.5192289,summer camps for kids,20598
Oakton KinderCare,"
2869 Hunter Mill Rd, Oakton, VA 22124","
kindercare.com","
(703) 281-1332",,,38.884437,-77.3728288,stem camps,20598
Capital Kids Camp,"
3504 Gallows Rd, Annandale, VA 22003","
ckcampcapitalbaptist.org","
(703) 817-6193",,,38.8486215,-77.282883,educational camps,20598
Metaphor International School,"
3504 Gallows Rd, Annandale, VA 22003","
ckcampcapitalbaptist.org","
(703) 817-6193",,,38.8486215,-77.282883,educational camps,20598
Fairfax Collegiate Chantilly Campus,"
3504 Gallows Rd, Annandale, VA 22003","
ckcampcapitalbaptist.org","
(703) 817-6193",,,38.8486215,-77.282883,educational camps,20598
Leis Center,"
7423 Camp Alger Ave, Falls Church, VA 22042","
fcps.edu","
(703) 208-7900",,,38.8486215,-77.282883,educational camps,20598
Holly Brook Montessori School,"
7423 Camp Alger Ave, Falls Church, VA 22042","
fcps.edu","
(703) 208-7900",,,38.8486215,-77.282883,educational camps,20598
JollyPlace Montessori School,"
7423 Camp Alger Ave, Falls Church, VA 22042","
fcps.edu","
(703) 208-7900",,,38.8486215,-77.282883,educational camps,20598
Montessori School Of Cedar Lane,"
7423 Camp Alger Ave, Falls Church, VA 22042","
fcps.edu","
(703) 208-7900",,,38.8486215,-77.282883,educational camps,20598
Manns Horne Youth Foundation,"
3035 Cedar Ln, Fairfax, VA 22031","
preschoolmontessori.com","
(703) 560-4379",,,38.8486215,-77.282883,educational camps,20598
Kilmer Center,"
3035 Cedar Ln, Fairfax, VA 22031","
preschoolmontessori.com","
(703) 560-4379",,,38.8669933,-77.3179268,educational camps,20598
Palm Tree School,"
3035 Cedar Ln, Fairfax, VA 22031","
preschoolmontessori.com","
(703) 560-4379",,,38.8669933,-77.3179268,educational camps,20598
Way of Faith Preschool,"
8900 Lee Hwy, Fairfax, VA 22031","
palmtreeschool.com","
(703) 665-9915",,,38.8669933,-77.3179268,educational camps,20598
PENTA OLYMPIC FENCING CLUB,"
8900 Lee Hwy, Fairfax, VA 22031","
palmtreeschool.com","
(703) 665-9915",,,38.8669933,-77.3179268,educational camps,20598
Kaizen MMA Vienna,"
8900 Lee Hwy, Fairfax, VA 22031","
palmtreeschool.com","
(703) 665-9915",,,38.8669933,-77.3179268,educational camps,20598
DC DanceSport Academy,"
8900 Lee Hwy, Fairfax, VA 22031","
palmtreeschool.com","
(703) 665-9915",,,38.8669933,-77.3179268,educational camps,20598
Cheer Extreme Fairfax,"
8305 Merrifield Ave, Fairfax, VA 22031","
fencing123.com","
(703) 207-1059",,,38.8669933,-77.3179268,educational camps,20598
Martial Arts Black Belt Academy - Vienna,"
8305 Merrifield Ave, Fairfax, VA 22031","
fencing123.com","
(703) 207-1059",,,38.8669933,-77.3179268,educational camps,20598
World Champion Tae Kwon Do Academy,"
8305 Merrifield Ave, Fairfax, VA 22031","
fencing123.com","
(703) 207-1059",,,38.8669933,-77.3179268,educational camps,20598
The Arc of Northern Virginia,"
8305 Merrifield Ave, Fairfax, VA 22031","
fencing123.com","
(703) 207-1059",,,38.8669933,-77.3179268,educational camps,20598
ArtsFairfax,"
8305 Merrifield Ave, Fairfax, VA 22031","
fencing123.com","
(703) 207-1059",,,38.8669933,-77.3179268,educational camps,20598
Infant & Toddler Connection,"
2929 Gallows Rd Suite 200, Falls Church, VA 22042","
champkick.com","
(703) 204-0789",,,38.8669933,-77.3179268,educational camps,20598
Northern Virginia Community College - Annandale Campus,"
2929 Gallows Rd Suite 200, Falls Church, VA 22042","
champkick.com","
(703) 204-0789",,,38.8669933,-77.3179268,educational camps,20598
Oakwood School,"
2929 Gallows Rd Suite 200, Falls Church, VA 22042","
champkick.com","
(703) 204-0789",,,38.8669933,-77.3179268,educational camps,20598
Gatehouse Administration Center,"
2929 Gallows Rd Suite 200, Falls Church, VA 22042","
champkick.com","
(703) 204-0789",,,38.8123087,-77.2653198,educational camps,20598
A Child's Place,"
3100 Prosperity Ave, Fairfax, VA 22031",,"
(703) 698-8050",,,38.8119542,-77.3889308,coding camps for kids,20598
Cedar Lane School,"
3100 Prosperity Ave, Fairfax, VA 22031",,"
(703) 698-8050",,,38.8646366,-77.5295321,coding camps for kids,20598
Crescendo Studios,"
3100 Prosperity Ave, Fairfax, VA 22031",,"
(703) 698-8050",,,38.8646366,-77.5295321,coding camps for kids,20598
My Gym Vienna,"
3100 Prosperity Ave, Fairfax, VA 22031",,"
(703) 698-8050",,,38.8646366,-77.5295321,coding camps for kids,20598
AoPS Academy Vienna,"
3100 Prosperity Ave, Fairfax, VA 22031",,"
(703) 698-8050",,,38.8646366,-77.5295321,coding camps for kids,20598
The Appletree School,"
133 Park St, Vienna, VA 22180","
mygym.com","
(571) 327-5671",,,38.8646366,-77.5295321,coding camps for kids,20598
Born 2 Dance Studio - Vienna,"
262 Cedar Ln SE, Vienna, VA 22180","
born2dancestudio.com","
(703) 852-3522",,,38.8646366,-77.5295321,coding camps for kids,20598
Crown Dance Studio,"
262 Cedar Ln SE, Vienna, VA 22180","
born2dancestudio.com","
(703) 852-3522",,,38.8646366,-77.5295321,coding camps for kids,20598
Fairfax-Falls Church Community Services Board,"
262 Cedar Ln SE, Vienna, VA 22180","
born2dancestudio.com","
(703) 852-3522",,,38.8646366,-77.5295321,coding camps for kids,20598
Jim Scott (Providence) Community Center,"
8221 Willow Oaks Corporate Dr, Fairfax, VA 22031","
fairfaxcounty.gov","
(703) 559-3000",,,38.8646366,-77.5295321,coding camps for kids,20598
Tysons Corner Children's Center,"
8221 Willow Oaks Corporate Dr, Fairfax, VA 22031","
fairfaxcounty.gov","
(703) 559-3000",,,38.8646366,-77.5295321,coding camps for kids,20598
Mosaic Spine and Knee Chiropractic,"
8221 Willow Oaks Corporate Dr, Fairfax, VA 22031","
fairfaxcounty.gov","
(703) 559-3000",,,38.8646366,-77.5295321,coding camps for kids,20598
Caboose Commons,"
8221 Willow Oaks Corporate Dr, Fairfax, VA 22031","
fairfaxcounty.gov","
(703) 559-3000",,,38.8646366,-77.5295321,coding camps for kids,20598
Quality Driving School,"
8221 Willow Oaks Corporate Dr, Fairfax, VA 22031","
fairfaxcounty.gov","
(703) 559-3000",,,38.8646366,-77.5295321,coding camps for kids,20598
LapFix PC and Mac Repair,"
2912 Kings Chapel Rd Unit 6, Falls Church, VA 22042","
qualitydrivingschoolva.com","
(571) 835-4693",,,38.8646366,-77.5295321,coding camps for kids,20598
Stenwood Elementary School,"
2912 Kings Chapel Rd Unit 6, Falls Church, VA 22042","
qualitydrivingschoolva.com","
(571) 835-4693",,,38.8646366,-77.5295321,coding camps for kids,20598
Vienna Adventist Academy,"
2912 Kings Chapel Rd Unit 6, Falls Church, VA 22042","
qualitydrivingschoolva.com","
(571) 835-4693",,,38.8646366,-77.5295321,coding camps for kids,20598
STEMTREE,"
2912 Kings Chapel Rd Unit 6, Falls Church, VA 22042","
qualitydrivingschoolva.com","
(571) 835-4693",,,38.8646366,-77.5295321,coding camps for kids,20598
Patrick Henry Library Temporary Branch,"
2912 Kings Chapel Rd Unit 6, Falls Church, VA 22042","
qualitydrivingschoolva.com","
(571) 835-4693",,,38.8646366,-77.5295321,coding camps for kids,20598
Virginia Pediatric Group,"
220 Maple Ave W, Vienna, VA 22180","
stemtreefranchise.com","
(844) 210-7039",,,38.8646366,-77.5295321,coding camps for kids,20598
Nova Labs,"
3850 Jermantown Rd, Fairfax, VA 22030","
nova-labs.org","
(703) 437-5780",,,38.864405,-77.5295329,robotics camps,20598
ABC Child Daycare,"
Prescott Dr, Vienna, VA 22180","
facebook.com","
(703) 340-6642",,,38.8641734,-77.5295338,kids learning center,20598
Small World School,"
Prescott Dr, Vienna, VA 22180","
facebook.com","
(703) 340-6642",,,38.8641734,-77.5295338,kids learning center,20598
Small World International School,"
8202 Bucknell Dr, Vienna, VA 22180","
swischool.com","
(703) 876-6292",,,38.8641734,-77.5295338,kids learning center,20598
Bright Horizons at Inova Fairfax,"
8202 Bucknell Dr, Vienna, VA 22180","
swischool.com","
(703) 876-6292",,,38.8641734,-77.5295338,kids learning center,20598
VINCI School Merrifield,"
8202 Bucknell Dr, Vienna, VA 22180","
swischool.com","
(703) 876-6292",,,38.8641734,-77.5295338,kids learning center,20598
Falls Church Merrifield Preschool,"
3310 Gallows Rd, Falls Church, VA 22042","
brighthorizons.com","
(703) 584-0406",,,38.8641734,-77.5295338,kids learning center,20598
Infants & Toddler's World,"
3310 Gallows Rd, Falls Church, VA 22042","
brighthorizons.com","
(703) 584-0406",,,38.8641734,-77.5295338,kids learning center,20598
The Learning Experience - Fairfax,"
8315 Cottage St, Vienna, VA 22180","
nextdoor.com","
(571) 235-2652",,,38.8641734,-77.5295338,kids learning center,20598
Kumon Math and Reading Center of Merrifield,"
8315 Cottage St, Vienna, VA 22180","
nextdoor.com","
(571) 235-2652",,,38.8641734,-77.5295338,kids learning center,20598
Sweet Melody Daycare of Tysons Corner,"
8326 Professional Hill Dr 1st & 2nd Fl, Fairfax, VA 22031","
kumon.com","
(571) 396-0222",,,38.8641734,-77.5295338,kids learning center,20598
Vienna KinderCare,"
8326 Professional Hill Dr 1st & 2nd Fl, Fairfax, VA 22031","
kumon.com","
(571) 396-0222",,,38.8641734,-77.5295338,kids learning center,20598
Razia's ABC Daycare,"
8326 Professional Hill Dr 1st & 2nd Fl, Fairfax, VA 22031","
kumon.com","
(571) 396-0222",,,38.8641734,-77.5295338,kids learning center,20598
Bright Horizons at Boone Boulevard,"
437 Knoll St NW, Vienna, VA 22180","
kindercare.com","
(703) 938-7040",,,38.8641734,-77.5295338,kids learning center,20598
Baby Toddler & Preschool Land,"
437 Knoll St NW, Vienna, VA 22180","
kindercare.com","
(703) 938-7040",,,38.8641734,-77.5295338,kids learning center,20598
The Reading and Language Learning Center,"
10400 Fairfax Village Dr, Fairfax, VA 22031","
babytoddlerpreschool.com","
(703) 279-7188",,,38.8641734,-77.5295338,kids learning center,20598
Rise and Shine Preschool Center,"
10400 Fairfax Village Dr, Fairfax, VA 22031","
babytoddlerpreschool.com","
(703) 279-7188",,,38.8641734,-77.5295338,kids learning center,20598
Rising Stars Daycare,"
10400 Fairfax Village Dr, Fairfax, VA 22031","
babytoddlerpreschool.com","
(703) 279-7188",,,38.8641734,-77.5295338,kids learning center,20598
Vienna Baptist Children's Center,"
10400 Fairfax Village Dr, Fairfax, VA 22031","
babytoddlerpreschool.com","
(703) 279-7188",,,38.8641734,-77.5295338,kids learning center,20598
Rising Stars Childcare & Learning Center,"
541 Marshall Rd SW, Vienna, VA 22180","
viennabaptistchildrenscenter.org","
(703) 281-2021",,,38.8641734,-77.5295338,kids learning center,20598
Bright Horizons Early Education Center at Tysons Corner,"
541 Marshall Rd SW, Vienna, VA 22180","
viennabaptistchildrenscenter.org","
(703) 281-2021",,,38.8641734,-77.5295338,kids learning center,20598
Blue Bird of Vienna,"
541 Marshall Rd SW, Vienna, VA 22180","
viennabaptistchildrenscenter.org","
(703) 281-2021",,,38.8641734,-77.5295338,kids learning center,20598
Tysons Corner Children's Center,"
541 Marshall Rd SW, Vienna, VA 22180","
viennabaptistchildrenscenter.org","
(703) 281-2021",,,38.8641734,-77.5295338,kids learning center,20598
Winwood Children's Center,"
541 Marshall Rd SW, Vienna, VA 22180","
viennabaptistchildrenscenter.org","
(703) 281-2021",,,38.8641734,-77.5295338,kids learning center,20598
Busy Bees Academy Daycare,"
8260 Greensboro Dr Suite 135, McLean, VA 22102","
tysonscornerchildrenscenter.com","
(703) 917-9290",,,38.8641734,-77.5295338,kids learning center,20598
Main Street Child Development Center,"
8260 Greensboro Dr Suite 135, McLean, VA 22102","
tysonscornerchildrenscenter.com","
(703) 917-9290",,,38.8641734,-77.5295338,kids learning center,20598
Childtime of Fairfax,"
4401 Sideburn Rd, Fairfax, VA 22030","
mainstreetcdc.org","
(703) 273-1192",,,38.8641734,-77.5295338,kids learning center,20598
Infant Toddler Family Day Care,"
4401 Sideburn Rd, Fairfax, VA 22030","
mainstreetcdc.org","
(703) 273-1192",,,38.8641734,-77.5295338,kids learning center,20598
LearningRx,"
4401 Sideburn Rd, Fairfax, VA 22030","
mainstreetcdc.org","
(703) 273-1192",,,38.8641734,-77.5295338,kids learning center,20598
Nori School Kids of Fairfax,"
2911 Swanee Ln, Fairfax, VA 22031","
norischoolkids.com","
(703) 881-8349",,,38.8752375,-77.335972,educational programs for kids,20598
Appletree Montessori,"
2911 Swanee Ln, Fairfax, VA 22031","
norischoolkids.com","
(703) 881-8349",,,38.8752375,-77.335972,educational programs for kids,20598
Starbright Training Institute,"
8809 Arlington Blvd, Fairfax, VA 22031","
appletreemontessoriva.com","
(703) 208-0702",,,38.8752375,-77.335972,educational programs for kids,20598
Headstart,"
8809 Arlington Blvd, Fairfax, VA 22031","
appletreemontessoriva.com","
(703) 208-0702",,,38.8752375,-77.335972,educational programs for kids,20598
PHILLIPS School of Annandale,"
12011 Government Center Pkwy, Fairfax, VA 22035","
fairfaxcounty.gov","
(703) 324-8290",,,38.8552503,-77.4346932,educational programs for kids,20598
Luther Jackson Middle School,"
12011 Government Center Pkwy, Fairfax, VA 22035","
fairfaxcounty.gov","
(703) 324-8290",,,38.8552503,-77.4346932,educational programs for kids,20598
Villarreal Virginia,"
12011 Government Center Pkwy, Fairfax, VA 22035","
fairfaxcounty.gov","
(703) 324-8290",,,38.8552503,-77.4346932,educational programs for kids,20598
[solidcore],"
2678 Avenir Pl #4519, Fairfax, VA 22031",,"
(703) 932-3881",,,38.8552503,-77.4346932,educational programs for kids,20598
Food For Others,"
2678 Avenir Pl #4519, Fairfax, VA 22031",,"
(703) 932-3881",,,38.881311,-77.3026478,educational programs for kids,20598
Northern Virginia Ki-Aikido,"
2678 Avenir Pl #4519, Fairfax, VA 22031",,"
(703) 932-3881",,,38.881311,-77.3026478,educational programs for kids,20598
Fairhill Elementary School,"
2678 Avenir Pl #4519, Fairfax, VA 22031",,"
(703) 932-3881",,,38.881311,-77.3026478,educational programs for kids,20598
Enriched Birth,"
3001 Chichester Ln, Fairfax, VA 22031","
fairhilles.fcps.edu","
(703) 208-8100",,,38.881311,-77.3026478,educational programs for kids,20598
Mosaic District,"
3001 Chichester Ln, Fairfax, VA 22031","
fairhilles.fcps.edu","
(703) 208-8100",,,38.881311,-77.3026478,educational programs for kids,20598
The Curious Kids Montessori,"
11240 Waples Mill Rd # 101, Fairfax, VA 22030","
buildingkidzschool.com","
(571) 407-7724",,,38.8610374,-77.4073139,after school programs for kids,20598
Eye Level of Vienna,"
11240 Waples Mill Rd # 101, Fairfax, VA 22030","
buildingkidzschool.com","
(571) 407-7724",,,38.8610374,-77.4073139,after school programs for kids,20598
The Goddard School of Tysons,"
11240 Waples Mill Rd # 101, Fairfax, VA 22030","
buildingkidzschool.com","
(571) 407-7724",,,38.8610374,-77.4073139,after school programs for kids,20598
Allegra Marketing Print Mail,"
11240 Waples Mill Rd # 101, Fairfax, VA 22030","
buildingkidzschool.com","
(571) 407-7724",,,38.8610374,-77.4073139,after school programs for kids,20598
