name,address,website,phone_number,reviews_count,reviews_average,latitude,longitude,keyword,searched_zipcode,website_clean,domain
SYA Sports Park,,https://www.syasportspark.org/ ,,,,,,,,https://syasportspark.org,syasportspark.org
Chantilly Youth Association,,http://www.chantillyyouth.org/,,,,,,,,https://chantillyyouth.org,chantillyyouth.org
SYA Little League (Cub Run Fields),,https://www.syasports.org/little-league,,,,,,,,https://syasports.org,syasports.org
The Fieldhouse,,https://cyafieldhouse.org/,,,,,,,,https://cyafieldhouse.org,cyafieldhouse.org
KIDSUNITED South Riding,,https://www.kidsunited.com/southriding/,,,,,,,,https://kidsunited.com,kidsunited.com
The nZone,,https://thenzone.com/,,,,,,,,https://thenzone.com,thenzone.com
K Sports Complex,,http://www.ksportsva.com/,,,,,,,,https://ksportsva.com,ksportsva.com
Evolution Basketball - Chantilly,,https://evobball.com/?utm_source=google&utm_medium=organic&utm_campaign=gmb_chantilly,,,,,,,,https://evobball.com,evobball.com
XLR8 Sports Performance,,http://www.xlr8nova.com/,,,,,,,,https://xlr8nova.com,xlr8nova.com
"FXA Sports - Men's, Women's & Co-ed Adult Sports Leagues",,https://fxasports.com/,,,,,,,,https://fxasports.com,fxasports.com
Fit Kids Fitness Kids LLC,,http://fitkids123.com/,,,,,,,,https://fitkids123.com,fitkids123.com
Optimum Sports and Fitness,,https://www.optimumsnf.com/,,,,,,,,https://optimumsnf.com,optimumsnf.com
Morsink Soccer Academy,,https://www.morsinksoccer.com/,,,,,,,,https://morsinksoccer.com,morsinksoccer.com
Life Time,,https://www.lifetime.life/locations/va/centreville?utm_source=google&utm_medium=local&utm_campaign=google-local-club,,,,,,,,https://lifetime.life,lifetime.life
CYA Football,,https://chantillyfootball.org/,,,,,,,,https://chantillyfootball.org,chantillyfootball.org
C5T Elite Sports Training,,http://c5telite.com/,,,,,,,,https://c5telite.com,c5telite.com
Cub Run Rec Center,,https://www.fairfaxcounty.gov/parks/reccenter/cub-run,,,,,,,,https://fairfaxcounty.gov,fairfaxcounty.gov
FC Dulles Soccer Club,,https://fcdulles.demosphere-secure.com/,,,,,,,,https://fcdulles.demosphere-secure.com,fcdulles.demosphere-secure.com
No Panic Volleyball,,http://www.nopanicvolleyball.com/,,,,,,,,https://nopanicvolleyball.com,nopanicvolleyball.com
Phoenix Elite Cheer,,http://www.phoenixelite.us/,,,,,,,,https://phoenixelite.us,phoenixelite.us
Vitality Fitness,,https://vitalityfitnessva.com/,,,,,,,,https://vitalityfitnessva.com,vitalityfitnessva.com
Cub Run Archers,,http://www.cubrunarchers.org/,,,,,,,,https://cubrunarchers.org,cubrunarchers.org
HMC Equestrian LLC,,http://www.hmcequestrianllc.com/,,,,,,,,https://hmcequestrianllc.com,hmcequestrianllc.com
James Mcdonnell Recreation Center,,http://www.virginiarun.com/,,,,,,,,https://virginiarun.com,virginiarun.com
Kwon's Champion School Centreville (Combination Martial Arts/After School/Evening),,http://www.kwonschampionschool.com/,,,,,,,,https://kwonschampionschool.com,kwonschampionschool.com
Aqua-Tots Swim School Centreville,,https://www.aqua-tots.com/centreville/?utm_source=Google&utm_medium=Organic&utm_campaign=LocalSEO,,,,,,,,https://aqua-tots.com,aqua-tots.com
Battlefield Sportsplex,,https://www.novasportsplex.com/,,,,,,,,https://novasportsplex.com,novasportsplex.com
Mt. Kim Martial Arts / B4 & After School,,http://mtkimcentrevillemartialarts.com/,,,,,,,,https://mtkimcentrevillemartialarts.com,mtkimcentrevillemartialarts.com
HP Elite & Beyond,,https://www.hpeliteandbeyond.com/,,,,,,,,https://hpeliteandbeyond.com,hpeliteandbeyond.com
Taekwondo In Action - Centreville,,http://www.tkdinaction.com/,,,,,,,,https://tkdinaction.com,tkdinaction.com
Chantilly Academy Gymnastics,,http://chantillyacademy.com/,,,,,,,,https://chantillyacademy.com,chantillyacademy.com
iBattle Gaming & ESports Center,,https://ibattlegaming.com/,,,,,,,,https://ibattlegaming.com,ibattlegaming.com
Shoot 360 VA,,http://www.innovativesports360.com/,,,,,,,,https://innovativesports360.com,innovativesports360.com
"American Martial Arts Center, AMAC",,http://www.centrevillekicks.com/,,,,,,,,https://centrevillekicks.com,centrevillekicks.com
"The Little Gym of Fairfax, VA",,https://www.thelittlegym.com/virginia-fairfax/,,,,,,,,https://thelittlegym.com,thelittlegym.com
Snyder Baseball Academy,,http://www.snyderbaseball.com/,,,,,,,,https://snyderbaseball.com,snyderbaseball.com
"Chantilly MMA Academy - Judo, BJJ and Muay Thai",,https://www.chantillymma.com/,,,,,,,,https://chantillymma.com,chantillymma.com
Ace Kendo Academy - 에이스 검도,,http://www.acekendo.com/?utm_source=gmb&utm_medium=organic,,,,,,,,https://acekendo.com,acekendo.com
Propel Swim Academy,,http://www.propelswimacademy.com/,,,,,,,,https://propelswimacademy.com,propelswimacademy.com
Virginia Apex Fencing Club(VAFC),,https://www.apexfencingva.com/,,,,,,,,https://apexfencingva.com,apexfencingva.com
Kim Min Kyung Taekwondo Academy - KTA,,https://www.supermastermin.com/,,,,,,,,https://supermastermin.com,supermastermin.com
Compton Children's Academy,,http://comptonchildrensacademy.com/,,,,,,,,https://comptonchildrensacademy.com,comptonchildrensacademy.com
Gracie Barra Chantilly,,http://www.graciebarrachantilly.com/,,,,,,,,https://graciebarrachantilly.com,graciebarrachantilly.com
Northern Virginia Wushu Academy,,http://www.novawushuacademy.com/,,,,,,,,https://novawushuacademy.com,novawushuacademy.com
Dulles Gymnastics,,http://www.dullesgymnastics.com/,,,,,,,,https://dullesgymnastics.com,dullesgymnastics.com
TrueAP,,https://trueap.com/,,,,,,,,https://trueap.com,trueap.com
KickHouse,,https://www.kickhousestudio.com/kickhouse-chantilly,,,,,,,,https://kickhousestudio.com,kickhousestudio.com
Raspberry Golf Academy,,http://www.raspberrygolfacademy.com/,,,,,,,,https://raspberrygolfacademy.com,raspberrygolfacademy.com
Fairfax Jiu Jitsu Academy,,http://www.fairfaxjj.com/,,,,,,,,https://fairfaxjj.com,fairfaxjj.com
Gym America - Gymnastics & Dance Center,,http://gymamericaus.com/,,,,,,,,https://gymamericaus.com,gymamericaus.com
Highkicks Taekwondo of Chantilly,,http://www.highkicks.org/,,,,,,,,https://highkicks.org,highkicks.org
Kyung hee logos martial arts,,http://www.taekwondova.com/,,,,,,,,https://taekwondova.com,taekwondova.com
Big Blue Swim School,,https://bigblueswimschool.com/locations/virginia/chantilly,,,,,,,,https://bigblueswimschool.com,bigblueswimschool.com
GMS Gymnastics,,https://gmsgymnastics.com/,,,,,,,,https://gmsgymnastics.com,gmsgymnastics.com
YJ Tae Kwon Do Academy,,http://www.yjtaekwondo.com/,,,,,,,,https://yjtaekwondo.com,yjtaekwondo.com
Elite Formation Studio of Dance,,https://www.eliteformationdance.com/,,,,,,,,https://eliteformationdance.com,eliteformationdance.com
Centreville Dance Academy,,http://www.centrevilledance.com/,,,,,,,,https://centrevilledance.com,centrevilledance.com
C4 Explosive Sports Training,,http://www.c4strong.com/,,,,,,,,https://c4strong.com,c4strong.com
Elevate Sports Training,,http://est-va.com/,,,,,,,,https://est-va.com,est-va.com
Youth Sports Virginia Training Center,,http://www.youthsportsva.com/,,,,,,,,https://youthsportsva.com,youthsportsva.com
Elevate Kids Basketball Training and Gym,,http://www.elevatesportstraining.com/,,,,,,,,https://elevatesportstraining.com,elevatesportstraining.com
Inova Sports Performance powered by Healthy Baller,,https://www.inova.org/our-services/orthopedics/inova-sports-medicine/sports-personal-training?utm_source=pg-google&utm_medium=organic&utm_campaign=pg-listings,,,,,,,,https://inova.org,inova.org
"Peak Performance Training, LLC",,https://www.peakperformancetraining-sean.com/,,,,,,,,https://peakperformancetraining-sean.com,peakperformancetraining-sean.com
Loudoun Sports Training,,https://loudounsportstraining.com/,,,,,,,,https://loudounsportstraining.com,loudounsportstraining.com
Ready-Set-Sports,,http://ready-set-sports.com/,,,,,,,,https://ready-set-sports.com,ready-set-sports.com
HammerZone Sports,,https://hammerzonesports.com/,,,,,,,,https://hammerzonesports.com,hammerzonesports.com
Dulles South Recreation and Community Center,,https://www.loudoun.gov/DullesSouthRecCenter,,,,,,,,https://loudoun.gov,loudoun.gov
The Michael & Son Sportsplex at Dulles,,https://dullessportsplex.com/,,,,,,,,https://dullessportsplex.com,dullessportsplex.com
Perfect Performance NOVA,,http://www.perfect-performancenova.com/,,,,,,,,https://perfect-performancenova.com,perfect-performancenova.com
HYR Grappling,,https://hyrgrappling.com/,,,,,,,,https://hyrgrappling.com,hyrgrappling.com
Blee Elite Sports Therapy,,https://www.bleeelitesportstherapy.com/,,,,,,,,https://bleeelitesportstherapy.com,bleeelitesportstherapy.com
Family Legacy Fitness,,https://familylegacyfitness.com/martialarts,,,,,,,,https://familylegacyfitness.com,familylegacyfitness.com
Black Dragon Martial Arts Chantilly - After School / Summer Camp,,https://teamblackdragon.com/,,,,,,,,https://teamblackdragon.com,teamblackdragon.com
Thedeal fitness,,http://www.thedealfitness.com/,,,,,,,,https://thedealfitness.com,thedealfitness.com
Tumbles Fairfax,,https://fairfax.tumbles.net/,,,,,,,,https://fairfax.tumbles.net,fairfax.tumbles.net
Herndon Community Center,,https://www.herndon-va.gov/departments/recreation/herndon-community-center,,,,,,,,https://herndon-va.gov,herndon-va.gov
TopKick Martial Arts - South Riding,,http://www.topkickonline.com/,,,,,,,,https://topkickonline.com,topkickonline.com
Mulford Riding School,,https://www.mulfordridingschool.com/,,,,,,,,https://mulfordridingschool.com,mulfordridingschool.com
KiPS Family Gymnastics,,http://kipsfamily.com/,,,,,,,,https://kipsfamily.com,kipsfamily.com
Bull Run Stables,,https://app.acuityscheduling.com/schedule.php?owner=20367498,,,,,,,,https://app.acuityscheduling.com,app.acuityscheduling.com
MJ ELITE MARTIAL ARTS,,https://www.mjelitema.com/,,,,,,,,https://mjelitema.com,mjelitema.com
Dynamic Kick Martial Arts of Fair Lakes,,https://dkickusa.com/fair-lakes/,,,,,,,,https://dkickusa.com,dkickusa.com
Victory Martial Arts,,http://www.victoryma.com/,,,,,,,,https://victoryma.com,victoryma.com
Encore Performers,,http://www.encoreperformers.com/,,,,,,,,https://encoreperformers.com,encoreperformers.com
Sofive Soccer Centers Richmond (XL Sports World),,https://www.sofive.com/locations/richmond,,,,,,,,https://sofive.com,sofive.com
Camp Under the Stars,,http://www.underthestarsinc.org/,,,,,,,,https://underthestarsinc.org,underthestarsinc.org
Camp Varsity,,http://campvarsity.net/,,,,,,,,https://campvarsity.net,campvarsity.net
Manassas Park Community Center,,http://www.manassasparkcommunitycenter.com/,,,,,,,,https://manassasparkcommunitycenter.com,manassasparkcommunitycenter.com
Vienna Community Center,,https://www.viennava.gov/residents/vienna-community-center,,,,,,,,https://viennava.gov,viennava.gov
LMVSC,,http://www.lmvsc.org/,,,,,,,,https://lmvsc.org,lmvsc.org
Congressional Camp,,https://www.congocamp.org/,,,,,,,,https://congocamp.org,congocamp.org
"RavenTek Park, Home of VA Revolution",,https://varevolution.com/,,,,,,,,https://varevolution.com,varevolution.com
Summer Cove,,https://www.summercovenova.com/,,,,,,,,https://summercovenova.com,summercovenova.com
Dill Dinkers Pickleball,,https://locations.dilldinkers.com/us/va/chantilly/metrotech-drive,,,,,,,,https://locations.dilldinkers.com,locations.dilldinkers.com
Hoops Plus,,http://www.hoopsplus.net,,,,,,,,https://hoopsplus.net,hoopsplus.net
Camp Horizons,,https://www.camphorizons.com/?utm_source=google&utm_medium=organic&utm_campaign=gmb,,,,,,,,https://camphorizons.com,camphorizons.com
Union Tae Kwon Do and After School,,http://www.uniontaekwondo.com/,,,,,,,,https://uniontaekwondo.com,uniontaekwondo.com
Bull Run Regional Park,,https://www.novaparks.com/parks/bull-run-regional-park,,,,,,,,https://novaparks.com,novaparks.com
NVA Sports,,https://www.nvasports.org/Default.aspx?tabid=1007548,,,,,,,,https://nvasports.org,nvasports.org
LetSwim,,https://letswim.com/,,,,,,,,https://letswim.com,letswim.com
The St. James,,https://www.thestjames.com/?utm_campaign=local&utm_medium=organic&utm_source=GMB,,,,,,,,https://thestjames.com,thestjames.com
Everbrook Academy of South Riding/Chantilly,,https://www.everbrookacademy.com/our-schools/4811-chantilly-va/?utm_source=google&utm_medium=local&utm_campaign=localmaps&utm_content=4811,,,,,,,,https://everbrookacademy.com,everbrookacademy.com
Cloverleaf Equine Center,,https://www.cloverleafequinecenter.org/,,,,,,,,https://cloverleafequinecenter.org,cloverleafequinecenter.org
Chesterbrook Academy Preschool,,https://www.chesterbrookacademy.com/preschools/va/fairfax-county/centreville/?utm_medium=directory&utm_source=gmb&utm_campaign=profile&utm_content=website,,,,,,,,https://chesterbrookacademy.com,chesterbrookacademy.com
MVP Baseball,,https://www.mvpbaseballschool.com/,,,,,,,,https://mvpbaseballschool.com,mvpbaseballschool.com
Chantilly National Golf & Country Club,,https://www.invitedclubs.com/clubs/chantilly-national-golf-and-country-club,,,,,,,,https://invitedclubs.com,invitedclubs.com
Blast Youth sports,,http://www.chesterfieldafterschool.com/,,,,,,,,https://chesterfieldafterschool.com,chesterfieldafterschool.com
Oriental Sports Academy,,http://orientalsportsacademy.com/,,,,,,,,https://orientalsportsacademy.com,orientalsportsacademy.com
Learning Paths Academy Sully Station,,https://www.learningpathsacademy.com/school-locations/childcare-in-centreville/sully-station/,,,,,,,,https://learningpathsacademy.com,learningpathsacademy.com
Overtime Athletics Franchise,,https://www.otathletics.com/,,,,,,,,https://otathletics.com,otathletics.com
Master Shin's Power Taekwondo Center,,http://www.powertkd.org/,,,,,,,,https://powertkd.org,powertkd.org
Silverback Academy,,http://www.silverbackacademy.com/,,,,,,,,https://silverbackacademy.com,silverbackacademy.com
Kong's Taekwondo of Stone Ridge,,http://www.kongsktlc.org/,,,,,,,,https://kongsktlc.org,kongsktlc.org
Vint Hill Grassroots Soccer,,https://www.vinthillgrassrootssoccer.com/,,,,,,,,https://vinthillgrassrootssoccer.com,vinthillgrassrootssoccer.com
FuturElitez Soccer & Mindset Training,,https://www.futurelitezsoccertraining.com/join-us,,,,,,,,https://futurelitezsoccertraining.com,futurelitezsoccertraining.com
Capstone Soccer,,http://www.capstonesoccer.com/,,,,,,,,https://capstonesoccer.com,capstonesoccer.com
Northern Virginia Soccer Club,,http://www.novasc.org/,,,,,,,,https://novasc.org,novasc.org
Manassas Soccer Club,,https://www.msclions.com/,,,,,,,,https://msclions.com,msclions.com
SCOR Sports Center of Richmond,,http://www.scor-richmond.com/,,,,,,,,https://scor-richmond.com,scor-richmond.com
Chesapeake United Soccer Club,,https://www.chesapeakesoccerclub.com/Default.aspx?tabid=599950,,,,,,,,https://chesapeakesoccerclub.com,chesapeakesoccerclub.com
Tamir Linhart Golden Boot Soccer,,http://goldenbootsoccer.com/,,,,,,,,https://goldenbootsoccer.com,goldenbootsoccer.com
Fairfax Sportsplex,,http://www.fairfaxsportsplex.com/,,,,,,,,https://fairfaxsportsplex.com,fairfaxsportsplex.com
Kids Pro Soccer,,http://www.kidsprosoccer.com/,,,,,,,,https://kidsprosoccer.com,kidsprosoccer.com
Montclair FC Soccer Club,,http://www.montclairfc.com/,,,,,,,,https://montclairfc.com,montclairfc.com
Soccer-Pass,,http://www.soccer-pass.com/,,,,,,,,https://soccer-pass.com,soccer-pass.com
Herndon Youth Soccer,,https://www.herndonyouthsoccer.org/,,,,,,,,https://herndonyouthsoccer.org,herndonyouthsoccer.org
Vienna Youth Soccer,,http://www.vys.org/,,,,,,,,https://vys.org,vys.org
Alexandria Soccer Association,,http://www.alexandria-soccer.org/,,,,,,,,https://alexandria-soccer.org,alexandria-soccer.org
Gunston Soccer Club,,http://www.gunstonsoccer.com/,,,,,,,,https://gunstonsoccer.com,gunstonsoccer.com
Stafford Soccer - VA's Premier Soccer Club,,http://www.staffordsoccer.com/,,,,,,,,https://staffordsoccer.com,staffordsoccer.com
Soccer Shots Richmond,,https://www.soccershots.com/richmond/,,,,,,,,https://soccershots.com,soccershots.com
Excite Soccer,,http://excitesoccer.com/,,,,,,,,https://excitesoccer.com,excitesoccer.com
Arlington Soccer Association,,http://www.arlingtonsoccer.com/,,,,,,,,https://arlingtonsoccer.com,arlingtonsoccer.com
Springfield South County Youth Club (SYC),,http://www.sycva.com/,,,,,,,,https://sycva.com,sycva.com
Braddock Road Youth Club,,http://www.bryc.org/,,,,,,,,https://bryc.org,bryc.org
Long Park - Virginia Soccer Association,,http://www.vsaonline.org/,,,,,,,,https://vsaonline.org,vsaonline.org
FC Richmond Soccer,,http://www.fcrichmond.com/,,,,,,,,https://fcrichmond.com,fcrichmond.com
F4C Soccer,,http://www.f4csoccer.com/,,,,,,,,https://f4csoccer.com,f4csoccer.com
Champions Premier | Elite Soccer Training,,https://www.championspremier.net/,,,,,,,,https://championspremier.net,championspremier.net
PI Soccer Training,,https://www.pitraining.org/,,,,,,,,https://pitraining.org,pitraining.org
Mylocalsoccer,,http://www.mylocalsoccer.com/,,,,,,,,https://mylocalsoccer.com,mylocalsoccer.com
Star City Soccer Center,,https://www.starcitysoccercenter.com/,,,,,,,,https://starcitysoccercenter.com,starcitysoccercenter.com
Mary Washington Soccer Academy,,http://www.mwsocceracademy.com/,,,,,,,,https://mwsocceracademy.com,mwsocceracademy.com
Marlin Soccer Academy,,http://www.marlin-soccer-academy.com/,,,,,,,,https://marlin-soccer-academy.com,marlin-soccer-academy.com
Virginia Development Academy,,http://vdasoccer.org/,,,,,,,,https://vdasoccer.org,vdasoccer.org
Central Virginia United Soccer Club,,http://www.cvuclub.com/,,,,,,,,https://cvuclub.com,cvuclub.com
Soccer Academy,,http://soccer-academy.com/locations/summer-day,,,,,,,,https://soccer-academy.com,soccer-academy.com
Fredericksburg Field House,,https://fredfieldhouse.com/,,,,,,,,https://fredfieldhouse.com,fredfieldhouse.com
Virginia Velocity FC,,https://virginiavelocity.net/,,,,,,,,https://virginiavelocity.net,virginiavelocity.net
Fredericksburg Soccer Club Inc,,https://www.fredericksburgsoccer.org/,,,,,,,,https://fredericksburgsoccer.org,fredericksburgsoccer.org
Loudoun Soccer Club,,http://loudounsoccer.com/,,,,,,,,https://loudounsoccer.com,loudounsoccer.com
ANNANDALE BOYS & GIRLS CLUB,,http://www.abgc.org/,,,,,,,,https://abgc.org,abgc.org
Valley AFC Soccer Club,,http://www.valleyafc.org/,,,,,,,,https://valleyafc.org,valleyafc.org
Dynamo Soccer Club,,http://www.dynamosc.com/,,,,,,,,https://dynamosc.com,dynamosc.com
GFR Soccer Club,,https://www.gfrsoccerclub.org/,,,,,,,,https://gfrsoccerclub.org,gfrsoccerclub.org
Gunston Bubble,,https://www.arlingtonva.us/Government/Departments/Parks-Recreation/Locations/Community-Centers/Gunston-Community-Center?BestBetMatch=gunston|d2f86bd7-6525-489c-b1eb-fbe9efd2bbfb|6244aa32-b2d4-441b-b20e-1096256a4671|en-US,,,,,,,,https://arlingtonva.us,arlingtonva.us
WISC - Williamsburg Indoor Sports Complex,,http://www.thewisc.com/,,,,,,,,https://thewisc.com,thewisc.com
Norfolk Indoor Soccer,,http://store7633178.ecwid.com/,,,,,,,,https://store7633178.ecwid.com,store7633178.ecwid.com
Hoops the Right Way,,https://hoopstherightway.com/,,,,,,,,https://hoopstherightway.com,hoopstherightway.com
Next Level Basketball Training,,http://www.nxtlevelbball.com/,,,,,,,,https://nxtlevelbball.com,nxtlevelbball.com
Hoops Basketball Academy,,http://www.hoopsbasketballacademy.com/,,,,,,,,https://hoopsbasketballacademy.com,hoopsbasketballacademy.com
Loudoun Basketball Academy,,http://lba-attack.org/,,,,,,,,https://lba-attack.org,lba-attack.org
Ultimate Basketball Training,,https://www.ultimatebasketballtraining.com/,,,,,,,,https://ultimatebasketballtraining.com,ultimatebasketballtraining.com
RockIt Sports,,http://rockitsports.net/,,,,,,,,https://rockitsports.net,rockitsports.net
City of Falls Church Community Center,,https://fallschurchva.gov/CommunityCenter,,,,,,,,https://fallschurchva.gov,fallschurchva.gov
Vienna Youth Inc,,http://vyi.org/,,,,,,,,https://vyi.org,vyi.org
Fairfax Police Youth Club,,http://www.fpycsports.com/,,,,,,,,https://fpycsports.com,fpycsports.com
Boo Williams Sportsplex,,http://www.boowilliamssportsplex.com/,,,,,,,,https://boowilliamssportsplex.com,boowilliamssportsplex.com
Slam City Management,,https://slamcitymanagement.com/about-us/mind-health,,,,,,,,https://slamcitymanagement.com,slamcitymanagement.com
True Youth Sports,,https://trueyouthsports.com/,,,,,,,,https://trueyouthsports.com,trueyouthsports.com
Blockchain Basketball Training,,http://blockchain-basketball.site123.me/,,,,,,,,https://blockchain-basketball.site123.me,blockchain-basketball.site123.me
SP8 Ball Training,,http://www.sp8balltraining.com/,,,,,,,,https://sp8balltraining.com,sp8balltraining.com
Willie Diggs Basketball Academy,,http://www.williediggsba.com/,,,,,,,,https://williediggsba.com,williediggsba.com
Giant Basketball Academy,,https://www.giantbasketball.com/,,,,,,,,https://giantbasketball.com,giantbasketball.com
Complete Game,,http://www.completegameva.com/home,,,,,,,,https://completegameva.com,completegameva.com
HITTERISH | Baseball Training Academy,,http://www.hitterish.com/lessons,,,,,,,,https://hitterish.com,hitterish.com
Pinkman Academy,,https://www.pinkmanacademy.com/,,,,,,,,https://pinkmanacademy.com,pinkmanacademy.com
Advanced Baseball,,http://advancedbaseball.net/,,,,,,,,https://advancedbaseball.net,advancedbaseball.net
Pitchers Edge Performance Studio,,https://pitchersedge.com/,,,,,,,,https://pitchersedge.com,pitchersedge.com
Metropolitan Baseball Academy,,http://www.metrobaseballacademy.com/,,,,,,,,https://metrobaseballacademy.com,metrobaseballacademy.com
Ignite Baseball LLC,,https://ignitebaseball.org/,,,,,,,,https://ignitebaseball.org,ignitebaseball.org
Colonial Baseball Instruction,,http://www.colonialbaseballinstruction.com/,,,,,,,,https://colonialbaseballinstruction.com,colonialbaseballinstruction.com
Diamond Heroes Baseball,,https://diamond-heroes-baseball.statstaklabs.com/,,,,,,,,https://diamond-heroes-baseball.statstaklabs.com,diamond-heroes-baseball.statstaklabs.com
SixFour3 Manassas,,https://www.sixfour3.com/?utm_source=google&utm_medium=GMB&utm_campaign=Manassas&utm_id=organic,,,,,,,,https://sixfour3.com,sixfour3.com
Prime Time Baseball LLC,,https://primetimebaseball.co/,,,,,,,,https://primetimebaseball.co,primetimebaseball.co
Bradley Baseball Academia,,https://bradleybaseballacademia.com/,,,,,,,,https://bradleybaseballacademia.com,bradleybaseballacademia.com
Perfect Performance Outlaws Baseball,,https://www.outlawsbaseball.com/,,,,,,,,https://outlawsbaseball.com,outlawsbaseball.com
Ironbridge Baseball Academy,,https://ironbridgeacademy.com/,,,,,,,,https://ironbridgeacademy.com,ironbridgeacademy.com
Up Next Baseball LLC,,http://upnextbaseball.com/,,,,,,,,https://upnextbaseball.com,upnextbaseball.com
Replay Baseball,,https://www.replaybaseballva.com/,,,,,,,,https://replaybaseballva.com,replaybaseballva.com
Pure Performance Inc,,http://getpureperformance.com/,,,,,,,,https://getpureperformance.com,getpureperformance.com
IYG Baseball/Softball,,http://www.iygbaseball.com/,,,,,,,,https://iygbaseball.com,iygbaseball.com
RISE Baseball,,http://risebaseball.com/,,,,,,,,https://risebaseball.com,risebaseball.com
Rip City Baseball and Softball Training Center,,https://ripcitytraining.com/,,,,,,,,https://ripcitytraining.com,ripcitytraining.com
Velocity Baseball,,https://www.velocitybaseballva.com/?utm_source=google&utm_medium=wix_google_business_profile&utm_campaign=11467522704053762463,,,,,,,,https://velocitybaseballva.com,velocitybaseballva.com
Fielder's Choice,,http://fcpurcellville.com/,,,,,,,,https://fcpurcellville.com,fcpurcellville.com
Pitch Hit Run Baseball Studio,,http://phrstudio.com,,,,,,,,https://phrstudio.com,phrstudio.com
Catchers U,,http://catchersu.com/,,,,,,,,https://catchersu.com,catchersu.com
RBA South,,http://rbasouth.com/,,,,,,,,https://rbasouth.com,rbasouth.com
Richmond Baseball Academy West,,http://rbawest.com/,,,,,,,,https://rbawest.com,rbawest.com
Tuckahoe Sports Inc,,http://www.tuckahoesports.org/,,,,,,,,https://tuckahoesports.org,tuckahoesports.org
Next Level Athlete LLC,,http://nxtlvlath.com/,,,,,,,,https://nxtlvlath.com,nxtlvlath.com
South County Little League,,http://www.scllva.org/,,,,,,,,https://scllva.org,scllva.org
Fairfax Little League,,https://www.fairfaxll.org/,,,,,,,,https://fairfaxll.org,fairfaxll.org
Coastal Sports Center,,http://www.coastalsportscenter.com/,,,,,,,,https://coastalsportscenter.com,coastalsportscenter.com
Central Springfield Little League,,http://www.csll.org/,,,,,,,,https://csll.org,csll.org
Northern Virginia Girls Softball Association,,https://www.nvgsa.org/,,,,,,,,https://nvgsa.org,nvgsa.org
PWC Girls Softball Fields,,https://www.pwcgsll.org/,,,,,,,,https://pwcgsll.org,pwcgsll.org
George Mason Softball Complex,,http://www.gomason.com/ViewArticle.dbml?ATCLID=205054741,,,,,,,,https://gomason.com,gomason.com
Reston Herndon Little League,,http://rhbaseball.org/,,,,,,,,https://rhbaseball.org,rhbaseball.org
Luter Sports Complex,,https://www.lutersportscomplex.com/,,,,,,,,https://lutersportscomplex.com,lutersportscomplex.com
Suffolk Youth Athletic Association,,http://www.suffolksyaa.com/,,,,,,,,https://suffolksyaa.com,suffolksyaa.com
Woodbridge Little League,,http://www.woodbridgelittleleague.org/,,,,,,,,https://woodbridgelittleleague.org,woodbridgelittleleague.org
D-BAT Virginia Beach,,http://www.dbatvirginiabeach.com/,,,,,,,,https://dbatvirginiabeach.com,dbatvirginiabeach.com
Pioneer Baseball League,,https://www.pblva.org/,,,,,,,,https://pblva.org,pblva.org
Hampton Roads Sports Academy,,https://www.hamptonroadssportsacademy.com/,,,,,,,,https://hamptonroadssportsacademy.com,hamptonroadssportsacademy.com
Northern Virginia Travel Baseball League,,http://www.nvtblbaseball.org/,,,,,,,,https://nvtblbaseball.org,nvtblbaseball.org
Central Chesterfield Little League,,http://ccllbaseball.com/,,,,,,,,https://ccllbaseball.com,ccllbaseball.com
Pickleballerz,,http://pickleballerzusa.com/,,,,,,,,https://pickleballerzusa.com,pickleballerzusa.com
Willemssen Fastpitch Training-Suzy Willemssen,,http://www.suzywillemssen.org/,,,,,,,,https://suzywillemssen.org,suzywillemssen.org
Elite Performance Center,,https://elite-performance.statstak.io/index/elite-performance-center-1691634213669x445838704847104000,,,,,,,,https://elite-performance.statstak.io,elite-performance.statstak.io
Rita Lynn Gilman Expert Fastpitch Softball Pitching Instruction & TrainingTools,,https://softballpitchingtools.com/,,,,,,,,https://softballpitchingtools.com,softballpitchingtools.com
Freitager Fastpitch,,https://www.freitagerfastpitch.com/,,,,,,,,https://freitagerfastpitch.com,freitagerfastpitch.com
Impact Sports Academy RVA,,http://impactsportsacademyrva.com/,,,,,,,,https://impactsportsacademyrva.com,impactsportsacademyrva.com
Ashburn Youth Football League,,http://www.ayfl.org/,,,,,,,,https://ayfl.org,ayfl.org
Virginia Valor FC,,https://www.virginiavalorfc.org/,,,,,,,,https://virginiavalorfc.org,virginiavalorfc.org
CVHS Touchdown Club,,http://cvhsfootball.com/,,,,,,,,https://cvhsfootball.com,cvhsfootball.com
Huguenot Little League,,http://hllball.org/,,,,,,,,https://hllball.org,hllball.org
Plaza Little League Inc,,http://www.plazall.com/,,,,,,,,https://plazall.com,plazall.com
Mechanicsville Little League,,http://www.mllball.org/,,,,,,,,https://mllball.org,mllball.org
Dale City Little League (Turley Field),,https://www.dalecitylittleleague.com/,,,,,,,,https://dalecitylittleleague.com,dalecitylittleleague.com
Atlee Little League,,http://atleelittleleague.org/,,,,,,,,https://atleelittleleague.org,atleelittleleague.org
VB Little League,,https://leagues.bluesombrero.com/virginiabeachlittleleague,,,,,,,,https://leagues.bluesombrero.com,leagues.bluesombrero.com
Lower Loudoun Little League,,http://www.llbaseball.org/,,,,,,,,https://llbaseball.org,llbaseball.org
George C. Yeonas Park,,http://www.vll.org/,,,,,,,,https://vll.org,vll.org
Olive Branch Little League,,http://www.olivebranchlittleleague.org/,,,,,,,,https://olivebranchlittleleague.org,olivebranchlittleleague.org
Central Little League,,http://centralll.com/,,,,,,,,https://centralll.com,centralll.com
Tuckahoe Little League,,http://www.tuckahoe.org/,,,,,,,,https://tuckahoe.org,tuckahoe.org
Annandale-North Springfield Little League (ANSLL),,http://www.ansll.org/,,,,,,,,https://ansll.org,ansll.org
Lucky Strike Centreville,,https://www.luckystrikeent.com/location/lucky-strike-centreville?utm_source=gbp&utm_medium=organic&utm_campaign=yext_listings,,,,,,,,https://luckystrikeent.com,luckystrikeent.com
Aragona Pembroke Little League,,http://www.aragonapembrokelittleleague.com/,,,,,,,,https://aragonapembrokelittleleague.com,aragonapembrokelittleleague.com
Western Branch Little League,,http://wbll.org/,,,,,,,,https://wbll.org,wbll.org
Chamberlayne Little League,,https://www.chamberlaynelittleleaguebaseball.com/Default.aspx?tabid=951444,,,,,,,,https://chamberlaynelittleleaguebaseball.com,chamberlaynelittleleaguebaseball.com
Chantilly Park,,http://chantillylittleleague.org/,,,,,,,,https://chantillylittleleague.org,chantillylittleleague.org
Chesterfield Little League,,https://www.playcll.com/,,,,,,,,https://playcll.com,playcll.com
West Springfield Little League,,http://wsllbaseball.net/,,,,,,,,https://wsllbaseball.net,wsllbaseball.net
Me Land Chantilly,,https://melandplay.com/locations/chantilly-va/?utm_source=omg-gbp&utm_medium=webclick,,,,,,,,https://melandplay.com,melandplay.com
Azalea Little League,,http://www.azalealittleleague.org/,,,,,,,,https://azalealittleleague.org,azalealittleleague.org
Dale City Sports Club,,http://www.dalecitysportsclub.org/,,,,,,,,https://dalecitysportsclub.org,dalecitysportsclub.org
Kanawha Redhawks Youth Football & Cheerleading Association,,http://www.kanawhafootball.org/,,,,,,,,https://kanawhafootball.org,kanawhafootball.org
Grizzly Sports Complex,,http://www.grizzlyfootball.org,,,,,,,,https://grizzlyfootball.org,grizzlyfootball.org
Virginia Beach Field House,,http://www.beachfieldhouse.com/,,,,,,,,https://beachfieldhouse.com,beachfieldhouse.com
First Down Performance,,http://www.firstdownperformance.com/,,,,,,,,https://firstdownperformance.com,firstdownperformance.com
Fairfax Football Academy,,https://www.fairfaxfootballacademy.com/,,,,,,,,https://fairfaxfootballacademy.com,fairfaxfootballacademy.com
Purcellville Sportsplex,,https://www.purcellvillesportsplex.com/,,,,,,,,https://purcellvillesportsplex.com,purcellvillesportsplex.com
Woodbridge Soccer,,https://springfieldsoccersupplies.com/,,,,,,,,https://springfieldsoccersupplies.com,springfieldsoccersupplies.com
Virginia Volleyball Center - Home of NVVA,,http://nvva.com/?utm_source=google&utm_medium=wix_google_business_profile&utm_campaign=1665103303620798688,,,,,,,,https://nvva.com,nvva.com
Manassas Volleyball Club,,http://www.manassasvolleyballclub.com/,,,,,,,,https://manassasvolleyballclub.com,manassasvolleyballclub.com
American Volleyball Club,,http://americanvolleyballclub.com/,,,,,,,,https://americanvolleyballclub.com,americanvolleyballclub.com
Battle Volleyball Club,,https://www.battlevolleyballclub.com/,,,,,,,,https://battlevolleyballclub.com,battlevolleyballclub.com
Libero Virginia,,https://liberovirginia.com/,,,,,,,,https://liberovirginia.com,liberovirginia.com
Evolution 360 Volleyball Club,,http://www.evolutionvolleyball.net/,,,,,,,,https://evolutionvolleyball.net,evolutionvolleyball.net
Loudoun Elite Volleyball,,http://loudounelitevb.com/,,,,,,,,https://loudounelitevb.com,loudounelitevb.com
GoVolley Volleyball Club,,https://govolley.biz/,,,,,,,,https://govolley.biz,govolley.biz
Virginia Volleyball Factory,,https://www.virginiavolleyballfactory.com/,,,,,,,,https://virginiavolleyballfactory.com,virginiavolleyballfactory.com
Richmond Volleyball Club Stonebridge,,http://www.rvc.net/,,,,,,,,https://rvc.net,rvc.net
Timberlake Volleyball Club,,https://www.timberlakevolleyballclub.org/,,,,,,,,https://timberlakevolleyballclub.org,timberlakevolleyballclub.org
South East Region Volleyball (SERV),,http://serv-va.org/,,,,,,,,https://serv-va.org,serv-va.org
ACE Volleyball,,http://www.acevbclub.org/,,,,,,,,https://acevbclub.org,acevbclub.org
540 Volleyball Academy,,http://540volleyballacademy.com/,,,,,,,,https://540volleyballacademy.com,540volleyballacademy.com
Monument Volleyball,,http://monumentvolleyball.com/,,,,,,,,https://monumentvolleyball.com,monumentvolleyball.com
Next Up NoVa,,http://nextupnova.com/,,,,,,,,https://nextupnova.com,nextupnova.com
River City Volleyball,,http://www.rivercityvolleyballacademy.com/,,,,,,,,https://rivercityvolleyballacademy.com,rivercityvolleyballacademy.com
X-Factor Volleyball LLC,,https://x-factorvolleyball.com/,,,,,,,,https://x-factorvolleyball.com,x-factorvolleyball.com
Chantilly Family Martial Arts,,https://www.traditionalkarate.com/,,,,,,,,https://traditionalkarate.com,traditionalkarate.com
Shoshin Ryu Martial Arts,,https://chantilly.shoshinryu.org/,,,,,,,,https://chantilly.shoshinryu.org,chantilly.shoshinryu.org
Focus Family Martial Arts Academy,,http://www.focus4families.com/,,,,,,,,https://focus4families.com,focus4families.com
InCourage Martial Arts,,http://www.incouragemartialarts.com/,,,,,,,,https://incouragemartialarts.com,incouragemartialarts.com
Centreville Brazilian Jiu Jitsu,,https://centrevillebjj.com/,,,,,,,,https://centrevillebjj.com,centrevillebjj.com
Empower Martial Arts,,http://empowertaekwondo.com/,,,,,,,,https://empowertaekwondo.com,empowertaekwondo.com
Mountain Kim Martial Art Spirit Manassas,,http://www.martialartspirit.com/,,,,,,,,https://martialartspirit.com,martialartspirit.com
K - Zone Taekwondo,,http://www.kzonetkd.com/,,,,,,,,https://kzonetkd.com,kzonetkd.com
Kaizen MMA Fairfax,,http://www.kzmma.com/,,,,,,,,https://kzmma.com,kzmma.com
UMS Martial Arts,,https://fallschurchtaekwondo.com/,,,,,,,,https://fallschurchtaekwondo.com,fallschurchtaekwondo.com
Chi Martial Arts Academy,,https://chimartialartsacademyva.com/,,,,,,,,https://chimartialartsacademyva.com,chimartialartsacademyva.com
Grandmaster Martial Arts Academy,,https://www.grandmastermartialarts.com/,,,,,,,,https://grandmastermartialarts.com,grandmastermartialarts.com
BEST ONE Taekwondo & Martial Arts Education / South Riding & Aldie,,http://www.bestonekick.com/?utm_source=google&utm_medium=wix_google_business_profile&utm_campaign=9044974180087002716,,,,,,,,https://bestonekick.com,bestonekick.com
CVMC - Central VA Volleyball Multipurpose Center,,http://cvvolleyball.com/,,,,,,,,https://cvvolleyball.com,cvvolleyball.com
Jae Hun Kim Taekwon-do Virginia,,http://www.tkd-virginia.com/,,,,,,,,https://tkd-virginia.com,tkd-virginia.com
Grandmaster H.K. Lee Academy of TaeKwonDo,,http://www.hkleetkd.com/,,,,,,,,https://hkleetkd.com,hkleetkd.com
Kim's Olympic Taekwondo Center in Fairfax,,http://tkdchampions.com/,,,,,,,,https://tkdchampions.com,tkdchampions.com
American Taekwon-Do Martial Arts Academy,,https://www.atmaatkd.com/,,,,,,,,https://atmaatkd.com,atmaatkd.com
Sterner's Tae Kwon Do Academy,,http://www.sternerstkd.com/,,,,,,,,https://sternerstkd.com,sternerstkd.com
Lead By Example Tae Kwon Do,,http://leadbyexampletaekwondo.com/,,,,,,,,https://leadbyexampletaekwondo.com,leadbyexampletaekwondo.com
"Tigereye TaeKwonDo, Inc.",,http://www.gotigereye.com/,,,,,,,,https://gotigereye.com,gotigereye.com
Onekick Martial Arts of Alexandria,,http://www.va.onekickma.com/,,,,,,,,https://va.onekickma.com,va.onekickma.com
Black Dragon Martial Arts Gainesville - After School / Summer Camp,,https://www.mtkimblackdragon.com/,,,,,,,,https://mtkimblackdragon.com,mtkimblackdragon.com
Life Champ Martial Arts of Woodbridge,,http://www.hellokarate.com/,,,,,,,,https://hellokarate.com,hellokarate.com
Planet Elite Martial Arts,,https://www.planetelitemartial-arts.com/,,,,,,,,https://planetelitemartial-arts.com,planetelitemartial-arts.com
World Champion Tae Kwon Do Academy,,http://champkick.com/,,,,,,,,https://champkick.com,champkick.com
Empowered Martial Arts Academy,,https://dynamisacademy.com/,,,,,,,,https://dynamisacademy.com,dynamisacademy.com
Super Kicks Karate,,http://www.superkickskarate.com/,,,,,,,,https://superkickskarate.com,superkickskarate.com
Dominion BJJ,,https://dominionbjj.com/,,,,,,,,https://dominionbjj.com,dominionbjj.com
Alpha Brazilian Jiu Jitsu,,http://www.alphabjj.com/,,,,,,,,https://alphabjj.com,alphabjj.com
Yamasaki Academy Woodbridge,,http://www.yamasakiwoodbridge.com/,,,,,,,,https://yamasakiwoodbridge.com,yamasakiwoodbridge.com
Kogaion Academy Brazilian Jiu-Jitsu & Judo,,http://www.kogaionacademy.com/,,,,,,,,https://kogaionacademy.com,kogaionacademy.com
Testudo BJJ Judo,,https://www.testudobjj.com/,,,,,,,,https://testudobjj.com,testudobjj.com
OSA Martial Arts-Fairfax City,,https://www.osamartialartsfederation.com/,,,,,,,,https://osamartialartsfederation.com,osamartialartsfederation.com
High Noon BJJ & Fitness LLC,,http://highnoonbjj.com/,,,,,,,,https://highnoonbjj.com,highnoonbjj.com
OSA Martial Arts- Taekwondo Judo/Jiu-Jitsu Women Classes Hapkido B4 & After-School,,http://www.osafamily.com/,,,,,,,,https://osafamily.com,osafamily.com
Front Line Jiu-Jitsu Academy,,https://frontlinejiujitsuacademy.com/contact-us-1,,,,,,,,https://frontlinejiujitsuacademy.com,frontlinejiujitsuacademy.com
Trident Academy of Martial Arts,,http://www.tridentmartialarts.com/,,,,,,,,https://tridentmartialarts.com,tridentmartialarts.com
Caio Terra Academy - Alexandria BJJ,,https://alexandriabjj.com/,,,,,,,,https://alexandriabjj.com,alexandriabjj.com
SportJudo,,http://sportjudo.org/,,,,,,,,https://sportjudo.org,sportjudo.org
World Martial Arts Center,,http://warrentontkd.com/,,,,,,,,https://warrentontkd.com,warrentontkd.com
Relentless MMA & Fitness,,http://www.relentlessmmaandfitness.com/,,,,,,,,https://relentlessmmaandfitness.com,relentlessmmaandfitness.com
Yamasaki Academy Springfield,,http://www.yamasakispringfield.com/,,,,,,,,https://yamasakispringfield.com,yamasakispringfield.com
Wall 2 Wall Martial Arts,,http://www.wall2wallmartialarts.com/,,,,,,,,https://wall2wallmartialarts.com,wall2wallmartialarts.com
Fifty/50 Martial Arts Academy,,http://5050bjj.com/,,,,,,,,https://5050bjj.com,5050bjj.com
Tri Cities Jiu Jitsu Club,,https://tricitiesmartialartsclub.com/,,,,,,,,https://tricitiesmartialartsclub.com,tricitiesmartialartsclub.com
MMA Institute,,https://www.mmainstitute.com/,,,,,,,,https://mmainstitute.com,mmainstitute.com
T.A.G. Muay Thai,,http://tagmuaythai.com/,,,,,,,,https://tagmuaythai.com,tagmuaythai.com
Tae Kwon Do,,https://mtkim.com/,,,,,,,,https://mtkim.com,mtkim.com
First Defense Krav Maga,,http://firstdefensekravmaga.com/?utm_source=google&utm_medium=organic&utm_campaign=gbp,,,,,,,,https://firstdefensekravmaga.com,firstdefensekravmaga.com
American Drengr Krav Maga,,https://www.adkravmaga.com/,,,,,,,,https://adkravmaga.com,adkravmaga.com
District Martial Arts | MMA Gym,,https://districtmartialarts.com/,,,,,,,,https://districtmartialarts.com,districtmartialarts.com
OSMA,,http://www.virginiabjj.com/,,,,,,,,https://virginiabjj.com,virginiabjj.com
Jow Ga Shaolin Institute,,http://www.jowgashaolin.com/,,,,,,,,https://jowgashaolin.com,jowgashaolin.com
Rong KungFu,,http://www.rongskungfuacademy.com/,,,,,,,,https://rongskungfuacademy.com,rongskungfuacademy.com
Shaolin Traditional Kung Fu,,https://www.artofkungfu.org/kung-fu-classeslessons,,,,,,,,https://artofkungfu.org,artofkungfu.org
Body & Brain Yoga Tai Chi,,https://www.bodynbrain.com/locations/virginia/centreville#getstarted,,,,,,,,https://bodynbrain.com,bodynbrain.com
Discover Kung Fu,,https://www.discoverkungfu.com/,,,,,,,,https://discoverkungfu.com,discoverkungfu.com
Jow Ga Kung Fu,,http://www.jowgakungfu.com/,,,,,,,,https://jowgakungfu.com,jowgakungfu.com
Twin Dragon Martial Arts,,http://www.twindragonmartialarts.com/,,,,,,,,https://twindragonmartialarts.com,twindragonmartialarts.com
Academy of Kung Fu,,http://www.vakungfu.com/,,,,,,,,https://vakungfu.com,vakungfu.com
Richmond Moy Yat Kung Fu Academy,,https://kungfurichmond.com/,,,,,,,,https://kungfurichmond.com,kungfurichmond.com
River City Kung Fu,,https://rckungfu.com/,,,,,,,,https://rckungfu.com,rckungfu.com
East-West Wing Chun Kung Fu,,http://www.wingchun-richmond.com/,,,,,,,,https://wingchun-richmond.com,wingchun-richmond.com
Virginia Martial Arts Center,,https://karate-family.com/,,,,,,,,https://karate-family.com,karate-family.com
Jow Ga Kung Fu,,https://jowgakuenkwoon.com/,,,,,,,,https://jowgakuenkwoon.com,jowgakuenkwoon.com
"Capital MMA & Elite Fitness | Loudoun-Dulles, VA",,https://www.capitalmma.com/loudoun-dulles/,,,,,,,,https://capitalmma.com,capitalmma.com
Vanguard Gym,,http://www.vanguardgym.com/,,,,,,,,https://vanguardgym.com,vanguardgym.com
Wolf MMA,,https://www.wolfmmava.com/,,,,,,,,https://wolfmmava.com,wolfmmava.com
ELEVATE MMA,,https://elevate-mma.com/,,,,,,,,https://elevate-mma.com,elevate-mma.com
Pentagon Mixed Martial Arts,,http://www.pentagonmma.com/,,,,,,,,https://pentagonmma.com,pentagonmma.com
UFC GYM Fairfax,,https://www.ufcgym.com/locations/fairfax/pass,,,,,,,,https://ufcgym.com,ufcgym.com
THE LITTLEGIANT MUAY THAI,,http://www.thelittlegiantmuaythai.com/,,,,,,,,https://thelittlegiantmuaythai.com,thelittlegiantmuaythai.com
One Way Martial Arts Alexandria,,http://onewaymartialarts.com/,,,,,,,,https://onewaymartialarts.com,onewaymartialarts.com
Ascend Jiu Jitsu,,https://ascendjj.com/,,,,,,,,https://ascendjj.com,ascendjj.com
Dimitri Chrisos Jiu Jitsu Academy,,http://dc-bjj.com/,,,,,,,,https://dc-bjj.com,dc-bjj.com
Abingdon MMA,,http://abingdonmma.org/,,,,,,,,https://abingdonmma.org,abingdonmma.org
King Khong MMA,,http://kingkhong.com/,,,,,,,,https://kingkhong.com,kingkhong.com
Disciple MMA Academy,,http://www.disciplemmaacademy.com/,,,,,,,,https://disciplemmaacademy.com,disciplemmaacademy.com
American Top Team Ashburn,,https://attashburn.com/,,,,,,,,https://attashburn.com,attashburn.com
CSC RVA,,https://cscrva.com/,,,,,,,,https://cscrva.com,cscrva.com
MiKiDo,,http://www.mikido.com/,,,,,,,,https://mikido.com,mikido.com
Leo Dalla Martial Arts,,http://leodalla.com/,,,,,,,,https://leodalla.com,leodalla.com
The Fighters Garage / Krav Works,,http://www.kravworks.com/,,,,,,,,https://kravworks.com,kravworks.com
IronHide Academy,,http://ironhideacademy.com/,,,,,,,,https://ironhideacademy.com,ironhideacademy.com
Da Firma Training Center Gracie Jiu Jitsu & Athletic Performance,,http://www.dafirmatc.com/,,,,,,,,https://dafirmatc.com,dafirmatc.com
Capital Gymnastics National Training Center,,http://www.capitalgymnasticsntc.com/,,,,,,,,https://capitalgymnasticsntc.com,capitalgymnasticsntc.com
Fairfax Gymnastics Academy,,http://www.fairfaxgymnastics.net/,,,,,,,,https://fairfaxgymnastics.net,fairfaxgymnastics.net
Dynamic Gymnastics,,http://www.griffingymnastics.com/,,,,,,,,https://griffingymnastics.com,griffingymnastics.com
Bull Run Academy of Gymnastics,,http://www.bragnow.com/,,,,,,,,https://bragnow.com,bragnow.com
Mosaic Gymnastics,,http://mosaicgymnastics.com/,,,,,,,,https://mosaicgymnastics.com,mosaicgymnastics.com
Woods Gymnastics,,http://www.woodsgymnastics.com/,,,,,,,,https://woodsgymnastics.com,woodsgymnastics.com
Cardinal Gymnastics,,http://www.cardinalgymnastics.com/,,,,,,,,https://cardinalgymnastics.com,cardinalgymnastics.com
"Kidnastics Gymnastics, LLC",,https://www.workhousearts.org/kidnastics,,,,,,,,https://workhousearts.org,workhousearts.org
G-Force Gymnastics Class & Camp Center,,http://www.gforce-gymnastics.com/,,,,,,,,https://gforce-gymnastics.com,gforce-gymnastics.com
CORE Kids Academy,,http://www.corekidsacademy.com/,,,,,,,,https://corekidsacademy.com,corekidsacademy.com
Metropolitan Elite Gymnastics & Athletics-DC,,http://www.megadcgymnastics.com/,,,,,,,,https://megadcgymnastics.com,megadcgymnastics.com
Gymnastics World,,http://gymnasticsworldva.com/,,,,,,,,https://gymnasticsworldva.com,gymnasticsworldva.com
Hope Gymnastics Academy,,https://hopegymnastics.com/,,,,,,,,https://hopegymnastics.com,hopegymnastics.com
Apollo Gymnastics,,http://www.apollogymnasticsva.com/,,,,,,,,https://apollogymnasticsva.com,apollogymnasticsva.com
Spotlight Acro and Cheer,,http://www.spotlightacro.com/,,,,,,,,https://spotlightacro.com,spotlightacro.com
Paragon Gym for Kids,,http://www.paragongymnastics.com/,,,,,,,,https://paragongymnastics.com,paragongymnastics.com
Gym Quest Gymnastics,,http://www.gymquest.org/,,,,,,,,https://gymquest.org,gymquest.org
Ocean Tumblers Gymnastics,,http://www.oceantumblers.com/,,,,,,,,https://oceantumblers.com,oceantumblers.com
Virginia International Gymnastics School,,http://www.vigsgymnastics.com/,,,,,,,,https://vigsgymnastics.com,vigsgymnastics.com
Full Force Gymnastics,,http://www.fullforcegymnastics.com/,,,,,,,,https://fullforcegymnastics.com,fullforcegymnastics.com
Aerial East Gymnastics,,http://aerialeastgym.com/,,,,,,,,https://aerialeastgym.com,aerialeastgym.com
Virginia Elite Gymnastics Academy,,http://www.thevegagym.com/,,,,,,,,https://thevegagym.com,thevegagym.com
My Gym Manassas,,http://mygym.com/manassas,,,,,,,,https://mygym.com,mygym.com
Novaks Gymnastics Center,,http://www.novaksgymnastics.com/,,,,,,,,https://novaksgymnastics.com,novaksgymnastics.com
"Romp n' Roll Fairfax, VA",,https://rompnroll.com/fairfax-va/,,,,,,,,https://rompnroll.com,rompnroll.com
Central Virginia Gymnastics,,http://centralvirginiagymnastics.com/,,,,,,,,https://centralvirginiagymnastics.com,centralvirginiagymnastics.com
Apex Gymnastics Inc,,http://apexgymn.com/,,,,,,,,https://apexgymn.com,apexgymn.com
Gryphon Gymnastics,,http://www.gryphongymnastics.com/,,,,,,,,https://gryphongymnastics.com,gryphongymnastics.com
Motion Gymnastics & Tumbling Center,,http://www.motiongymnasticsandtumblingcenter.com/,,,,,,,,https://motiongymnasticsandtumblingcenter.com,motiongymnasticsandtumblingcenter.com
LoCo Gymnastics Club Ashburn /NVGA Gymnastics,,https://www.lgxcel.com/,,,,,,,,https://lgxcel.com,lgxcel.com
YMCA Arlington Woodmont Gymnastics Center,,https://www.ymcadc.org/locations/ymca-arlington-woodmont-gymnastics-center/?utm_source=google&utm_medium=organic&utm_campaign=gmb,,,,,,,,https://ymcadc.org,ymcadc.org
Positively Gymnastics,,http://www.positivelygymnastics.com/,,,,,,,,https://positivelygymnastics.com,positivelygymnastics.com
Classics Gymnastics Center Inc,,http://www.classicsgymnastics.com/,,,,,,,,https://classicsgymnastics.com,classicsgymnastics.com
Gymnastics Inc,,http://www.gymnastics-inc.com/,,,,,,,,https://gymnastics-inc.com,gymnastics-inc.com
The Stingray Allstars Virginia,,http://www.stingrayallstarsva.com/,,,,,,,,https://stingrayallstarsva.com,stingrayallstarsva.com
Atlantic Coast Tumbling,,http://www.atlanticcoasttumbling.com/,,,,,,,,https://atlanticcoasttumbling.com,atlanticcoasttumbling.com
C2Air,,https://www.c2air.net/,,,,,,,,https://c2air.net,c2air.net
MindShift Gym,,http://www.mindshiftgym.com/,,,,,,,,https://mindshiftgym.com,mindshiftgym.com
Arlington Aerials,,http://www.arlingtonaerials.org/,,,,,,,,https://arlingtonaerials.org,arlingtonaerials.org
Host of Sparrows Aerial Circus,,http://www.hostofsparrows.com/,,,,,,,,https://hostofsparrows.com,hostofsparrows.com
Fitwize 4 Kids Ashburn,,https://fitwize4kids.com/ashburn,,,,,,,,https://fitwize4kids.com,fitwize4kids.com
KIDS FIRST Swim School - Manassas,,https://www.kidsfirstswim.com/manassas,,,,,,,,https://kidsfirstswim.com,kidsfirstswim.com
Central Park Aquatic Center/ Occoquan Swim Academy,,http://www.swimoccs.org/,,,,,,,,https://swimoccs.org,swimoccs.org
Goldfish Swim School - Reston,,https://www.goldfishswimschool.com/reston/,,,,,,,,https://goldfishswimschool.com,goldfishswimschool.com
SwimKids Swim School - Gainesville,,https://www.swimkids.us/locations/gainesville/,,,,,,,,https://swimkids.us,swimkids.us
British Swim School,,https://britishswimschool.com/chantilly-fairfax/location/wingate-by-wyndham-chantilly/?utm_source=google&utm_medium=organic&utm_campaign=webpunch-chantilly-fairfax-localcitations,,,,,,,,https://britishswimschool.com,britishswimschool.com
Always in Motion Ninja & Parkour,,https://alwaysinmotion.ninja/,,,,,,,,https://alwaysinmotion.ninja,alwaysinmotion.ninja
Scramble Parkour,,https://goscramble.com/,,,,,,,,https://goscramble.com,goscramble.com
Defy Gravity Training Center/Defy Gravity DGA,,http://defygravityroanoke.com/,,,,,,,,https://defygravityroanoke.com,defygravityroanoke.com
"Parkour, Gymnastics and Ninja Gym Floyd",,http://blueridgemotion.com/,,,,,,,,https://blueridgemotion.com,blueridgemotion.com
American Parkour,,http://www.americanparkour.com/,,,,,,,,https://americanparkour.com,americanparkour.com
Cheer Extreme Fairfax,,http://cheerextremeffx.com/,,,,,,,,https://cheerextremeffx.com,cheerextremeffx.com
ADC All Starz - All Star Cheerleading,,http://adcallstarz.com/,,,,,,,,https://adcallstarz.com,adcallstarz.com
Twisters Virginia,,http://marylandtwisters.com/,,,,,,,,https://marylandtwisters.com,marylandtwisters.com
Hot Topic All Stars,,http://www.hottopicallstars.com/,,,,,,,,https://hottopicallstars.com,hottopicallstars.com
Elite Cheer & Tumble (Elite Heat),,http://www.elitecheertumble.com/,,,,,,,,https://elitecheertumble.com,elitecheertumble.com
East Coast Gymnastics & Cheer,,http://www.ecgymnastics.com/?utm_source=gbp,,,,,,,,https://ecgymnastics.com,ecgymnastics.com
Coastal All-Stars Cheer & Tumble,,https://www.coastalallstars.com/,,,,,,,,https://coastalallstars.com,coastalallstars.com
USA Allstars,,http://www.usaallstarsva.com/,,,,,,,,https://usaallstarsva.com,usaallstarsva.com
NOVA Cheer Elite,,https://www.novacheerelite.com/,,,,,,,,https://novacheerelite.com,novacheerelite.com
"Genesis Cheer Xtreme, LLC",,http://www.genesischeerxtreme.co/,,,,,,,,https://genesischeerxtreme.co,genesischeerxtreme.co
Cheer Extreme Allstars - Richmond,,https://cheerextreme.com/richmond/,,,,,,,,https://cheerextreme.com,cheerextreme.com
"East Coast Cheer and Tumble, LLC",,http://eastcoastcheerandtumble.com/,,,,,,,,https://eastcoastcheerandtumble.com,eastcoastcheerandtumble.com
MFA All Star Cheer & Tumbling,,https://www.mfastudios.com/cheer,,,,,,,,https://mfastudios.com,mfastudios.com
Cheer Challenge Allstars Inc,,http://cheerchallengeva.com/,,,,,,,,https://cheerchallengeva.com,cheerchallengeva.com
Champion Athletics,,http://www.championathletics.org/,,,,,,,,https://championathletics.org,championathletics.org
Fierce Cheer Athletics Va,,https://www.fierceathleticsva.com/,,,,,,,,https://fierceathleticsva.com,fierceathleticsva.com
First Klass All-Stars,,https://www.firstklassallstars.com/,,,,,,,,https://firstklassallstars.com,firstklassallstars.com
Faircrest Cyclones,,http://swimfaircrest.com/,,,,,,,,https://swimfaircrest.com,swimfaircrest.com
Chantilly Highlands Dolphins,,http://www.chha.org/,,,,,,,,https://chha.org,chha.org
Moons Aquatics Club,,http://www.moonsaquaticsclub.com/,,,,,,,,https://moonsaquaticsclub.com,moonsaquaticsclub.com
Brookfield Swim Club,,http://www.brookfieldswimclub.com/,,,,,,,,https://brookfieldswimclub.com,brookfieldswimclub.com
Sully Station II Community Association,,https://www.sully2.com/home/,,,,,,,,https://sully2.com,sully2.com
Sequoia Farms Pool,,https://www.sequoiafarms.com/p/POOL-HOURS,,,,,,,,https://sequoiafarms.com,sequoiafarms.com
York Swim Club,,http://www.yorkswim.com/,,,,,,,,https://yorkswim.com,yorkswim.com
Greenbriar Pool Club,,http://greenbriar.org/,,,,,,,,https://greenbriar.org,greenbriar.org
Machine Aquatics Llc,,https://www.machineaquatics.com/,,,,,,,,https://machineaquatics.com,machineaquatics.com
Manor Gate,,https://manorgate.info/,,,,,,,,https://manorgate.info,manorgate.info
Little Rocky Run Pool 3,,https://www.littlerockyrunhoa.org/pools/,,,,,,,,https://littlerockyrunhoa.org,littlerockyrunhoa.org
Bull Run Swim & Raquet Club,,http://bullrunswimandracquetclub.com/contact/,,,,,,,,https://bullrunswimandracquetclub.com,bullrunswimandracquetclub.com
Fox Mill Estates Swim and Tennis Club,,http://www.foxmillpool.wordpress.com/,,,,,,,,https://foxmillpool.wordpress.com,foxmillpool.wordpress.com
SwimRVA,,https://swimrichmond.org/?utm_source=google&utm_medium=organic&utm_campaign=gmb,,,,,,,,https://swimrichmond.org,swimrichmond.org
Nova of Virginia Aquatics - Gayton,,https://novaswim.org/,,,,,,,,https://novaswim.org,novaswim.org
Meadows Pool,,http://www.southriding.net/,,,,,,,,https://southriding.net,southriding.net
Urbanna Swim Club,,http://www.urbannaswimclub.org/,,,,,,,,https://urbannaswimclub.org,urbannaswimclub.org
SwimBox,,https://theswimbox.com/,,,,,,,,https://theswimbox.com,theswimbox.com
WeAquatics,,https://weaquatics.com/,,,,,,,,https://weaquatics.com,weaquatics.com
Pozez Jewish Community Center of Northern Virginia,,http://www.thej.org/,,,,,,,,https://thej.org,thej.org
Katie's Kickers Fishbowl,,http://www.katieskickers.co/,,,,,,,,https://katieskickers.co,katieskickers.co
Super Splasher Aquatics,,http://supersplasheraquatics.com/,,,,,,,,https://supersplasheraquatics.com,supersplasheraquatics.com
PWCS Aquatics Center,,http://pwcsaquatics.com/,,,,,,,,https://pwcsaquatics.com,pwcsaquatics.com
Little Fish Swimming,,http://www.littlefishswimming.com/,,,,,,,,https://littlefishswimming.com,littlefishswimming.com
Chinn Aquatics & Fitness Center,,https://www.pwcva.gov/department/chinn,,,,,,,,https://pwcva.gov,pwcva.gov
Arlington Forest Club,,http://arlingtonforestclub.org/,,,,,,,,https://arlingtonforestclub.org,arlingtonforestclub.org
Tuckahoe Recreation Club,,http://www.tuckahoe.net/,,,,,,,,https://tuckahoe.net,tuckahoe.net
Kirk Family YMCA,,https://ymcavbr.org/locations/kirk/kirk-family-ymca/,,,,,,,,https://ymcavbr.org,ymcavbr.org
Jeff Rouse Swim and Sport Center,,http://rousecenter.com/,,,,,,,,https://rousecenter.com,rousecenter.com
High Sierra Pools,,http://www.highsierrapools.com/,,,,,,,,https://highsierrapools.com,highsierrapools.com
Jamerson Family YMCA,,http://www.ymcacva.org/,,,,,,,,https://ymcacva.org,ymcacva.org
Freedom Aquatic & Fitness Center,,http://www.freedom-center.com/,,,,,,,,https://freedom-center.com,freedom-center.com
Reston Community Center,,http://www.restoncommunitycenter.com/,,,,,,,,https://restoncommunitycenter.com,restoncommunitycenter.com
KIDS FIRST Swim School - Springfield,,http://kidsfirstnova.com/,,,,,,,,https://kidsfirstnova.com,kidsfirstnova.com
Luis Rosado Tennis Academy,,http://luistennis.net/,,,,,,,,https://luistennis.net,luistennis.net
Fairfax Racquet Club,,http://fairfaxracquetclub.com/,,,,,,,,https://fairfaxracquetclub.com,fairfaxracquetclub.com
Sudley Club Inc,,http://www.sudleyclub.org/,,,,,,,,https://sudleyclub.org,sudleyclub.org
A Plus Tennis,,http://www.aplustennisva.net/,,,,,,,,https://aplustennisva.net,aplustennisva.net
Go West Tennis,,https://gowesttennis.com/,,,,,,,,https://gowesttennis.com,gowesttennis.com
Vienna Woods Swim & Tennis Club,,http://www.viennawoods.org/,,,,,,,,https://viennawoods.org,viennawoods.org
Burke Racquet & Swim Club,,https://burkeracquet.com/,,,,,,,,https://burkeracquet.com,burkeracquet.com
McLean Racquet & Health Club,,http://www.mcleanrhclub.com/,,,,,,,,https://mcleanrhclub.com,mcleanrhclub.com
Pinecrest Swim & Tennis Club,,http://www.pinecrest20171.com/,,,,,,,,https://pinecrest20171.com,pinecrest20171.com
TennisRVA,,https://tennisrva.com/,,,,,,,,https://tennisrva.com,tennisrva.com
Hollin Meadows Swim and Tennis Club,,http://hollinmeadows.org/,,,,,,,,https://hollinmeadows.org,hollinmeadows.org
Cardinal Hill Swim and Racquet Club,,http://chsrc.com/,,,,,,,,https://chsrc.com,chsrc.com
Rowe Tennis Center YMCA,,https://family-ymca.org/locations/rowe-tennis-center/,,,,,,,,https://family-ymca.org,family-ymca.org
Hamlet Swim & Tennis Club,,http://www.hamletpool.org/,,,,,,,,https://hamletpool.org,hamletpool.org
International Country Club,,http://www.internationalcc.com/,,,,,,,,https://internationalcc.com,internationalcc.com
Courtside West Racquet & Fitness,,http://www.courtsidewest.com/,,,,,,,,https://courtsidewest.com,courtsidewest.com
Raintree Swim & Racquet Club,,http://www.raintreesportsrva.com/,,,,,,,,https://raintreesportsrva.com,raintreesportsrva.com
Stonebrook Racquet Club,,https://stonebrookclub.com/,,,,,,,,https://stonebrookclub.com,stonebrookclub.com
Middleburg Tennis Club Association,,http://www.middleburgtennisclub.com/,,,,,,,,https://middleburgtennisclub.com,middleburgtennisclub.com
Fairfax Station Swim & Tennis Club,,http://fsstc.com/,,,,,,,,https://fsstc.com,fsstc.com
Oakton Swim & Racquet Club,,https://osrc.us/,,,,,,,,https://osrc.us,osrc.us
Fox Mill Woods Swim & Tennis,,https://www.fmwst.com/,,,,,,,,https://fmwst.com,fmwst.com
"Chestnut Forks Tennis, Fitness & Swim",,http://www.chestnutforks.com/,,,,,,,,https://chestnutforks.com,chestnutforks.com
Orange Hunt Swim & Tennis Club,,http://www.orangehuntswimclub.org/,,,,,,,,https://orangehuntswimclub.org,orangehuntswimclub.org
Annandale Swim & Tennis Club,,http://www.ast22003.org/,,,,,,,,https://ast22003.org,ast22003.org
SW Golf Academy,,http://www.theswgolfacademy.com/location/,,,,,,,,https://theswgolfacademy.com,theswgolfacademy.com
Country Club of Fairfax,,http://www.ccfairfax.org/,,,,,,,,https://ccfairfax.org,ccfairfax.org
Tennis DNA,,http://tennis-dna.com/,,,,,,,,https://tennis-dna.com,tennis-dna.com
Hidden Creek Country Club,,http://www.hiddencreekcc.com/,,,,,,,,https://hiddencreekcc.com,hiddencreekcc.com
Royal Badminton & Table Tennis Academy,,https://royalbadmintonacademy.com/,,,,,,,,https://royalbadmintonacademy.com,royalbadmintonacademy.com
Northern Virginia Badminton Club (NVBC),,https://novabadmintonacademy.com/,,,,,,,,https://novabadmintonacademy.com,novabadmintonacademy.com
Recreation and Athletic Complex,,http://recreation.gmu.edu/,,,,,,,,https://recreation.gmu.edu,recreation.gmu.edu
NVA Track,,http://nvatrackteam.com/,,,,,,,,https://nvatrackteam.com,nvatrackteam.com
Rock Ridge Track and Field,,https://rockridgehs.rschoolteams.com/,,,,,,,,https://rockridgehs.rschoolteams.com,rockridgehs.rschoolteams.com
Langley HS Track & Field,,http://www.fcps.edu/LangleyHS/,,,,,,,,https://fcps.edu,fcps.edu
Amazing Farm Fun @ Ticonderoga (Open For Reservations Year Round),,https://www.ticonderoga.com/,,,,,,,,https://ticonderoga.com,ticonderoga.com
Liberty Indoor Track Complex,,http://www.liberty.edu/,,,,,,,,https://liberty.edu,liberty.edu
Virginia Beach Sports Center,,http://vbsportscenter.com/,,,,,,,,https://vbsportscenter.com,vbsportscenter.com
DTL | Down the Line Sports Center,,https://dtlsportscenter.com/,,,,,,,,https://dtlsportscenter.com,dtlsportscenter.com
The Pickleball Club of Tysons,,https://www.tpc-tysons.com/,,,,,,,,https://tpc-tysons.com,tpc-tysons.com
Yello Club - Indoor Tennis & Pickleball,,https://www.yelloclub.org/,,,,,,,,https://yelloclub.org,yelloclub.org
Village Pickle,,https://www.villagepickle.org/,,,,,,,,https://villagepickle.org,villagepickle.org
Loudoun County Pickleball,,http://www.loudouncountypickleball.com/,,,,,,,,https://loudouncountypickleball.com,loudouncountypickleball.com
Chesterfield Technical Center Pickleball Courts,,https://chesterfieldpickleball.club/,,,,,,,,https://chesterfieldpickleball.club,chesterfieldpickleball.club
Performance Pickleball RVA,,https://ppbrva.com/,,,,,,,,https://ppbrva.com,ppbrva.com
AQUA LANE PICKLEBALL,,http://www.aqualanepickleball.com/,,,,,,,,https://aqualanepickleball.com,aqualanepickleball.com
Fort Scott Pickleball Coaching,,https://teachme.to/listings/pickleball/pickleball-with-paul-park/confirm?is_recurring=true&lesson_length=60&origin=https%3A%2F%2Fteachme.to%2F,,,,,,,,https://teachme.to,teachme.to
Crosswhite Athletic Club,,http://www.crosswhiteathleticclub.com/,,,,,,,,https://crosswhiteathleticclub.com,crosswhiteathleticclub.com
Performance Pickleball ROA,,https://www.ppbroa.com/,,,,,,,,https://ppbroa.com,ppbroa.com
Autumnwood Tennis and Pickleball Courts,,http://www.restontennis.org/about/tennis-court-locations,,,,,,,,https://restontennis.org,restontennis.org
Bangers and Dinks Indoor Pickleball,,https://www.bangersanddinks.com/,,,,,,,,https://bangersanddinks.com,bangersanddinks.com
Athlete's Addiction Strength & Speed,,https://athletesaddiction.com/,,,,,,,,https://athletesaddiction.com,athletesaddiction.com
The Elite Athletic Program,,http://www.eliteathleticprogram.com/,,,,,,,,https://eliteathleticprogram.com,eliteathleticprogram.com
Capstone Performance Training - Bailey's Crossroads,,http://www.capstoneperformancetraining.com/baileyscrossroads,,,,,,,,https://capstoneperformancetraining.com,capstoneperformancetraining.com
Sports Reality Performance Training,,http://gosportsreality.com/contact.html,,,,,,,,https://gosportsreality.com,gosportsreality.com
"VB Speed, LLC",,https://vbspeedcoach.com/,,,,,,,,https://vbspeedcoach.com,vbspeedcoach.com
Infinite Performance Training LLC,,http://infinite-pt.com/,,,,,,,,https://infinite-pt.com,infinite-pt.com
Performance Edge,,https://pedgeva.com/,,,,,,,,https://pedgeva.com,pedgeva.com
SpeedHouse,,https://speedhouseva.com/,,,,,,,,https://speedhouseva.com,speedhouseva.com
Daniels Sports Performance,,http://www.danielssportsperformance.com/,,,,,,,,https://danielssportsperformance.com,danielssportsperformance.com
Elkin Sports Performance,,http://www.elkinsportsperformance.com/,,,,,,,,https://elkinsportsperformance.com,elkinsportsperformance.com
Camp Newman Performance Training,,http://campnewmantraining.com/,,,,,,,,https://campnewmantraining.com,campnewmantraining.com
Healthy Baller Reston,,https://www.healthyballer.com/,,,,,,,,https://healthyballer.com,healthyballer.com
Elite Wellness Performance and Recovery,,https://www.elitewellnessperformance.com/,,,,,,,,https://elitewellnessperformance.com,elitewellnessperformance.com
Next Level Training,,https://nltraining.com/,,,,,,,,https://nltraining.com,nltraining.com
Fit 5 Runners,,https://runsignup.com/w/fit5runners,,,,,,,,https://runsignup.com,runsignup.com
Girls On the Run Nova,,http://www.gotrnova.org/,,,,,,,,https://gotrnova.org,gotrnova.org
Halo Fitness Experience,,https://halofitnessexperience.com/,,,,,,,,https://halofitnessexperience.com,halofitnessexperience.com
The Running Store,,http://www.therunningstore.com/,,,,,,,,https://therunningstore.com,therunningstore.com
US Arts Center - Chantilly,,https://usartscenter.com/,,,,,,,,https://usartscenter.com,usartscenter.com
Luter Family YMCA,,https://www.ymcavp.org/locations/luter-family-ymca?utm_source=google&utm_medium=organic&utm_campaign=gbp,,,,,,,,https://ymcavp.org,ymcavp.org
PR Run & Walk,,https://prrunandwalk.com/,,,,,,,,https://prrunandwalk.com,prrunandwalk.com
"LCF KIDS - Falls Church, VA",,http://www.lcfkids.com/,,,,,,,,https://lcfkids.com,lcfkids.com
The Fitness Equation,,https://thefitnessequation.com/locations/south-riding/,,,,,,,,https://thefitnessequation.com,thefitnessequation.com
Richmond Road Runners Club,,http://rrrc.org/,,,,,,,,https://rrrc.org,rrrc.org
RunAbout Sports Roanoke,,http://www.runaboutroanoke.com/,,,,,,,,https://runaboutroanoke.com,runaboutroanoke.com
Kidokinetics Arlington,,https://kidokinetics.com/arlington/,,,,,,,,https://kidokinetics.com,kidokinetics.com
Great Falls Youth Rugby,,http://www.rugbyva.com/,,,,,,,,https://rugbyva.com,rugbyva.com
Loudoun Rugby,,http://loudounrugby.org/,,,,,,,,https://loudounrugby.org,loudounrugby.org
Virginia Rugby Football Club,,http://virginiarugby.org/,,,,,,,,https://virginiarugby.org,virginiarugby.org
Western Suburbs Rugby Football Club Game Field,,http://rugbyfootball.com/,,,,,,,,https://rugbyfootball.com,rugbyfootball.com
SkateQuest,,http://www.skatequest.com/,,,,,,,,https://skatequest.com,skatequest.com
Fairfax Ice Arena,,http://www.fairfaxicearena.com/,,,,,,,,https://fairfaxicearena.com,fairfaxicearena.com
MedStar Capitals Iceplex,,http://www.medstarcapitalsiceplex.com/,,,,,,,,https://medstarcapitalsiceplex.com,medstarcapitalsiceplex.com
Haymarket Iceplex,,http://www.haymarketiceplex.com/,,,,,,,,https://haymarketiceplex.com,haymarketiceplex.com
Prince William Ice Center,,http://www.innovativesportsva.com/,,,,,,,,https://innovativesportsva.com,innovativesportsva.com
Loudoun Ice Centre,,http://www.loudounice.com/,,,,,,,,https://loudounice.com,loudounice.com
ION: The Rinks At Compass Creek,,http://www.ionitc.com/,,,,,,,,https://ionitc.com,ionitc.com
Chilled Ponds Ice Sports Complex,,http://www.chilledponds.com/,,,,,,,,https://chilledponds.com,chilledponds.com
Top of Virginia Hockey Alliance,,https://www.topofvirginiahockey.com/,,,,,,,,https://topofvirginiahockey.com,topofvirginiahockey.com
Powhatan Ice Den,,http://www.powhataniceden.com/,,,,,,,,https://powhataniceden.com,powhataniceden.com
Richmond Ice Zone,,http://www.richmondskating.com/,,,,,,,,https://richmondskating.com,richmondskating.com
Lancerlot Sports Complex,,http://lancerlotsportscomplex.com/,,,,,,,,https://lancerlotsportscomplex.com,lancerlotsportscomplex.com
Ashburn Ice House,,http://www.ashburnice.com/,,,,,,,,https://ashburnice.com,ashburnice.com
Potomac Field Hockey,,https://potomac-field-hockey.com/,,,,,,,,https://potomac-field-hockey.com,potomac-field-hockey.com
Virginia Beach Field Hockey,,https://vaultathleticsandfitness.com/,,,,,,,,https://vaultathleticsandfitness.com,vaultathleticsandfitness.com
Stick Power Field Hockey,,http://stickpowerfieldhockey.com/,,,,,,,,https://stickpowerfieldhockey.com,stickpowerfieldhockey.com
Focus Field Hockey,,http://focusfieldhockey.com/,,,,,,,,https://focusfieldhockey.com,focusfieldhockey.com
BTB LAX,,http://www.btb-lax.com/,,,,,,,,https://btb-lax.com,btb-lax.com
Madlax,,http://www.madlax.com/,,,,,,,,https://madlax.com,madlax.com
Legacy Lacrosse,,https://legacylacrosseva.com/,,,,,,,,https://legacylacrosseva.com,legacylacrosseva.com
Virginia Lacrosse Academy,,https://valaxacademy.com/,,,,,,,,https://valaxacademy.com,valaxacademy.com
757 Lacrosse Camps,,https://757lacrossecamps.com/,,,,,,,,https://757lacrossecamps.com,757lacrossecamps.com
River City Sportsplex,,http://www.rivercitysportsplex.com/,,,,,,,,https://rivercitysportsplex.com,rivercitysportsplex.com
Forest Youth Athletic Association,,http://forestyouth.org/,,,,,,,,https://forestyouth.org,forestyouth.org
V-cut Lacrosse,,http://www.vcutlacrosse.com/contact-us.html,,,,,,,,https://vcutlacrosse.com,vcutlacrosse.com
McLean Youth Lacrosse,,http://www.mylax.net/app/GetClubContacts/List/?org=MYLax.org&teamid=,,,,,,,,https://mylax.net,mylax.net
Meadowood Mountain Bike Trail Parking,,https://www.blm.gov/programs/recreation/mountainbike/meadowood,,,,,,,,https://blm.gov,blm.gov
Deep Run Park & Recreation Center,,http://henrico.gov/rec/places/deep-run/,,,,,,,,https://henrico.gov,henrico.gov
Deep cut trail,,http://nps.gov/mana,,,,,,,,https://nps.gov,nps.gov
Green Lizard Cycling,,https://www.greenlizardcycling.com/,,,,,,,,https://greenlizardcycling.com,greenlizardcycling.com
Massanutten Mountain Bike Park,,https://www.massresort.com/play/mountain-biking/?utm_source=google_business_profile&utm_medium=organic&utm_campaign=main_profile_link_bike_park,,,,,,,,https://massresort.com,massresort.com
The Bike Shop,,https://thecentrevillebikeshop.com/,,,,,,,,https://thecentrevillebikeshop.com,thecentrevillebikeshop.com
Leakes Mill Park,,http://www.goochlandva.us/Facilities/Facility/Details/Leakes-Mill-Park-6,,,,,,,,https://goochlandva.us,goochlandva.us
Pocahontas State Park,,http://www.dcr.virginia.gov/state-parks/pocahontas.shtml,,,,,,,,https://dcr.virginia.gov,dcr.virginia.gov
"Shenandoah Mountain Touring, LLC",,http://www.mountaintouring.com/,,,,,,,,https://mountaintouring.com,mountaintouring.com
Blacksburg Rotary Mountain Biking Skills Park,,http://blacksburgmtbpark.org/,,,,,,,,https://blacksburgmtbpark.org,blacksburgmtbpark.org
REPFIT Studio,,http://repfitonline.com/,,,,,,,,https://repfitonline.com,repfitonline.com
CYCLEBAR,,https://cyclebar.com/location/falls-church,,,,,,,,https://cyclebar.com,cyclebar.com
CycleLuv,,http://www.cycleluv.com/,,,,,,,,https://cycleluv.com,cycleluv.com
A-1 Cycling,,http://a1cycling.com/,,,,,,,,https://a1cycling.com,a1cycling.com
SoulCycle,,https://www.soul-cycle.com/studios/va-clarendon/,,,,,,,,https://soul-cycle.com,soul-cycle.com
WeeWheel,,https://weewheel.co/,,,,,,,,https://weewheel.co,weewheel.co
Zweet Sport Total Fitness Studio,,http://www.zweetsport.com/,,,,,,,,https://zweetsport.com,zweetsport.com
Hour Cycle Studio,,http://www.hourcyclestudio.com/,,,,,,,,https://hourcyclestudio.com,hourcyclestudio.com
pūrvelo cycle,,https://purvelocycle.com/schedule/charlottesville/,,,,,,,,https://purvelocycle.com,purvelocycle.com
PedalHeads-Arlington,,http://www.pedalheads.com/,,,,,,,,https://pedalheads.com,pedalheads.com
BOHO Cycle Studio,,http://www.bohostudios.com/,,,,,,,,https://bohostudios.com,bohostudios.com
REV36O,,https://rev36o.com/,,,,,,,,https://rev36o.com,rev36o.com
CyclePath Fitness,,https://cyclepathfitness.com/,,,,,,,,https://cyclepathfitness.com,cyclepathfitness.com
Skate N' Fun Zone,,http://skatenfunzone.com/,,,,,,,,https://skatenfunzone.com,skatenfunzone.com
Fairfax Surf Shop,,http://www.fairfaxsurfshop.com/,,,,,,,,https://fairfaxsurfshop.com,fairfaxsurfshop.com
Tidewater Skate Shop,,https://www.skate757.com/,,,,,,,,https://skate757.com,skate757.com
Sacred Roller Skate Supply,,http://sacredrollerskatesupply.com/,,,,,,,,https://sacredrollerskatesupply.com,sacredrollerskatesupply.com
Van Dyck Skatepark,,https://www.fairfaxva.gov/Home/Components/FacilityDirectory/FacilityDirectory/118/1337,,,,,,,,https://fairfaxva.gov,fairfaxva.gov
Manassas Skatepark,,http://www.manassasva.gov/parks,,,,,,,,https://manassasva.gov,manassasva.gov
Catoctin SkatePark,,https://www.leesburgva.gov/Home/Components/FacilityDirectory/FacilityDirectory/39/5725,,,,,,,,https://leesburgva.gov,leesburgva.gov
Chester Skateland,,http://www.chesterskateland.com/,,,,,,,,https://chesterskateland.com,chesterskateland.com
"Skills on the Hill, LLC",,https://skillsonthehill.com/physical-therapy-clinic/arlington-va/,,,,,,,,https://skillsonthehill.com,skillsonthehill.com
NOVA Kids In Motion,,http://www.novakidsinmotion.com/contact-us/,,,,,,,,https://novakidsinmotion.com,novakidsinmotion.com
ANEES Driving School LLC,,http://www.aneesdrivingschool.com/,,,,,,,,https://aneesdrivingschool.com,aneesdrivingschool.com
Mindshift Motorcycle Training,,https://mindshiftmotorcycle.com/,,,,,,,,https://mindshiftmotorcycle.com,mindshiftmotorcycle.com
Moto Mob Riding Academy,,https://themotomob.com/,,,,,,,,https://themotomob.com,themotomob.com
DIRT BIKE BOOT CAMP,,http://www.dirtbikebootcamp.com/,,,,,,,,https://dirtbikebootcamp.com,dirtbikebootcamp.com
Skate Center of Roanoke Valley,,https://skateplay.com/,,,,,,,,https://skateplay.com,skateplay.com
"Skate-A-Way Midlothian, VA",,http://www.sk8away-midlothian.com/,,,,,,,,https://sk8away-midlothian.com,sk8away-midlothian.com
SK8 House Virginia Beach,,http://www.sk8houseskating.com/,,,,,,,,https://sk8houseskating.com,sk8houseskating.com
Moto Member,,http://www.motomember.com/,,,,,,,,https://motomember.com,motomember.com
FunQuest Family Entertainment Center,,http://funquestfun.com/,,,,,,,,https://funquestfun.com,funquestfun.com
DICK'S Sporting Goods,,https://stores.dickssportinggoods.com/va/sterling/1173/?seo=localpack,,,,,,,,https://stores.dickssportinggoods.com,stores.dickssportinggoods.com
Firehouse Skate 'N Play,,http://www.firehouseskate.com/,,,,,,,,https://firehouseskate.com,firehouseskate.com
Charles City Dirt Riders,,http://www.ccdirtriders.org/,,,,,,,,https://ccdirtriders.org,ccdirtriders.org
Sk8 Dojo Roller Rink,,http://sk8dojorollerrink.com/,,,,,,,,https://sk8dojorollerrink.com,sk8dojorollerrink.com
Best Buy,,https://stores.bestbuy.com/va/fairfax/13058-fairlakes-shopping-ctr-273.html/?ref=NS&loc=ns100,,,,,,,,https://stores.bestbuy.com,stores.bestbuy.com
Phoenix Bikes,,http://www.phoenixbikes.org/,,,,,,,,https://phoenixbikes.org,phoenixbikes.org
Dulles Town Center,,https://shopdullestowncenter.com/,,,,,,,,https://shopdullestowncenter.com,shopdullestowncenter.com
Lorton Community Action Center,,http://www.lortonaction.org/,,,,,,,,https://lortonaction.org,lortonaction.org
Target,,https://www.target.com/sl/chantilly/1827,,,,,,,,https://target.com,target.com
Peninsula Family Skating Center,,https://pfskate.com/,,,,,,,,https://pfskate.com,pfskate.com
Aj Skateworld,,http://www.ajskateworld.net/,,,,,,,,https://ajskateworld.net,ajskateworld.net
The Treasure Hound,,https://thetreasurehound.org/,,,,,,,,https://thetreasurehound.org,thetreasurehound.org
"The Cavalier Family Skating Centers USA, Inc.",,http://www.cavalierskating.com/,,,,,,,,https://cavalierskating.com,cavalierskating.com
Haygood Skating Center,,https://sites.google.com/view/haygoodskating,,,,,,,,https://sites.google.com,sites.google.com
Rollerdome,,http://www.rollerdomeskating.com/,,,,,,,,https://rollerdomeskating.com,rollerdomeskating.com
Greenbrier Family Skating Center Roller Skating,,http://www.greenbrierfamilyskatingcenter.com/,,,,,,,,https://greenbrierfamilyskatingcenter.com,greenbrierfamilyskatingcenter.com
Ashland Skateland,,http://www.ashlandskateland.com/,,,,,,,,https://ashlandskateland.com,ashlandskateland.com
Yoga Shala,,https://www.yogashala.life/,,,,,,,,https://yogashala.life,yogashala.life
WheelHouse Yoga,,http://www.wheelhouseyoga.com/,,,,,,,,https://wheelhouseyoga.com,wheelhouseyoga.com
Montessori School of Chantilly,,https://www.montessori-chantilly.com/,,,,,,,,https://montessori-chantilly.com,montessori-chantilly.com
Health Advantage Yoga Center Inc,,http://www.healthadvantageyoga.com/,,,,,,,,https://healthadvantageyoga.com,healthadvantageyoga.com
Homegrown Power Yoga,,http://www.homegrownpoweryoga.com/,,,,,,,,https://homegrownpoweryoga.com,homegrownpoweryoga.com
happiness yoga,,http://www.happinessyoga.net/,,,,,,,,https://happinessyoga.net,happinessyoga.net
Beloved Yoga Sanctuary,,http://www.belovedyoga.com/,,,,,,,,https://belovedyoga.com,belovedyoga.com
Heart N Soul Yoga Studio (WE MOVED!),,http://www.heartnsoulyogastudio.com/,,,,,,,,https://heartnsoulyogastudio.com,heartnsoulyogastudio.com
Transform Power Yoga LLC,,http://tpyoga.com/,,,,,,,,https://tpyoga.com,tpyoga.com
YogaSix Lake Ridge,,http://www.yogasix.com/location/lake-ridge,,,,,,,,https://yogasix.com,yogasix.com
Vinayam,,http://www.vinayam.com/,,,,,,,,https://vinayam.com,vinayam.com
Beyond Hot Yoga Centreville,,https://beyondyogaschool.com/,,,,,,,,https://beyondyogaschool.com,beyondyogaschool.com
True North Power Yoga,,https://www.truenorthpoweryoga.com/,,,,,,,,https://truenorthpoweryoga.com,truenorthpoweryoga.com
Siri Om Yoga Studio and Wellness,,https://siriomyoga.com/,,,,,,,,https://siriomyoga.com,siriomyoga.com
Sun & Moon Yoga Studio Inc,,https://www.sunandmoonstudio.com/,,,,,,,,https://sunandmoonstudio.com,sunandmoonstudio.com
Warrior Kids Yoga,,http://www.warriorkidsyoga.com/?utm_source=google&utm_medium=wix_google_business_profile&utm_campaign=37113004967211336,,,,,,,,https://warriorkidsyoga.com,warriorkidsyoga.com
CorePower Yoga - Fairfax Corner,,https://www.corepoweryoga.com/yoga-studios/va/greater-dc/fairfax-corner,,,,,,,,https://corepoweryoga.com,corepoweryoga.com
Emily Exercise,,http://www.emilyexercise.com/,,,,,,,,https://emilyexercise.com,emilyexercise.com
PR Star Fitness,,http://prstarfitness.com/,,,,,,,,https://prstarfitness.com,prstarfitness.com
"NOVA Barbell Club I Personal Training, Group Class & Open Gym",,https://www.novabarbellclub.com/,,,,,,,,https://novabarbellclub.com,novabarbellclub.com
IMP FITNESS,,http://impfitness.com/,,,,,,,,https://impfitness.com,impfitness.com
Underground Athlete,,https://www.undergroundathlete.com/,,,,,,,,https://undergroundathlete.com,undergroundathlete.com
SAPT: Strength and Performance Training,,http://www.saptstrength.com/,,,,,,,,https://saptstrength.com,saptstrength.com
Oakton Strength Systems,,https://oaktonstrength.com/,,,,,,,,https://oaktonstrength.com,oaktonstrength.com
NOVA Strong Personal Training & Fitness,,https://www.getnovastrong.com/,,,,,,,,https://getnovastrong.com,getnovastrong.com
Centreville Strength Systems,,https://centrevillestrength.com/,,,,,,,,https://centrevillestrength.com,centrevillestrength.com
The Exercise Coach Centreville VA,,https://www.exercisecoach.com/,,,,,,,,https://exercisecoach.com,exercisecoach.com
The Perfect Workout,,https://www.theperfectworkout.com/studio-locations/centreville-va/?utm_source=gmb&utm_medium=profile,,,,,,,,https://theperfectworkout.com,theperfectworkout.com
Unleash’d Strength Gym,,http://www.unleashdstrength.com/,,,,,,,,https://unleashdstrength.com,unleashdstrength.com
Orangetheory Fitness,,https://www.orangetheory.com/en-us/locations/centreville-virginia-1124?utm_medium=seo&utm_source=gg&utm_term=corporate&utm_campaign=soci,,,,,,,,https://orangetheory.com,orangetheory.com
BFitness Personal Training,,http://www.bfitnessfairfax.com/,,,,,,,,https://bfitnessfairfax.com,bfitnessfairfax.com
Cardinal CrossFit,,https://www.cardinalcrossfit.com/,,,,,,,,https://cardinalcrossfit.com,cardinalcrossfit.com
Planet Fitness,,https://www.planetfitness.com/gyms/centreville-va?utm_medium=organic&utm_source=extnet,,,,,,,,https://planetfitness.com,planetfitness.com
EveryMom Fitness,,https://everymomfitness.com/,,,,,,,,https://everymomfitness.com,everymomfitness.com
Burn Boot Camp,,https://locations.burnbootcamp.com/locations/westfields-va/?utm_source=gmb&utm_medium=listings,,,,,,,,https://locations.burnbootcamp.com,locations.burnbootcamp.com
Onelife Fitness Manassas,,https://www.onelifefitness.com/gyms/manassas,,,,,,,,https://onelifefitness.com,onelifefitness.com
INERGY Kelly's Bootcamp,,http://kellysbootcamp.net/,,,,,,,,https://kellysbootcamp.net,kellysbootcamp.net
Sully Station KinderCare,,https://www.kindercare.com/our-centers/centreville/va/000740?utm_campaign=kc-lg&utm_source=yext&utm_medium=pro&utm_keyword=&utm_platform=&utm_matchtype=&utm_adgroupid=&utm_content=gmb&y_source=1_NTA2OTMyLTcxNS1sb2NhdGlvbi53ZWJzaXRl,,,,,,,,https://kindercare.com,kindercare.com
Vint Hill Strength and Performance,,http://www.vhstrength.com/,,,,,,,,https://vhstrength.com,vhstrength.com
CrossFit Fairfax,,http://www.crossfitfairfax.com/,,,,,,,,https://crossfitfairfax.com,crossfitfairfax.com
CrossFit Tysons Corner,,https://www.crossfittysonscorner.com/,,,,,,,,https://crossfittysonscorner.com,crossfittysonscorner.com
"CrossFit Mill Street - ""The Mill""",,http://crossfitmillstreet.com/,,,,,,,,https://crossfitmillstreet.com,crossfitmillstreet.com
CrossFit Verity,,https://verity.training/,,,,,,,,https://verity.training,verity.training
Crossfit Kingstowne,,http://www.crossfitkingstowne.com/,,,,,,,,https://crossfitkingstowne.com,crossfitkingstowne.com
CrossFit Burke,,http://www.crossfitburke.com/,,,,,,,,https://crossfitburke.com,crossfitburke.com
Crossfit Lorton,,http://www.cflorton.com/,,,,,,,,https://cflorton.com,cflorton.com
CrossFit MVA,,http://www.crossfitmva.com/,,,,,,,,https://crossfitmva.com,crossfitmva.com
New Day CrossFit,,https://newdaycrossfit.com/,,,,,,,,https://newdaycrossfit.com,newdaycrossfit.com
Warrenton Functional Fitness / CrossFit Warrenton,,http://www.warrentonfunctionalfitness.com/,,,,,,,,https://warrentonfunctionalfitness.com,warrentonfunctionalfitness.com
CrossFit Reston,,http://www.crossfitreston.com/,,,,,,,,https://crossfitreston.com,crossfitreston.com
Old Town Athletic Campus,,http://otacfitness.com/,,,,,,,,https://otacfitness.com,otacfitness.com
Trident Athletics,,https://tridentathleticsva.com/?utm_source=google&utm_medium=organic&utm_campaign=maps,,,,,,,,https://tridentathleticsva.com,tridentathleticsva.com
Bull Run CrossFit,,https://www.raisethebar.us/bullruncrossfit,,,,,,,,https://raisethebar.us,raisethebar.us
BattleGrounds Fitness,,http://www.battlegroundsfit.com/,,,,,,,,https://battlegroundsfit.com,battlegroundsfit.com
3xF Fishersville,,https://3xf.fitness/,,,,,,,,https://3xf.fitness,3xf.fitness
CrossFit Adaptation,,http://www.crossfitadaptation.com/,,,,,,,,https://crossfitadaptation.com,crossfitadaptation.com
The Shop Gym,,http://www.theshopgym.com/,,,,,,,,https://theshopgym.com,theshopgym.com
CrossFit Woodbridge,,http://www.crossfitwoodbridge.com/,,,,,,,,https://crossfitwoodbridge.com,crossfitwoodbridge.com
CrossFit Forward,,http://www.crossfitforward.com/,,,,,,,,https://crossfitforward.com,crossfitforward.com
CrossFit Vicerant,,http://www.cfvicerant.com/,,,,,,,,https://cfvicerant.com,cfvicerant.com
Align Athletics | CrossFit Thrive,,http://www.alignathletics.com/,,,,,,,,https://alignathletics.com,alignathletics.com
KidStrong West End,,http://westend.kidstrong.com/,,,,,,,,https://westend.kidstrong.com,westend.kidstrong.com
Epic Athletic Center,,http://www.epicathleticcenter.com/,,,,,,,,https://epicathleticcenter.com,epicathleticcenter.com
Omni Wellness & Performance,,https://www.omniwellnessperformance.com/,,,,,,,,https://omniwellnessperformance.com,omniwellnessperformance.com
N2AthleteX Performance Training,,http://n2athletex.com/,,,,,,,,https://n2athletex.com,n2athletex.com
Power Train Sports & Fitness,,https://www.powertrainsports.com/locations/dulles-va/,,,,,,,,https://powertrainsports.com,powertrainsports.com
Direct Performance Physical Therapy + Sports Performance,,http://directperformancept.com/,,,,,,,,https://directperformancept.com,directperformancept.com
McLean Community Center,,http://www.mcleancenter.org/,,,,,,,,https://mcleancenter.org,mcleancenter.org
Virginian Rehabilitation & Wellness,,https://www.vaoptherapy.org/,,,,,,,,https://vaoptherapy.org,vaoptherapy.org
Club Pilates,,https://www.clubpilates.com/fairlakes/?utm_source=google.com&utm_medium=referral&utm_campaign=yext,,,,,,,,https://clubpilates.com,clubpilates.com
Primus Physical Therapy,,http://www.primuspt.com/,,,,,,,,https://primuspt.com,primuspt.com
FYZICAL Therapy and Balance Centers Heathcote,,https://www.fyzical.com/heathcote-va,,,,,,,,https://fyzical.com,fyzical.com
DivaFit Pole and Aerial Fitness,,http://www.divafit.online/,,,,,,,,https://divafit.online,divafit.online
Balanced Bodies Pilates Studio,,http://www.bbodies.com/,,,,,,,,https://bbodies.com,bbodies.com
Falls Church Wellness Center,,http://fallschurchwellness.com/,,,,,,,,https://fallschurchwellness.com,fallschurchwellness.com
DhyanYoga Meditation Center,,https://www.dhyanyogamc.org/,,,,,,,,https://dhyanyogamc.org,dhyanyogamc.org
CORE Personal Training and Pilates Studio,,http://www.coreptpilates.com/,,,,,,,,https://coreptpilates.com,coreptpilates.com
"The Jackson Clinics, Physical Therapy",,https://thejacksonclinics.com/location/centreville/,,,,,,,,https://thejacksonclinics.com,thejacksonclinics.com
RVA ATHLETES,,http://rvaathletes.com/,,,,,,,,https://rvaathletes.com,rvaathletes.com
Rainbow Child Development Center,,http://rainbowcdc.net/,,,,,,,,https://rainbowcdc.net,rainbowcdc.net
Foundation Academy Sports,,https://www.foundationacademysports.com/,,,,,,,,https://foundationacademysports.com,foundationacademysports.com
Syntax Technologies,,http://syntaxtechs.com/,,,,,,,,https://syntaxtechs.com,syntaxtechs.com
ADAPT Sports Performance,,https://trainatadapt.com/,,,,,,,,https://trainatadapt.com,trainatadapt.com
Grass Roots Fitness,,https://grassrootsfitness.org/,,,,,,,,https://grassrootsfitness.org,grassrootsfitness.org
C.E.R.T.,,http://www.gogetcertified.com/,,,,,,,,https://gogetcertified.com,gogetcertified.com
Resurgent Sports Rehab,,https://www.resurgentsports.com/,,,,,,,,https://resurgentsports.com,resurgentsports.com
Advanced Kinetics Physical Therapy and Sports Performance,,https://advancedkinetics.com/,,,,,,,,https://advancedkinetics.com,advancedkinetics.com
Loudoun Sports Therapy Center,,https://loudounsportstherapy.com/,,,,,,,,https://loudounsportstherapy.com,loudounsportstherapy.com
Elite Sports Medicine and Physical Therapy,,http://www.esmpt.com/,,,,,,,,https://esmpt.com,esmpt.com
Progressive Pediatric Therapy,,https://www.progressivepediatrics.net/,,,,,,,,https://progressivepediatrics.net,progressivepediatrics.net
"Town Center Orthopaedics - Centreville, VA",,https://www.towncenterortho.com/,,,,,,,,https://towncenterortho.com,towncenterortho.com
Ivy Rehab for Kids,,https://ivyrehab.com/physical-therapy-location/chantilly-kids-va/?utm_source=GMB&utm_medium=organic&utm_campaign=google-business,,,,,,,,https://ivyrehab.com,ivyrehab.com
MMA and Sports Rehab,,https://rehabmma.com/physical-therapy-clinic/arlington-va/,,,,,,,,https://rehabmma.com,rehabmma.com
Virginia Health & Safety Institute - CPR & First Aid Training,,http://www.vahsi.org/,,,,,,,,https://vahsi.org,vahsi.org
Haymarket Physical Therapy - Gainesville,,https://haymarketpt.com/physical-therapy-clinic/gainesville-va/,,,,,,,,https://haymarketpt.com,haymarketpt.com
MovementX — Physical Therapy in Arlington,,https://movement-x.com/virginia/?utm_campaign=northern-virginia-gmb&utm_medium=organic&utm_source=gmb,,,,,,,,https://movement-x.com,movement-x.com
Virtual Physio - Loudoun / Fairfax County,,http://www.virtualphysio.net/,,,,,,,,https://virtualphysio.net,virtualphysio.net
Achieve Beyond Autism Services - Fairfax,,https://www.achievebeyondusa.com/?utm_source=gmb_Fairfax&utm_medium=organic,,,,,,,,https://achievebeyondusa.com,achievebeyondusa.com
Movement is Medicine Physical Therapy and Sports Performance,,https://www.movementismedicinept.com/,,,,,,,,https://movementismedicinept.com,movementismedicinept.com
Recharge Sports Injury Center,,http://rechargesportsinjury.com/,,,,,,,,https://rechargesportsinjury.com,rechargesportsinjury.com
"HopeSpring Child & Family Clinic, LLC",,http://hopespringchildandfamily.com/,,,,,,,,https://hopespringchildandfamily.com,hopespringchildandfamily.com
Brittingham-Midtown Community Center,,https://nnparksandrec.org/directory-facilities/listing/brittingham-midtown-community-center/,,,,,,,,https://nnparksandrec.org,nnparksandrec.org
Sleepy Hollow Recreation Association,,http://www.shrasharks.org/,,,,,,,,https://shrasharks.org,shrasharks.org
Kempsville Recreation Center,,https://parks.virginiabeach.gov/rec-centers/kempsville,,,,,,,,https://parks.virginiabeach.gov,parks.virginiabeach.gov
Play Squash Academy,,https://playsquashacademy.com/,,,,,,,,https://playsquashacademy.com,playsquashacademy.com
Worldgate Athletic Club,,https://www.worldgateathleticclubandspa.com/?utm_source=googlebusinessprofile&utm_medium=gbpinfo&utm_campaign=GMBG,,,,,,,,https://worldgateathleticclubandspa.com,worldgateathleticclubandspa.com
Ashburn Village Sports Pavilion,,https://ashburnvillagesportspavilion.com/,,,,,,,,https://ashburnvillagesportspavilion.com,ashburnvillagesportspavilion.com
McArthur Squash Center,,https://www.boarsheadresort.com/sports-club/squash,,,,,,,,https://boarsheadresort.com,boarsheadresort.com
Skills by Gymnastics World,,https://skillsbygymnasticsworld.com/,,,,,,,,https://skillsbygymnasticsworld.com,skillsbygymnasticsworld.com
Karter School of South Riding,,https://karterschools.com/south-riding/,,,,,,,,https://karterschools.com,karterschools.com
Urban Boxing Arlington,,http://www.urbanboxingarlington.com/,,,,,,,,https://urbanboxingarlington.com,urbanboxingarlington.com
Rachanon Boxing,,http://www.rachanonboxing.com/,,,,,,,,https://rachanonboxing.com,rachanonboxing.com
METHOD BOXING,,http://www.methodboxing.net/,,,,,,,,https://methodboxing.net,methodboxing.net
STB Training Center,,http://stbtrainingcenter.com/?utm_source=Local&utm_medium=GoogleMaps&utm_campaign=GMB,,,,,,,,https://stbtrainingcenter.com,stbtrainingcenter.com
Tysons City Boxing,,https://www.tysonsboxing.com/,,,,,,,,https://tysonsboxing.com,tysonsboxing.com
TITLE Boxing Club Fairfax,,https://titleboxingclub.com/fairfax-va/,,,,,,,,https://titleboxingclub.com,titleboxingclub.com
BK Kickboxing,,https://bkkickboxing.com/,,,,,,,,https://bkkickboxing.com,bkkickboxing.com
"STRIKELAB – Falls Church, VA",,https://www.strikelabfitness.com/,,,,,,,,https://strikelabfitness.com,strikelabfitness.com
Lotus Thai Boxing,,http://www.lotusthaiboxing.com/,,,,,,,,https://lotusthaiboxing.com,lotusthaiboxing.com
BASH Boxing Rosslyn,,https://bash-boxing.com/,,,,,,,,https://bash-boxing.com,bash-boxing.com
Jabs Boxing and Fitness,,https://jabsboxingandfitness.com/,,,,,,,,https://jabsboxingandfitness.com,jabsboxingandfitness.com
Teddy's Fitness Boxing,,http://www.teddysfitnessboxing.com/,,,,,,,,https://teddysfitnessboxing.com,teddysfitnessboxing.com
Ultimate Fitness Boxing,,https://ultimatefitnessva.com/,,,,,,,,https://ultimatefitnessva.com,ultimatefitnessva.com
Z's Boxing Gym,,http://www.zboxinggym.com/,,,,,,,,https://zboxinggym.com,zboxinggym.com
Man of War Boxing and Fitness Academy,,http://www.manofwarboxing.com/,,,,,,,,https://manofwarboxing.com,manofwarboxing.com
9Round Kickboxing Fitness,,https://www.9round.com/SowderVillageSquareManassasVA,,,,,,,,https://9round.com,9round.com
C4 Boxing Club,,http://www.c4boxingclub.org/,,,,,,,,https://c4boxingclub.org,c4boxingclub.org
Rumble Boxing,,https://www.rumbleboxinggym.com/location/falls-church?utm_source=google&utm_medium=referral&utm_campaign=yext&utm_term=organic,,,,,,,,https://rumbleboxinggym.com,rumbleboxinggym.com
Washington Cricket Academy in Northern VA,,http://www.washingtoncricketacademy.com/,,,,,,,,https://washingtoncricketacademy.com,washingtoncricketacademy.com
Future Stars School of Cricket,,https://www.futurestarscricket.com/,,,,,,,,https://futurestarscricket.com,futurestarscricket.com
Wicket Club,,http://www.wicketclub.com/,,,,,,,,https://wicketclub.com,wicketclub.com
Scanlan Wrestling Academy,,http://www.scanlanwrestling.com/,,,,,,,,https://scanlanwrestling.com,scanlanwrestling.com
Legend Wrestling Club,,http://legendwrestling.org/,,,,,,,,https://legendwrestling.org,legendwrestling.org
Force Wrestling Club,,https://forcewrestlingclub.com/,,,,,,,,https://forcewrestlingclub.com,forcewrestlingclub.com
Northern Virginia Wrestling Club,,https://novawc.org/contact-us/,,,,,,,,https://novawc.org,novawc.org
Mat Sharks Wrestling Club,,http://matsharkswrestling.com/documents-files/,,,,,,,,https://matsharkswrestling.com,matsharkswrestling.com
Atwell Trained Wrestling,,http://atwelltrained.com/,,,,,,,,https://atwelltrained.com,atwelltrained.com
Ranger Wrestling Club,,http://rangerwrestlingclub.com/,,,,,,,,https://rangerwrestlingclub.com,rangerwrestlingclub.com
Palm Wrestling Academy,,https://www.palmwrestling.com/,,,,,,,,https://palmwrestling.com,palmwrestling.com
Twisted Joker Wrestling,,http://twistedjokerwrestling.com/,,,,,,,,https://twistedjokerwrestling.com,twistedjokerwrestling.com
Highlands Wrestling Club,,http://highlandswrestling.com/,,,,,,,,https://highlandswrestling.com,highlandswrestling.com
Great Neck Wrestling Club,,http://greatneckwrestlingclub.com/,,,,,,,,https://greatneckwrestlingclub.com,greatneckwrestlingclub.com
Culpeper Warriors Wrestling Club,,http://www.culpeperwarriors.com/,,,,,,,,https://culpeperwarriors.com,culpeperwarriors.com
Norview Wrestling Club,,http://www.norviewwrestlingclub.com/,,,,,,,,https://norviewwrestlingclub.com,norviewwrestlingclub.com
Smithfield Youth Wrestling,,http://www.smithfieldyouthwrestling.com/,,,,,,,,https://smithfieldyouthwrestling.com,smithfieldyouthwrestling.com
VA Team Predator,,http://www.vateampredator.com/,,,,,,,,https://vateampredator.com,vateampredator.com
Hanover Hawkeye Youth Wrestling Club,,http://www.hanoverhawkeye.com/contact-us,,,,,,,,https://hanoverhawkeye.com,hanoverhawkeye.com
Midlothian Miners Wrestling Club,,http://www.midlothianminerswrestlingclub.org/contact_us,,,,,,,,https://midlothianminerswrestlingclub.org,midlothianminerswrestlingclub.org
Prince William Wrestling Club,,http://princewilliamwrestlingclub.com/,,,,,,,,https://princewilliamwrestlingclub.com,princewilliamwrestlingclub.com
Shenandoah Valley Wrestling Club,,https://www.svwcinc.com/,,,,,,,,https://svwcinc.com,svwcinc.com
Jaskaran Malhotra Cricket Academy (JMCA),,https://jmcricket.com/,,,,,,,,https://jmcricket.com,jmcricket.com
SOCA Virginia (SuperOver Cricket Academy),,https://superover.co/,,,,,,,,https://superover.co,superover.co
Rajasthan Royals Academy Washington,,http://www.rrawashington.com/,,,,,,,,https://rrawashington.com,rrawashington.com
Haven Grappling Academy,,https://havengrappling.com/,,,,,,,,https://havengrappling.com,havengrappling.com
Phantom Jiu Jitsu Academy,,http://phantomjj.com/,,,,,,,,https://phantomjj.com,phantomjj.com
Battlefield Jiu JItsu,,http://www.battlefieldjiujitsu.com/,,,,,,,,https://battlefieldjiujitsu.com,battlefieldjiujitsu.com
Abmar Barbosa Jiu Jitsu Academy,,http://abmarbjjacademy.com/,,,,,,,,https://abmarbjjacademy.com,abmarbjjacademy.com
Fourth Dimension Jiu Jitsu,,https://www.4djiujitsu.com/,,,,,,,,https://4djiujitsu.com,4djiujitsu.com
SHC BJJ NOVA,,https://shcbjjnova.com/,,,,,,,,https://shcbjjnova.com,shcbjjnova.com
"Forge Jiu Jitsu - Danville, VA",,https://forgebjjva.com/,,,,,,,,https://forgebjjva.com,forgebjjva.com
Diego Bispo Academy,,http://diegobispoacademy.com/,,,,,,,,https://diegobispoacademy.com,diegobispoacademy.com
Beulah Recreation Center,,https://www.chesterfield.gov/Facilities/Facility/Details/Beulah-Recreation-Center-408,,,,,,,,https://chesterfield.gov,chesterfield.gov
Monster Mini Golf Chantilly,,https://monsterminigolf.com/locations/us/va/chantilly/,,,,,,,,https://monsterminigolf.com,monsterminigolf.com
Billy Beez Manassas Mall,,https://billybeezus.com/,,,,,,,,https://billybeezus.com,billybeezus.com
Play The Par Social Club,,https://ptpsocialclub.com/,,,,,,,,https://ptpsocialclub.com,ptpsocialclub.com
PetSmart,,https://www.petsmart.com/stores/us/va/chantilly-store1484.html?utm_source=google&utm_medium=organic&utm_campaign=google-my-business,,,,,,,,https://petsmart.com,petsmart.com
Evergreen Community Church,,http://www.evergreen.org/,,,,,,,,https://evergreen.org,evergreen.org
Just Birdies,,http://www.justbirdiesgolf.com/,,,,,,,,https://justbirdiesgolf.com,justbirdiesgolf.com
Galaxy Strikes Bowling Center,,http://galaxystrikes.com/,,,,,,,,https://galaxystrikes.com,galaxystrikes.com
William Ramsay Recreation Center,,https://www.alexandriava.gov/recreation-centers/william-ramsay-recreation-center,,,,,,,,https://alexandriava.gov,alexandriava.gov
GCA Sports Complex,,https://www.gcasportscomplex.com/,,,,,,,,https://gcasportscomplex.com,gcasportscomplex.com
Boy's & Girl's Club: Greater Hampton Roads Unit,,http://www.bagclub.com,,,,,,,,https://bagclub.com,bagclub.com
ACTSports,,https://playactsports.com/,,,,,,,,https://playactsports.com,playactsports.com
Horizons Edge Sports Campus,,https://horizonsedgeva.com/,,,,,,,,https://horizonsedgeva.com,horizonsedgeva.com
Bethia United Methodist Church,,https://www.bethiaumc.org/,,,,,,,,https://bethiaumc.org,bethiaumc.org
Waynesboro Family YMCA,,https://ymcawaynesboro.org/,,,,,,,,https://ymcawaynesboro.org,ymcawaynesboro.org
Charlottesville Sports & Social Club,,http://www.cvillesocial.com/,,,,,,,,https://cvillesocial.com,cvillesocial.com
Camp Piankatank,,https://www.camppiankatank.com/,,,,,,,,https://camppiankatank.com,camppiankatank.com
Wilderness Adventure at Eagle Landing Summer Camp and Retreat Center,,https://wilderness-adventure.com/?utm_source=google&utm_medium=gmb&utm_campaign=gmb,,,,,,,,https://wilderness-adventure.com,wilderness-adventure.com
Winchester Sportsplex,,https://vaaclubs.squarespace.com/home,,,,,,,,https://vaaclubs.squarespace.com,vaaclubs.squarespace.com
Camp Kids Place,,http://campkidsplace.com/,,,,,,,,https://campkidsplace.com,campkidsplace.com
Fairfax's BEST After-School and Summer Camp,,http://www.fairfaxafterschool.com/,,,,,,,,https://fairfaxafterschool.com,fairfaxafterschool.com
David's Soccer Academy,,https://davidssocceracademy.com/,,,,,,,,https://davidssocceracademy.com,davidssocceracademy.com
AC Milan Academy Virginia,,https://www.acmilanacademyvirginia.com/?utm_source=google&utm_medium=wix_google_business_profile&utm_campaign=768190114242103656,,,,,,,,https://acmilanacademyvirginia.com,acmilanacademyvirginia.com
HR SportspleX,,https://www.hrsportsplex.com/,,,,,,,,https://hrsportsplex.com,hrsportsplex.com
Gillion Academy School,,https://www.thegillionacademy.org/,,,,,,,,https://thegillionacademy.org,thegillionacademy.org
Unique Hoops Basketball Academy,,https://www.uniquehoops.com/,,,,,,,,https://uniquehoops.com,uniquehoops.com
Norfolk Baseball Academy,,http://www.norfolkbaseballacademy.com/,,,,,,,,https://norfolkbaseballacademy.com,norfolkbaseballacademy.com
Gregg Ritchie Baseball Camps,,https://gwbaseball.totalcamps.com/shop/EVENT,,,,,,,,https://gwbaseball.totalcamps.com,gwbaseball.totalcamps.com
Xvelo Training,,https://www.xvelotraining.com/,,,,,,,,https://xvelotraining.com,xvelotraining.com
FCCWO Sportsplex,,http://www.fccwosportsplex.com/,,,,,,,,https://fccwosportsplex.com,fccwosportsplex.com
Capitol Martial Arts Academy,,http://capitolma.com/,,,,,,,,https://capitolma.com,capitolma.com
"Master Lee's Martial Arts - After School, Summer Camp",,http://gomasterlee.com/,,,,,,,,https://gomasterlee.com,gomasterlee.com
K2 Martial Arts Academy LLC,,https://k2maa.com/,,,,,,,,https://k2maa.com,k2maa.com
Piranha MMA | Caio Terra Jiu Jitsu Academy - Sterling,,https://www.bjjvirginia.com/,,,,,,,,https://bjjvirginia.com,bjjvirginia.com
Elite Action Martial Arts & Before / After School,,https://www.eliteactionusa.com/,,,,,,,,https://eliteactionusa.com,eliteactionusa.com
"Lead By Example Tae Kwon Do, After School Program & Camps GREAT FALLS",,http://www.leadbyexamplegreatfalls.com/,,,,,,,,https://leadbyexamplegreatfalls.com,leadbyexamplegreatfalls.com
US Wushu Academy,,http://www.uswushuacademy.com/,,,,,,,,https://uswushuacademy.com,uswushuacademy.com
Elite Training Academy Kung Fu,,http://www.etakungfu.com/,,,,,,,,https://etakungfu.com,etakungfu.com
Blue Ridge Martial Arts Academy,,http://www.blueridgema.com/,,,,,,,,https://blueridgema.com,blueridgema.com
Triple T Sports Center,,http://www.tripletsportscenter.com/,,,,,,,,https://tripletsportscenter.com,tripletsportscenter.com
FIRENIX MARTIAL ARTS ACADEMY LLC,,https://firenixmaa.com/,,,,,,,,https://firenixmaa.com,firenixmaa.com
EvolveAll - Martial Arts and Training Studio,,https://evolveall.com/,,,,,,,,https://evolveall.com,evolveall.com
Vertex Labs Academy - Ninja Warrior and STEM Northern Virginia,,http://vla.ninja/,,,,,,,,https://vla.ninja,vla.ninja
Adriana Dinu Tennis Academy,,https://www.adrianadinutennisacademy.com/,,,,,,,,https://adrianadinutennisacademy.com,adrianadinutennisacademy.com
Zee Sports International Inc.,,http://www.zeesports.co/,,,,,,,,https://zeesports.co,zeesports.co
FastBreak Lacrosse Camps at the University of Virginia,,https://www.fastbreaklacrossecamp.com/,,,,,,,,https://fastbreaklacrossecamp.com,fastbreaklacrossecamp.com
"Cutaway Bike Camp, LLC.",,http://cutawaybikecamp.org/,,,,,,,,https://cutawaybikecamp.org,cutawaybikecamp.org
Bull Dawg Athletic Training and Physical Therapy,,http://www.bulldawgtraining.com/,,,,,,,,https://bulldawgtraining.com,bulldawgtraining.com
emPOWER kids,,http://www.empower-kids.com/,,,,,,,,https://empower-kids.com,empower-kids.com
Safe Driving Academy,,http://www.safedrivingacademy.net/?utm_source=google&utm_medium=organic&utm_campaign=Google%20Maps,,,,,,,,https://safedrivingacademy.net,safedrivingacademy.net
DC Dirt Camp,,http://www.dcdirtcamp.com/,,,,,,,,https://dcdirtcamp.com,dcdirtcamp.com
Five Star Services Motorcycle Academy,,http://www.5starservices.us/,,,,,,,,https://5starservices.us,5starservices.us
Motorcycle Safety Training Center,,http://www.mstc-ride.com/,,,,,,,,https://mstc-ride.com,mstc-ride.com
F45 Training Fairfax Corner,,https://f45training.com/studio/fairfaxcorner/,,,,,,,,https://f45training.com,f45training.com
The Worx by Maia Fitness,,http://www.theworxbymaia.com/,,,,,,,,https://theworxbymaia.com,theworxbymaia.com
"Sequoia Health & Fitness, Inc.",,http://www.sequoiahealth.com/,,,,,,,,https://sequoiahealth.com,sequoiahealth.com
CH Fitness & Performance,,https://www.chfitnessandperformance.com/,,,,,,,,https://chfitnessandperformance.com,chfitnessandperformance.com
Foundation Fitness of Fairfax,,http://foundfitpt.com/fairfax-va/,,,,,,,,https://foundfitpt.com,foundfitpt.com
eXurb Fitness,,http://exurbfitness.com/,,,,,,,,https://exurbfitness.com,exurbfitness.com
D1 Training Alexandria,,https://www.d1training.com/alexandria/,,,,,,,,https://d1training.com,d1training.com
E60 Fitness,,https://www.e60fitness.com/,,,,,,,,https://e60fitness.com,e60fitness.com
HUSTLE Athletic Academy,,https://www.hustleaa.com/,,,,,,,,https://hustleaa.com,hustleaa.com
PATH Recreation & Fitness Center,,https://pathrecreationandfitnesscenter.org/,,,,,,,,https://pathrecreationandfitnesscenter.org,pathrecreationandfitnesscenter.org
KidStrong Fairfax,,https://fairfax.kidstrong.com/,,,,,,,,https://fairfax.kidstrong.com,fairfax.kidstrong.com
Solutions Physical Therapy & Sports Medicine,,https://solutionsphysicaltherapy.com/physical-therapy-clinic/springfield-va/,,,,,,,,https://solutionsphysicaltherapy.com,solutionsphysicaltherapy.com
Sports Medicine Program,,https://www.chkd.org/Our-Services/Specialty-Care-and-Programs/Sports-Medicine-Program/,,,,,,,,https://chkd.org,chkd.org
Peninsula Boxing Academy,,https://thepeninsulaboxingacademy.com/,,,,,,,,https://thepeninsulaboxingacademy.com,thepeninsulaboxingacademy.com
Judah Pride Academy Of Boxing,,https://judahprideaob.com/,,,,,,,,https://judahprideaob.com,judahprideaob.com
Fairfax Collegiate Chantilly Campus,,http://www.fairfaxcollegiate.com/chantilly,,,,,,,,https://fairfaxcollegiate.com,fairfaxcollegiate.com
Golden Ball Soccer Academy,,https://www.goldenballsocceracademy.com/,,,,,,,,https://goldenballsocceracademy.com,goldenballsocceracademy.com
Breakthrough Basketball Camps & Training - Roanoke,,https://www.breakthroughbasketball.com/camps/cities/roanoke-va.html?utm_source=Google&utm_medium=Profile&utm_campaign=Profile_Roanoke,,,,,,,,https://breakthroughbasketball.com,breakthroughbasketball.com
Excel Basketball Academy,,https://www.excelbasketballacademy.com/contact,,,,,,,,https://excelbasketballacademy.com,excelbasketballacademy.com
Lion Heart Sports Club,,https://www.lionheartsportsclub.com/,,,,,,,,https://lionheartsportsclub.com,lionheartsportsclub.com
Sampson Basketball Academy,,http://ralphsampsonbasketball.com/,,,,,,,,https://ralphsampsonbasketball.com,ralphsampsonbasketball.com
Powerhouse Sports Training Facility,,https://www.powerhousestf.com/,,,,,,,,https://powerhousestf.com,powerhousestf.com
Kobukan Martial Arts Academy,,http://www.kmadojo.org/,,,,,,,,https://kmadojo.org,kmadojo.org
The Capitol Symphonic Youth Orchestras,,https://www.tcsyo.org/,,,,,,,,https://tcsyo.org,tcsyo.org
Thomas Jefferson Community Center,,https://parks.arlingtonva.us/locations/thomas-jefferson-community-center/,,,,,,,,https://parks.arlingtonva.us,parks.arlingtonva.us
Willowcreek Academy,,https://willowcreekacademy.net/,,,,,,,,https://willowcreekacademy.net,willowcreekacademy.net
Horizons at Hemlock Overlook Regional Park,,http://horizonsathemlock.com/,,,,,,,,https://horizonsathemlock.com,horizonsathemlock.com
St. Stephen's and St. Agnes School Summertimes,,https://www.summertimes.org/,,,,,,,,https://summertimes.org,summertimes.org
Camp Roanoke,,http://www.camproanoke.com/,,,,,,,,https://camproanoke.com,camproanoke.com
The House Student Leadership Center,,http://www.thehouse-inc.com/,,,,,,,,https://thehouse-inc.com,thehouse-inc.com
"Montessori Children's Center - Centreville, VA",,http://www.montessoriccgroup.com/,,,,,,,,https://montessoriccgroup.com,montessoriccgroup.com
Académie Sportif,,https://www.academiesportif.com/locations,,,,,,,,https://academiesportif.com,academiesportif.com
MVP Soccer,,http://mvpsoccer.net/,,,,,,,,https://mvpsoccer.net,mvpsoccer.net
Virginia Rush Soccer Club,,http://varush.com/,,,,,,,,https://varush.com,varush.com
Own Touch,,http://owntouchcentral.com/,,,,,,,,https://owntouchcentral.com,owntouchcentral.com
Sterling Soccer,,http://www.rockvillesoccer.com/,,,,,,,,https://rockvillesoccer.com,rockvillesoccer.com
Basics 1st/5 on 5,,http://www.b5basketball.com/,,,,,,,,https://b5basketball.com,b5basketball.com
Train Like Pros,,http://www.trainlikepros.net/,,,,,,,,https://trainlikepros.net,trainlikepros.net
Farm Sports Performance,,http://thefarmsportsva.com/,,,,,,,,https://thefarmsportsva.com,thefarmsportsva.com
Rip City,,http://ripcityfit.com/,,,,,,,,https://ripcityfit.com,ripcityfit.com
Winchester Royals Baseball,,http://www.winchesterroyals.org/,,,,,,,,https://winchesterroyals.org,winchesterroyals.org
BRYC Softball,,http://www.brycsoftball.org/contact-us,,,,,,,,https://brycsoftball.org,brycsoftball.org
Southern Chesapeake Athletic Association,,http://www.southernchesapeake.com/,,,,,,,,https://southernchesapeake.com,southernchesapeake.com
Woodlawn Little League,,https://www.woodlawnll.org/,,,,,,,,https://woodlawnll.org,woodlawnll.org
Princess Anne Little League,,http://palittleleague.org/,,,,,,,,https://palittleleague.org,palittleleague.org
Bethlehem Little League,,https://www.bethlehemlittleleague.org/,,,,,,,,https://bethlehemlittleleague.org,bethlehemlittleleague.org
McLean Little League,,https://www.mcleanll.com/,,,,,,,,https://mcleanll.com,mcleanll.com
Ocean View Little League,,http://www.ovllva.org/,,,,,,,,https://ovllva.org,ovllva.org
Upper Loudoun Youth Football,,https://www.ulyfl.com/,,,,,,,,https://ulyfl.com,ulyfl.com
D1 Performance LLC,,https://d1performancetraining.com/,,,,,,,,https://d1performancetraining.com,d1performancetraining.com
Vigilance Martial Arts (formerly Martial Arts On The Go),,http://www.martialartsonthego.com/,,,,,,,,https://martialartsonthego.com,martialartsonthego.com
Tidewater Volleyball Association,,http://www.playtva.org/,,,,,,,,https://playtva.org,playtva.org
Arlington Judo Club,,https://www.arlingtonjudoclub.org/membership-and-location/,,,,,,,,https://arlingtonjudoclub.org,arlingtonjudoclub.org
Apex Jiu Jitsu and MMA: Sterling,,https://apexjiujitsusterling.com/,,,,,,,,https://apexjiujitsusterling.com,apexjiujitsusterling.com
International Shotokan Karate Association of Northern Virginia,,http://iska-nova.net/,,,,,,,,https://iska-nova.net,iska-nova.net
World Karate,,https://www.wkfairfax.com/,,,,,,,,https://wkfairfax.com,wkfairfax.com
Virginia Dojo - Alexandria Karate Dojo,,https://www.virginiadojo.com/,,,,,,,,https://virginiadojo.com,virginiadojo.com
Enshin Karate,,http://virginiakarate.com/,,,,,,,,https://virginiakarate.com,virginiakarate.com
Brian Hobson Karate Studio,,https://rymaps.org/business/brian-hobson-karate-studio-e6baov,,,,,,,,https://rymaps.org,rymaps.org
Eagle Tae Kwon Do,,https://eagle-tkd.com/,,,,,,,,https://eagle-tkd.com,eagle-tkd.com
Mason Martial Arts Academy,,http://www.vernonmasonkarate.com/,,,,,,,,https://vernonmasonkarate.com,vernonmasonkarate.com
Martial Arts World Chester,,https://martialartsworldchester.com/,,,,,,,,https://martialartsworldchester.com,martialartsworldchester.com
Yong In Martial Arts Academy,,https://www.yonginacademy.com/,,,,,,,,https://yonginacademy.com,yonginacademy.com
JK TAEKWON SCHOOL,,http://www.jktaekwonschool.com/,,,,,,,,https://jktaekwonschool.com,jktaekwonschool.com
U.S Tae Kwon Do in Fairfax/모든 영광 하나님께!,,http://ustaekwondowebsite.com/,,,,,,,,https://ustaekwondowebsite.com,ustaekwondowebsite.com
Elite M.A. Center - Fairfax,,http://www.emacenter.com/,,,,,,,,https://emacenter.com,emacenter.com
U.S. Tae Kwon Do College,,http://www.ustc7c.com/,,,,,,,,https://ustc7c.com,ustc7c.com
Himchari Martial Arts - Rolling Valley,,http://himcharimartialarts.com/,,,,,,,,https://himcharimartialarts.com,himcharimartialarts.com
Taekwondo Masters,,https://taekwondomasters.com/,,,,,,,,https://taekwondomasters.com,taekwondomasters.com
Sky Eagle TaeKwonDo,,http://www.skyeagletkd.com/,,,,,,,,https://skyeagletkd.com,skyeagletkd.com
O-mei Wushu Kung Fu Center,,http://www.omei-wushu.com/,,,,,,,,https://omei-wushu.com,omei-wushu.com
Reborn Martial Arts,,http://www.rebornmartialarts.com/,,,,,,,,https://rebornmartialarts.com,rebornmartialarts.com
Endeavor Martial Arts Center,,https://endeavorclarendon.com/,,,,,,,,https://endeavorclarendon.com,endeavorclarendon.com
Savior Martial Arts North Suffolk,,http://www.saviormartialarts.org/,,,,,,,,https://saviormartialarts.org,saviormartialarts.org
"KOA Martial Arts (BJJ, Muay Thai, & MMA)",,http://www.staffordbjj.com/,,,,,,,,https://staffordbjj.com,staffordbjj.com
Modern American Mixed Martial Arts,,https://www.modernamericanmma.net/,,,,,,,,https://modernamericanmma.net,modernamericanmma.net
Shadow Combatives & Self-Defense,,http://www.shadowselfdefense.com/,,,,,,,,https://shadowselfdefense.com,shadowselfdefense.com
Krav Maga Northern Virginia,,https://martialartskravmaga.com/,,,,,,,,https://martialartskravmaga.com,martialartskravmaga.com
All Star Rhythmic,,http://www.allstarrhythmic.com/,,,,,,,,https://allstarrhythmic.com,allstarrhythmic.com
World Class Gymnastics Too,,https://www.worldclassgym.com/suffolk-location,,,,,,,,https://worldclassgym.com,worldclassgym.com
Monarca in Flight,,http://www.monarcainflight.com/,,,,,,,,https://monarcainflight.com,monarcainflight.com
Aerial Candy,,https://www.aerialcandyfit.com/,,,,,,,,https://aerialcandyfit.com,aerialcandyfit.com
Tidal Wave Athletics,,http://www.tidalwaveathletics.com/,,,,,,,,https://tidalwaveathletics.com,tidalwaveathletics.com
All Star Legacy,,https://frontroyal1.wixsite.com/allstarlegacy,,,,,,,,https://frontroyal1.wixsite.com,frontroyal1.wixsite.com
Commonwealth Swim Club,,https://www.commonwealthswimclub.org/,,,,,,,,https://commonwealthswimclub.org,commonwealthswimclub.org
Lakeview Swim Club,,http://www.lakeviewmarlins.com/,,,,,,,,https://lakeviewmarlins.com,lakeviewmarlins.com
Hunt Valley Swim Club,,http://huntvalleyswimclub.org/,,,,,,,,https://huntvalleyswimclub.org,huntvalleyswimclub.org
Quest Swimming,,http://www.questswimming.com/,,,,,,,,https://questswimming.com,questswimming.com
Dunn Loring Swim Club​,,http://dlsc.net/,,,,,,,,https://dlsc.net,dlsc.net
Vienna Aquatic Club,,https://www.vacpool.org/,,,,,,,,https://vacpool.org,vacpool.org
Manchester Family YMCA,,https://www.ymcarichmond.org/locations/manchester-family-ymca,,,,,,,,https://ymcarichmond.org,ymcarichmond.org
Fairfax Swimming Pool,,http://www.fairfaxpool.com/,,,,,,,,https://fairfaxpool.com,fairfaxpool.com
Springfield Swimming Club,,https://www.swimspringfield.org/,,,,,,,,https://swimspringfield.org,swimspringfield.org
Kings Ridge Swim Club,,http://krswim.org,,,,,,,,https://krswim.org,krswim.org
Portsmouth YMCA,,https://www.ymcashr.org/locations/ymca-portsmouth?type=ymca,,,,,,,,https://ymcashr.org,ymcashr.org
North Springfield Swim Club,,http://www.ns-sc.org/,,,,,,,,https://ns-sc.org,ns-sc.org
Machine Performance Center,,http://www.machineperformancecenter.com/,,,,,,,,https://machineperformancecenter.com,machineperformancecenter.com
Yorktown Aquatics Center,,https://www.apsva.us/aquatics/aps-pools/,,,,,,,,https://apsva.us,apsva.us
Green Ridge Recreation Center,,https://roanokecountyparks.com/168/Green-Ridge,,,,,,,,https://roanokecountyparks.com,roanokecountyparks.com
Montclair Tennis Club,,https://www.montclairtennisclub.com/,,,,,,,,https://montclairtennisclub.com,montclairtennisclub.com
Mantua Hills Swim Club,,http://www.mantuastc.org/,,,,,,,,https://mantuastc.org,mantuastc.org
Rolling Valley Swim and Tennis Club,,https://rvstc.org/,,,,,,,,https://rvstc.org,rvstc.org
"Poplar Heights Recreation Association, a swim and tennis club",,https://poplarheights.org/,,,,,,,,https://poplarheights.org,poplarheights.org
Reston Tennis,,https://www.reston.org/215/Reston-Tennis,,,,,,,,https://reston.org,reston.org
McCormack-Nagelsen Tennis Center at William & Mary,,https://williamsburgtenniscenter.com/contact/,,,,,,,,https://williamsburgtenniscenter.com,williamsburgtenniscenter.com
Chesterbrook Swim & Tennis Club,,http://chesterbrookclub.com/,,,,,,,,https://chesterbrookclub.com,chesterbrookclub.com
Sun Tennis Center Inc.,,https://www.suntenniscenter.com/,,,,,,,,https://suntenniscenter.com,suntenniscenter.com
Folkes / Stevens Indoor Tennis Center,,http://www.playtennisodu.com/,,,,,,,,https://playtennisodu.com,playtennisodu.com
Midlothian Tennis Club,,http://www.midlothiantennis.com/,,,,,,,,https://midlothiantennis.com,midlothiantennis.com
Pickleball Virginia Beach,,http://www.pickleballvb.com/,,,,,,,,https://pickleballvb.com,pickleballvb.com
Northern Virginia Athletic Club (NOVAAC),,http://novaac.com/,,,,,,,,https://novaac.com,novaac.com
Road Runner Sports,,https://stores.roadrunnersports.com/va/fallschurch/running-shoe-store-703.html?utm_source=google&utm_medium=organic&utm_campaign=gmb&utm_term=703,,,,,,,,https://stores.roadrunnersports.com,stores.roadrunnersports.com
Road Runners Club of America,,http://www.rrca.org/,,,,,,,,https://rrca.org,rrca.org
Compass Homeschool Enrichment,,https://www.compassclasses.com/,,,,,,,,https://compassclasses.com,compassclasses.com
Fun With Canvas,,http://www.funwithcanvas.com/,,,,,,,,https://funwithcanvas.com,funwithcanvas.com
"Aiga Performance, Inc.",,http://www.aigaperformance.com/,,,,,,,,https://aigaperformance.com,aigaperformance.com
Elite Hockey Science Reston LLC,,http://ehockeysciencereston.square.site/,,,,,,,,https://ehockeysciencereston.square.site,ehockeysciencereston.square.site
Blue Ridge Bobcats,,https://www.blueridgebobcats.com/home,,,,,,,,https://blueridgebobcats.com,blueridgebobcats.com
Reston Town Center Ice Skating Pavilion,,https://www.restontowncenter.com/skating/,,,,,,,,https://restontowncenter.com,restontowncenter.com
Adult Ice Hockey Federation Ltd d/b/a Hockey North America,,https://www.hna.com/,,,,,,,,https://hna.com,hna.com
Lynchburg Youth Hockey Association,,http://lynchburgyouthhockeyassociation.com/,,,,,,,,https://lynchburgyouthhockeyassociation.com,lynchburgyouthhockeyassociation.com
The Bike Lane Bicycle Shop,,https://www.thebikelane.com/,,,,,,,,https://thebikelane.com,thebikelane.com
Whitney State Forest,,https://dwr.virginia.gov/vbwt/sites/whitney-state-forest/,,,,,,,,https://dwr.virginia.gov,dwr.virginia.gov
Riverside Cycling,,http://www.riversidecyclingrva.com/,,,,,,,,https://riversidecyclingrva.com,riversidecyclingrva.com
John Fudala Presents,,http://www.johnfudala.com/,,,,,,,,https://johnfudala.com,johnfudala.com
Coastal Edge 21st Street,,https://www.coastaledge.com/,,,,,,,,https://coastaledge.com,coastaledge.com
Astar Explorer,,https://www.astarexplorer.com/,,,,,,,,https://astarexplorer.com,astarexplorer.com
South Riding Learning Center,,http://www.southridinglearningcenter.com/,,,,,,,,https://southridinglearningcenter.com,southridinglearningcenter.com
Two Trails Moto,,http://twotrailsmoto.com/,,,,,,,,https://twotrailsmoto.com,twotrailsmoto.com
Kid to Kid Centreville,,http://kidtokid.com/centreville/,,,,,,,,https://kidtokid.com,kidtokid.com
Funkys Skate Center,,http://www.funkysskatecenter.com/,,,,,,,,https://funkysskatecenter.com,funkysskatecenter.com
"Karma Yoga: Classes, Community & Retreats",,https://www.karma.yoga/,,,,,,,,https://karma.yoga,karma.yoga
Radiance Yoga,,http://www.radiance-yoga.net/,,,,,,,,https://radiance-yoga.net,radiance-yoga.net
Breathe Body and Mind,,http://www.breathebodymind.com/,,,,,,,,https://breathebodymind.com,breathebodymind.com
Easy Day Yoga & Meditation,,http://easydayyoga.com/,,,,,,,,https://easydayyoga.com,easydayyoga.com
Hot Yoga Tysons,,http://www.hotyogatysons.com/,,,,,,,,https://hotyogatysons.com,hotyogatysons.com
Zen Hot Yoga,,http://zenhotyogavb.com/?utm_source=google&utm_medium=wix_google_business_profile&utm_campaign=372004423962967829,,,,,,,,https://zenhotyogavb.com,zenhotyogavb.com
Sky's The Limit Yoga Co,,https://skysthelimityogaco.com/,,,,,,,,https://skysthelimityogaco.com,skysthelimityogaco.com
Club Studio,,https://www.clubstudiofitness.com/Pages/clubhome.aspx?clubid=1384&utm_source=google&utm_medium=googlemaps&utm_campaign=maps,,,,,,,,https://clubstudiofitness.com,clubstudiofitness.com
CrossFit Route 7,,http://www.crossfitroute7.com/,,,,,,,,https://crossfitroute7.com,crossfitroute7.com
CrossFit B.O.B.,,http://crossfitbob.com/,,,,,,,,https://crossfitbob.com,crossfitbob.com
Patriot Crossfit,,https://www.patriotcrossfit.com/,,,,,,,,https://patriotcrossfit.com,patriotcrossfit.com
Ballston CrossFit,,http://www.ballstoncrossfit.com/,,,,,,,,https://ballstoncrossfit.com,ballstoncrossfit.com
RAMP Optimal Performance and Wellness,,http://ropw.net/,,,,,,,,https://ropw.net,ropw.net
Catoctin CrossFit - Gym & Fitness,,http://www.catoctincf.com/,,,,,,,,https://catoctincf.com,catoctincf.com
Gold's Gym - Fairfax Station,,https://www.goldsgymdcmetro.com/fairfaxstation,,,,,,,,https://goldsgymdcmetro.com,goldsgymdcmetro.com
Built By Becker LLC,,https://ebm-fitness.com/,,,,,,,,https://ebm-fitness.com,ebm-fitness.com
Ardent CrossFit,,http://www.ardentcrossfit.com/,,,,,,,,https://ardentcrossfit.com,ardentcrossfit.com
Brazen Fitness,,https://www.brazenfitness.com/,,,,,,,,https://brazenfitness.com,brazenfitness.com
Pure Motion Athletics,,https://www.puremotion-athletics.com/,,,,,,,,https://puremotion-athletics.com,puremotion-athletics.com
Main Street Child Development Center,,http://www.mainstreetcdc.org/,,,,,,,,https://mainstreetcdc.org,mainstreetcdc.org
Integrative Performance,,http://integrativeperformance.com/,,,,,,,,https://integrativeperformance.com,integrativeperformance.com
Core Balance PT & Pilates,,https://balanceptandpilates.com/,,,,,,,,https://balanceptandpilates.com,balanceptandpilates.com
Powell Wellness Center,,http://www.powellwellnesscenter.org/,,,,,,,,https://powellwellnesscenter.org,powellwellnesscenter.org
SunnyDays Pediatric Therapy,,http://sunnydayspt.com/,,,,,,,,https://sunnydayspt.com,sunnydayspt.com
Comprehensive Concussion Center,,http://www.fairfaxfamilypractice.com,,,,,,,,https://fairfaxfamilypractice.com,fairfaxfamilypractice.com
Excel Rehabilitation,,https://excelrehabva.com/,,,,,,,,https://excelrehabva.com,excelrehabva.com
Brain Injury Services,,http://www.braininjurysvcs.org/,,,,,,,,https://braininjurysvcs.org,braininjurysvcs.org
Little Hands Pediatric Therapy,,https://littlehandspediatrictherapy.com/,,,,,,,,https://littlehandspediatrictherapy.com,littlehandspediatrictherapy.com
Select Physical Therapy - Fairfax,,https://www.selectphysicaltherapy.com/contact/find-a-location/va/fairfax/fairfax/?ty=xt,,,,,,,,https://selectphysicaltherapy.com,selectphysicaltherapy.com
SCAN of Northern Virginia,,http://www.scanva.org/,,,,,,,,https://scanva.org,scanva.org
LearningRx,,https://www.learningrx.com/fairfax/?utm_source=GMB&utm_medium=organic&utm_campaign=Fairfax,,,,,,,,https://learningrx.com,learningrx.com
ACE Rehab,,http://www.acerehab.com/,,,,,,,,https://acerehab.com,acerehab.com
Advantage Physical Therapy - Falls Church,,http://www.myadvantagept.com/,,,,,,,,https://myadvantagept.com,myadvantagept.com
FFPC3,,http://ffpc3.com/,,,,,,,,https://ffpc3.com,ffpc3.com
"Arthritis & Sports | Orthopaedics, Physical Therapy & Wellness",,https://www.arthritisandsports.com/sterling,,,,,,,,https://arthritisandsports.com,arthritisandsports.com
Children's Therapy Concepts,,http://childrenstherapyconcepts.com/contact/,,,,,,,,https://childrenstherapyconcepts.com,childrenstherapyconcepts.com
Back In Motion Physical Therapy PLC,,http://backinmotionpt.com/,,,,,,,,https://backinmotionpt.com,backinmotionpt.com
Showcase Dance Studio,,https://showcase.dance/,,,,,,,,https://showcase.dance,showcase.dance
NoVa Gym House,,https://novagymhouse.com/,,,,,,,,https://novagymhouse.com,novagymhouse.com
Mia Saunders School of Ballet,,http://www.miasaundersballet.com//,,,,,,,,https://miasaundersballet.com,miasaundersballet.com
Virginia National Ballet,,https://virginianationalballet.org/vnb,,,,,,,,https://virginianationalballet.org,virginianationalballet.org
Union Mill Pediatrics,,http://www.unionmillpediatrics.com/,,,,,,,,https://unionmillpediatrics.com,unionmillpediatrics.com
Izaak Walton Park,,http://arlingtonfairfax-iwla.org/,,,,,,,,https://arlingtonfairfax-iwla.org,arlingtonfairfax-iwla.org
Atlas Muay Thai,,http://www.atlasmuaythai.com/,,,,,,,,https://atlasmuaythai.com,atlasmuaythai.com
Zamora Boxing Gym,,https://zamoraboxing.com/,,,,,,,,https://zamoraboxing.com,zamoraboxing.com
Kelly Street Boxing Club,,http://www.kellystreetboxing.com/,,,,,,,,https://kellystreetboxing.com,kellystreetboxing.com
Primetime Wrestling Alliance,,https://bodybydgym.com/,,,,,,,,https://bodybydgym.com,bodybydgym.com
Powhatan Youth Wrestling,,https://www.blackhawkpowhatan.com/,,,,,,,,https://blackhawkpowhatan.com,blackhawkpowhatan.com
Black Cat Jiu Jitsu,,http://blackcatjiujitsu.com/,,,,,,,,https://blackcatjiujitsu.com,blackcatjiujitsu.com
Six Blades Jiu Jitsu NOVA,,http://www.rjjanova.com/,,,,,,,,https://rjjanova.com,rjjanova.com
Team Passos Jiu Jitsu,,https://www.teampassos.com/,,,,,,,,https://teampassos.com,teampassos.com
Enlisted Nine Fight Company - Virginia,,https://www.e9fc.com/,,,,,,,,https://e9fc.com,e9fc.com
Shark Pit Brazilian Jiu Jitsu,,http://sharkpitbjj.com/,,,,,,,,https://sharkpitbjj.com,sharkpitbjj.com
The Hive MMA & Wrestling,,https://hivemmafitness.com/,,,,,,,,https://hivemmafitness.com,hivemmafitness.com
Spilman Park,,http://web.culpepercounty.gov/Government/County-Departments/Departments-P-V/Parks-and-Recreation/Parks-and-Facilities/Spilman-Park,,,,,,,,https://web.culpepercounty.gov,web.culpepercounty.gov
Abiding Presence Lutheran Church,,http://www.abidingpresence.net/,,,,,,,,https://abidingpresence.net,abidingpresence.net
H-B Woodlawn Secondary Program,,https://hbwoodlawn.apsva.us/,,,,,,,,https://hbwoodlawn.apsva.us,hbwoodlawn.apsva.us
Chantilly High School,,https://chantillyhs.fcps.edu/,,,,,,,,https://chantillyhs.fcps.edu,chantillyhs.fcps.edu
South Lakes High School,,https://southlakeshs.fcps.edu/,,,,,,,,https://southlakeshs.fcps.edu,southlakeshs.fcps.edu
Hampton Chase Recreation Association,,https://hcrafairfax.org/,,,,,,,,https://hcrafairfax.org,hcrafairfax.org
Fluffy Rides,,https://www.fluffyrides.com/,,,,,,,,https://fluffyrides.com,fluffyrides.com
Whiz-Kid Starz,,http://www.whizkidstarz.com/,,,,,,,,https://whizkidstarz.com,whizkidstarz.com
NRA Range,,http://nrahqrange.nra.org/,,,,,,,,https://nrahqrange.nra.org,nrahqrange.nra.org
Best Before and After-School-OSA Martial Arts (In Manassas and Bristow),,http://www.best-after-school-program.com/,,,,,,,,https://best-after-school-program.com,best-after-school-program.com
Manassas Grassroots Soccer,,https://www.manassasgrassrootssoccer.com/,,,,,,,,https://manassasgrassrootssoccer.com,manassasgrassrootssoccer.com
Cub Scout Pack 1859,,http://pack1859.com/,,,,,,,,https://pack1859.com,pack1859.com
Soccer Post D.C. - Visit Us In Arlington,,http://soccerpost.com/,,,,,,,,https://soccerpost.com,soccerpost.com
Deer Park Little League Concession,,http://www.deerparkllnn.org/,,,,,,,,https://deerparkllnn.org,deerparkllnn.org
Fleet Park Little League,,http://www.fleetparklittleleague.org/,,,,,,,,https://fleetparklittleleague.org,fleetparklittleleague.org
Team America Football Club,,https://www.teamamericafc.com/contact,,,,,,,,https://teamamericafc.com,teamamericafc.com
Prestige Sport Martial Arts,,http://www.prestigesportma.com/,,,,,,,,https://prestigesportma.com,prestigesportma.com
EMPOWERS MARTIAL ARTS,,http://empowersmartialarts.com/,,,,,,,,https://empowersmartialarts.com,empowersmartialarts.com
Potomac Kempo - Old Town,,https://www.potomackempo.com/,,,,,,,,https://potomackempo.com,potomackempo.com
World Kick Taekwondo,,http://www.worldkicktkd.com/,,,,,,,,https://worldkicktkd.com,worldkicktkd.com
Blue Dragon Martial Arts - Seiryuu Karate-do LC,,https://bluedragonelite.com/?utm_campaign=gmb,,,,,,,,https://bluedragonelite.com,bluedragonelite.com
Yi Champions Taekwondo Academy,,http://yctaekwondo.com/,,,,,,,,https://yctaekwondo.com,yctaekwondo.com
US Academy of Taekwondo,,http://www.staffordtkd.com/,,,,,,,,https://staffordtkd.com,staffordtkd.com
U.S. Taekwondo Center,,http://www.virginiabeachtaekwondo.com/,,,,,,,,https://virginiabeachtaekwondo.com,virginiabeachtaekwondo.com
Jhoon Rhee Tae Kwon Do,,http://www.jhoonrheetkd.com/,,,,,,,,https://jhoonrheetkd.com,jhoonrheetkd.com
Jhoon Rhee Tae Kwon Do,,http://www.arlingtonkicks.com/,,,,,,,,https://arlingtonkicks.com,arlingtonkicks.com
USA Stars East Judo,,http://www.usastarseast.com,,,,,,,,https://usastarseast.com,usastarseast.com
Chesapeake Grappling Academy,,https://chesapeakegrappling.com/,,,,,,,,https://chesapeakegrappling.com,chesapeakegrappling.com
Legacy Martial Arts,,http://www.legacymartialartsva.com/,,,,,,,,https://legacymartialartsva.com,legacymartialartsva.com
"Five Crow Martial Arts, Fitness & Firearms",,https://fivecrow.com/contact/,,,,,,,,https://fivecrow.com,fivecrow.com
Andrew Gause's Martial Arts - Fairfax Station,,http://www.rvtkd.com/,,,,,,,,https://rvtkd.com,rvtkd.com
Kore Self Defense,,https://koreselfdefense.com/,,,,,,,,https://koreselfdefense.com,koreselfdefense.com
Warrior Success Academy,,http://warrior-success-academy.gymdesk.com/,,,,,,,,https://warrior-success-academy.gymdesk.com,warrior-success-academy.gymdesk.com
Xtreme Heights Gymnastics,,https://xtremeheightsgym.com/,,,,,,,,https://xtremeheightsgym.com,xtremeheightsgym.com
Gymstrada Gymnastics,,http://www.gymstrada.com/,,,,,,,,https://gymstrada.com,gymstrada.com
Bounce Alexandria,,http://www.bouncealexandria.com/,,,,,,,,https://bouncealexandria.com,bouncealexandria.com
Tumble Time,,https://allthatandjazz.com/tumbling,,,,,,,,https://allthatandjazz.com,allthatandjazz.com
Dreams Gymnastics Center,,https://www.dreamsgymnasticscenter.com/,,,,,,,,https://dreamsgymnasticscenter.com,dreamsgymnasticscenter.com
SOUL Aerial and Performing Arts Center,,http://www.soulaerial.com/,,,,,,,,https://soulaerial.com,soulaerial.com
VB Aerial Arts Collective,,http://www.vbaerialarts.com/,,,,,,,,https://vbaerialarts.com,vbaerialarts.com
FIERCE ALL STARS,,https://fierceallstars.org/,,,,,,,,https://fierceallstars.org,fierceallstars.org
Norman Swimming LLC,,https://www.normanswimming.com/,,,,,,,,https://normanswimming.com,normanswimming.com
Sideburn Run Recreation Association,,https://www.sideburnrun.com/,,,,,,,,https://sideburnrun.com,sideburnrun.com
Virginia Hills Swim Club,,https://vahillspool.com/,,,,,,,,https://vahillspool.com,vahillspool.com
Potomac Marlins,,https://www.potomacmarlins.com/page/home,,,,,,,,https://potomacmarlins.com,potomacmarlins.com
Westridge Swim & Racquet Club,,http://www.westridgeva.org/,,,,,,,,https://westridgeva.org,westridgeva.org
Arlington Sports Conditioning,,https://arlingtonsc.com/get-started/,,,,,,,,https://arlingtonsc.com,arlingtonsc.com
REI,,https://www.rei.com/stores/fairfax?y_source=1_MTQ1MzM3MS03MTUtbG9jYXRpb24ud2Vic2l0ZQ%3D%3D,,,,,,,,https://rei.com,rei.com
LA Fitness,,https://www.lafitness.com/Pages/clubhome.aspx?clubid=1426&utm_source=google&utm_medium=googlemaps&utm_campaign=maps,,,,,,,,https://lafitness.com,lafitness.com
Nike Unite - Fairfax,,https://www.nike.com/retail/s/nike-unite-fairfax?cp=84620811901_seo_&y_source=1_MzMzMjU1OTQtNzE1LWxvY2F0aW9uLndlYnNpdGU%3D,,,,,,,,https://nike.com,nike.com
"Celebrate Fairfax, Inc.",,http://www.celebratefairfax.org/,,,,,,,,https://celebratefairfax.org,celebratefairfax.org
TradeWorx Academy,,http://www.tradeworxacademy.com/,,,,,,,,https://tradeworxacademy.com,tradeworxacademy.com
Fierce Nation Lacrosse,,https://fiercenationlacrosse.sportngin.com/,,,,,,,,https://fiercenationlacrosse.sportngin.com,fiercenationlacrosse.sportngin.com
Forest Hill Park,,https://www.rva.gov/parks-recreation/forest-hill-park,,,,,,,,https://rva.gov,rva.gov
Line Drive Mountain Bike Academy,,https://www.linedrivemtbacademy.com/,,,,,,,,https://linedrivemtbacademy.com,linedrivemtbacademy.com
Richmond Cycling Corps,,http://www.richmondcyclingcorps.org/,,,,,,,,https://richmondcyclingcorps.org,richmondcyclingcorps.org
Pure Barre,,https://www.purebarre.com/location/fairfax-va,,,,,,,,https://purebarre.com,purebarre.com
Wave Riding Vehicles,,http://www.waveridingvehicles.com/,,,,,,,,https://waveridingvehicles.com,waveridingvehicles.com
"Driver Rehabilitation Center Of Excellence, LLC",,http://www.driverrehabcenter.com/,,,,,,,,https://driverrehabcenter.com,driverrehabcenter.com
Fantasy Playground,,https://lakeridgeva.com/305/Playgrounds,,,,,,,,https://lakeridgeva.com,lakeridgeva.com
YAMAMA & Lil’ Yogis Yoga Studio,,https://www.yamamasdoingyoga.com/,,,,,,,,https://yamamasdoingyoga.com,yamamasdoingyoga.com
PIES Fitness Yoga Studio,,http://piesfitnessyoga.com/,,,,,,,,https://piesfitnessyoga.com,piesfitnessyoga.com
SyteraYoga,,https://www.syterayoga.com/,,,,,,,,https://syterayoga.com,syterayoga.com
Humble Haven Yoga,,http://www.humblehavenyoga.com/,,,,,,,,https://humblehavenyoga.com,humblehavenyoga.com
Rooted Yoga,,https://www.rootedyogacommunity.com/,,,,,,,,https://rootedyogacommunity.com,rootedyogacommunity.com
Reston Yoga - Therapeutic Hot Yoga,,http://www.restonyoga.com/,,,,,,,,https://restonyoga.com,restonyoga.com
Dragonfly Yoga Studio,,http://dragonflyyogafred.com/?utm_source=gmb&utm_medium=organic,,,,,,,,https://dragonflyyogafred.com,dragonflyyogafred.com
Coconut Elephant Yoga,,http://www.coconutelephantyoga.com/,,,,,,,,https://coconutelephantyoga.com,coconutelephantyoga.com
All Hot Yoga/Bikram Hot Yoga,,http://www.allhotyoga.com/,,,,,,,,https://allhotyoga.com,allhotyoga.com
Phenom Strength & Conditioning,,http://www.phenomsc.com/,,,,,,,,https://phenomsc.com,phenomsc.com
Alloy Personal Training Falls Church,,https://fallschurch.alloypersonaltraining.com/,,,,,,,,https://fallschurch.alloypersonaltraining.com,fallschurch.alloypersonaltraining.com
Method Fitness,,http://www.methodstrong.com/,,,,,,,,https://methodstrong.com,methodstrong.com
Bantam CrossFit,,http://bantamcrossfit.com/,,,,,,,,https://bantamcrossfit.com,bantamcrossfit.com
CrossFit Fredericksburg,,http://crossfitfredericksburg.com/,,,,,,,,https://crossfitfredericksburg.com,crossfitfredericksburg.com
Fairfax Pilates,,https://fairfaxpilates.com/,,,,,,,,https://fairfaxpilates.com,fairfaxpilates.com
Empower Fitness,,http://www.empowerfitnessva.com/,,,,,,,,https://empowerfitnessva.com,empowerfitnessva.com
Functional Fitness VA,,http://www.functionalfitnessva.com/,,,,,,,,https://functionalfitnessva.com,functionalfitnessva.com
Body Grace Fitness & Yoga,,https://bodygrace.com/,,,,,,,,https://bodygrace.com,bodygrace.com
Adaptive Fitness Legion,,https://www.adaptivefitnesslegion.org/,,,,,,,,https://adaptivefitnesslegion.org,adaptivefitnesslegion.org
Athletic Potential Studio,,https://www.athleticpotentialstudio.com/,,,,,,,,https://athleticpotentialstudio.com,athleticpotentialstudio.com
ANKA MEDICAL - DMI Therapy and Pediatric Occupational Therapy Services,,https://www.ankamedicalgroup.com/,,,,,,,,https://ankamedicalgroup.com,ankamedicalgroup.com
Active Family Wellness,,https://www.activefamilywellness.com/?utm_source=gmb&utm_medium=organic&utm_campaign=website_link,,,,,,,,https://activefamilywellness.com,activefamilywellness.com
Airrosti Fairfax,,https://www.airrosti.com/location/virginia/fairfax-3701-pender-dr-afax/,,,,,,,,https://airrosti.com,airrosti.com
Code Ninjas,,https://www.codeninjas.com/va-stone-ridge,,,,,,,,https://codeninjas.com,codeninjas.com
The Physical Therapy Zone (Alexandria),,https://physicaltherapyzone.com/physical-therapy-clinic/physical-therapy-clinic-alexandria/,,,,,,,,https://physicaltherapyzone.com,physicaltherapyzone.com
Quantum Movement,,http://quantum-movement.com/,,,,,,,,https://quantum-movement.com,quantum-movement.com
"Abrams Landau, Ltd.",,http://www.landauinjurylaw.com/,,,,,,,,https://landauinjurylaw.com,landauinjurylaw.com
Pediatric Therapy Specialist,,http://novapedtherapy.com/,,,,,,,,https://novapedtherapy.com,novapedtherapy.com
Denbigh Community Center,,https://www.nnva.gov/Facilities/Facility/Details/Denbigh-Community-Center-2,,,,,,,,https://nnva.gov,nnva.gov
Vintage Boxing Gym & Fitness,,https://vintage-boxing.com/,,,,,,,,https://vintage-boxing.com,vintage-boxing.com
Element Academy of Jiu-Jitsu,,http://www.elementbjj.com/,,,,,,,,https://elementbjj.com,elementbjj.com
Coastal Brazilian Jiu Jitsu,,http://www.coastalbjj.com/,,,,,,,,https://coastalbjj.com,coastalbjj.com
Brabo Jiu Jitsu Academy,,https://www.brabobjjacademy.com/,,,,,,,,https://brabobjjacademy.com,brabobjjacademy.com
Perch Putt,,https://www.perchputt.com/,,,,,,,,https://perchputt.com,perchputt.com
Terra Centre Elementary School,,http://terracentrees.fcps.edu/,,,,,,,,https://terracentrees.fcps.edu,terracentrees.fcps.edu
VISA Soccer Club,,https://visasoccerclub.academy/,,,,,,,,https://visasoccerclub.academy,visasoccerclub.academy
Torky Squash Academy at Worldgate,,https://torkysquash.com/,,,,,,,,https://torkysquash.com,torkysquash.com
Prestige Rhythmic Gymnastics Academy,,http://www.prestigerhythmic.com/,,,,,,,,https://prestigerhythmic.com,prestigerhythmic.com
dimitar's european soccer,,http://www.dimitarsoccer.com/Contact.htm,,,,,,,,https://dimitarsoccer.com,dimitarsoccer.com
Arrowbrook Centre,,http://www.arrowbrookcentre.com/,,,,,,,,https://arrowbrookcentre.com,arrowbrookcentre.com
Hunters Creek Swim & Racquet Club,,https://hunterscreekpool.com/,,,,,,,,https://hunterscreekpool.com,hunterscreekpool.com
Mase Training Llc,,http://masetraining.com/,,,,,,,,https://masetraining.com,masetraining.com
Noble Athletics,,https://www.joinnoble.com/,,,,,,,,https://joinnoble.com,joinnoble.com
Beyond Strength,,https://www.bspnova.com/?utm_source=gmb&utm_medium=organic,,,,,,,,https://bspnova.com,bspnova.com
Fit Health,,http://foxmillfit.com/,,,,,,,,https://foxmillfit.com,foxmillfit.com
2 Bags Training,,https://www.2bagstraining.net/,,,,,,,,https://2bagstraining.net,2bagstraining.net
Full Prime Jiu-Jitsu School - Herndon,,https://fullprimeherndon.com/,,,,,,,,https://fullprimeherndon.com,fullprimeherndon.com
Inside Ski Training Center,,http://www.insideski.com/,,,,,,,,https://insideski.com,insideski.com
Hard Work Martial Arts - a 501c3 Non-Profit,,http://www.hardworkma.com/,,,,,,,,https://hardworkma.com,hardworkma.com
Groove N Grace,,https://www.groovengrace.com/?utm_source=google&utm_medium=wix_google_business_profile&utm_campaign=4370961164894183099,,,,,,,,https://groovengrace.com,groovengrace.com
Prana Health Yoga & Wellness,,http://www.pranahealthpc.com/,,,,,,,,https://pranahealthpc.com,pranahealthpc.com
Monroe Street Studio,,http://www.monroestreetstudio.com/,,,,,,,,https://monroestreetstudio.com,monroestreetstudio.com
Cardinal Fencing Academy,,https://www.cardinalfencingacademy.com/,,,,,,,,https://cardinalfencingacademy.com,cardinalfencingacademy.com
VIDA - Reston Station,,https://vidafitness.com/Reston/,,,,,,,,https://vidafitness.com,vidafitness.com
Adrenaline Studio,,https://www.adrenalinestudionova.com/,,,,,,,,https://adrenalinestudionova.com,adrenalinestudionova.com
Optimal Fitness,,http://www.optimalfitness.online/,,,,,,,,https://optimalfitness.online,optimalfitness.online
AIC Fencing,,http://www.aicfencing.com/?utm_source=google&utm_medium=wix_google_business_profile&utm_campaign=13716922276389676497,,,,,,,,https://aicfencing.com,aicfencing.com
Heaven and Earth Aikido Center,,https://www.heavenandearthaikido.org/,,,,,,,,https://heavenandearthaikido.org,heavenandearthaikido.org
Herndon Recreation Pool,,https://herndonswims.com/,,,,,,,,https://herndonswims.com,herndonswims.com
GamePoint Athletics,,https://www.gamepointathletics.com/,,,,,,,,https://gamepointathletics.com,gamepointathletics.com
Game Camp Nation,,https://gamecamp.com/,,,,,,,,https://gamecamp.com,gamecamp.com
Sportrock Climbing Centers,,http://www.sportrock.com/,,,,,,,,https://sportrock.com,sportrock.com
ASER International Fencing Academy,,http://www.aserfencing.com/,,,,,,,,https://aserfencing.com,aserfencing.com
USTA Mid-Atlantic Foundation,,http://www.usta.com/midatlantic,,,,,,,,https://usta.com,usta.com
The Gardner School of Herndon,,https://www.thegardnerschool.com/schools/herndon/?utm_source=google&utm_medium=organic&utm_campaign=gbp,,,,,,,,https://thegardnerschool.com,thegardnerschool.com
The Goddard School of Herndon - McNair/West Reston,,https://www.goddardschool.com/schools/va/herndon/herndon-dulles?utm_source=google&utm_medium=business_listings&utm_campaign=school&utm_content=main_button,,,,,,,,https://goddardschool.com,goddardschool.com
P20 EMS Herndon,,https://personal20.net/,,,,,,,,https://personal20.net,personal20.net
Yilmaz Academy,,https://www.yilmazacademy.net/,,,,,,,,https://yilmazacademy.net,yilmazacademy.net
RVA Soccer Academy,,https://www.rva-academy.com/?utm_source=google&utm_medium=wix_google_business_profile&utm_campaign=8546752736644195784,,,,,,,,https://rva-academy.com,rva-academy.com
Jazzercise,,https://www.jazzercise.com/location/jazzercise-herndon-reston-fitness-center?utm_source=google&utm_medium=organic&utm_campaign=render_gmb,,,,,,,,https://jazzercise.com,jazzercise.com
Worldgate Spa,,http://www.worldgatespa.com/?utm_source=googlebusinessprofile&utm_medium=GBPdescription&utm_campaign=GMBG,,,,,,,,https://worldgatespa.com,worldgatespa.com
Acrobatics @ SOTD,,http://theatricaldance.com/,,,,,,,,https://theatricaldance.com,theatricaldance.com
Sarge Fitness Boot Camp - Founded in 2003,,https://sargefitness.com/sargebootcampstudio/,,,,,,,,https://sargefitness.com,sargefitness.com
Dulles Little League Baseball,,http://www.dulleslittleleague.org/,,,,,,,,https://dulleslittleleague.org,dulleslittleleague.org
Motion Pitching,,http://www.motionpitching.com/,,,,,,,,https://motionpitching.com,motionpitching.com
Club Deportivo Sterling,,https://deportivosterling.com/,,,,,,,,https://deportivosterling.com,deportivosterling.com
Beyond the Hoop,,http://www.bulldawgbasketball.com/,,,,,,,,https://bulldawgbasketball.com,bulldawgbasketball.com
Lower Loudoun Youth Football League,,http://llyfl.org/,,,,,,,,https://llyfl.org,llyfl.org
Ashburn Girls Softball League,,http://www.agsl.org/,,,,,,,,https://agsl.org,agsl.org
Western Loudoun Girls Softball League,,http://wlgsl.org/,,,,,,,,https://wlgsl.org,wlgsl.org
Western Regional Youth Association,,http://rockvilleyouthsports.org/,,,,,,,,https://rockvilleyouthsports.org,rockvilleyouthsports.org
The Ridge Performance and Training,,https://theridgetraining.com/,,,,,,,,https://theridgetraining.com,theridgetraining.com
All American Fastpitch Softball,,https://www.allamericanfastpitch.org/,,,,,,,,https://allamericanfastpitch.org,allamericanfastpitch.org
Maximum Velocity Training,,https://maxvelotraining.com/,,,,,,,,https://maxvelotraining.com,maxvelotraining.com
The Batter's Box,,https://thebattersboxrva.com/,,,,,,,,https://thebattersboxrva.com,thebattersboxrva.com
Coach Moody Lineman Training,,https://coachmoodylinemantraining.com/,,,,,,,,https://coachmoodylinemantraining.com,coachmoodylinemantraining.com
South Lakes High School Football Field,,http://southlakesathletics.net/,,,,,,,,https://southlakesathletics.net,southlakesathletics.net
Silat Martial Arts,,http://silatva.com/,,,,,,,,https://silatva.com,silatva.com
Neo Legend Tigers Taekwondo and Hapkido,,http://www.nltigers.com/,,,,,,,,https://nltigers.com,nltigers.com
MBA Majest Martial Arts,,http://www.mbamajest.com/,,,,,,,,https://mbamajest.com,mbamajest.com
Grand Tiger Martial Arts,,http://www.grandtigerva.com/,,,,,,,,https://grandtigerva.com,grandtigerva.com
Phoenix Taekwondo Inc,,https://ustigers.net/contact-ashburn,,,,,,,,https://ustigers.net,ustigers.net
Jun Lee Taekwondo & Afterschool Program & Summer Camp,,https://junleetkd.com/,,,,,,,,https://junleetkd.com,junleetkd.com
Lee's Dynamic Tae Kwon Do,,http://www.leesdynamictkd.com/,,,,,,,,https://leesdynamictkd.com,leesdynamictkd.com
American Taekwondo Center,,http://www.americantaekwondocenter.com/,,,,,,,,https://americantaekwondocenter.com,americantaekwondocenter.com
Pinnacle MMA and Fitness,,https://pinnaclemmafitness.com/,,,,,,,,https://pinnaclemmafitness.com,pinnaclemmafitness.com
Reston Institute for Self-Defense,,http://www.budoshinjujitsu.org/,,,,,,,,https://budoshinjujitsu.org,budoshinjujitsu.org
Ichibankarate,,http://www.ichibankarate.com/,,,,,,,,https://ichibankarate.com,ichibankarate.com
USKC Martial Arts & Wellness LLC,,http://1uskc.com/,,,,,,,,https://1uskc.com,1uskc.com
Hidy Ochiai Karate - Northern Virginia,,http://www.karatenova.com/,,,,,,,,https://karatenova.com,karatenova.com
Jeff Smith Mile High Karate,,http://www.jeffsmithkarate.com/,,,,,,,,https://jeffsmithkarate.com,jeffsmithkarate.com
Grandmaster Dong's Karate School,,http://www.dongs.com/,,,,,,,,https://dongs.com,dongs.com
Professional Martial Arts Academy,,https://pmaava.net/,,,,,,,,https://pmaava.net,pmaava.net
Shaolin Temple USA,,http://www.shaolinusa.us/,,,,,,,,https://shaolinusa.us,shaolinusa.us
Qi Elements Tai Chi and Qigong,,https://www.qielements.com/,,,,,,,,https://qielements.com,qielements.com
Gracie Barra Jiu Jitsu Great Falls,,https://graciebarra.com/great-falls-va/,,,,,,,,https://graciebarra.com,graciebarra.com
Twist Gymnastics,,http://twistgymnastics.com/,,,,,,,,https://twistgymnastics.com,twistgymnastics.com
The Shakti Rising,,https://www.theshaktirising.com/,,,,,,,,https://theshaktirising.com,theshaktirising.com
The Cinnamon Tree Dance Shop Herndon,,http://ctreedanceshop.com/,,,,,,,,https://ctreedanceshop.com,ctreedanceshop.com
Hiddenbrook Swim & Tennis Club,,http://hiddenbrookhomes.org/,,,,,,,,https://hiddenbrookhomes.org,hiddenbrookhomes.org
McNair Farms Community Center,,http://www.mcnairfarmslb2.com/info.php?pnum=27,,,,,,,,https://mcnairfarmslb2.com,mcnairfarmslb2.com
Uplands Pool (Reston Association),,https://www.aquaticsconnect.com/reston/programs-instruction/uplands-pool-reston-association,,,,,,,,https://aquaticsconnect.com,aquaticsconnect.com
Fame Allstars Stafford - Cheerleading,,https://www.fameallstars.com/stafford-va-location-information,,,,,,,,https://fameallstars.com,fameallstars.com
Great Falls Swim and Tennis,,http://www.gfsandt.com/,,,,,,,,https://gfsandt.com,gfsandt.com
Worldgate Centre,,https://www.worldgatecentre.com/?utm_source=google-business-profile&utm_medium=organic&utm_campaign=business-listing&utm_id=53258,,,,,,,,https://worldgatecentre.com,worldgatecentre.com
Top Notch Running,,https://www.topnotchrunning.com/,,,,,,,,https://topnotchrunning.com,topnotchrunning.com
"AA Driving Academy, Inc.",,http://www.aadrivingacademy.net/,,,,,,,,https://aadrivingacademy.net,aadrivingacademy.net
EX2 Adventures,,https://www.ex2adventures.com/about-ex2/contact-us/,,,,,,,,https://ex2adventures.com,ex2adventures.com
Bach to Rock Herndon,,https://www.bachtorock.com/herndon/?utm_source=gmb&utm_medium=Yext,,,,,,,,https://bachtorock.com,bachtorock.com
Evolve Athletics,,https://www.evolveathleticsnova.com/,,,,,,,,https://evolveathleticsnova.com,evolveathleticsnova.com
KAMLife Fitness,,http://kamlifeconsulting.com/,,,,,,,,https://kamlifeconsulting.com,kamlifeconsulting.com
Al's Bike Shop,,http://shopalsbikes.com/,,,,,,,,https://shopalsbikes.com,shopalsbikes.com
Heyward Community Forest,,https://www.charlottesville.gov/facilities/facility/details/Heyward-Community-Forest-66,,,,,,,,https://charlottesville.gov,charlottesville.gov
Element Sports,,http://www.elementsport.com/,,,,,,,,https://elementsport.com,elementsport.com
Growing Kids Therapy Center,,https://growingkidstherapy.com/,,,,,,,,https://growingkidstherapy.com,growingkidstherapy.com
MG Motorsports,,https://www.mgmotorsports.com/,,,,,,,,https://mgmotorsports.com,mgmotorsports.com
WYRD RYDS - E Scooter/E Bike Sales and Service,,http://www.wyrdryds.com/,,,,,,,,https://wyrdryds.com,wyrdryds.com
Bush Tabernacle Skating Rink,,http://bushtabernacle.com/,,,,,,,,https://bushtabernacle.com,bushtabernacle.com
Inner Power Yoga,,https://www.inner-power-yoga.com/,,,,,,,,https://inner-power-yoga.com,inner-power-yoga.com
"HOTWORX - Herndon, VA - Woodland Crossing",,https://www.hotworx.net/studio/herndon-woodlandcrossing,,,,,,,,https://hotworx.net,hotworx.net
Arts Herndon,,http://www.artsherndon.org/,,,,,,,,https://artsherndon.org,artsherndon.org
Montessori Peace School,,http://montessoripeaceschool.com/,,,,,,,,https://montessoripeaceschool.com,montessoripeaceschool.com
Chaan Thai Yoga Massage - Herndon,,http://www.chaanthaimassage.com/,,,,,,,,https://chaanthaimassage.com,chaanthaimassage.com
Sweatilates,,https://www.sweatilates.com/,,,,,,,,https://sweatilates.com,sweatilates.com
VeloFit Performance Therapy,,http://velofitpt.com/,,,,,,,,https://velofitpt.com,velofitpt.com
Beyond Biomechanics,,http://www.beyondbiomechanics.com/,,,,,,,,https://beyondbiomechanics.com,beyondbiomechanics.com
RYSE CrossFit,,https://rysecrossfit.com/,,,,,,,,https://rysecrossfit.com,rysecrossfit.com
Anytime Fitness,,https://www.anytimefitness.com/locations/herndon-virginia-5456/,,,,,,,,https://anytimefitness.com,anytimefitness.com
Snap Fitness Herndon (Franklin Farm),,https://www.snapfitness.com/us/gyms/herndon-franklin-farm-va/?utm_source=gmb&utm_medium=yext,,,,,,,,https://snapfitness.com,snapfitness.com
Shiraz Fitness,,http://shirazfitness.com/,,,,,,,,https://shirazfitness.com,shirazfitness.com
FITNESS2GO,,http://www.fitness-2go.com/,,,,,,,,https://fitness-2go.com,fitness-2go.com
BODY20,,https://www.body20.com/location/potomac-falls,,,,,,,,https://body20.com,body20.com
Griffin Fitness,,https://griffinfitness.net/about-us,,,,,,,,https://griffinfitness.net,griffinfitness.net
Elemental Fitness,,http://elementalfitness.net/,,,,,,,,https://elementalfitness.net,elementalfitness.net
FUSION360FITNESS,,http://www.fusion360fitness.com/,,,,,,,,https://fusion360fitness.com,fusion360fitness.com
Happy Hearts Children’s Center - Herndon,,https://happyheartschildrencenter.com/,,,,,,,,https://happyheartschildrencenter.com,happyheartschildrencenter.com
R.A.Y ATHLETICS,,https://rayholistic.co/,,,,,,,,https://rayholistic.co,rayholistic.co
FlowFit Pilates,,http://www.flowfitpilates.com/,,,,,,,,https://flowfitpilates.com,flowfitpilates.com
Feldenkrais Movement of Fairfax,,http://www.feldenkraismovementfairfax.com/,,,,,,,,https://feldenkraismovementfairfax.com,feldenkraismovementfairfax.com
[solidcore] Reston,,https://www.solidcore.co/va/northern-virginia/reston/?utm_source=google&utm_medium=search&utm_content=local-listing&utm_campaign=gmb-listing,,,,,,,,https://solidcore.co,solidcore.co
Optimal Motion Physical Therapy,,https://optimalmotion-pt.com/,,,,,,,,https://optimalmotion-pt.com,optimalmotion-pt.com
MIYU Beauty & Wellbeing - Falls Church,,https://miyuusa.com/,,,,,,,,https://miyuusa.com,miyuusa.com
Body Dynamics Inc,,http://www.bodydynamicsinc.com/,,,,,,,,https://bodydynamicsinc.com,bodydynamicsinc.com
The Empowerment Neurofitness and Wellness Center,,https://enfwc.org/,,,,,,,,https://enfwc.org,enfwc.org
Reston Pilates,,http://www.restonpilates.com/,,,,,,,,https://restonpilates.com,restonpilates.com
Herndon Montessori School,,https://herndonmontessori.com/,,,,,,,,https://herndonmontessori.com,herndonmontessori.com
Rockfish Valley Community Center,,https://www.rockfishcc.org/,,,,,,,,https://rockfishcc.org,rockfishcc.org
Northern Virginia Table Tennis Center,,http://www.novattc.com/,,,,,,,,https://novattc.com,novattc.com
CPR & First Aid Training Herndon Virginia,,https://campaignpayitforward.com/,,,,,,,,https://campaignpayitforward.com,campaignpayitforward.com
Capstone Chiropractic LLC,,http://capchiropractic.com/,,,,,,,,https://capchiropractic.com,capchiropractic.com
LAWSON TEC,,http://www.lawsonteccpr.com/,,,,,,,,https://lawsonteccpr.com,lawsonteccpr.com
Good Beginnings Pediatric Therapy - Herndon Location (Physical and Occupational Therapy),,https://gbtherapy.org/?utm_source=gmb-listing&utm_medium=organic&utm_campaign=gmb_profile&utm_term=herndon,,,,,,,,https://gbtherapy.org,gbtherapy.org
TIBS for Kids,,https://www.tibsforkids.com/,,,,,,,,https://tibsforkids.com,tibsforkids.com
Dynamics Physical Therapy,,http://www.dynamicsphysicaltherapy.com/,,,,,,,,https://dynamicsphysicaltherapy.com,dynamicsphysicaltherapy.com
Excelsia Injury Care Herndon,,https://www.excelsiainjurycare.com/location/herndon,,,,,,,,https://excelsiainjurycare.com,excelsiainjurycare.com
PEATC - Parent Educational Advocacy Training Center,,http://www.peatc.org/,,,,,,,,https://peatc.org,peatc.org
Reston Hospital Center,,https://www.hcavirginia.com/locations/reston-hospital-center?utm_campaign=corp_listings_mgmt&utm_source=google&utm_medium=business_listing,,,,,,,,https://hcavirginia.com,hcavirginia.com
Great Falls Physical Therapy,,http://www.greatfallspt.com/,,,,,,,,https://greatfallspt.com,greatfallspt.com
Valley Health Wellness & Fitness Center,,https://www.vhwellfit.com/,,,,,,,,https://vhwellfit.com,vhwellfit.com
Body Fit Training Tysons,,https://www.bodyfittraining.com/location/tysons,,,,,,,,https://bodyfittraining.com,bodyfittraining.com
Ida Lee Park Recreation Center,,http://www.idalee.org/,,,,,,,,https://idalee.org,idalee.org
CarPool,,http://www.carpoolweb.com/,,,,,,,,https://carpoolweb.com,carpoolweb.com
Academy Of Russian Ballet,,http://www.academyofrussianballetva.com/,,,,,,,,https://academyofrussianballetva.com,academyofrussianballetva.com
"Skye Ballet Center, LLC",,http://www.skyeballetcenter.com/,,,,,,,,https://skyeballetcenter.com,skyeballetcenter.com
TENTH ROUND BOXING/MMA,,https://www.tenthroundboxing.com/,,,,,,,,https://tenthroundboxing.com,tenthroundboxing.com
Gracie Humaita Ashburn - Jiu-Jitsu and Self Defense,,https://graciehumaitaashburnva.com/?utm_source=google&utm_medium=my-business,,,,,,,,https://graciehumaitaashburnva.com,graciehumaitaashburnva.com
Mastery Jiu-Jitsu,,http://www.masteryjj.com/?utm_source=Local&utm_medium=GoogleMaps&utm_campaign=GMB,,,,,,,,https://masteryjj.com,masteryjj.com
Gracie Combat Jiu-Jitsu Academy,,http://www.graciecombatjj.com/,,,,,,,,https://graciecombatjj.com,graciecombatjj.com
"Gracie Barra Ashburn, Brazilian Jiu-Jitsu and Self-Defense",,https://www.gbashburn.com/,,,,,,,,https://gbashburn.com,gbashburn.com
"Gracie Barra Leesburg, Brazilian Jiu-Jitsu and Self-Defense",,https://www.gbleesburg.com/,,,,,,,,https://gbleesburg.com,gbleesburg.com
Gracie Jiu-Jitsu Alexandria,,https://www.graciejiujitsualexandria.com/,,,,,,,,https://graciejiujitsualexandria.com,graciejiujitsualexandria.com
Sportable,,http://sportable.org/,,,,,,,,https://sportable.org,sportable.org
Ultrazone Loudoun,,http://ultrazoneloudoun.com/,,,,,,,,https://ultrazoneloudoun.com,ultrazoneloudoun.com
Liberty University Flames Club,,http://www.libertyflames.com/,,,,,,,,https://libertyflames.com,libertyflames.com
Ultrazone Bailey's Crossroads,,http://www.ultrazonebaileys.com/,,,,,,,,https://ultrazonebaileys.com,ultrazonebaileys.com
Mount Pleasant Christian Academy,,http://mtpleasantbaptist.org/,,,,,,,,https://mtpleasantbaptist.org,mtpleasantbaptist.org
2ND 2 NUNN Sports INC,,https://2nd2nunnsports.com/,,,,,,,,https://2nd2nunnsports.com,2nd2nunnsports.com
Triple C Camp,,http://www.tripleccamp.com/,,,,,,,,https://tripleccamp.com,tripleccamp.com
Dominion Soccer Academy,,http://dominionsocceracademy.com/,,,,,,,,https://dominionsocceracademy.com,dominionsocceracademy.com
Floris United Methodist Church,,http://www.florisumc.org/,,,,,,,,https://florisumc.org,florisumc.org
The Bullpen,,https://www.thebullpenpitching.com/,,,,,,,,https://thebullpenpitching.com,thebullpenpitching.com
EK Baseball,,http://ekbaseball.com/,,,,,,,,https://ekbaseball.com,ekbaseball.com
Colangelo Baseball,,http://www.colangelobaseball.com/,,,,,,,,https://colangelobaseball.com,colangelobaseball.com
Grand Slam 2,,http://www.grandslam2.com/,,,,,,,,https://grandslam2.com,grandslam2.com
Coles Little League,,https://www.coleslittleleague.com/,,,,,,,,https://coleslittleleague.com,coleslittleleague.com
Washington County Little League,,http://sports.bluesombrero.com/WCLL,,,,,,,,https://sports.bluesombrero.com,sports.bluesombrero.com
Launch Family Entertainment Herndon,,https://launchtrampolinepark.com/herndon,,,,,,,,https://launchtrampolinepark.com,launchtrampolinepark.com
Virginia Venom Volleyball,,https://www.venomvb.com/,,,,,,,,https://venomvb.com,venomvb.com
One Take Studios Martial Arts and Dance,,http://onetakestudiosva.com/,,,,,,,,https://onetakestudiosva.com,onetakestudiosva.com
Kim’s Tae Kwon Do & After School program / Summer Camp,,http://www.joinkimtkd.com/,,,,,,,,https://joinkimtkd.com,joinkimtkd.com
FIT Taekwondo & After School & Summer Camp - Moorefield/Brambleton,,http://www.fittaekwondo.com/,,,,,,,,https://fittaekwondo.com,fittaekwondo.com
Great Falls Budokan,,http://www.greatfallsbudokan.com/,,,,,,,,https://greatfallsbudokan.com,greatfallsbudokan.com
Sparks Martial Arts Academy,,https://sparksmma.com/,,,,,,,,https://sparksmma.com,sparksmma.com
Studio Dhoom - Dance & Fitness,,https://www.studiodhoom.com/?utm_source=GMB&utm_medium=Listing,,,,,,,,https://studiodhoom.com,studiodhoom.com
Sand Speed Vb,,http://www.sandspeedvb.com/,,,,,,,,https://sandspeedvb.com,sandspeedvb.com
Rising Stars Day School,,https://risingstarsdayschool.com/,,,,,,,,https://risingstarsdayschool.com,risingstarsdayschool.com
BrightNup Academy,,http://www.mybrightnup.com/,,,,,,,,https://mybrightnup.com,mybrightnup.com
Little Oaks Montessori Academy,,https://www.lomamontessori.com/?y_source=1_MTA4Mzg3MDYzMS03MTUtbG9jYXRpb24ud2Vic2l0ZQ%3D%3D,,,,,,,,https://lomamontessori.com,lomamontessori.com
FXBG Hockey,,https://fxbghockey.com/,,,,,,,,https://fxbghockey.com,fxbghockey.com
Arlington Youth Lacrosse Club,,http://www.arlingtonlacrosse.org/,,,,,,,,https://arlingtonlacrosse.org,arlingtonlacrosse.org
Poor Farm Park,,https://www.hanovercounty.gov/248/Poor-Farm-Park,,,,,,,,https://hanovercounty.gov,hanovercounty.gov
Anglers Park,,http://www.playdanvilleva.com/,,,,,,,,https://playdanvilleva.com,playdanvilleva.com
Explore Park,,http://explorepark.org/,,,,,,,,https://explorepark.org,explorepark.org
Walnut Creek Park,,https://www.albemarle.org/Home/Components/FacilityDirectory/FacilityDirectory/60/360,,,,,,,,https://albemarle.org,albemarle.org
The MVMNT Society,,https://the-mvmnt-society.com/,,,,,,,,https://the-mvmnt-society.com,the-mvmnt-society.com
DMV Art Studio,,https://www.dmvartstudio.com/,,,,,,,,https://dmvartstudio.com,dmvartstudio.com
Motorcycles Of Dulles,,http://www.motorcyclesofdulles.com/,,,,,,,,https://motorcyclesofdulles.com,motorcyclesofdulles.com
Nysmith School,,https://www.nysmith.com/?utm_source=google&utm_medium=organic&utm_campaign=google_business_profile,,,,,,,,https://nysmith.com,nysmith.com
King Abdullah Academy,,http://www.kaa-herndon.com/,,,,,,,,https://kaa-herndon.com,kaa-herndon.com
Yoni Bandha - French Doula & Birthing Classes,,https://yonibandha.org/,,,,,,,,https://yonibandha.org,yonibandha.org
"Exploring, Learning and Fun Child Enrichment Center",,http://www.exploringlearningandfun.com/,,,,,,,,https://exploringlearningandfun.com,exploringlearningandfun.com
WEBS Training Center,,https://www.webstraining.org/,,,,,,,,https://webstraining.org,webstraining.org
Beyond Conditioning,,https://www.beyondconditioningllc.com/index.html,,,,,,,,https://beyondconditioningllc.com,beyondconditioningllc.com
Kodiak K9 Training LLC,,https://www.kodiakk9.com/?utm_campaign=gmb,,,,,,,,https://kodiakk9.com,kodiakk9.com
Old Glory Gym,,http://www.oldglorygym.com/,,,,,,,,https://oldglorygym.com,oldglorygym.com
XCAL Shooting Sports and Fitness,,http://xcal.com/,,,,,,,,https://xcal.com,xcal.com
VA Elite,,https://www.vaelitewrestling.com/,,,,,,,,https://vaelitewrestling.com,vaelitewrestling.com
Roanoke College Wrestling,,https://www.roanokemaroons.com/,,,,,,,,https://roanokemaroons.com,roanokemaroons.com
84 Athletes Wrestling Inc.,,http://84wrestling.com/,,,,,,,,https://84wrestling.com,84wrestling.com
Nova Fencing and Archery Club,,http://novafencingclub.com/,,,,,,,,https://novafencingclub.com,novafencingclub.com
Staunton-Augusta YMCA,,http://www.saymca.org/,,,,,,,,https://saymca.org,saymca.org
UP! Ultimate Adventure Park,,http://www.upultimateadventurepark.com/,,,,,,,,https://upultimateadventurepark.com,upultimateadventurepark.com
ETHIO F.C,,http://www.ethiofc.com/,,,,,,,,https://ethiofc.com,ethiofc.com
United Wellness & Sports Rehab RESTON,,https://www.unitedwellnesscenter.com/location/reston/,,,,,,,,https://unitedwellnesscenter.com,unitedwellnesscenter.com
Athleta,,https://athleta.gap.com/stores/va/reston/athleta-4866.html,,,,,,,,https://athleta.gap.com,athleta.gap.com
Ravel Dance Studio,,http://www.raveldance.com/,,,,,,,,https://raveldance.com,raveldance.com
Greater Washington Dance Center,,http://www.gwdancecenter.com/,,,,,,,,https://gwdancecenter.com,gwdancecenter.com
"Lopez Studios, Inc. Performing Arts School",,http://www.lopezstudiosinc.com/,,,,,,,,https://lopezstudiosinc.com,lopezstudiosinc.com
Foley Academy of Irish Dance,,https://www.foleyirishdance.com/,,,,,,,,https://foleyirishdance.com,foleyirishdance.com
Kumon Math and Reading Center of Reston - Lake Fairfax,,https://www.kumon.com/reston-east/?utm_source=local&utm_medium=gmb&utm_campaign=Reston%20Va,,,,,,,,https://kumon.com,kumon.com
Ideaventions Academy,,https://www.ideaventionsacademy.org/,,,,,,,,https://ideaventionsacademy.org,ideaventionsacademy.org
K12 Private Academy,,https://www.k12.com/private-academy,,,,,,,,https://k12.com,k12.com
K12 Tutoring (Formerly Stride Tutoring),,https://tutoring.k12.com/,,,,,,,,https://tutoring.k12.com,tutoring.k12.com
Alloy Personal Training Reston,,https://reston.alloypersonaltraining.com/,,,,,,,,https://reston.alloypersonaltraining.com,reston.alloypersonaltraining.com
Sports Vision,,https://sportsvisioncamps.com/,,,,,,,,https://sportsvisioncamps.com,sportsvisioncamps.com
Winwood Children's Center,,https://www.cadence-education.com/locations/va/reston/853?utm_source=google&utm_medium=local_listing&utm_campaign=local_seo,,,,,,,,https://cadence-education.com,cadence-education.com
Celebree School of Reston,,https://www.celebree.com/reston-va/,,,,,,,,https://celebree.com,celebree.com
Techhaven Academy,,http://www.techhavenacademy.com/,,,,,,,,https://techhavenacademy.com,techhavenacademy.com
5 Star National Virginia,,http://5starnationalvb.com/,,,,,,,,https://5starnationalvb.com,5starnationalvb.com
Top-Tier Performance Training,,https://toptierstrong.com/,,,,,,,,https://toptierstrong.com,toptierstrong.com
Method Health Club,,https://healthclub.methodgym.com/?utm_source=google&utm_medium=organic&utm_campaign=gbp_ashburn_club,,,,,,,,https://healthclub.methodgym.com,healthclub.methodgym.com
DC DanceSport Academy,,http://dcdancesportacademy.com/,,,,,,,,https://dcdancesportacademy.com,dcdancesportacademy.com
FC Training Grounds,,http://www.fctraininggrounds.com/,,,,,,,,https://fctraininggrounds.com,fctraininggrounds.com
Legends Sports,,http://www.playlegends.com/,,,,,,,,https://playlegends.com,playlegends.com
Tiny Dancers,,http://www.tinydancers.com/,,,,,,,,https://tinydancers.com,tinydancers.com
Canterbury Woods Swim Club,,http://www.canterburywoodspool.com/,,,,,,,,https://canterburywoodspool.com,canterburywoodspool.com
Holmes Run Acres Recreation Association,,http://holmesrunpool.org/,,,,,,,,https://holmesrunpool.org,holmesrunpool.org
Wakefield Chapel Recreation Association Pool,,http://wakefieldchapelrec.org/,,,,,,,,https://wakefieldchapelrec.org,wakefieldchapelrec.org
Dominion Hills Area Recreation,,http://dominionhills.org/,,,,,,,,https://dominionhills.org,dominionhills.org
PENTA OLYMPIC FENCING CLUB,,http://www.fencing123.com/,,,,,,,,https://fencing123.com,fencing123.com
Elite Fencing Academy,,http://www.elitefencingacademy.com/,,,,,,,,https://elitefencingacademy.com,elitefencingacademy.com
The Sharpening Dude LLC,,https://www.sharpeningdude.com/,,,,,,,,https://sharpeningdude.com,sharpeningdude.com
Coach Matt Stevens,,http://www.coachmattstevens.com/,,,,,,,,https://coachmattstevens.com,coachmattstevens.com
Broyhill Crest Recreation Club,,https://broyhillcrestpool.net/,,,,,,,,https://broyhillcrestpool.net,broyhillcrestpool.net
Expressions Music Academy,,https://www.expressionsmusicacademy.com/annandale-music-lessons,,,,,,,,https://expressionsmusicacademy.com,expressionsmusicacademy.com
Kha's Karate School,,https://www.khaskarate.com/,,,,,,,,https://khaskarate.com,khaskarate.com
1Up MuayThai Academy,,https://www.1upmuaythai.com/,,,,,,,,https://1upmuaythai.com,1upmuaythai.com
"International Dance, LLC.",,http://international.dance/,,,,,,,,https://international.dance,international.dance
Aquatic Adventures Scuba Academy,,https://www.aquaticadventuresva.com/,,,,,,,,https://aquaticadventuresva.com,aquaticadventuresva.com
My Baby Steps Academy Little River Turn Pike,,http://mybabystepsacademy.com/,,,,,,,,https://mybabystepsacademy.com,mybabystepsacademy.com
Camp Gan Israel,,http://www.cginova.com/templates/articlecco_cdo/aid/286883/jewish/Contact-Us.htm,,,,,,,,https://cginova.com,cginova.com
ACCA CHILD DEVELOPMENT CENTER,,http://www.accacdc.org/,,,,,,,,https://accacdc.org,accacdc.org
Camp Friendship,,https://campfriendship.com/,,,,,,,,https://campfriendship.com,campfriendship.com
YSL Hapmudo Studio,,http://www.hapmudova.com/,,,,,,,,https://hapmudova.com,hapmudova.com
Westminster School,,https://www.westminsterschool.com/,,,,,,,,https://westminsterschool.com,westminsterschool.com
Annandale Children's Academy,,https://annandalechildrensacademy.com/,,,,,,,,https://annandalechildrensacademy.com,annandalechildrensacademy.com
Sleepy Hollow Preschool,,https://www.sleepyhollowpreschool.org/,,,,,,,,https://sleepyhollowpreschool.org,sleepyhollowpreschool.org
NOVA TRAINING CENTER,,http://www.novatrainingcenter.edu/,,,,,,,,https://novatrainingcenter.edu,novatrainingcenter.edu
Hero Within Life Mastery Training Center,,https://herowithinyou.com/,,,,,,,,https://herowithinyou.com,herowithinyou.com
VB KidFit,,http://www.vbkidfit.com/,,,,,,,,https://vbkidfit.com,vbkidfit.com
Wellness Center Tu family,,https://wellnesstufamilyclinic.com/,,,,,,,,https://wellnesstufamilyclinic.com,wellnesstufamilyclinic.com
Connection Wellness Center: Personal Training Gym & Physical Therapy,,http://www.connectionwellnesscenter.com/,,,,,,,,https://connectionwellnesscenter.com,connectionwellnesscenter.com
on the go fitness pro,,https://www.onthegofitnesspro.com/,,,,,,,,https://onthegofitnesspro.com,onthegofitnesspro.com
KidStrong Springfield,,http://springfield.kidstrong.com/,,,,,,,,https://springfield.kidstrong.com,springfield.kidstrong.com
Villarreal Virginia Academy,,https://www.villarrealva.org/,,,,,,,,https://villarrealva.org,villarrealva.org
PJ's Soccer/Lacrosse,,https://www.pjsoccerlacrosse.com/,,,,,,,,https://pjsoccerlacrosse.com,pjsoccerlacrosse.com
Champions Soccer Academy,,https://www.championssoccercsa.com/Default.aspx?tabid=1091780,,,,,,,,https://championssoccercsa.com,championssoccercsa.com
Soccer Organization Charlottesville Area,,http://www.socaspot.org/,,,,,,,,https://socaspot.org,socaspot.org
PHILLIPS Programs,,http://www.phillipsprograms.org/,,,,,,,,https://phillipsprograms.org,phillipsprograms.org
Infinite Skills Basketball Training,,https://www.infiniteskill.org/?utm_source=google&utm_medium=wix_google_business_profile&utm_campaign=7757242091609990361,,,,,,,,https://infiniteskill.org,infiniteskill.org
Richmond Elite Academy,,https://www.richmondeliteacademy.com/,,,,,,,,https://richmondeliteacademy.com,richmondeliteacademy.com
Swishology Athletics,,https://swishologyathletics.com/,,,,,,,,https://swishologyathletics.com,swishologyathletics.com
Cornerstone Hoops,,https://cornerstonehoops.com/,,,,,,,,https://cornerstonehoops.com,cornerstonehoops.com
Collector's World,,http://www.collectorsworldva.com,,,,,,,,https://collectorsworldva.com,collectorsworldva.com
R&D Baseball Academy,,https://www.rdbaseballacademy.com/,,,,,,,,https://rdbaseballacademy.com,rdbaseballacademy.com
Newington Community Association Ball Field,,http://www.newingtoncommunity.org,,,,,,,,https://newingtoncommunity.org,newingtoncommunity.org
TF Futbal,,https://www.tffutbal.com/,,,,,,,,https://tffutbal.com,tffutbal.com
"Lacrosse Unlimited of Alexandria, VA",,http://www.lacrosseunlimited.com/,,,,,,,,https://lacrosseunlimited.com,lacrosseunlimited.com
Olde Towne Volleyball Club,,https://otvc22.com/,,,,,,,,https://otvc22.com,otvc22.com
Lincolnia Park Recreational Club,,http://www.lincolniapark.org/,,,,,,,,https://lincolniapark.org,lincolniapark.org
Blue Ridge Volleyball,,https://www.blueridgevba.club/,,,,,,,,https://blueridgevba.club,blueridgevba.club
East Coast Volleyball Club (ECVC),,http://www.eastcoastvolleyballclub.com/,,,,,,,,https://eastcoastvolleyballclub.com,eastcoastvolleyballclub.com
Boys & Girls Club of America,,http://www.bgcgw.org/hylton/,,,,,,,,https://bgcgw.org,bgcgw.org
DIETRICH's KARATE - Black Belt LEADERSHIP Training & Family Martial Arts Center,,http://www.dkskick.com/,,,,,,,,https://dkskick.com,dkskick.com
Martial Arts Tutoring (M.A.T.) studio,,https://www.martialartstutoring.com/,,,,,,,,https://martialartstutoring.com,martialartstutoring.com
Seichou Karate,,http://www.seichoukarate.com/,,,,,,,,https://seichoukarate.com,seichoukarate.com
Northern Virginia Ki-Aikido,,http://www.novakiaikido.org/,,,,,,,,https://novakiaikido.org,novakiaikido.org
Ohn Top Martial Arts - Rose Hill,,http://ohntopblackbelt.com/,,,,,,,,https://ohntopblackbelt.com,ohntopblackbelt.com
Yong In Tae Kwon Do College,,http://www.yongintaekwondocollege.com/,,,,,,,,https://yongintaekwondocollege.com,yongintaekwondocollege.com
American Family Centers - Karate,,http://afckarate.com/,,,,,,,,https://afckarate.com,afckarate.com
masterhantkd,,https://www.masterhantkd.com/contact,,,,,,,,https://masterhantkd.com,masterhantkd.com
USTC Martial Arts & Child Care Center,,http://ustcmartialarts.com/,,,,,,,,https://ustcmartialarts.com,ustcmartialarts.com
Coalition Combat Sports - MMA - Jiu Jitsu - Kickboxing,,http://www.coalitioncombatsports.com/,,,,,,,,https://coalitioncombatsports.com,coalitioncombatsports.com
Pink Pearl Gymnastics,,https://www.pinkpearlgymnastics.com/,,,,,,,,https://pinkpearlgymnastics.com,pinkpearlgymnastics.com
Revel Gymnastics,,http://revelgym.org/,,,,,,,,https://revelgym.org,revelgym.org
Suavey Performing Arts Institute,,https://www.suaveyusa.com/?utm_source=google&utm_medium=wix_google_business_profile&utm_campaign=15841330353348980398,,,,,,,,https://suaveyusa.com,suaveyusa.com
Stafford Gymnastics & Recreation Center,,https://www.staffordcountyva.gov/1861/Parks-Recreation,,,,,,,,https://staffordcountyva.gov,staffordcountyva.gov
Dancensations Dance Center,,http://www.dancensationsdancecenter.com/,,,,,,,,https://dancensationsdancecenter.com,dancensationsdancecenter.com
"Elite Force Athletics, LLC",,https://www.eliteforceathletics.com/page/home,,,,,,,,https://eliteforceathletics.com,eliteforceathletics.com
Virginia Allstars,,http://www.virginiaallstars.net/?utm_source=google&utm_medium=wix_google_business_profile&utm_campaign=7553350578934061478,,,,,,,,https://virginiaallstars.net,virginiaallstars.net
Forest Hollow Swim Inc,,https://www.foresthollow.com/,,,,,,,,https://foresthollow.com,foresthollow.com
Rolling Hills Swim Club,,http://www.rollinghillsswimclub.org/main.lasso,,,,,,,,https://rollinghillsswimclub.org,rollinghillsswimclub.org
The Swim Farm LLC,,http://www.theswimfarm.com/,,,,,,,,https://theswimfarm.com,theswimfarm.com
Camelot Community Club,,http://camelotpool.com/,,,,,,,,https://camelotpool.com,camelotpool.com
Dowden Terrace Recreation,,https://dtpool.com/,,,,,,,,https://dtpool.com,dtpool.com
Somerset Olde Creek Pool & Rec Club,,http://socpool.com/,,,,,,,,https://socpool.com,socpool.com
Parklawn Pool,,http://www.parklawnpool.org/,,,,,,,,https://parklawnpool.org,parklawnpool.org
Villa Aquatic Club Inc,,http://www.villaaquatic.com/,,,,,,,,https://villaaquatic.com,villaaquatic.com
Parliament Pool Association,,https://parliament-pool.com/,,,,,,,,https://parliament-pool.com,parliament-pool.com
Rutherford Area Swim Club,,http://rutherfordpool.org/,,,,,,,,https://rutherfordpool.org,rutherfordpool.org
Sleepy Hollow Bath & Racquet (SHBR),,https://shbr.org/,,,,,,,,https://shbr.org,shbr.org
Ravensworth Farm Swim and Racquet Club,,http://www.ravensworthfarmpool.com/,,,,,,,,https://ravensworthfarmpool.com,ravensworthfarmpool.com
Nation's Capital Swim Club,,https://www.ncapswim.com/,,,,,,,,https://ncapswim.com,ncapswim.com
Capital Water Polo,,https://www.capitalwaterpolo.com/,,,,,,,,https://capitalwaterpolo.com,capitalwaterpolo.com
Lee-Graham Swimming Pool,,http://www.lgpool.org/,,,,,,,,https://lgpool.org,lgpool.org
Glen Forest Community Pool,,http://www.gfcpool.org/,,,,,,,,https://gfcpool.org,gfcpool.org
High Point Pool Inc,,http://highpointpool-fc.com/,,,,,,,,https://highpointpool-fc.com,highpointpool-fc.com
Woodley Pool,,http://www.woodleypool.org/,,,,,,,,https://woodleypool.org,woodleypool.org
Bren Mar Swimming Pool,,https://brenmarpool.com/,,,,,,,,https://brenmarpool.com,brenmarpool.com
Danbury Forest Community Pool,,http://www.danburyforest.org/,,,,,,,,https://danburyforest.org,danburyforest.org
Springboard Pool,,https://www.springboardpool.org/,,,,,,,,https://springboardpool.org,springboardpool.org
Premier Aquatics,,http://www.premieraquatics.com/,,,,,,,,https://premieraquatics.com,premieraquatics.com
The Timbers Community Pool,,http://timbers-hoa.org/pool-information,,,,,,,,https://timbers-hoa.org,timbers-hoa.org
Edsall Park Swim Club Inc,,http://edsallparkswimclub.com/,,,,,,,,https://edsallparkswimclub.com,edsallparkswimclub.com
Walden Glen Swim & Racquet Club,,https://www.waldenglenpool.org/,,,,,,,,https://waldenglenpool.org,waldenglenpool.org
Muneer Chess and Tennis Club (MCTC),,http://www.mctc.games/,,,,,,,,https://mctc.games,mctc.games
Tennis String Theory - Falls Church Location,,https://www.tennisstringtheory.com/,,,,,,,,https://tennisstringtheory.com,tennisstringtheory.com
LPRC-Tennis,,http://lprc-tennis.com/,,,,,,,,https://lprc-tennis.com,lprc-tennis.com
Happy Hour Athletics,,https://happyhourathletics.com/,,,,,,,,https://happyhourathletics.com,happyhourathletics.com
JA Finance Park Fairfax County,,http://www.myja.org/financepark/,,,,,,,,https://myja.org,myja.org
Pat Cunningham Stadium,,http://www.wtwoodsonsports.org/,,,,,,,,https://wtwoodsonsports.org,wtwoodsonsports.org
Training Ground,,http://www.traininggroundarlington.com/,,,,,,,,https://traininggroundarlington.com,traininggroundarlington.com
TCOYO Hockey,,https://www.tcoyohockey.org/,,,,,,,,https://tcoyohockey.org,tcoyohockey.org
Burke Sporting Goods,,https://www.burkesports.com/,,,,,,,,https://burkesports.com,burkesports.com
Marymount University-Men's Lacrosse,,http://www.marymountsaints.com/sports/mlax/index,,,,,,,,https://marymountsaints.com,marymountsaints.com
Bikenetic Full Service Bicycle Shop,,http://www.bikenetic.com/,,,,,,,,https://bikenetic.com,bikenetic.com
Kindred Cycle,,https://www.kindredcycling.com/?utm_source=google&utm_medium=wix_google_business_profile&utm_campaign=18424190877101799982,,,,,,,,https://kindredcycling.com,kindredcycling.com
Vida Ciclista,,https://vidaciclista.com/,,,,,,,,https://vidaciclista.com,vidaciclista.com
Conte's Bike Shop,,https://contebikes.com/about/falls-church-va-pg236.htm,,,,,,,,https://contebikes.com,contebikes.com
MOi Cycle,,http://moicycle.com/,,,,,,,,https://moicycle.com,moicycle.com
Bicycle Pro Shop,,http://www.bicycleproshop.com/,,,,,,,,https://bicycleproshop.com,bicycleproshop.com
Hefler Performance Coaching,,http://heflerperformancecoaching.com/,,,,,,,,https://heflerperformancecoaching.com,heflerperformancecoaching.com
Unlimited Biking,,https://www.unlimitedbiking.com/Alexandria/?utm_source=GMBAlexandria&utm_medium=organic,,,,,,,,https://unlimitedbiking.com,unlimitedbiking.com
Vélocity Bicycle Cooperative,,http://velocitycoop.org/,,,,,,,,https://velocitycoop.org,velocitycoop.org
Results Fitness,,https://resultsgymalexandria.com/,,,,,,,,https://resultsgymalexandria.com,resultsgymalexandria.com
Alpine Ski Shop,,http://www.alpineskishop.com/,,,,,,,,https://alpineskishop.com,alpineskishop.com
Derby Empire,,http://www.derbyempire.com/,,,,,,,,https://derbyempire.com,derbyempire.com
Charlottesville Skateshop,,http://www.cvilleskates.com/,,,,,,,,https://cvilleskates.com,cvilleskates.com
Kidcreate Studio - Fairfax Station,,https://kidcreate.com/fairfax-station,,,,,,,,https://kidcreate.com,kidcreate.com
Royal Driving School,,https://www.royaldrivingschoolva.com/,,,,,,,,https://royaldrivingschoolva.com,royaldrivingschoolva.com
Coleman PowerSports,,https://www.wherethepoweris.com/?utm_source=google&utm_medium=organic&utm_campaign=gbp,,,,,,,,https://wherethepoweris.com,wherethepoweris.com
The Creative Child,,http://www.thecreativechild.com/,,,,,,,,https://thecreativechild.com,thecreativechild.com
Pedego Electric Bikes Alexandria,,https://pedegoelectricbikes.com/dealers/alexandria/,,,,,,,,https://pedegoelectricbikes.com,pedegoelectricbikes.com
Sun & Ski Sports,,https://www.sunandski.com/falls-church?utm_source=gbp&utm_medium=organic&utm_campaign=local,,,,,,,,https://sunandski.com,sunandski.com
The Movement Studios,,http://www.tmsdance.com/,,,,,,,,https://tmsdance.com,tmsdance.com
Fusion Cycles,,http://fusioncyclesinc.com/,,,,,,,,https://fusioncyclesinc.com,fusioncyclesinc.com
Carousel Child Development Center,,http://www.carouselchild.com/,,,,,,,,https://carouselchild.com,carouselchild.com
Doodlehopper 4 Kids,,http://www.doodlehopper.com/,,,,,,,,https://doodlehopper.com,doodlehopper.com
Sierra,,https://www.sierra.com/,,,,,,,,https://sierra.com,sierra.com
Olympus Gym,,http://www.olympusfitnesscenters.com/,,,,,,,,https://olympusfitnesscenters.com,olympusfitnesscenters.com
Go Ape Zipline and Adventure Park,,https://www.goape.com/location/virginia-springfield/?utm_source=GMBListing&utm_medium=organic,,,,,,,,https://goape.com,goape.com
Bowl America Burke,,https://www.bowlero.com/location/bowl-america-burke?utm_source=gbp&utm_medium=organic&utm_campaign=yext_listings,,,,,,,,https://bowlero.com,bowlero.com
Old Keene Mill Swim & Racquet Club,,http://www.okmpool.com/,,,,,,,,https://okmpool.com,okmpool.com
Black Belt Academy,,http://bbafairfax.com/,,,,,,,,https://bbafairfax.com,bbafairfax.com
"Buffa's Dance Studio, Ltd.",,http://buffas.com/,,,,,,,,https://buffas.com,buffas.com
iCode Burke,,https://icodeschool.com/burke/,,,,,,,,https://icodeschool.com,icodeschool.com
The Metta Center,,http://www.mettamassagecenter.com/,,,,,,,,https://mettamassagecenter.com,mettamassagecenter.com
Fitness Together,,https://fitnesstogether.com/fairfax?utm_medium=SoCi&utm_source=gmb,,,,,,,,https://fitnesstogether.com,fitnesstogether.com
Camp Greenway,,https://www.madeira.org/programs/summer-programs/camp-greenway,,,,,,,,https://madeira.org,madeira.org
GMU Field House,,https://shs.gmu.edu/,,,,,,,,https://shs.gmu.edu,shs.gmu.edu
Redline Athletics Springfield,,https://redlineathletics.com/springfield/?utm_source=gmb&utm_medium=organic&utm_campaign=Qiigo,,,,,,,,https://redlineathletics.com,redlineathletics.com
Summer Camp at Episcopal,,https://www.summeratepiscopal.org/,,,,,,,,https://summeratepiscopal.org,summeratepiscopal.org
Kiddie Country Developmental Learning Center,,https://kiddiecountry.com/,,,,,,,,https://kiddiecountry.com,kiddiecountry.com
"Angels Home Daycare Fairfax, Fairfax Station, Burke, Lorton, West Springfeild",,http://www.angelsdaycarenow.com/,,,,,,,,https://angelsdaycarenow.com,angelsdaycarenow.com
Reggio's Treehouse,,http://www.reggiostreehouse.com/,,,,,,,,https://reggiostreehouse.com,reggiostreehouse.com
University Mall,,https://vanmetrecommercial.com/properties/va/fairfax/university-mall,,,,,,,,https://vanmetrecommercial.com,vanmetrecommercial.com
Heidi Ella Wellness and Massage at The Wellness Center,,https://www.burkewellnesscenter.com/,,,,,,,,https://burkewellnesscenter.com,burkewellnesscenter.com
Starfire Evolution,,http://www.starfireevolution.wordpress.com/,,,,,,,,https://starfireevolution.wordpress.com,starfireevolution.wordpress.com
Tidewater Sharks,,https://www.sharks-soccer.com/,,,,,,,,https://sharks-soccer.com,sharks-soccer.com
Virginia Legacy Soccer Club,,https://www.valegacysoccer.com/,,,,,,,,https://valegacysoccer.com,valegacysoccer.com
Blue Ridge Youth Soccer Association,,http://www.brysa.org/,,,,,,,,https://brysa.org,brysa.org
Clarke County Soccer League,,http://www.clarkesoccer.org/,,,,,,,,https://clarkesoccer.org,clarkesoccer.org
Old Dominion Soccer Club/ ODSC,,https://www.olddominionsc.org/,,,,,,,,https://olddominionsc.org,olddominionsc.org
Ponds Community Center (1345),,http://www.burkecentreweb.com/,,,,,,,,https://burkecentreweb.com,burkecentreweb.com
Burke Centre Conservancy,,https://www.burkecentre.com/,,,,,,,,https://burkecentre.com,burkecentre.com
Springfield Babe Ruth,,http://www.springfieldbaberuth.org/,,,,,,,,https://springfieldbaberuth.org,springfieldbaberuth.org
Diamond Development Baseball and Softball,,https://www.diamonddevelopmentva.com/,,,,,,,,https://diamonddevelopmentva.com,diamonddevelopmentva.com
Bennetts Creek Little League,,http://www.bennettscreek.org/,,,,,,,,https://bennettscreek.org,bennettscreek.org
NVFOA,,https://www.nvfoa.com/contact,,,,,,,,https://nvfoa.com,nvfoa.com
NIST,,https://norfolkindoorsports.com/,,,,,,,,https://norfolkindoorsports.com,norfolkindoorsports.com
Outbreak Volleyball Club,,https://www.outbreakvolleyball.com/,,,,,,,,https://outbreakvolleyball.com,outbreakvolleyball.com
Rise Martial Arts,,http://www.rise-martialarts.com/,,,,,,,,https://rise-martialarts.com,rise-martialarts.com
Green's Martial Arts,,http://www.greensmartialarts.com/,,,,,,,,https://greensmartialarts.com,greensmartialarts.com
K-TOP Martial Arts,,http://www.ktopmartialarts.com/,,,,,,,,https://ktopmartialarts.com,ktopmartialarts.com
Master Cho's World Class Martial Arts & After School Care,,https://masterchotkd.com/,,,,,,,,https://masterchotkd.com,masterchotkd.com
M.Y. Taekwondo & After School.,,http://www.my-taekwondo.com/,,,,,,,,https://my-taekwondo.com,my-taekwondo.com
Valhalla Academy of Martial Arts,,http://martialartsfredericksburgva.com,,,,,,,,https://martialartsfredericksburgva.com,martialartsfredericksburgva.com
Muhammad's Boxing and Martial Arts,,http://www.boxingandmartialartscenter.com/,,,,,,,,https://boxingandmartialartscenter.com,boxingandmartialartscenter.com
2KnuckleSports MMA & Fitness - VA,,https://2kmma.com/,,,,,,,,https://2kmma.com,2kmma.com
Shaolin Kung Fu Centers,,http://www.shaolinkungfucenters.com/?utm_source=google&utm_medium=wix_google_business_profile&utm_campaign=8292562221736087089,,,,,,,,https://shaolinkungfucenters.com,shaolinkungfucenters.com
Chesapeake Jeet Kune Do & Capoeira,,http://www.chesapeakejkd.com/,,,,,,,,https://chesapeakejkd.com,chesapeakejkd.com
Underground Krav Maga and Fitness,,http://undergroundkravmaga.com/,,,,,,,,https://undergroundkravmaga.com,undergroundkravmaga.com
Bella Ballerina Burke,,http://www.bellaballerinaburke.com/,,,,,,,,https://bellaballerinaburke.com,bellaballerinaburke.com
Virginia Ballet Company & School,,http://www.vaballet.org/,,,,,,,,https://vaballet.org,vaballet.org
Elegant Dancing,,https://elegantdancing.com/,,,,,,,,https://elegantdancing.com,elegantdancing.com
Crosspointe Swim & Racquet,,http://crosspointeva.org/,,,,,,,,https://crosspointeva.org,crosspointeva.org
Burke Station Swim Club,,https://burkestationswimclub.com/,,,,,,,,https://burkestationswimclub.com,burkestationswimclub.com
Burkwood Swim & Racquet Club,,https://burkwoodclub.com/,,,,,,,,https://burkwoodclub.com,burkwoodclub.com
Fox Hunt Swim & Tennis Club,,http://www.foxhuntswimclub.org/,,,,,,,,https://foxhuntswimclub.org,foxhuntswimclub.org
South Run Swim & Racquet Club,,https://www.southrunswim.com/,,,,,,,,https://southrunswim.com,southrunswim.com
Cottontail Swim and Racquet Club,,https://cottontailswimandracquetclub.wildapricot.org/,,,,,,,,https://cottontailswimandracquetclub.wildapricot.org,cottontailswimandracquetclub.wildapricot.org
Glen Cove Pool,,http://www.glencoveswimclub.com/,,,,,,,,https://glencoveswimclub.com,glencoveswimclub.com
A PLUS FITNESS,,https://calendly.com/jakobn-aplustennisva/30min,,,,,,,,https://calendly.com,calendly.com
Ridgeside K9,,https://ridgesidek9.com/,,,,,,,,https://ridgesidek9.com,ridgesidek9.com
MY OPEN WORKOUT,,https://myopenworkout.com/?utm_campaign=gmb,,,,,,,,https://myopenworkout.com,myopenworkout.com
StarCycle Chesapeake,,http://www.starcycleride.com/studio/chesapeake,,,,,,,,https://starcycleride.com,starcycleride.com
Rats Cycles,,http://www.ratscycles.com/,,,,,,,,https://ratscycles.com,ratscycles.com
Bikeexpress DMV,,https://www.bikeexpress.cc/,,,,,,,,https://bikeexpress.cc,bikeexpress.cc
Falling Creek Park,,https://bedfordtrails.wordpress.com/,,,,,,,,https://bedfordtrails.wordpress.com,bedfordtrails.wordpress.com
New Quarter Park,,https://www.yorkcounty.gov/1816/New-Quarter-Park,,,,,,,,https://yorkcounty.gov,yorkcounty.gov
Walmart,,https://www.walmart.com/store/5227-burke-va?veh=seo_loc,,,,,,,,https://walmart.com,walmart.com
Handy Bikes,,https://www.handybikesdc.com/,,,,,,,,https://handybikesdc.com,handybikesdc.com
Kohl's,,https://www.kohls.com/stores/va/burke-560.shtml?utm_source=google&utm_medium=organic&utm_campaign=local,,,,,,,,https://kohls.com,kohls.com
Nest Driving School,,https://nestdrivingschool.com/,,,,,,,,https://nestdrivingschool.com,nestdrivingschool.com
Mukthi YOGA - youtube.com/mukthi,,http://www.mukthi.com/,,,,,,,,https://mukthi.com,mukthi.com
Yoga Commons,,https://www.yoga-commons.com/,,,,,,,,https://yoga-commons.com,yoga-commons.com
Serendipity Wellness Studio,,http://serendipitywellnessstudio.com/,,,,,,,,https://serendipitywellnessstudio.com,serendipitywellnessstudio.com
Peace of Mind & Body Yoga & Wellness Studio,,https://peacemindandbody.com/,,,,,,,,https://peacemindandbody.com,peacemindandbody.com
Strength Haven Gym,,http://www.strengthhavengym.com/,,,,,,,,https://strengthhavengym.com,strengthhavengym.com
FIT4MOM SouthWest NoVa,,https://southwestnova.fit4mom.com/,,,,,,,,https://southwestnova.fit4mom.com,southwestnova.fit4mom.com
Strength Alive - West End Location,,https://strengthalivetraining.com/,,,,,,,,https://strengthalivetraining.com,strengthalivetraining.com
BSF Elite Performance,,https://bsfeliteperformance.com/,,,,,,,,https://bsfeliteperformance.com,bsfeliteperformance.com
Performance Physical Therapy and Sports Training,,https://www.performanceptst.com/,,,,,,,,https://performanceptst.com,performanceptst.com
Sudanese American Community Development Organization (SACDO),,http://sacdo.org/,,,,,,,,https://sacdo.org,sacdo.org
Sand and Steel Fitness: Personal Training & CrossFit Gym,,https://ssf.fit/,,,,,,,,https://ssf.fit,ssf.fit
CrossFit Herndon,,http://www.crossfitherndon.com/,,,,,,,,https://crossfitherndon.com,crossfitherndon.com
CrossFit NBHD,,http://www.the-nbhd.com/,,,,,,,,https://the-nbhd.com,the-nbhd.com
"E3 Fitness, Home of Crash Proof CrossFit",,http://crashproofcrossfit.com/,,,,,,,,https://crashproofcrossfit.com,crashproofcrossfit.com
CrossFit Retro,,http://crossfitretro.com/,,,,,,,,https://crossfitretro.com,crossfitretro.com
Epiphany Movement Center,,http://www.epiphanymovementcenter.com/,,,,,,,,https://epiphanymovementcenter.com,epiphanymovementcenter.com
Body Balance Yoga & Fitness Studio,,https://www.bodybalancewilliamsburg.com/,,,,,,,,https://bodybalancewilliamsburg.com,bodybalancewilliamsburg.com
Integrated Sports Medicine & Physical Therapy - Fairfax,,https://www.integratedsportspt.com/,,,,,,,,https://integratedsportspt.com,integratedsportspt.com
Fair Oaks Physical & Occupational Therapy,,http://fairoakspt.com/,,,,,,,,https://fairoakspt.com,fairoakspt.com
Bodies In Motion Physical Therapy - Fairfax,,http://bodiesinmotionpt.com/,,,,,,,,https://bodiesinmotionpt.com,bodiesinmotionpt.com
The Arc of Northern Virginia,,https://thearcofnova.org/,,,,,,,,https://thearcofnova.org,thearcofnova.org
"Prima Urgent Care Fairfax, VA",,https://primaimmediatecare.com/,,,,,,,,https://primaimmediatecare.com,primaimmediatecare.com
All Safety Training,,http://www.allsafetytraining.com/,,,,,,,,https://allsafetytraining.com,allsafetytraining.com
Amber Physical Therapy,,http://www.amberphysicaltherapy.com/,,,,,,,,https://amberphysicaltherapy.com,amberphysicaltherapy.com
24/7 Basketball,"14112 Newbrook Dr, Chantilly, VA 20151",,,,,38.9127856,-114.3733242,basketball classes for kids,20120,,
South Loudoun Basketball,"25050 Riding Plz, Chantilly, VA 20152",,(703) 957-0020,,,38.9211706,-114.4398456,basketball classes for kids,20120,,
Ruach Lions,"Centreville, VA 20120",https://ruachlions.club,(571) 420-5399,,,35.030844,-114.5105112,basketball training for kids,20120,https://ruachlions.club,ruachlions.club
Team voltage basketball,"8809 Sudley Rd, Manassas, VA 20110",https://teamvoltagebasketball.org,(202) 487-0577,,,35.030844,-114.5105112,basketball training for kids,20120,https://teamvoltagebasketball.org,teamvoltagebasketball.org
Blockchain Basketball Training,"1521 Boyd Pointe Wy Unit 2509, Vienna, VA 22182",https://site123.me,(703) 989-7867,,,35.030844,-114.5105112,basketball training for kids,20120,https://site123.me,site123.me
Basketball Court,"Chalet Woods Courts, 14912 Cranoke St, Centreville, VA 20120",,,,,35.030844,-114.5105112,basketball training for kids,20120,,
Basketball court,"5117 Woodmere Dr, Centreville, VA 20120",,,,,35.030844,-114.5105112,youth basketball league,20120,,
KYSPC Promise Land,"15091 Braddock Rd, Chantilly, VA 20151",https://kychurch.com,(703) 818-9200,,,35.030844,-114.5105112,youth basketball league,20120,https://kychurch.com,kychurch.com
Western Fairfax Christian Ministries,"4511 Daly Dr J, Chantilly, VA 20151",https://wfcmva.org,(703) 988-9656,,,35.030844,-114.5105112,youth basketball league,20120,https://wfcmva.org,wfcmva.org
Xplosion Fastpitch Softball,"14522 Lee Rd # G, Chantilly, VA 20151",,(703) 932-6112,,,35.030844,-114.5105112,youth basketball league,20120,,
"Boys & Girls Clubs of Greater Washington, Manassas Branch","9501 Dean Park Ln, Manassas, VA 20110",,(703) 365-2582,,,35.030844,-114.5105112,youth basketball league,20120,,
Gateway Community Church,"42350 Tall Cedars Pkwy, South Riding, VA 20152",https://mygateway.life,(703) 327-2700,,,35.030844,-114.5105112,youth basketball league,20120,https://mygateway.life,mygateway.life
Mubarak Mosque,"4555 Ahmadiyya Dr, Chantilly, VA 20151",https://mubarakmosque.us,(703) 957-9610,,,35.030844,-114.5105112,youth basketball league,20120,https://mubarakmosque.us,mubarakmosque.us
Virginia Soccer Association,"Burke, VA 22015",,,,,35.030844,-114.5105112,soccer classes for kids,20120,,
Arrowhead Park,"5200 Arrowhead Park Dr, Centreville, VA 20120",,(703) 324-8662,,,35.030844,-114.5105112,soccer classes for kids,20120,,
Optimum Sports and Fitness,"5200 Arrowhead Park Dr, Centreville, VA 20120",,(703) 324-8662,,,35.030844,-114.5105112,soccer classes for kids,20120,,
NOVA Elite Baseball,"Historic District, Manassas, VA 20109",,(540) 316-8620,,,35.030844,-114.5105112,soccer classes for kids,20120,,
Football Field,"Historic District, Manassas, VA 20109",,(540) 316-8620,,,35.030844,-114.5105112,soccer classes for kids,20120,,
Champions TEQ | Elite Soccer Training,"Historic District, Manassas, VA 20109",,(540) 316-8620,,,35.030844,-114.5105112,soccer classes for kids,20120,,
Logos Academy,"2999 Centreville Rd, Herndon, VA 20171",https://logosacademy.net,(202) 669-4319,,,35.030844,-114.5105112,soccer classes for kids,20120,https://logosacademy.net,logosacademy.net
Compton Children's Academy,"2999 Centreville Rd, Herndon, VA 20171",https://logosacademy.net,(202) 669-4319,,,35.030844,-114.5105112,soccer classes for kids,20120,https://logosacademy.net,logosacademy.net
Ellanor C. Lawrence Park,"2999 Centreville Rd, Herndon, VA 20171",https://logosacademy.net,(202) 669-4319,,,35.030844,-114.5105112,soccer classes for kids,20120,https://logosacademy.net,logosacademy.net
Blee Elite Sports Therapy,"2999 Centreville Rd, Herndon, VA 20171",https://logosacademy.net,(202) 669-4319,,,35.030844,-114.5105112,soccer classes for kids,20120,https://logosacademy.net,logosacademy.net
Sky Zone Trampoline Park,"7807 Sudley Rd, Manassas, VA 20109",https://skyzone.com,(571) 762-1160,,,35.030844,-114.5105112,soccer classes for kids,20120,https://skyzone.com,skyzone.com
Soccer Rising,"7807 Sudley Rd, Manassas, VA 20109",https://skyzone.com,(571) 762-1160,,,35.030844,-114.5105112,soccer classes for kids,20120,https://skyzone.com,skyzone.com
FC Virginia,"14100 Parke Long Ct suite a, Chantilly, VA 20151",,(678) 595-7414,,,35.030844,-114.5105112,youth soccer programs,20120,,
FC UNITED,"14000r Thunderbolt Pl ste 105, Chantilly, VA 20151",https://fcunited.co,(571) 583-4421,,,35.030844,-114.5105112,youth soccer programs,20120,https://fcunited.co,fcunited.co
Barça Academy Northern Virginia,"19623 Evergreen Mills Rd, Leesburg, VA 20175",https://fcbarcelona.com,,,,35.030844,-114.5105112,soccer academy for kids,20120,https://fcbarcelona.com,fcbarcelona.com
Alexandria Soccer Association,"19623 Evergreen Mills Rd, Leesburg, VA 20175",https://fcbarcelona.com,,,,35.030844,-114.5105112,soccer academy for kids,20120,https://fcbarcelona.com,fcbarcelona.com
Barça Academy Northern Virginia,"19623 Evergreen Mills Rd, Leesburg, VA 20175",https://fcbarcelona.com,,,,35.030844,-114.5105112,soccer academy for kids,20120,https://fcbarcelona.com,fcbarcelona.com
Arlington Soccer Association,"19623 Evergreen Mills Rd, Leesburg, VA 20175",https://fcbarcelona.com,,,,35.030844,-114.5105112,soccer academy for kids,20120,https://fcbarcelona.com,fcbarcelona.com
"Elite Level Soccer, LLC","19623 Evergreen Mills Rd, Leesburg, VA 20175",https://fcbarcelona.com,,,,35.030844,-114.5105112,soccer academy for kids,20120,https://fcbarcelona.com,fcbarcelona.com
Virginia Fusion Park,"42254 Briarfield Ln, Aldie, VA 20105",https://virginiafusion.com,(512) 731-3725,,,35.030844,-114.5105112,soccer camp for kids,20120,https://virginiafusion.com,virginiafusion.com
DNA Skills Academy,"7631 Fullerton Rd Suite A, Springfield, VA 22153",,(703) 345-8391,,,38.9365406,-77.5753274,basketball classes for kids,22202,,
Blockchain Basketball Training,"1521 Boyd Pointe Wy Unit 2509, Vienna, VA 22182",https://site123.me,(703) 989-7867,,,38.9365406,-77.5753274,basketball classes for kids,22202,https://site123.me,site123.me
24/7 Basketball,"14112 Newbrook Dr, Chantilly, VA 20151",,,,,38.873111,-78.0091736,basketball classes for kids,22202,,
Fort Myer Basketball Courts,"Arlington, VA 22204",,,,,38.8584318,-77.6372282,basketball classes for kids,22202,,
Henderson Hall Smith Gym,"27 Southgate Rd, Arlington, VA 22214",https://hendersonhall.usmc-mccs.org,(703) 614-7214,,,38.8596527,-77.6380952,basketball classes for kids,22202,https://hendersonhall.usmc-mccs.org,hendersonhall.usmc-mccs.org
Jennie Dean Park,"27 Southgate Rd, Arlington, VA 22214",https://hendersonhall.usmc-mccs.org,(703) 614-7214,,,38.8596527,-77.6380952,basketball classes for kids,22202,https://hendersonhall.usmc-mccs.org,hendersonhall.usmc-mccs.org
Virginia Highlands Park Tennis Courts,"Unnamed Road, Arlington, VA 22202",,,,,38.8596527,-77.6380952,basketball classes for kids,22202,,
Crystal City Workout Park,"2451 Crystal Dr, Arlington, VA 22202",,,,,38.8612872,-77.6787726,basketball classes for kids,22202,,
Rocky Run Park Basketball Court,"1109 N Barton St, Arlington, VA 22201",,,,,38.8612872,-77.6787726,basketball classes for kids,22202,,
Angel Park Basketball Court,"Alexandria, VA 22314",,,,,38.8612872,-77.6787726,basketball classes for kids,22202,,
Champs Sports,"1100 S Hayes St, Arlington, VA 22202",https://stores.champssports.com,(703) 415-3747,,,38.8612872,-77.6787726,basketball classes for kids,22202,https://stores.champssports.com,stores.champssports.com
Arlington Youth Football Club,"475 Long Bridge Drive, Arlington, VA 22202",,,,,38.8612872,-77.6787726,basketball classes for kids,22202,,
Basketball Courts,"S 2nd St &, S Jackson St, Arlington, VA 22204",,,,,38.8612872,-77.6787726,basketball classes for kids,22202,,
Foot Locker,"1100 South Hayes Street Space 0x01, Arlington, VA 22202",https://stores.footlocker.com,(703) 415-3668,,,38.8612872,-77.6787726,basketball classes for kids,22202,https://stores.footlocker.com,stores.footlocker.com
JD Sports,"1100 S Hayes St, Arlington, VA 22202",https://jdsports.com,(703) 413-1265,,,38.8612872,-77.6787726,basketball classes for kids,22202,https://jdsports.com,jdsports.com
"EIE Sports, LLC","429 Thorncliff Dr, Newport News, VA 23608",https://eiesports.org,(770) 855-7888,,,37.152093,-77.1261223,basketball classes for kids,22202,https://eiesports.org,eiesports.org
Marine Corps Exchange,"26 Joint Base Myer, 1555 Southgate Rd, Arlington, VA 22214",https://hendersonhall.usmc-mccs.org,(703) 979-8420,,,38.8645081,-77.5896586,basketball classes for kids,22202,https://hendersonhall.usmc-mccs.org,hendersonhall.usmc-mccs.org
Public Basketball Court,"Blue Park Basketball Half Court, 18 E Linden St, Alexandria, VA 22301",,,,,38.8645081,-77.5896586,basketball classes for kids,22202,,
Kids Foot Locker,"1100 S Hayes St, Arlington, VA 22202",https://stores.kidsfootlocker.com,(703) 415-2566,,,38.8645081,-77.5896586,basketball classes for kids,22202,https://stores.kidsfootlocker.com,stores.kidsfootlocker.com
Dudley's Sport and Ale,"2766 S Arlington Mill Dr, Arlington, VA 22206",https://dudleyssportandale.com,(571) 312-2304,,,38.9057482,-77.6284551,basketball classes for kids,22202,https://dudleyssportandale.com,dudleyssportandale.com
"Veritas Collegiate Academy, National Landing Campus","935 23rd St S, Arlington, VA 22202",https://veritascollegiateacademydc.com,(866) 564-4233,,,38.9057482,-77.6284551,basketball classes for kids,22202,https://veritascollegiateacademydc.com,veritascollegiateacademydc.com
Casual Adventure Outfitters,"3451 Washington Blvd, Arlington, VA 22201",https://casualadventure.com,(703) 527-0600,,,38.9048213,-77.6284585,basketball training for kids,22202,https://casualadventure.com,casualadventure.com
DSW Designer Shoe Warehouse,"1301 S Joyce St, Arlington, VA 22202",https://stores.dsw.com,(703) 412-0818,,,38.9048213,-77.6284585,basketball training for kids,22202,https://stores.dsw.com,stores.dsw.com
Cookology Culinary School,"4238 Wilson Blvd 3rd Floor, Suite #3110, Arlington, VA 22203",https://cookologyonline.com,(703) 433-1909,,,38.9029674,-77.6284651,basketball academy for kids,22202,https://cookologyonline.com,cookologyonline.com
Orange Line Sports,"4302 36th St S, Arlington, VA 22206",https://orangelinesports.com,(516) 967-9113,,,38.8707089,-77.2123392,basketball camp,22202,https://orangelinesports.com,orangelinesports.com
JST Athletics,"950 N Washington St, Alexandria, VA 22314",https://jstathletics.org,(703) 927-5008,,,38.8707089,-77.2123392,basketball camp,22202,https://jstathletics.org,jstathletics.org
Washington Sailing Marina,"1 Marina Dr, Alexandria, VA 22314",https://washingtonsailingmarina.com,(703) 548-9027,,,38.8332089,-77.1858792,basketball skills training,22202,https://washingtonsailingmarina.com,washingtonsailingmarina.com
"Capital Tennis & Pickleball (aka Capital Tennis & Stringing, LLC)","2200 Wilson Blvd #102, Arlington, VA 22201",https://capitalstringing.com,(703) 597-4619,,,38.8332089,-77.1858792,basketball skills training,22202,https://capitalstringing.com,capitalstringing.com
LTB Soccer,"1900 Columbia Pike, Arlington, VA 22204",https://ltbsoccer.com,(202) 215-8676,,,38.858657,-77.2385516,soccer classes for kids,22202,https://ltbsoccer.com,ltbsoccer.com
Chesterfield Park Soccer Field,"4901 Chesterfield Rd, Arlington, VA 22206",,,,,38.8773212,-77.31464,soccer classes for kids,22202,,
Feya Preschool LLC,"1611 S Walter Reed Dr, Arlington, VA 22204",https://feyapreschool.com,(703) 271-1611,,,38.8561791,-77.2322438,soccer classes for kids,22202,https://feyapreschool.com,feyapreschool.com
Simpson Field,"500 E Monroe Ave, Alexandria, VA 22301",,,,,38.8561791,-77.2322438,soccer classes for kids,22202,,
Aurora Hills Water Playground,"Arlington, VA 22202",,,,,38.9247839,-77.146482,soccer classes for kids,22202,,
ChildSpace Learning Center,"2721 Mt Vernon Ave, Alexandria, VA 22301",https://mychildspace.com,(571) 429-3082,,,38.8733849,-77.2829149,soccer classes for kids,22202,https://mychildspace.com,mychildspace.com
Steve & Kate's Camp - Alexandria,"2400 Russell Rd, Alexandria, VA 22301",https://steveandkatescamp.com,(703) 997-9147,,,38.8299881,-77.2033176,soccer classes for kids,22202,https://steveandkatescamp.com,steveandkatescamp.com
Crystal City Sports Pub,"529 23rd St S, Arlington, VA 22202",https://ccsportspub.com,,,,38.8299881,-77.2033176,soccer classes for kids,22202,https://ccsportspub.com,ccsportspub.com
Burke Athletic Club,"Burke, VA 22015",,,,,38.7942325,-77.4165345,soccer classes for kids,22202,,
Urban Kempo,"3000 Washington Blvd C, Arlington, VA 22201",,(703) 888-2425,,,38.8847512,-77.2386256,soccer classes for kids,22202,,
Golf Galaxy Performance Center,"Crossroads Center, 5821 Crossroads Center Way, Falls Church, VA 22041",https://stores.golfgalaxy.com,(571) 473-4997,,,38.8847512,-77.2386256,soccer classes for kids,22202,https://stores.golfgalaxy.com,stores.golfgalaxy.com
Instrata Pentagon City,"901 15th St S, Arlington, VA 22202",https://instratapentagoncity.com,(703) 594-4142,,,38.8847512,-77.2386256,soccer classes for kids,22202,https://instratapentagoncity.com,instratapentagoncity.com
Canchas futbol,"2700 Duke St, Alexandria, VA 22314",,,,,38.8061327,-77.2218958,soccer classes for kids,22202,,
Marymount University Men's Soccer,"2807 N Glebe Rd, Arlington, VA 22207",,,,,38.9060273,-77.2720272,soccer camp for kids,22202,,
Nova Soccer Academy,"1577 Spring Hill Rd, Vienna, VA 22182",,(833) 668-2762,,,38.9060273,-77.2720272,soccer camp for kids,22202,,
Marshall Soccer Field,"Marshall High School, 7731 Leesburg Pike, Falls Church, VA 22043",,,,,38.9037994,-77.3591192,soccer camp for kids,22202,,
Montclair FC Soccer Club,"Marshall High School, 7731 Leesburg Pike, Falls Church, VA 22043",,,,,38.9037994,-77.3591192,soccer camp for kids,22202,,
DNA Skills Academy,"7631 Fullerton Rd Suite A, Springfield, VA 22153",,(703) 345-8391,,,38.9365406,-77.5753274,basketball classes for kids,22202,,
Blockchain Basketball Training,"1521 Boyd Pointe Wy Unit 2509, Vienna, VA 22182",https://site123.me,(703) 989-7867,,,38.9365406,-77.5753274,basketball classes for kids,22202,https://site123.me,site123.me
24/7 Basketball,"14112 Newbrook Dr, Chantilly, VA 20151",,,,,38.873111,-78.0091736,basketball classes for kids,22202,,
Fort Myer Basketball Courts,"Arlington, VA 22204",,,,,38.8584318,-77.6372282,basketball classes for kids,22202,,
Henderson Hall Smith Gym,"27 Southgate Rd, Arlington, VA 22214",https://hendersonhall.usmc-mccs.org,(703) 614-7214,,,38.8596527,-77.6380952,basketball classes for kids,22202,https://hendersonhall.usmc-mccs.org,hendersonhall.usmc-mccs.org
Jennie Dean Park,"27 Southgate Rd, Arlington, VA 22214",https://hendersonhall.usmc-mccs.org,(703) 614-7214,,,38.8596527,-77.6380952,basketball classes for kids,22202,https://hendersonhall.usmc-mccs.org,hendersonhall.usmc-mccs.org
Virginia Highlands Park Tennis Courts,"Unnamed Road, Arlington, VA 22202",,,,,38.8596527,-77.6380952,basketball classes for kids,22202,,
Crystal City Workout Park,"2451 Crystal Dr, Arlington, VA 22202",,,,,38.8612872,-77.6787726,basketball classes for kids,22202,,
Rocky Run Park Basketball Court,"1109 N Barton St, Arlington, VA 22201",,,,,38.8612872,-77.6787726,basketball classes for kids,22202,,
Angel Park Basketball Court,"Alexandria, VA 22314",,,,,38.8612872,-77.6787726,basketball classes for kids,22202,,
Champs Sports,"1100 S Hayes St, Arlington, VA 22202",https://stores.champssports.com,(703) 415-3747,,,38.8612872,-77.6787726,basketball classes for kids,22202,https://stores.champssports.com,stores.champssports.com
Arlington Youth Football Club,"475 Long Bridge Drive, Arlington, VA 22202",,,,,38.8612872,-77.6787726,basketball classes for kids,22202,,
Basketball Courts,"S 2nd St &, S Jackson St, Arlington, VA 22204",,,,,38.8612872,-77.6787726,basketball classes for kids,22202,,
Foot Locker,"1100 South Hayes Street Space 0x01, Arlington, VA 22202",https://stores.footlocker.com,(703) 415-3668,,,38.8612872,-77.6787726,basketball classes for kids,22202,https://stores.footlocker.com,stores.footlocker.com
JD Sports,"1100 S Hayes St, Arlington, VA 22202",https://jdsports.com,(703) 413-1265,,,38.8612872,-77.6787726,basketball classes for kids,22202,https://jdsports.com,jdsports.com
"EIE Sports, LLC","429 Thorncliff Dr, Newport News, VA 23608",https://eiesports.org,(770) 855-7888,,,37.152093,-77.1261223,basketball classes for kids,22202,https://eiesports.org,eiesports.org
Marine Corps Exchange,"26 Joint Base Myer, 1555 Southgate Rd, Arlington, VA 22214",https://hendersonhall.usmc-mccs.org,(703) 979-8420,,,38.8645081,-77.5896586,basketball classes for kids,22202,https://hendersonhall.usmc-mccs.org,hendersonhall.usmc-mccs.org
Public Basketball Court,"Blue Park Basketball Half Court, 18 E Linden St, Alexandria, VA 22301",,,,,38.8645081,-77.5896586,basketball classes for kids,22202,,
Kids Foot Locker,"1100 S Hayes St, Arlington, VA 22202",https://stores.kidsfootlocker.com,(703) 415-2566,,,38.8645081,-77.5896586,basketball classes for kids,22202,https://stores.kidsfootlocker.com,stores.kidsfootlocker.com
Dudley's Sport and Ale,"2766 S Arlington Mill Dr, Arlington, VA 22206",https://dudleyssportandale.com,(571) 312-2304,,,38.9057482,-77.6284551,basketball classes for kids,22202,https://dudleyssportandale.com,dudleyssportandale.com
"Veritas Collegiate Academy, National Landing Campus","935 23rd St S, Arlington, VA 22202",https://veritascollegiateacademydc.com,(866) 564-4233,,,38.9057482,-77.6284551,basketball classes for kids,22202,https://veritascollegiateacademydc.com,veritascollegiateacademydc.com
Casual Adventure Outfitters,"3451 Washington Blvd, Arlington, VA 22201",https://casualadventure.com,(703) 527-0600,,,38.9048213,-77.6284585,basketball training for kids,22202,https://casualadventure.com,casualadventure.com
DSW Designer Shoe Warehouse,"1301 S Joyce St, Arlington, VA 22202",https://stores.dsw.com,(703) 412-0818,,,38.9048213,-77.6284585,basketball training for kids,22202,https://stores.dsw.com,stores.dsw.com
Cookology Culinary School,"4238 Wilson Blvd 3rd Floor, Suite #3110, Arlington, VA 22203",https://cookologyonline.com,(703) 433-1909,,,38.9029674,-77.6284651,basketball academy for kids,22202,https://cookologyonline.com,cookologyonline.com
Orange Line Sports,"4302 36th St S, Arlington, VA 22206",https://orangelinesports.com,(516) 967-9113,,,38.8707089,-77.2123392,basketball camp,22202,https://orangelinesports.com,orangelinesports.com
JST Athletics,"950 N Washington St, Alexandria, VA 22314",https://jstathletics.org,(703) 927-5008,,,38.8707089,-77.2123392,basketball camp,22202,https://jstathletics.org,jstathletics.org
Washington Sailing Marina,"1 Marina Dr, Alexandria, VA 22314",https://washingtonsailingmarina.com,(703) 548-9027,,,38.8332089,-77.1858792,basketball skills training,22202,https://washingtonsailingmarina.com,washingtonsailingmarina.com
"Capital Tennis & Pickleball (aka Capital Tennis & Stringing, LLC)","2200 Wilson Blvd #102, Arlington, VA 22201",https://capitalstringing.com,(703) 597-4619,,,38.8332089,-77.1858792,basketball skills training,22202,https://capitalstringing.com,capitalstringing.com
LTB Soccer,"1900 Columbia Pike, Arlington, VA 22204",https://ltbsoccer.com,(202) 215-8676,,,38.858657,-77.2385516,soccer classes for kids,22202,https://ltbsoccer.com,ltbsoccer.com
Chesterfield Park Soccer Field,"4901 Chesterfield Rd, Arlington, VA 22206",,,,,38.8773212,-77.31464,soccer classes for kids,22202,,
Feya Preschool LLC,"1611 S Walter Reed Dr, Arlington, VA 22204",https://feyapreschool.com,(703) 271-1611,,,38.8561791,-77.2322438,soccer classes for kids,22202,https://feyapreschool.com,feyapreschool.com
Simpson Field,"500 E Monroe Ave, Alexandria, VA 22301",,,,,38.8561791,-77.2322438,soccer classes for kids,22202,,
Aurora Hills Water Playground,"Arlington, VA 22202",,,,,38.9247839,-77.146482,soccer classes for kids,22202,,
ChildSpace Learning Center,"2721 Mt Vernon Ave, Alexandria, VA 22301",https://mychildspace.com,(571) 429-3082,,,38.8733849,-77.2829149,soccer classes for kids,22202,https://mychildspace.com,mychildspace.com
Steve & Kate's Camp - Alexandria,"2400 Russell Rd, Alexandria, VA 22301",https://steveandkatescamp.com,(703) 997-9147,,,38.8299881,-77.2033176,soccer classes for kids,22202,https://steveandkatescamp.com,steveandkatescamp.com
Crystal City Sports Pub,"529 23rd St S, Arlington, VA 22202",https://ccsportspub.com,,,,38.8299881,-77.2033176,soccer classes for kids,22202,https://ccsportspub.com,ccsportspub.com
Burke Athletic Club,"Burke, VA 22015",,,,,38.7942325,-77.4165345,soccer classes for kids,22202,,
Urban Kempo,"3000 Washington Blvd C, Arlington, VA 22201",,(703) 888-2425,,,38.8847512,-77.2386256,soccer classes for kids,22202,,
Golf Galaxy Performance Center,"Crossroads Center, 5821 Crossroads Center Way, Falls Church, VA 22041",https://stores.golfgalaxy.com,(571) 473-4997,,,38.8847512,-77.2386256,soccer classes for kids,22202,https://stores.golfgalaxy.com,stores.golfgalaxy.com
Instrata Pentagon City,"901 15th St S, Arlington, VA 22202",https://instratapentagoncity.com,(703) 594-4142,,,38.8847512,-77.2386256,soccer classes for kids,22202,https://instratapentagoncity.com,instratapentagoncity.com
Canchas futbol,"2700 Duke St, Alexandria, VA 22314",,,,,38.8061327,-77.2218958,soccer classes for kids,22202,,
Marymount University Men's Soccer,"2807 N Glebe Rd, Arlington, VA 22207",,,,,38.9060273,-77.2720272,soccer camp for kids,22202,,
Nova Soccer Academy,"1577 Spring Hill Rd, Vienna, VA 22182",,(833) 668-2762,,,38.9060273,-77.2720272,soccer camp for kids,22202,,
Marshall Soccer Field,"Marshall High School, 7731 Leesburg Pike, Falls Church, VA 22043",,,,,38.9037994,-77.3591192,soccer camp for kids,22202,,
Montclair FC Soccer Club,"Marshall High School, 7731 Leesburg Pike, Falls Church, VA 22043",,,,,38.9037994,-77.3591192,soccer camp for kids,22202,,
Arlington Youth Football Club,"475 Long Bridge Drive, Arlington, VA 22202",,,,,38.775051,-77.4743231,basketball classes for kids,22203,,
Basketball Courts,"475 Long Bridge Drive, Arlington, VA 22202",,,,,38.775051,-77.4743231,basketball classes for kids,22203,,
Lubber Run Gym,"475 Long Bridge Drive, Arlington, VA 22202",,,,,38.775051,-77.4743231,basketball classes for kids,22203,,
Angel Park Basketball Court,"S 2nd St &, S Jackson St, Arlington, VA 22204",,,,,38.775051,-77.4743231,basketball classes for kids,22203,,
Bearded Goat Barber,"S 2nd St &, S Jackson St, Arlington, VA 22204",,,,,38.775051,-77.4743231,basketball classes for kids,22203,,
Arlington County Parks & Recreation,"S 2nd St &, S Jackson St, Arlington, VA 22204",,,,,38.775051,-77.4743231,basketball classes for kids,22203,,
Lubber Run Trail,"S 2nd St &, S Jackson St, Arlington, VA 22204",,,,,38.775051,-77.4743231,basketball classes for kids,22203,,
Pro Skills Basketball Washington DC,"S 2nd St &, S Jackson St, Arlington, VA 22204",,,,,38.775051,-77.4743231,basketball classes for kids,22203,,
Foundation Basketball Academy,"S 2nd St &, S Jackson St, Arlington, VA 22204",,,,,38.775051,-77.4743231,basketball classes for kids,22203,,
Washington-Liberty High School Stadium,"S 2nd St &, S Jackson St, Arlington, VA 22204",,,,,38.775051,-77.4743231,basketball classes for kids,22203,,
Sport Proformance Basketball Training,"200 N Glebe Rd #914, Arlington, VA 22203",https://arlingtondiocese.org,(703) 841-2500,,,38.775051,-77.4743231,basketball classes for kids,22203,https://arlingtondiocese.org,arlingtondiocese.org
Ted's Bulletin,"200 N Glebe Rd #914, Arlington, VA 22203",https://arlingtondiocese.org,(703) 841-2500,,,38.775051,-77.4743231,basketball classes for kids,22203,https://arlingtondiocese.org,arlingtondiocese.org
Just Hoops by Shoot-A-Way,"4238 Wilson Blvd #1130, Arlington, VA 22203",https://tedsbulletin.com,(703) 848-7580,,,38.775051,-77.4743231,basketball classes for kids,22203,https://tedsbulletin.com,tedsbulletin.com
Washington-Liberty High School,"4238 Wilson Blvd #1130, Arlington, VA 22203",https://tedsbulletin.com,(703) 848-7580,,,38.775051,-77.4743231,basketball classes for kids,22203,https://tedsbulletin.com,tedsbulletin.com
Orange Line Sports,"4302 36th St S, Arlington, VA 22206",https://orangelinesports.com,(516) 967-9113,,,38.728766,-78.4296374,youth basketball league,22203,https://orangelinesports.com,orangelinesports.com
Towers Park,"3308 S Stafford St, Arlington, VA 22206",https://dcfamily.com,(202) 292-1979,,,38.848752,-77.2309951,basketball camp,22203,https://dcfamily.com,dcfamily.com
Gunston Soccer Club,"Burke, VA 22015",,,,,38.7942325,-77.4165345,soccer classes for kids,22203,,
Feya Preschool LLC,"Burke, VA 22015",,,,,38.7942325,-77.4165345,soccer classes for kids,22203,,
Arlington County Dept. of Human Services,"Burke, VA 22015",,,,,38.7942325,-77.4165345,soccer classes for kids,22203,,
Powhatan Springs Park,"Burke, VA 22015",,,,,38.7942325,-77.4165345,soccer classes for kids,22203,,
Marshall Soccer Field,"Burke, VA 22015",,,,,38.7942325,-77.4165345,soccer classes for kids,22203,,
Nova Soccer Academy,"Burke, VA 22015",,,,,38.9037994,-77.3591192,soccer classes for kids,22203,,
Barcroft Field,"Burke, VA 22015",,,,,38.9037994,-77.3591192,soccer classes for kids,22203,,
DICK'S Sporting Goods,"Burke, VA 22015",,,,,38.9037994,-77.3591192,soccer classes for kids,22203,,
Tuckahoe Park,"Burke, VA 22015",,(703) 228-6525,,,38.8488665,-77.2454672,soccer classes for kids,22203,,
KIDSUNITED South Riding,"21610 Atlantic Blvd, Sterling, VA 20166",,,,,38.881542,-77.4086016,soccer training for kids,22203,,
Blockchain Basketball Training,"1521 Boyd Pointe Wy Unit 2509, Vienna, VA 22182",https://site123.me,(703) 989-7867,,,38.9358898,-77.5918344,basketball classes for kids,22209,https://site123.me,site123.me
DNA Skills Academy,"7631 Fullerton Rd Suite A, Springfield, VA 22153",,(703) 345-8391,,,38.9358898,-77.5918344,basketball classes for kids,22209,,
24/7 Basketball,"14112 Newbrook Dr, Chantilly, VA 20151",,,,,38.873111,-78.0091736,basketball classes for kids,22209,,
Fort Myer Basketball Courts,"Arlington, VA 22204",,,,,38.8994261,-77.6596378,basketball classes for kids,22209,,
Henderson Hall Smith Gym,"27 Southgate Rd, Arlington, VA 22214",https://hendersonhall.usmc-mccs.org,(703) 614-7214,,,38.8994261,-77.6596378,basketball classes for kids,22209,https://hendersonhall.usmc-mccs.org,hendersonhall.usmc-mccs.org
Department of Parks and Recreation - Athletic and Facility Services Division,"27 Southgate Rd, Arlington, VA 22214",https://hendersonhall.usmc-mccs.org,(703) 614-7214,,,38.8994261,-77.6596378,basketball classes for kids,22209,https://hendersonhall.usmc-mccs.org,hendersonhall.usmc-mccs.org
Arlington Youth Football Club,"475 Long Bridge Drive, Arlington, VA 22202",,,,,38.8994261,-77.6596378,basketball classes for kids,22209,,
Casual Adventure Outfitters,"3451 Washington Blvd, Arlington, VA 22201",https://casualadventure.com,(703) 527-0600,,,38.8994261,-77.6596378,basketball classes for kids,22209,https://casualadventure.com,casualadventure.com
Basketball Courts,"S 2nd St &, S Jackson St, Arlington, VA 22204",,,,,38.8994261,-77.6596378,basketball classes for kids,22209,,
Continental Pool Lounge,"1911 Fort Myer Dr, Arlington, VA 22209",https://continentalpoollounge.com,(703) 465-7675,,,38.8994261,-77.6596378,basketball classes for kids,22209,https://continentalpoollounge.com,continentalpoollounge.com
Virginia Highlands Park Tennis Courts,"Unnamed Road, Arlington, VA 22202",,,,,38.8994261,-77.6596378,basketball classes for kids,22209,,
Orange Line Sports,"4302 36th St S, Arlington, VA 22206",https://orangelinesports.com,(516) 967-9113,,,38.8994261,-77.6596378,basketball camp,22209,https://orangelinesports.com,orangelinesports.com
"Capital Tennis & Pickleball (aka Capital Tennis & Stringing, LLC)","2200 Wilson Blvd #102, Arlington, VA 22201",https://capitalstringing.com,(703) 597-4619,,,38.8994261,-77.6596378,basketball skills training,22209,https://capitalstringing.com,capitalstringing.com
LTB Soccer,"1900 Columbia Pike, Arlington, VA 22204",https://ltbsoccer.com,(202) 215-8676,,,38.8994261,-77.6596378,soccer classes for kids,22209,https://ltbsoccer.com,ltbsoccer.com
Chesterfield Park Soccer Field,"4901 Chesterfield Rd, Arlington, VA 22206",,,,,38.8994261,-77.6596378,soccer classes for kids,22209,,
Soccer Post Arlington (previously Soccer Kicks),"4901 Chesterfield Rd, Arlington, VA 22206",,,,,38.8994261,-77.6596378,soccer classes for kids,22209,,
Urban Kempo,"3000 Washington Blvd C, Arlington, VA 22201",,(703) 888-2425,,,38.8994261,-77.6596378,soccer classes for kids,22209,,
Burke Athletic Club,"Burke, VA 22015",,,,,38.8994261,-77.6596378,soccer classes for kids,22209,,
Feya Preschool LLC,"1611 S Walter Reed Dr, Arlington, VA 22204",https://feyapreschool.com,(703) 271-1611,,,38.8994261,-77.6596378,soccer classes for kids,22209,https://feyapreschool.com,feyapreschool.com
Lil' Kickers DMV,"1611 S Walter Reed Dr, Arlington, VA 22204",https://feyapreschool.com,(703) 271-1611,,,38.8994261,-77.6596378,soccer classes for kids,22209,https://feyapreschool.com,feyapreschool.com
Quincy Park Playground,"Arlington, VA 22201",,,,,39.0038878,-78.2589318,basketball classes for kids,22210,,
Princess Warriors AAU Basketball,"Arlington, VA 22201",,,,,39.0038878,-78.2589318,basketball classes for kids,22210,,
Han Basketball Academy,"Arlington, VA 22201",,,,,39.0038878,-78.2589318,basketball classes for kids,22210,,
Winning in Sports and Education (W.I.S.E.),"Arlington, VA 22201",,,,,39.0038878,-78.2589318,basketball classes for kids,22210,,
Youth Basketball Training,"Arlington, VA 22201",,,,,39.0038878,-78.2589318,basketball classes for kids,22210,,
Villarreal Virginia,"2678 Avenir Pl #4519, Fairfax, VA 22031",,(703) 932-3881,,,38.9079231,-77.2707862,soccer classes for kids,22210,,
Nova Soccer Academy,"1577 Spring Hill Rd, Vienna, VA 22182",,(833) 668-2762,,,38.9079231,-77.2707862,soccer classes for kids,22210,,
Northern Virginia Majestics,"Woodbridge, VA 22194",https://mjxgirls4ever.com,(703) 680-6562,,,38.9079231,-77.2707862,soccer classes for kids,22210,https://mjxgirls4ever.com,mjxgirls4ever.com
Barça Academy Northern Virginia,"19623 Evergreen Mills Rd, Leesburg, VA 20175",https://fcbarcelona.com,,,,38.9079231,-77.2707862,soccer classes for kids,22210,https://fcbarcelona.com,fcbarcelona.com
Potomac Yard Soccer Fields,"500 E Monroe Ave, Alexandria, VA 22301",,,,,38.9079231,-77.2707862,youth soccer programs,22210,,
Royals Football Club,"4317 Ravensworth Rd, Annandale, VA 22003",https://novafc.org,(571) 482-4243,,,38.9079231,-77.2707862,youth soccer programs,22210,https://novafc.org,novafc.org
Champs Sports,"1100 S Hayes St, Arlington, VA 22202",https://stores.champssports.com,(703) 415-3747,,,38.8865121,-77.2123392,basketball classes for kids,22211,https://stores.champssports.com,stores.champssports.com
JD Sports,"1100 S Hayes St, Arlington, VA 22202",https://stores.champssports.com,(703) 415-3747,,,38.8865121,-77.2123392,basketball classes for kids,22211,https://stores.champssports.com,stores.champssports.com
Maury Park Tennis Courts,"1100 S Hayes St, Arlington, VA 22202",https://stores.champssports.com,(703) 415-3747,,,38.8865121,-77.2123392,basketball classes for kids,22211,https://stores.champssports.com,stores.champssports.com
Foot Locker,"1100 South Hayes Street Space 0x01, Arlington, VA 22202",https://stores.footlocker.com,(703) 415-3668,,,38.8865121,-77.2123392,basketball classes for kids,22211,https://stores.footlocker.com,stores.footlocker.com
Crystal City Workout Park,"1100 South Hayes Street Space 0x01, Arlington, VA 22202",https://stores.footlocker.com,(703) 415-3668,,,38.8865121,-77.2123392,basketball classes for kids,22211,https://stores.footlocker.com,stores.footlocker.com
Kids Foot Locker,"2451 Crystal Dr, Arlington, VA 22202",,,,,38.8865121,-77.2123392,basketball classes for kids,22211,,
Arlington Public Schools,"2451 Crystal Dr, Arlington, VA 22202",,,,,38.8865121,-77.2123392,basketball classes for kids,22211,,
Marine Corps Exchange,"2451 Crystal Dr, Arlington, VA 22202",,,,,38.8865121,-77.2123392,basketball classes for kids,22211,,
"Veritas Collegiate Academy, National Landing Campus","2451 Crystal Dr, Arlington, VA 22202",,,,,38.8865121,-77.2123392,basketball classes for kids,22211,,
Twins Ace Hardware Arlington,"Arlington, VA 22202",,,,,38.8749421,-77.1569736,soccer classes for kids,22211,,
Thomas Jefferson Middle School,"Arlington, VA 22202",,,,,38.8749421,-77.1569736,soccer classes for kids,22211,,
"Evolve To Fit, GymnasticBodies DMV","2501 9th Rd S #95, Arlington, VA 22204",https://evolvetofit.com,(703) 672-3348,,,38.8749421,-77.1569736,soccer academy for kids,22211,https://evolvetofit.com,evolvetofit.com
Army Navy Country Club,"1700 Army Navy Dr, Arlington, VA 22202",https://ancc.org,(703) 521-6800,,,38.8749421,-77.1569736,soccer academy for kids,22211,https://ancc.org,ancc.org
McLean Swim & Tennis Association,"1700 Margie Dr, McLean, VA 22101",https://mcleanswimandtennis.org,(703) 821-9317,,,38.8861012,-77.3159377,basketball classes for kids,22213,https://mcleanswimandtennis.org,mcleanswimandtennis.org
Bishop O'Connell High School,"6600 Little Falls Rd, Arlington, VA 22213",https://bishopoconnell.org,(703) 237-1400,,,38.8861012,-77.3159377,basketball classes for kids,22213,https://bishopoconnell.org,bishopoconnell.org
Tysons Playground,"8504 Tyco Rd, Tysons, VA 22182",https://tysonsplayground.com,(703) 544-9477,,,38.9329987,-77.3833017,basketball classes for kids,22213,https://tysonsplayground.com,tysonsplayground.com
Yorktown High School,"8504 Tyco Rd, Tysons, VA 22182",https://tysonsplayground.com,(703) 544-9477,,,38.9329987,-77.3833017,basketball classes for kids,22213,https://tysonsplayground.com,tysonsplayground.com
Benjamin Banneker Dog Park,"8504 Tyco Rd, Tysons, VA 22182",https://tysonsplayground.com,(703) 544-9477,,,38.9329987,-77.3833017,basketball classes for kids,22213,https://tysonsplayground.com,tysonsplayground.com
Arlington - Harrison St,"2443 N Harrison St Stores 10A & 10B, Arlington, VA 22207",https://locations.atipt.com,(571) 533-3686,,,38.8823074,-77.2997347,basketball classes for kids,22213,https://locations.atipt.com,locations.atipt.com
Haycock Longfellow Park,"2443 N Harrison St Stores 10A & 10B, Arlington, VA 22207",https://locations.atipt.com,(571) 533-3686,,,38.8823074,-77.2997347,basketball classes for kids,22213,https://locations.atipt.com,locations.atipt.com
Williamsburg MS Soccer fields,"5241 36th St N, Arlington, VA 22207",,,,,38.8807787,-77.2189798,soccer classes for kids,22213,,
Sport Fair Inc,"5010 Langston Blvd., Arlington, VA 22207",https://sportfairusa.com,(703) 524-9500,,,38.8807787,-77.2189798,soccer classes for kids,22213,https://sportfairusa.com,sportfairusa.com
Seven Corners Children's Center,"6129 Willston Dr, Falls Church, VA 22044",https://sevencornerschildrenscenter.org,(703) 532-4262,,,38.8807787,-77.2189798,soccer classes for kids,22213,https://sevencornerschildrenscenter.org,sevencornerschildrenscenter.org
McLean Little League,"6129 Willston Dr, Falls Church, VA 22044",https://sevencornerschildrenscenter.org,(703) 532-4262,,,38.8807787,-77.2189798,soccer classes for kids,22213,https://sevencornerschildrenscenter.org,sevencornerschildrenscenter.org
Demosphere,"Mosby Finance Unit - Post Office, 6533 Arlington Blvd Ste A #2429, Falls Church, VA 22042",https://demosphere.com,(703) 536-1600,,,38.8807787,-77.2189798,soccer classes for kids,22213,https://demosphere.com,demosphere.com
Our Small World Children's Center,"1700 Great Falls St, McLean, VA 22101",,(703) 893-3889,,,38.8807787,-77.2189798,soccer classes for kids,22213,,
"Dr. Roselyne Gichana, DMD","1700 Great Falls St, McLean, VA 22101",,(703) 893-3889,,,38.8807787,-77.2189798,soccer classes for kids,22213,,
Instructor's Choice Driving,"118 E Broad St, Falls Church, VA 22046",https://icdrivingschool.com,(703) 527-4444,,,38.8807787,-77.2189798,soccer academy for kids,22213,https://icdrivingschool.com,icdrivingschool.com
vasquezsocceracademy,"731 Elden St, Herndon, VA 20170",,(703) 955-0989,,,38.8800925,-77.2135136,soccer academy for kids,22214,,
Barça Academy Northern Virginia,"731 Elden St, Herndon, VA 20170",,(703) 955-0989,,,38.8800925,-77.2135136,soccer academy for kids,22214,,
DP Basketball Training,"75 Lawson Rd SE, Leesburg, VA 20175",,(540) 421-1849,,,38.8492157,-78.5581244,basketball academy for kids,22215,,
Winmore Basketball Academy,"75 Lawson Rd SE, Leesburg, VA 20175",,(540) 421-1849,,,38.8492157,-78.5581244,basketball academy for kids,22215,,
Bearded Goat Barber,"4201 Wilson Blvd #145, Arlington, VA 22203",https://beardedgoatbarber.com,(703) 243-5476,,,38.8881815,-79.4174974,basketball classes for kids,22216,https://beardedgoatbarber.com,beardedgoatbarber.com
Upward Sports League of Winchester,"2080 N Frederick Pike, Winchester, VA 22603",https://wincog.com,(540) 667-8017,,,39.2199255,-80.5005818,youth basketball league,22216,https://wincog.com,wincog.com
Jess McLaughlin Soccer Training,"5237 Pommeroy Dr, Fairfax, VA 22032",https://coachjess21.wixsite.com,(703) 508-8333,,,38.9531644,-77.2959241,soccer training for kids,22216,https://coachjess21.wixsite.com,coachjess21.wixsite.com
Soccer filled 2,"1239 Spring Hill Rd, McLean, VA 22102",,,,,38.9531644,-77.2959241,youth soccer programs,22216,,
Manassas City Soccer Association LLC,"8620 Jackson Ave, Manassas, VA 20110",,(571) 249-0594,,,38.9531644,-77.2959241,youth soccer programs,22216,,
Northern Piedmont Sports Club,"492 Blackwell Rd, Warrenton, VA 20186",https://npscunited.org,(540) 347-9972,,,38.9531644,-77.2959241,soccer academy for kids,22216,https://npscunited.org,npscunited.org
"Let's Get Better Basketball, LLC.","19055 Industrial Rd, Culpeper, VA 22701",,(540) 497-1471,,,38.4420089,-80.3069305,basketball classes for kids,22218,,
VA Fire Basketball,"113 W Washington St #687, Middleburg, VA 20117",,(703) 662-5550,,,38.967965,-78.3143453,basketball training for kids,22218,,
Bon Air Youth Basketball League,"2730 Tinsley Dr, Bon Air, VA 23235",https://bonairbasketball.net,(804) 625-4774,,,37.535514,-78.1375375,basketball training for kids,22218,https://bonairbasketball.net,bonairbasketball.net
Twin Hoops Basketball Camp,"1309 Syracuse Ave NW, Roanoke, VA 24017",https://twinhoopssports.com,(540) 357-0183,,,37.2907706,-80.5339772,basketball training for kids,22218,https://twinhoopssports.com,twinhoopssports.com
NOVA Bulls Organization,"1309 Syracuse Ave NW, Roanoke, VA 24017",https://twinhoopssports.com,(540) 357-0183,,,37.2907706,-80.5339772,basketball training for kids,22218,https://twinhoopssports.com,twinhoopssports.com
In The Gym Basketball,"1309 Syracuse Ave NW, Roanoke, VA 24017",https://twinhoopssports.com,(540) 357-0183,,,38.1319444,-79.9076207,basketball training for kids,22218,https://twinhoopssports.com,twinhoopssports.com
VBR Star Soccer Club,"2002 Highland Farm Rd NW, Roanoke, VA 24017",https://vbrstarsoccer.com,(540) 345-7820,,,36.8454988,-80.6506381,soccer classes for kids,22218,https://vbrstarsoccer.com,vbrstarsoccer.com
Lynchburg Soccer Mania,"1971 University Blvd, Lynchburg, VA 24515",https://lynchburgsoccer.com,(434) 473-9214,,,36.8454988,-80.6506381,soccer classes for kids,22218,https://lynchburgsoccer.com,lynchburgsoccer.com
Soccer Post Roanoke,"1971 University Blvd, Lynchburg, VA 24515",https://lynchburgsoccer.com,(540) 344-9336,,,36.8454988,-80.6506381,soccer classes for kids,22218,https://lynchburgsoccer.com,lynchburgsoccer.com
"SML Soccer, Inc.","Moneta Rd, Moneta, VA 24121",https://smlsoccer.org,(844) 476-5538,,,36.8454988,-80.6506381,soccer classes for kids,22218,https://smlsoccer.org,smlsoccer.org
Southwest Virginia Rush Soccer Club,"49 Berkley Williams Dr, Radford, VA 24141",https://swvarush.com,(410) 271-3897,,,36.8454988,-80.6506381,soccer classes for kids,22218,https://swvarush.com,swvarush.com
Fluvanna Youth Soccer,"49 Berkley Williams Dr, Radford, VA 24141",https://swvarush.com,(410) 271-3897,,,36.8454988,-80.6506381,soccer classes for kids,22218,https://swvarush.com,swvarush.com
Culpeper Soccer Association,"145 W Davis St, Culpeper, VA 22701",https://culpepersc.org,(540) 825-0886,,,36.8454988,-80.6506381,soccer classes for kids,22218,https://culpepersc.org,culpepersc.org
Appalachian Soccer Association Soccer Fields,"Technology Park Dr, Lebanon, VA 24266",https://leagueapps.com,(276) 880-4712,,,36.8454988,-80.6506381,soccer classes for kids,22218,https://leagueapps.com,leagueapps.com
Lake Gaston Soccer Association,"330 Rideout Ln, South Hill, VA 23970",https://lakegastonsoccer.com,(434) 689-7000,,,36.8454988,-80.6506381,soccer classes for kids,22218,https://lakegastonsoccer.com,lakegastonsoccer.com
FCCWO Sportsplex,"330 Rideout Ln, South Hill, VA 23970",https://lakegastonsoccer.com,(434) 689-7000,,,36.8454988,-80.6506381,soccer classes for kids,22218,https://lakegastonsoccer.com,lakegastonsoccer.com
Piedmont Youth Soccer League,"1000 Irisburg Rd, Axton, VA 24054",https://pyslsoccer.net,(276) 638-5200 ext. 3,,,36.8454988,-80.6506381,soccer classes for kids,22218,https://pyslsoccer.net,pyslsoccer.net
Southeastern Stokes Youth Soccer Association,"1000 Irisburg Rd, Axton, VA 24054",https://pyslsoccer.net,(276) 638-5200 ext. 3,,,36.8454988,-80.6506381,soccer classes for kids,22218,https://pyslsoccer.net,pyslsoccer.net
Shenandoah Soccer Academy,"20 W Oates Ave, Winchester, VA 22601",,(703) 582-2802,,,36.8454988,-80.6506381,soccer academy for kids,22218,,
SCSL Soccer Plex,"Koontz Dr, New Market, VA 22844",https://shenandoahcountysoccerleague.com,,,,36.8454988,-80.6506381,soccer camp for kids,22218,https://shenandoahcountysoccerleague.com,shenandoahcountysoccerleague.com
Shenandoah Valley United,"735 E Market St, Harrisonburg, VA 22801",https://shenvalleysoccer.com,(540) 269-9703,,,36.8454988,-80.6506381,soccer camp for kids,22218,https://shenvalleysoccer.com,shenvalleysoccer.com
24/7 Basketball,"14112 Newbrook Dr, Chantilly, VA 20151",,,,,38.9127856,-114.3733242,basketball classes for kids,20120,,
South Loudoun Basketball,"25050 Riding Plz, Chantilly, VA 20152",,(703) 957-0020,,,38.9211706,-114.4398456,basketball classes for kids,20120,,
Ruach Lions,"Centreville, VA 20120",https://ruachlions.club,(571) 420-5399,,,35.030844,-114.5105112,basketball training for kids,20120,https://ruachlions.club,ruachlions.club
Team voltage basketball,"8809 Sudley Rd, Manassas, VA 20110",https://teamvoltagebasketball.org,(202) 487-0577,,,35.030844,-114.5105112,basketball training for kids,20120,https://teamvoltagebasketball.org,teamvoltagebasketball.org
Blockchain Basketball Training,"1521 Boyd Pointe Wy Unit 2509, Vienna, VA 22182",https://site123.me,(703) 989-7867,,,35.030844,-114.5105112,basketball training for kids,20120,https://site123.me,site123.me
Basketball Court,"Chalet Woods Courts, 14912 Cranoke St, Centreville, VA 20120",,,,,35.030844,-114.5105112,basketball training for kids,20120,,
Basketball court,"5117 Woodmere Dr, Centreville, VA 20120",,,,,35.030844,-114.5105112,youth basketball league,20120,,
KYSPC Promise Land,"15091 Braddock Rd, Chantilly, VA 20151",https://kychurch.com,(703) 818-9200,,,35.030844,-114.5105112,youth basketball league,20120,https://kychurch.com,kychurch.com
Western Fairfax Christian Ministries,"4511 Daly Dr J, Chantilly, VA 20151",https://wfcmva.org,(703) 988-9656,,,35.030844,-114.5105112,youth basketball league,20120,https://wfcmva.org,wfcmva.org
Xplosion Fastpitch Softball,"14522 Lee Rd # G, Chantilly, VA 20151",,(703) 932-6112,,,35.030844,-114.5105112,youth basketball league,20120,,
"Boys & Girls Clubs of Greater Washington, Manassas Branch","9501 Dean Park Ln, Manassas, VA 20110",,(703) 365-2582,,,35.030844,-114.5105112,youth basketball league,20120,,
Gateway Community Church,"42350 Tall Cedars Pkwy, South Riding, VA 20152",https://mygateway.life,(703) 327-2700,,,35.030844,-114.5105112,youth basketball league,20120,https://mygateway.life,mygateway.life
Mubarak Mosque,"4555 Ahmadiyya Dr, Chantilly, VA 20151",https://mubarakmosque.us,(703) 957-9610,,,35.030844,-114.5105112,youth basketball league,20120,https://mubarakmosque.us,mubarakmosque.us
Virginia Soccer Association,"Burke, VA 22015",,,,,35.030844,-114.5105112,soccer classes for kids,20120,,
Arrowhead Park,"5200 Arrowhead Park Dr, Centreville, VA 20120",,(703) 324-8662,,,35.030844,-114.5105112,soccer classes for kids,20120,,
Optimum Sports and Fitness,"5200 Arrowhead Park Dr, Centreville, VA 20120",,(703) 324-8662,,,35.030844,-114.5105112,soccer classes for kids,20120,,
NOVA Elite Baseball,"Historic District, Manassas, VA 20109",,(540) 316-8620,,,35.030844,-114.5105112,soccer classes for kids,20120,,
Football Field,"Historic District, Manassas, VA 20109",,(540) 316-8620,,,35.030844,-114.5105112,soccer classes for kids,20120,,
Champions TEQ | Elite Soccer Training,"Historic District, Manassas, VA 20109",,(540) 316-8620,,,35.030844,-114.5105112,soccer classes for kids,20120,,
Logos Academy,"2999 Centreville Rd, Herndon, VA 20171",https://logosacademy.net,(202) 669-4319,,,35.030844,-114.5105112,soccer classes for kids,20120,https://logosacademy.net,logosacademy.net
Compton Children's Academy,"2999 Centreville Rd, Herndon, VA 20171",https://logosacademy.net,(202) 669-4319,,,35.030844,-114.5105112,soccer classes for kids,20120,https://logosacademy.net,logosacademy.net
Ellanor C. Lawrence Park,"2999 Centreville Rd, Herndon, VA 20171",https://logosacademy.net,(202) 669-4319,,,35.030844,-114.5105112,soccer classes for kids,20120,https://logosacademy.net,logosacademy.net
Blee Elite Sports Therapy,"2999 Centreville Rd, Herndon, VA 20171",https://logosacademy.net,(202) 669-4319,,,35.030844,-114.5105112,soccer classes for kids,20120,https://logosacademy.net,logosacademy.net
Sky Zone Trampoline Park,"7807 Sudley Rd, Manassas, VA 20109",https://skyzone.com,(571) 762-1160,,,35.030844,-114.5105112,soccer classes for kids,20120,https://skyzone.com,skyzone.com
Soccer Rising,"7807 Sudley Rd, Manassas, VA 20109",https://skyzone.com,(571) 762-1160,,,35.030844,-114.5105112,soccer classes for kids,20120,https://skyzone.com,skyzone.com
FC Virginia,"14100 Parke Long Ct suite a, Chantilly, VA 20151",,(678) 595-7414,,,35.030844,-114.5105112,youth soccer programs,20120,,
FC UNITED,"14000r Thunderbolt Pl ste 105, Chantilly, VA 20151",https://fcunited.co,(571) 583-4421,,,35.030844,-114.5105112,youth soccer programs,20120,https://fcunited.co,fcunited.co
Barça Academy Northern Virginia,"19623 Evergreen Mills Rd, Leesburg, VA 20175",https://fcbarcelona.com,,,,35.030844,-114.5105112,soccer academy for kids,20120,https://fcbarcelona.com,fcbarcelona.com
Alexandria Soccer Association,"19623 Evergreen Mills Rd, Leesburg, VA 20175",https://fcbarcelona.com,,,,35.030844,-114.5105112,soccer academy for kids,20120,https://fcbarcelona.com,fcbarcelona.com
Barça Academy Northern Virginia,"19623 Evergreen Mills Rd, Leesburg, VA 20175",https://fcbarcelona.com,,,,35.030844,-114.5105112,soccer academy for kids,20120,https://fcbarcelona.com,fcbarcelona.com
Arlington Soccer Association,"19623 Evergreen Mills Rd, Leesburg, VA 20175",https://fcbarcelona.com,,,,35.030844,-114.5105112,soccer academy for kids,20120,https://fcbarcelona.com,fcbarcelona.com
"Elite Level Soccer, LLC","19623 Evergreen Mills Rd, Leesburg, VA 20175",https://fcbarcelona.com,,,,35.030844,-114.5105112,soccer academy for kids,20120,https://fcbarcelona.com,fcbarcelona.com
Virginia Fusion Park,"42254 Briarfield Ln, Aldie, VA 20105",https://virginiafusion.com,(512) 731-3725,,,35.030844,-114.5105112,soccer camp for kids,20120,https://virginiafusion.com,virginiafusion.com
DNA Skills Academy,"7631 Fullerton Rd Suite A, Springfield, VA 22153",,(703) 345-8391,,,38.9365406,-77.5753274,basketball classes for kids,22202,,
Blockchain Basketball Training,"1521 Boyd Pointe Wy Unit 2509, Vienna, VA 22182",https://site123.me,(703) 989-7867,,,38.9365406,-77.5753274,basketball classes for kids,22202,https://site123.me,site123.me
24/7 Basketball,"14112 Newbrook Dr, Chantilly, VA 20151",,,,,38.873111,-78.0091736,basketball classes for kids,22202,,
Fort Myer Basketball Courts,"Arlington, VA 22204",,,,,38.8584318,-77.6372282,basketball classes for kids,22202,,
Henderson Hall Smith Gym,"27 Southgate Rd, Arlington, VA 22214",https://hendersonhall.usmc-mccs.org,(703) 614-7214,,,38.8596527,-77.6380952,basketball classes for kids,22202,https://hendersonhall.usmc-mccs.org,hendersonhall.usmc-mccs.org
Jennie Dean Park,"27 Southgate Rd, Arlington, VA 22214",https://hendersonhall.usmc-mccs.org,(703) 614-7214,,,38.8596527,-77.6380952,basketball classes for kids,22202,https://hendersonhall.usmc-mccs.org,hendersonhall.usmc-mccs.org
Virginia Highlands Park Tennis Courts,"Unnamed Road, Arlington, VA 22202",,,,,38.8596527,-77.6380952,basketball classes for kids,22202,,
Crystal City Workout Park,"2451 Crystal Dr, Arlington, VA 22202",,,,,38.8612872,-77.6787726,basketball classes for kids,22202,,
Rocky Run Park Basketball Court,"1109 N Barton St, Arlington, VA 22201",,,,,38.8612872,-77.6787726,basketball classes for kids,22202,,
Angel Park Basketball Court,"Alexandria, VA 22314",,,,,38.8612872,-77.6787726,basketball classes for kids,22202,,
Champs Sports,"1100 S Hayes St, Arlington, VA 22202",https://stores.champssports.com,(703) 415-3747,,,38.8612872,-77.6787726,basketball classes for kids,22202,https://stores.champssports.com,stores.champssports.com
Arlington Youth Football Club,"475 Long Bridge Drive, Arlington, VA 22202",,,,,38.8612872,-77.6787726,basketball classes for kids,22202,,
Basketball Courts,"S 2nd St &, S Jackson St, Arlington, VA 22204",,,,,38.8612872,-77.6787726,basketball classes for kids,22202,,
Foot Locker,"1100 South Hayes Street Space 0x01, Arlington, VA 22202",https://stores.footlocker.com,(703) 415-3668,,,38.8612872,-77.6787726,basketball classes for kids,22202,https://stores.footlocker.com,stores.footlocker.com
JD Sports,"1100 S Hayes St, Arlington, VA 22202",https://jdsports.com,(703) 413-1265,,,38.8612872,-77.6787726,basketball classes for kids,22202,https://jdsports.com,jdsports.com
"EIE Sports, LLC","429 Thorncliff Dr, Newport News, VA 23608",https://eiesports.org,(770) 855-7888,,,37.152093,-77.1261223,basketball classes for kids,22202,https://eiesports.org,eiesports.org
Marine Corps Exchange,"26 Joint Base Myer, 1555 Southgate Rd, Arlington, VA 22214",https://hendersonhall.usmc-mccs.org,(703) 979-8420,,,38.8645081,-77.5896586,basketball classes for kids,22202,https://hendersonhall.usmc-mccs.org,hendersonhall.usmc-mccs.org
Public Basketball Court,"Blue Park Basketball Half Court, 18 E Linden St, Alexandria, VA 22301",,,,,38.8645081,-77.5896586,basketball classes for kids,22202,,
Kids Foot Locker,"1100 S Hayes St, Arlington, VA 22202",https://stores.kidsfootlocker.com,(703) 415-2566,,,38.8645081,-77.5896586,basketball classes for kids,22202,https://stores.kidsfootlocker.com,stores.kidsfootlocker.com
Dudley's Sport and Ale,"2766 S Arlington Mill Dr, Arlington, VA 22206",https://dudleyssportandale.com,(571) 312-2304,,,38.9057482,-77.6284551,basketball classes for kids,22202,https://dudleyssportandale.com,dudleyssportandale.com
"Veritas Collegiate Academy, National Landing Campus","935 23rd St S, Arlington, VA 22202",https://veritascollegiateacademydc.com,(866) 564-4233,,,38.9057482,-77.6284551,basketball classes for kids,22202,https://veritascollegiateacademydc.com,veritascollegiateacademydc.com
Casual Adventure Outfitters,"3451 Washington Blvd, Arlington, VA 22201",https://casualadventure.com,(703) 527-0600,,,38.9048213,-77.6284585,basketball training for kids,22202,https://casualadventure.com,casualadventure.com
DSW Designer Shoe Warehouse,"1301 S Joyce St, Arlington, VA 22202",https://stores.dsw.com,(703) 412-0818,,,38.9048213,-77.6284585,basketball training for kids,22202,https://stores.dsw.com,stores.dsw.com
Cookology Culinary School,"4238 Wilson Blvd 3rd Floor, Suite #3110, Arlington, VA 22203",https://cookologyonline.com,(703) 433-1909,,,38.9029674,-77.6284651,basketball academy for kids,22202,https://cookologyonline.com,cookologyonline.com
Orange Line Sports,"4302 36th St S, Arlington, VA 22206",https://orangelinesports.com,(516) 967-9113,,,38.8707089,-77.2123392,basketball camp,22202,https://orangelinesports.com,orangelinesports.com
JST Athletics,"950 N Washington St, Alexandria, VA 22314",https://jstathletics.org,(703) 927-5008,,,38.8707089,-77.2123392,basketball camp,22202,https://jstathletics.org,jstathletics.org
Washington Sailing Marina,"1 Marina Dr, Alexandria, VA 22314",https://washingtonsailingmarina.com,(703) 548-9027,,,38.8332089,-77.1858792,basketball skills training,22202,https://washingtonsailingmarina.com,washingtonsailingmarina.com
"Capital Tennis & Pickleball (aka Capital Tennis & Stringing, LLC)","2200 Wilson Blvd #102, Arlington, VA 22201",https://capitalstringing.com,(703) 597-4619,,,38.8332089,-77.1858792,basketball skills training,22202,https://capitalstringing.com,capitalstringing.com
LTB Soccer,"1900 Columbia Pike, Arlington, VA 22204",https://ltbsoccer.com,(202) 215-8676,,,38.858657,-77.2385516,soccer classes for kids,22202,https://ltbsoccer.com,ltbsoccer.com
Chesterfield Park Soccer Field,"4901 Chesterfield Rd, Arlington, VA 22206",,,,,38.8773212,-77.31464,soccer classes for kids,22202,,
Feya Preschool LLC,"1611 S Walter Reed Dr, Arlington, VA 22204",https://feyapreschool.com,(703) 271-1611,,,38.8561791,-77.2322438,soccer classes for kids,22202,https://feyapreschool.com,feyapreschool.com
Simpson Field,"500 E Monroe Ave, Alexandria, VA 22301",,,,,38.8561791,-77.2322438,soccer classes for kids,22202,,
Aurora Hills Water Playground,"Arlington, VA 22202",,,,,38.9247839,-77.146482,soccer classes for kids,22202,,
ChildSpace Learning Center,"2721 Mt Vernon Ave, Alexandria, VA 22301",https://mychildspace.com,(571) 429-3082,,,38.8733849,-77.2829149,soccer classes for kids,22202,https://mychildspace.com,mychildspace.com
Steve & Kate's Camp - Alexandria,"2400 Russell Rd, Alexandria, VA 22301",https://steveandkatescamp.com,(703) 997-9147,,,38.8299881,-77.2033176,soccer classes for kids,22202,https://steveandkatescamp.com,steveandkatescamp.com
Crystal City Sports Pub,"529 23rd St S, Arlington, VA 22202",https://ccsportspub.com,,,,38.8299881,-77.2033176,soccer classes for kids,22202,https://ccsportspub.com,ccsportspub.com
Burke Athletic Club,"Burke, VA 22015",,,,,38.7942325,-77.4165345,soccer classes for kids,22202,,
Urban Kempo,"3000 Washington Blvd C, Arlington, VA 22201",,(703) 888-2425,,,38.8847512,-77.2386256,soccer classes for kids,22202,,
Golf Galaxy Performance Center,"Crossroads Center, 5821 Crossroads Center Way, Falls Church, VA 22041",https://stores.golfgalaxy.com,(571) 473-4997,,,38.8847512,-77.2386256,soccer classes for kids,22202,https://stores.golfgalaxy.com,stores.golfgalaxy.com
Instrata Pentagon City,"901 15th St S, Arlington, VA 22202",https://instratapentagoncity.com,(703) 594-4142,,,38.8847512,-77.2386256,soccer classes for kids,22202,https://instratapentagoncity.com,instratapentagoncity.com
Canchas futbol,"2700 Duke St, Alexandria, VA 22314",,,,,38.8061327,-77.2218958,soccer classes for kids,22202,,
Marymount University Men's Soccer,"2807 N Glebe Rd, Arlington, VA 22207",,,,,38.9060273,-77.2720272,soccer camp for kids,22202,,
Nova Soccer Academy,"1577 Spring Hill Rd, Vienna, VA 22182",,(833) 668-2762,,,38.9060273,-77.2720272,soccer camp for kids,22202,,
Marshall Soccer Field,"Marshall High School, 7731 Leesburg Pike, Falls Church, VA 22043",,,,,38.9037994,-77.3591192,soccer camp for kids,22202,,
Montclair FC Soccer Club,"Marshall High School, 7731 Leesburg Pike, Falls Church, VA 22043",,,,,38.9037994,-77.3591192,soccer camp for kids,22202,,
