name,address,website,phone_number,reviews_count,reviews_average,latitude,longitude,keyword,searched_zipcode
Evolution Basketball - Chantilly,"
14810 Murdock St, Chantilly, VA 20151","
evobball.com",,,,38.9127856,-114.3733242,basketball classes for kids,20120
24/7 Basketball,"
14112 Newbrook Dr, Chantilly, VA 20151",,,,,38.9127856,-114.3733242,basketball classes for kids,20120
All In Basketball Training,,"
allinbasketballtraining.com","
(703) 987-8989",,,38.9127856,-114.3733242,basketball classes for kids,20120
Evolution Basketball - Manassas,"
11900 Livingston Rd STE 119, Manassas, VA 20109","
evobball.com",,,,38.9127856,-114.3733242,basketball classes for kids,20120
James Mcdonnell Recreation Center,"
6119 Pleasant Valley Rd, Centreville, VA 20120","
virginiarun.com",,,,38.9127856,-114.3733242,basketball classes for kids,20120
Evolution Basketball - Gainesville,"
7679 Limestone Dr STE 115, Gainesville, VA 20155","
evobball.com",,,,38.9127856,-114.3733242,basketball classes for kids,20120
The Fieldhouse,"
14810 Murdock St, Chantilly, VA 20151","
cyafieldhouse.org","
(571) 529-6545",,,38.9127856,-114.3733242,basketball classes for kids,20120
Next Level Basketball Training,"
8305 Merrifield Ave Suite F, Fairfax, VA 22031","
nxtlevelbball.com","
(703) 313-1201",,,38.9127856,-114.3733242,basketball classes for kids,20120
The nZone,"
14550 Lee Rd, Chantilly, VA 20151","
thenzone.com","
(703) 266-0118",,,38.9127856,-114.3733242,basketball classes for kids,20120
Life Time,"
5900 Trinity Pkwy, Centreville, VA 20120","
lifetime.life","
(703) 266-6200",,,38.9127856,-114.3733242,basketball classes for kids,20120
Shoot 360 VA,"
14550 Lee Rd, Chantilly, VA 20151","
innovativesports360.com","
(703) 460-5588",,,38.9127856,-114.3733242,basketball classes for kids,20120
The Higher Level Basketball Club LLC,,,"
(571) 707-0084",,,46.423669,-166.8567711,basketball classes for kids,20120
Dulles South Recreation and Community Center,"
24950 Riding Center Dr, South Riding, VA 20152","
loudoun.gov","
(571) 258-3456",,,38.9211706,-114.4398456,basketball classes for kids,20120
Cub Run Rec Center,"
4630 Stonecroft Blvd, Chantilly, VA 20151","
fairfaxcounty.gov","
(703) 817-9407",,,38.9211706,-114.4398456,basketball classes for kids,20120
SYA Sports Park,"
6626 Bull Run Post Office Rd, Centreville, VA 20120","
syasportspark.org","
(703) 815-3362",,,38.9211706,-114.4398456,basketball classes for kids,20120
Sully Community Center,"
13800 Wall Rd, Herndon, VA 20171","
fairfaxcounty.gov","
(703) 322-4475",,,38.9211706,-114.4398456,basketball classes for kids,20120
C5T Elite Sports Training,"
14434 Albemarle Point Pl #100, Chantilly, VA 20151","
c5telite.com","
(571) 752-6231",,,38.9211706,-114.4398456,basketball classes for kids,20120
Chantilly Youth Association,"
14810 Murdock St, Chantilly, VA 20151","
chantillyyouth.org","
(703) 376-8337",,,38.9211706,-114.4398456,basketball classes for kids,20120
SYA Sports (Southwestern Youth Association),"
5950 Centreville Crest Ln, Centreville, VA 20121","
syasports.org","
(703) 815-3362",,,38.9211706,-114.4398456,basketball classes for kids,20120
South Loudoun Basketball,"
25050 Riding Plz, Chantilly, VA 20152",,"
(703) 957-0020",,,38.9211706,-114.4398456,basketball classes for kids,20120
Evolution Basketball - Merrifield,"
2940B Prosperity Ave, Fairfax, VA 22031","
evobball.com",,,,35.030844,-114.5105112,basketball training for kids,20120
Ruach Lions,"
Centreville, VA 20120","
ruachlions.club","
(571) 420-5399",,,35.030844,-114.5105112,basketball training for kids,20120
Team voltage basketball,"
8809 Sudley Rd, Manassas, VA 20110","
teamvoltagebasketball.org","
(202) 487-0577",,,35.030844,-114.5105112,basketball training for kids,20120
Blockchain Basketball Training,"
1521 Boyd Pointe Wy Unit 2509, Vienna, VA 22182","
site123.me","
(703) 989-7867",,,35.030844,-114.5105112,basketball training for kids,20120
Evolution Basketball - Beaumeade,"
21760 Beaumeade Cir, Ashburn, VA 20147","
evobball.com",,,,35.030844,-114.5105112,basketball training for kids,20120
K Sports Complex,"
10050 Pennsylvania Ave, Manassas, VA 20110","
ksportsva.com","
(571) 719-6121",,,35.030844,-114.5105112,basketball training for kids,20120
Basketball Court,"
Chalet Woods Courts, 14912 Cranoke St, Centreville, VA 20120",,,,,35.030844,-114.5105112,basketball training for kids,20120
SYA Little League (Cub Run Fields),"
Centreville, VA 20120","
syasports.org",,,,35.030844,-114.5105112,youth basketball league,20120
"FXA Sports - Men's, Women's & Co-ed Adult Sports Leagues","
14140 Parke Long Ct Suite K, Chantilly, VA 20151","
fxasports.com","
(703) 382-9111",,,35.030844,-114.5105112,youth basketball league,20120
True Youth Sports,"
14550 Lee Rd, Chantilly, VA 20151","
trueyouthsports.com","
(571) 888-8968",,,35.030844,-114.5105112,youth basketball league,20120
Basketball court,"
5117 Woodmere Dr, Centreville, VA 20120",,,,,35.030844,-114.5105112,youth basketball league,20120
Slam City Management,"
14550 Lee Rd, Chantilly, VA 20151","
slamcitymanagement.com","
(212) 407-8911",,,35.030844,-114.5105112,youth basketball league,20120
Legends Sports,"
3607-C Chain Bridge Rd, Fairfax, VA 22030","
playlegends.com","
(703) 255-5165",,,35.030844,-114.5105112,youth basketball league,20120
E C Lawrence Park Soccer Fields,"
5000 Stonecroft Blvd, Chantilly, VA 20151","
fairfaxcounty.gov","
(703) 324-5533",,,35.030844,-114.5105112,youth basketball league,20120
"i9 Sports Central and Northern Fairfax, VA",,"
i9sports.com","
(703) 496-4433",,,35.030844,-114.5105112,youth basketball league,20120
No Panic Volleyball,"
7410 Merritt Pk Dr Unit 100, Manassas, VA 20109","
nopanicvolleyball.com","
(703) 457-7844",,,35.030844,-114.5105112,youth basketball league,20120
"i9 Sports Loudoun County, VA",,"
i9sports.com","
(571) 225-5494",,,35.030844,-114.5105112,youth basketball league,20120
HP Elite & Beyond,"
14810 Murdock St, Chantilly, VA 20151","
hpeliteandbeyond.com",,,,35.030844,-114.5105112,youth basketball league,20120
"i9 Sports Manassas, Woodbridge, Dumfries, VA",,"
i9sports.com","
(703) 910-8033",,,35.030844,-114.5105112,youth basketball league,20120
SYA Softball,"
5950 Centreville Crest Ln, Centreville, VA 20121","
syasports.org","
(703) 815-3362",,,35.030844,-114.5105112,youth basketball league,20120
Battlefield Sportsplex,"
6958 Wellington Rd, Manassas, VA 20109","
novasportsplex.com","
(844) 843-7539",,,35.030844,-114.5105112,youth basketball league,20120
Greenbriar Pool Club,"
13001 Point Pleasant Dr, Fairfax, VA 22033","
greenbriar.org","
(703) 378-4421",,,35.030844,-114.5105112,youth basketball league,20120
Best Youth Hoops,,"
bestyouthhoops.com","
(703) 691-8318",,,35.030844,-114.5105112,youth basketball league,20120
CYA Football,"
12504 Bennett Rd, Oak Hill, VA 20171","
chantillyfootball.org","
(571) 722-4445",,,35.030844,-114.5105112,youth basketball league,20120
Greenbriar Park,"
4600 Stringfellow Rd, Fairfax, VA 22033","
fairfaxcounty.gov","
(703) 324-5533",,,35.030844,-114.5105112,youth basketball league,20120
KYSPC Promise Land,"
15091 Braddock Rd, Chantilly, VA 20151","
kychurch.com","
(703) 818-9200",,,35.030844,-114.5105112,youth basketball league,20120
Next Level Basketball Training,"
8305 Merrifield Ave Suite F, Fairfax, VA 22031","
nxtlevelbball.com","
(703) 313-1201",,,35.030844,-114.5105112,youth basketball league,20120
Hoops the Right Way,"
44605 Russell Branch Pkwy, Ashburn, VA 20147","
hoopstherightway.com","
(703) 737-3093",,,35.030844,-114.5105112,youth basketball league,20120
CTS Elite Basketball,,"
ctselite.org","
(703) 380-9798",,,35.030844,-114.5105112,youth basketball league,20120
"i9 Sports Southwest Fairfax County, VA",,"
i9sports.com","
(703) 740-0093",,,35.030844,-114.5105112,youth basketball league,20120
NOVA Bulls Organization,,"
novabulls.org","
(703) 679-8002",,,35.030844,-114.5105112,youth basketball league,20120
Aim High Youth Sports Association,,"
aimhighyouthsports.com","
(703) 629-1884",,,35.030844,-114.5105112,youth basketball league,20120
Nova Sportsplex,"
6966 Wellington Rd, Manassas, VA 20109","
novasportsplex.com","
(844) 843-7539",,,35.030844,-114.5105112,youth basketball league,20120
Western Fairfax Christian Ministries,"
4511 Daly Dr J, Chantilly, VA 20151","
wfcmva.org","
(703) 988-9656",,,35.030844,-114.5105112,youth basketball league,20120
Vienna Youth Inc,"
2915 Hunter Mill Rd, Oakton, VA 22124","
vyi.org",,,,35.030844,-114.5105112,youth basketball league,20120
YMCA Fairfax County Reston,"
12196 Sunset Hills Rd, Reston, VA 20190","
ymcadc.org","
(703) 742-8800",,,35.030844,-114.5105112,youth basketball league,20120
LMVSC,"
6212 Cameron Farms Pl, Alexandria, VA 22310","
lmvsc.org","
(703) 863-4255",,,35.030844,-114.5105112,youth basketball league,20120
2Devoted Basketball,,"
2devoted.com","
(240) 678-4066",,,35.030844,-114.5105112,youth basketball league,20120
Arrowbrook Centre Park Soccer Field,"
2351 Field Point Rd, Herndon, VA 20171","
fairfaxcounty.gov","
(703) 324-8732",,,35.030844,-114.5105112,youth basketball league,20120
The Michael & Son Sportsplex at Dulles,"
Dulles Sportsplex, 21610 Atlantic Blvd, Sterling, VA 20166","
dullessportsplex.com","
(703) 430-9966",,,35.030844,-114.5105112,youth basketball league,20120
SP8 Ball Training,"
7409 Lockport Pl, Lorton, VA 22079","
sp8balltraining.com","
(703) 887-3986",,,35.030844,-114.5105112,youth basketball league,20120
Oakmont Rec Center,"
3200 Jermantown Rd, Oakton, VA 22124","
fairfaxcounty.gov","
(703) 281-6501",,,35.030844,-114.5105112,youth basketball league,20120
Xplosion Fastpitch Softball,"
14522 Lee Rd # G, Chantilly, VA 20151",,"
(703) 932-6112",,,35.030844,-114.5105112,youth basketball league,20120
Springfield South County Youth Club (SYC),"
8704 Morrissette Dr, Springfield, VA 22152","
sycva.com","
(703) 339-3796",,,35.030844,-114.5105112,youth basketball league,20120
"Boys & Girls Clubs of Greater Washington, Manassas Branch","
9501 Dean Park Ln, Manassas, VA 20110",,"
(703) 365-2582",,,35.030844,-114.5105112,youth basketball league,20120
Gateway Community Church,"
42350 Tall Cedars Pkwy, South Riding, VA 20152","
mygateway.life","
(703) 327-2700",,,35.030844,-114.5105112,youth basketball league,20120
Bull Run Regional Park,"
7700 Bull Run Dr, Centreville, VA 20121","
novaparks.com","
(703) 631-0550",,,35.030844,-114.5105112,youth basketball league,20120
Full Court Basketball Academy,,,"
(703) 828-7076",,,35.030844,-114.5105112,youth basketball league,20120
Fairfax Police Youth Club,"
10701 West Dr, Fairfax, VA 22030","
fpycsports.com",,,,35.030844,-114.5105112,youth basketball league,20120
Four Seasons Recreation Association,"
1201 Herndon Pkwy, Herndon, VA 20170","
sites.google.com","
(703) 437-1811",,,35.030844,-114.5105112,youth basketball league,20120
Mubarak Mosque,"
4555 Ahmadiyya Dr, Chantilly, VA 20151","
mubarakmosque.us","
(703) 957-9610",,,35.030844,-114.5105112,youth basketball league,20120
Centreville High School,"
6001 Union Mill Rd, Clifton, VA 20124","
centrevillehs.fcps.edu","
(703) 802-5400",,,35.030844,-114.5105112,youth basketball league,20120
"Cross-Training Athletes into Believers, CTAB",,"
ctabhoops.org","
(571) 282-4182",,,35.030844,-114.5105112,youth basketball league,20120
Sean Lanigan,,"
peakperformancetraining-sean.com","
(703) 231-6519",,,35.030844,-114.5105112,youth basketball league,20120
Urbanna Swim Club,"
8030 Urbanna Rd, Manassas, VA 20109","
urbannaswimclub.org","
(703) 361-3233",,,35.030844,-114.5105112,youth basketball league,20120
Giant Basketball Academy,"
20145 Ashbrook Pl, Ashburn, VA 20147","
giantbasketball.com",,,,35.030844,-114.5105112,basketball academy for kids,20120
Chalet Woods Park,"
Chalet Woods Courts, 14912 Cranoke St, Centreville, VA 20120","
fairfaxcounty.gov","
(703) 324-8594",,,35.030844,-114.5105112,basketball camp,20120
Hoops Plus,"
45496 Ruritan Circle, Sterling, VA 20164","
hoopsplus.net","
(703) 430-8489",,,35.030844,-114.5105112,basketball camp,20120
Vitality Fitness,"
5619 Stone Rd, Centreville, VA 20120","
vitalityfitnessva.com","
(443) 684-3332",,,35.030844,-114.5105112,basketball camp,20120
KIDSUNITED South Riding,"
43063 Peacock Market Plaza, South Riding, VA 20152","
kidsunited.com","
(703) 939-9493",,,35.030844,-114.5105112,soccer classes for kids,20120
FC Dulles Soccer Club,"
4718 Stringfellow Rd, Chantilly, VA 20151","
fcdulles.demosphere-secure.com","
(703) 951-7112",,,35.030844,-114.5105112,soccer classes for kids,20120
Soccer For Fun,,,"
(571) 970-7002",,,35.030844,-114.5105112,soccer classes for kids,20120
Yilmaz Academy,"
13873 Park Center Rd suite 190, Herndon, VA 20171","
yilmazacademy.net","
(571) 313-9102",,,35.030844,-114.5105112,soccer classes for kids,20120
KIDSUNITED Fairfax,"
9579b Braddock Rd, Fairfax, VA 22032","
kidsunited.com","
(703) 424-9127",,,35.030844,-114.5105112,soccer classes for kids,20120
Manassas Soccer Club,"
99 Adams St, Manassas Park, VA 20111","
msclions.com","
(216) 246-1969",,,35.030844,-114.5105112,soccer classes for kids,20120
Morsink Soccer Academy,"
24540 Arcola Ctr Plz Suites 100-115, Dulles, VA 20166","
morsinksoccer.com","
(571) 413-3008",,,35.030844,-114.5105112,soccer classes for kids,20120
FuturElitez Soccer & Mindset Training,"
43223 Amberleigh Farm Dr, Brambleton, VA 20148","
futurelitezsoccertraining.com","
(703) 381-2025",,,35.030844,-114.5105112,soccer classes for kids,20120
F4C Soccer,"
43223 Amberleigh Farm Dr, Brambleton, VA 20148","
futurelitezsoccertraining.com","
(703) 381-2025",,,35.030844,-114.5105112,soccer classes for kids,20120
Hutchison Farm Elementary Schools Soccer Fields,"
43223 Amberleigh Farm Dr, Brambleton, VA 20148","
futurelitezsoccertraining.com","
(703) 381-2025",,,35.030844,-114.5105112,soccer classes for kids,20120
Sully Highlands Park Soccer,"
43223 Amberleigh Farm Dr, Brambleton, VA 20148","
futurelitezsoccertraining.com","
(703) 381-2025",,,35.030844,-114.5105112,soccer classes for kids,20120
Capstone Soccer - Loudoun,"
13808 Wall Rd, Herndon, VA 20171","
fairfaxcounty.gov",,,,35.030844,-114.5105112,soccer classes for kids,20120
Soccer Academy,"
13808 Wall Rd, Herndon, VA 20171","
fairfaxcounty.gov",,,,35.030844,-114.5105112,soccer classes for kids,20120
Capstone Soccer,"
2830 Fallfax Dr, Falls Church, VA 22042","
capstonesoccer.com","
(703) 914-3548",,,35.030844,-114.5105112,soccer classes for kids,20120
TF Futbal,"
8001 Limestone Dr, Gainesville, VA 20155","
tffutbal.com","
(571) 469-9368",,,35.030844,-114.5105112,soccer classes for kids,20120
PI Soccer Training,"
8001 Limestone Dr, Gainesville, VA 20155","
tffutbal.com","
(571) 469-9368",,,35.030844,-114.5105112,soccer classes for kids,20120
Soccer-Pass,"
8001 Limestone Dr, Gainesville, VA 20155","
tffutbal.com","
(571) 469-9368",,,35.030844,-114.5105112,soccer classes for kids,20120
Burke Athletic Club,"
8001 Limestone Dr, Gainesville, VA 20155","
tffutbal.com","
(571) 469-9368",,,35.030844,-114.5105112,soccer classes for kids,20120
Virginia Soccer Association,"
Burke, VA 22015",,,,,35.030844,-114.5105112,soccer classes for kids,20120
Arrowhead Park,"
5200 Arrowhead Park Dr, Centreville, VA 20120",,"
(703) 324-8662",,,35.030844,-114.5105112,soccer classes for kids,20120
Optimum Sports and Fitness,"
5200 Arrowhead Park Dr, Centreville, VA 20120",,"
(703) 324-8662",,,35.030844,-114.5105112,soccer classes for kids,20120
VISA Soccer Club,"
688 Spring St #5124, Herndon, VA 20170","
visasoccerclub.academy","
(703) 955-0989",,,35.030844,-114.5105112,soccer classes for kids,20120
Pickleballerz,"
688 Spring St #5124, Herndon, VA 20170","
visasoccerclub.academy","
(703) 955-0989",,,35.030844,-114.5105112,soccer classes for kids,20120
Herndon Youth Soccer,"
688 Spring St #5124, Herndon, VA 20170","
visasoccerclub.academy","
(703) 955-0989",,,35.030844,-114.5105112,soccer classes for kids,20120
Nike Unite - Fairfax,"
688 Spring St #5124, Herndon, VA 20170","
herndonyouthsoccer.org",,,,35.030844,-114.5105112,soccer classes for kids,20120
Soccer Stars,"
590 Grant St Box 464, Herndon, VA 20170","
herndonyouthsoccer.org",,,,35.030844,-114.5105112,soccer classes for kids,20120
Northern Virginia Soccer Club,"
14424 Bristow Rd, Manassas, VA 20112","
novasc.org",,,,35.030844,-114.5105112,soccer classes for kids,20120
Vienna Youth Soccer,"
14424 Bristow Rd, Manassas, VA 20112","
novasc.org",,,,35.030844,-114.5105112,soccer classes for kids,20120
Elite Kickers,"
14424 Bristow Rd, Manassas, VA 20112","
novasc.org",,,,35.030844,-114.5105112,soccer classes for kids,20120
Montclair FC Soccer Club,"
14424 Bristow Rd, Manassas, VA 20112","
novasc.org",,,,35.030844,-114.5105112,soccer classes for kids,20120
Kids Pro Soccer,"
4920 Tallowwood Dr, Montclair, VA 22025","
montclairfc.com","
(571) 406-8330",,,35.030844,-114.5105112,soccer classes for kids,20120
NOVA Elite Baseball,"
Historic District, Manassas, VA 20109",,"
(540) 316-8620",,,35.030844,-114.5105112,soccer classes for kids,20120
Football Field,"
Historic District, Manassas, VA 20109",,"
(540) 316-8620",,,35.030844,-114.5105112,soccer classes for kids,20120
Champions TEQ | Elite Soccer Training,"
Historic District, Manassas, VA 20109",,"
(540) 316-8620",,,35.030844,-114.5105112,soccer classes for kids,20120
Lil' Kickers DMV,,"
lilkickersdmv.com",,,,35.030844,-114.5105112,soccer classes for kids,20120
Undefined Futbol,,"
lilkickersdmv.com",,,,35.030844,-114.5105112,soccer classes for kids,20120
Kids 'R' Kids Learning Academy of South Riding,,"
lilkickersdmv.com",,,,35.030844,-114.5105112,soccer classes for kids,20120
Futstars Academy,,"
lilkickersdmv.com",,,,35.030844,-114.5105112,soccer classes for kids,20120
Cassel's Sports and Awards,,"
lilkickersdmv.com",,,,35.030844,-114.5105112,soccer classes for kids,20120
Top Level Futbol Academy,,"
futstarsacademy.com","
(240) 426-1282",,,35.030844,-114.5105112,soccer classes for kids,20120
Love the Ball Soccer,,"
futstarsacademy.com","
(240) 426-1282",,,35.030844,-114.5105112,soccer classes for kids,20120
Braddock Park,"
13451 Braddock Rd, Union Mill, VA 20124","
fairfaxcounty.gov","
(703) 324-8732",,,35.030844,-114.5105112,soccer classes for kids,20120
Lucky Strike Centreville,"
13451 Braddock Rd, Union Mill, VA 20124","
fairfaxcounty.gov","
(703) 324-8732",,,35.030844,-114.5105112,soccer classes for kids,20120
Manassas Park Community Center,"
13451 Braddock Rd, Union Mill, VA 20124","
fairfaxcounty.gov","
(703) 324-8732",,,35.030844,-114.5105112,soccer classes for kids,20120
Ben Lomond Regional Park,"
99 Adams St, Manassas Park, VA 20111","
manassasparkcommunitycenter.com","
(703) 335-8872",,,35.030844,-114.5105112,soccer classes for kids,20120
F4C Soccer,"
99 Adams St, Manassas Park, VA 20111","
manassasparkcommunitycenter.com","
(703) 335-8872",,,35.030844,-114.5105112,soccer classes for kids,20120
U.S. Soccer Foundation,"
99 Adams St, Manassas Park, VA 20111","
manassasparkcommunitycenter.com","
(703) 335-8872",,,35.030844,-114.5105112,soccer classes for kids,20120
Fullah Academy,"
99 Adams St, Manassas Park, VA 20111","
manassasparkcommunitycenter.com","
(703) 335-8872",,,35.030844,-114.5105112,soccer classes for kids,20120
Excite Soccer,,"
fullahacademy.com","
(202) 643-6636",,,35.030844,-114.5105112,soccer classes for kids,20120
Conklin Community Park,,"
fullahacademy.com","
(202) 643-6636",,,35.030844,-114.5105112,soccer classes for kids,20120
Gunston Soccer Club,,"
fullahacademy.com","
(202) 643-6636",,,35.030844,-114.5105112,soccer classes for kids,20120
Liberty Montessori Academy,,"
fullahacademy.com","
(202) 643-6636",,,35.030844,-114.5105112,soccer classes for kids,20120
Logos Academy,"
2999 Centreville Rd, Herndon, VA 20171","
logosacademy.net","
(202) 669-4319",,,35.030844,-114.5105112,soccer classes for kids,20120
Compton Children's Academy,"
2999 Centreville Rd, Herndon, VA 20171","
logosacademy.net","
(202) 669-4319",,,35.030844,-114.5105112,soccer classes for kids,20120
Ellanor C. Lawrence Park,"
2999 Centreville Rd, Herndon, VA 20171","
logosacademy.net","
(202) 669-4319",,,35.030844,-114.5105112,soccer classes for kids,20120
Blee Elite Sports Therapy,"
2999 Centreville Rd, Herndon, VA 20171","
logosacademy.net","
(202) 669-4319",,,35.030844,-114.5105112,soccer classes for kids,20120
Chesterbrook Academy Preschool,"
inside the nZone complex, 14550 Lee Rd, Chantilly, VA 20151","
bleeelitesportstherapy.com","
(703) 981-1876",,,35.030844,-114.5105112,soccer classes for kids,20120
Sky Zone Trampoline Park,"
7807 Sudley Rd, Manassas, VA 20109","
skyzone.com","
(571) 762-1160",,,35.030844,-114.5105112,soccer classes for kids,20120
Soccer Rising,"
7807 Sudley Rd, Manassas, VA 20109","
skyzone.com","
(571) 762-1160",,,35.030844,-114.5105112,soccer classes for kids,20120
Champions Premier | Elite Soccer Training,"
300 Hillwood Ave, Falls Church, VA 22046","
championspremier.net","
(617) 593-2497",,,35.030844,-114.5105112,soccer training for kids,20120
Joga Bonito Technical & Performance Soccer Training,"
300 Hillwood Ave, Falls Church, VA 22046","
championspremier.net","
(617) 593-2497",,,35.030844,-114.5105112,soccer training for kids,20120
Kincheloe Soccer Park,"
8000 Kincheloe Rd, Clifton, VA 20124","
novaparks.com",,,,35.030844,-114.5105112,soccer training for kids,20120
C4 Explosive Sports Training,"
8000 Kincheloe Rd, Clifton, VA 20124","
novaparks.com",,,,35.030844,-114.5105112,soccer training for kids,20120
"Peak Performance Training, LLC","
8305 Merrifield Ave, Fairfax, VA 22031","
peakperformancetraining-sean.com","
(703) 231-6519",,,35.030844,-114.5105112,soccer training for kids,20120
Top Rank Soccer Academy,,"
topranksoccer.com","
(301) 941-7414",,,35.030844,-114.5105112,soccer training for kids,20120
Fairfax County Park Authority,,"
topranksoccer.com","
(301) 941-7414",,,35.030844,-114.5105112,soccer training for kids,20120
Futstars Academy,,"
futstarsacademy.com","
(240) 426-1282",,,35.030844,-114.5105112,soccer training for kids,20120
DICK'S Sporting Goods,,"
futstarsacademy.com","
(240) 426-1282",,,35.030844,-114.5105112,soccer training for kids,20120
Next Star Soccer,,"
futstarsacademy.com","
(240) 426-1282",,,35.030844,-114.5105112,soccer training for kids,20120
Premier Keepers LLC,,"
nextstarsoccer.com","
(301) 742-1796",,,35.030844,-114.5105112,soccer training for kids,20120
Bruce Murray Soccer Academy,,"
nextstarsoccer.com","
(301) 742-1796",,,35.030844,-114.5105112,soccer training for kids,20120
Tekkers Lab,,"
nextstarsoccer.com","
(301) 742-1796",,,35.030844,-114.5105112,soccer training for kids,20120
2nd Chances,,"
tekkerslab.com","
(703) 789-0927",,,35.030844,-114.5105112,soccer training for kids,20120
Soccer Shots Northwestern Virginia,,"
soccershots.com","
(540) 336-8620",,,35.030844,-114.5105112,soccer training for kids,20120
Resurgent Sports Rehab,,"
soccershots.com","
(540) 336-8620",,,35.030844,-114.5105112,soccer training for kids,20120
A1 Performance,"
4465 Brookfield Corporate Dr STE 106, Chantilly, VA 20151","
resurgentsports.com","
(703) 698-7888",,,35.030844,-114.5105112,soccer training for kids,20120
JD Futbol Training,,"
jdfutboltraining.com","
(703) 357-8009",,,35.030844,-114.5105112,soccer training for kids,20120
FEW Soccer,,"
jdfutboltraining.com","
(703) 357-8009",,,35.030844,-114.5105112,soccer training for kids,20120
Relentless MMA & Fitness,,"
jdfutboltraining.com","
(703) 357-8009",,,35.030844,-114.5105112,soccer training for kids,20120
Nguyen Soccer,"
3950 University Dr 103 103, Fairfax, VA 22030","
relentlessmmaandfitness.com","
(540) 999-8270",,,35.030844,-114.5105112,soccer training for kids,20120
FC Virginia,"
14100 Parke Long Ct suite a, Chantilly, VA 20151",,"
(678) 595-7414",,,35.030844,-114.5105112,youth soccer programs,20120
FC UNITED,"
14000r Thunderbolt Pl ste 105, Chantilly, VA 20151","
fcunited.co","
(571) 583-4421",,,35.030844,-114.5105112,youth soccer programs,20120
Soccer Field 4 At Bull Run,"
7700 Bull Run Dr, Centreville, VA 20121","
novaparks.com","
(703) 631-0550",,,35.030844,-114.5105112,youth soccer programs,20120
Académie Sportif,"
9509 Lee Ave W, Manassas, VA 20110","
academiesportif.com","
(571) 494-6791",,,35.030844,-114.5105112,soccer academy for kids,20120
Tamir Linhart Golden Boot Soccer,"
9509 Lee Ave W, Manassas, VA 20110","
academiesportif.com","
(571) 494-6791",,,35.030844,-114.5105112,soccer academy for kids,20120
Barça Academy Northern Virginia,"
19623 Evergreen Mills Rd, Leesburg, VA 20175","
fcbarcelona.com",,,,35.030844,-114.5105112,soccer academy for kids,20120
Alexandria Soccer Association,"
19623 Evergreen Mills Rd, Leesburg, VA 20175","
fcbarcelona.com",,,,35.030844,-114.5105112,soccer academy for kids,20120
Barça Academy Northern Virginia,"
19623 Evergreen Mills Rd, Leesburg, VA 20175","
fcbarcelona.com",,,,35.030844,-114.5105112,soccer academy for kids,20120
Arlington Soccer Association,"
19623 Evergreen Mills Rd, Leesburg, VA 20175","
fcbarcelona.com",,,,35.030844,-114.5105112,soccer academy for kids,20120
"Elite Level Soccer, LLC","
19623 Evergreen Mills Rd, Leesburg, VA 20175","
fcbarcelona.com",,,,35.030844,-114.5105112,soccer academy for kids,20120
Virginia Fusion Park,"
42254 Briarfield Ln, Aldie, VA 20105","
virginiafusion.com","
(512) 731-3725",,,35.030844,-114.5105112,soccer camp for kids,20120
NVA Sports,"
43464 Hyland Hills St, South Riding, VA 20152","
nvasports.org","
(571) 484-3837",,,35.030844,-114.5105112,soccer camp for kids,20120
Loudoun Soccer Club,"
19798 Sycolin Rd, Leesburg, VA 20175","
loudounsoccer.com","
(703) 777-9977",,,35.030844,-114.5105112,soccer camp for kids,20120
"RavenTek Park, Home of VA Revolution","
19623 Evergreen Mills Rd, Leesburg, VA 20175","
varevolution.com","
(571) 577-8700",,,35.030844,-114.5105112,soccer camp for kids,20120
Northern Virginia Travel Baseball League,"
19623 Evergreen Mills Rd, Leesburg, VA 20175","
varevolution.com","
(571) 577-8700",,,35.030844,-114.5105112,soccer camp for kids,20120
Beyond the Hoop,"
5547 Lee Hwy A, Arlington, VA 22207","
bulldawgbasketball.com","
(703) 533-9158",,,38.9365406,-77.5753274,basketball classes for kids,22202
Thomas Jefferson Community Center,"
3501 2nd St S, Arlington, VA 22204","
parks.arlingtonva.us","
(703) 228-5920",,,38.9365406,-77.5753274,basketball classes for kids,22202
DNA Skills Academy,"
7631 Fullerton Rd Suite A, Springfield, VA 22153",,"
(703) 345-8391",,,38.9365406,-77.5753274,basketball classes for kids,22202
Evolution Basketball - Merrifield,"
2940B Prosperity Ave, Fairfax, VA 22031","
evobball.com",,,,38.9365406,-77.5753274,basketball classes for kids,22202
Walter Reed Recreation Center,"
2909 16th St S, Arlington, VA 22204","
arlingtonva.us","
(703) 228-0935",,,38.9365406,-77.5753274,basketball classes for kids,22202
Gunston Community Center,"
2700 S Lang St, Arlington, VA 22206","
arlingtonva.us","
(703) 228-6980",,,38.9365406,-77.5753274,basketball classes for kids,22202
YMCA Arlington,"
3422 13th St N, Arlington, VA 22201","
ymcadc.org","
(703) 525-5420",,,38.9365406,-77.5753274,basketball classes for kids,22202
Fairlington Community Center,"
3308 S Stafford St, Arlington, VA 22206","
arlingtonva.us","
(703) 228-6588",,,38.9365406,-77.5753274,basketball classes for kids,22202
Lubber Run Community Center,"
300 N Park Dr, Arlington, VA 22203","
arlingtonva.us","
(703) 228-4712",,,38.9365406,-77.5753274,basketball classes for kids,22202
Blockchain Basketball Training,"
1521 Boyd Pointe Wy Unit 2509, Vienna, VA 22182","
site123.me","
(703) 989-7867",,,38.9365406,-77.5753274,basketball classes for kids,22202
Next Level Basketball Training,"
8305 Merrifield Ave Suite F, Fairfax, VA 22031","
nxtlevelbball.com","
(703) 313-1201",,,38.9365406,-77.5753274,basketball classes for kids,22202
Barcroft Community Center,"
4200 S Four Mile Run Dr, Arlington, VA 22206","
arlingtonva.us","
(703) 228-0701",,,38.9365406,-77.5753274,basketball classes for kids,22202
24/7 Basketball,"
14112 Newbrook Dr, Chantilly, VA 20151",,,,,38.873111,-78.0091736,basketball classes for kids,22202
Virginia Highlands Park Basketball Courts,"
1600 S Hayes St, Arlington, VA 22202","
arlingtonva.us","
(703) 228-6525",,,38.8584318,-77.6372282,basketball classes for kids,22202
Walter Reed CC Basketball Court,"
2909 16th St S, Arlington, VA 22206","
arlingtonva.us","
(703) 228-0935",,,38.8584318,-77.6372282,basketball classes for kids,22202
Fort Myer Basketball Courts,"
Arlington, VA 22204",,,,,38.8584318,-77.6372282,basketball classes for kids,22202
Rocky Run Park,"
1109 N Barton St, Arlington, VA 22201","
arlingtonva.us","
(703) 228-6525",,,38.8584318,-77.6372282,basketball classes for kids,22202
Stratford Park Basketball Court,"
Arlington, VA 22207","
arlingtonva.us",,,,38.8584318,-77.6372282,basketball classes for kids,22202
You Reach I Teach Basketball Academy,"
16778 Oakmont Ave, Gaithersburg, MD 20877","
youreachiteach.com","
(202) 415-4881",,,38.8584318,-77.6372282,basketball classes for kids,22202
Fort Scott Park,"
2800 Fort Scott Dr, Arlington, VA 22202","
arlingtonva.us","
(703) 228-6525",,,38.8584318,-77.6372282,basketball classes for kids,22202
Arlington YMCA Tennis & Squash Center,"
3400 13th St N, Arlington, VA 22201","
ymcadc.org","
(703) 522-1700",,,38.8584318,-77.6372282,basketball classes for kids,22202
B5 Sports Center,"
44710 Cape Ct # 102, Ashburn, VA 20147","
b5basketball.com","
(703) 727-3587",,,39.0186509,-78.0305633,basketball classes for kids,22202
Gillion Academy School,"
7965 Twist Ln, Springfield, VA 22153","
thegillionacademy.org","
(202) 365-8328",,,39.0186509,-78.0305633,basketball classes for kids,22202
Virginia Highlands Park,"
1600 S Hayes St, Arlington, VA 22202","
arlingtonva.us","
(703) 228-6525",,,38.8596527,-77.6380952,basketball classes for kids,22202
Gunston Park,"
1401 28th St S, Arlington, VA 22206","
arlingtonva.us","
(703) 228-6525",,,38.8596527,-77.6380952,basketball classes for kids,22202
Henderson Hall Smith Gym,"
27 Southgate Rd, Arlington, VA 22214","
hendersonhall.usmc-mccs.org","
(703) 614-7214",,,38.8596527,-77.6380952,basketball classes for kids,22202
Jennie Dean Park,"
27 Southgate Rd, Arlington, VA 22214","
hendersonhall.usmc-mccs.org","
(703) 614-7214",,,38.8596527,-77.6380952,basketball classes for kids,22202
Ultimate Basketball Training,"
7666E Fullerton Rd, Springfield, VA 22153","
ultimatebasketballtraining.com","
(703) 609-0932",,,38.8596527,-77.6380952,basketball classes for kids,22202
Leonard “Chick” Armstrong Recreation Center,"
7666E Fullerton Rd, Springfield, VA 22153","
ultimatebasketballtraining.com","
(703) 609-0932",,,38.8596527,-77.6380952,basketball classes for kids,22202
"Cross-Training Athletes into Believers, CTAB","
7666E Fullerton Rd, Springfield, VA 22153","
ultimatebasketballtraining.com","
(703) 609-0932",,,38.8596527,-77.6380952,basketball classes for kids,22202
One On One Basketball Inc,"
4818 Yuma St NW # 2, Washington, DC 20016","
1on1basketball.com","
(202) 431-9650",,,38.8596527,-77.6380952,basketball classes for kids,22202
Virginia Highlands Park Tennis Courts,"
Unnamed Road, Arlington, VA 22202",,,,,38.8596527,-77.6380952,basketball classes for kids,22202
Pat The Roc Basketball Skills Academy,"
8500 Anniversary Cir, Gaithersburg, MD 20877","
pattherocacademy.com","
(301) 338-8063",,,38.8596527,-77.6380952,basketball classes for kids,22202
Zitkala-Sa Park,"
3011 7th St N, Arlington, VA 22201","
arlingtonva.us","
(703) 228-6525",,,38.8596527,-77.6380952,basketball classes for kids,22202
Yates Field House,"
3901 Yates Rd NW, Washington, DC 20007","
recreation.georgetown.edu","
(202) 687-2400",,,38.8596527,-77.6380952,basketball classes for kids,22202
Towers Park,"
801 S Scott St, Arlington, VA 22204","
arlingtonva.us","
(703) 228-6525",,,38.8596527,-77.6380952,basketball classes for kids,22202
Hoops Plus,"
45496 Ruritan Circle, Sterling, VA 20164","
hoopsplus.net","
(703) 430-8489",,,39.0075594,-78.0053377,basketball classes for kids,22202
Alcova Heights Park,"
901 S George Mason Dr, Arlington, VA 22204","
arlingtonva.us","
(703) 228-6525",,,38.8612872,-77.6787726,basketball classes for kids,22202
ZogSports DC,"
21 Dupont Cir NW, Washington, DC 20036","
zogsports.com",,,,38.8612872,-77.6787726,basketball classes for kids,22202
Crystal City Workout Park,"
2451 Crystal Dr, Arlington, VA 22202",,,,,38.8612872,-77.6787726,basketball classes for kids,22202
Walter Reed Senior Center,"
2909 16th St S, Arlington, VA 22204","
parks.arlingtonva.us","
(703) 228-0955",,,38.8612872,-77.6787726,basketball classes for kids,22202
Life Time,"
1440 N Edgewood St, Arlington, VA 22201","
lifetime.life","
(703) 666-2900",,,38.8612872,-77.6787726,basketball classes for kids,22202
Pro Skills Basketball Washington DC,,"
proskillsbasketball.com","
(866) 966-3888",,,38.8612872,-77.6787726,basketball classes for kids,22202
Rocky Run Park Basketball Court,"
1109 N Barton St, Arlington, VA 22201",,,,,38.8612872,-77.6787726,basketball classes for kids,22202
Arlington County Parks & Recreation,"
2100 Clarendon Blvd UNIT 414, Arlington, VA 22201","
arlingtonva.us","
(703) 228-4747",,,38.8612872,-77.6787726,basketball classes for kids,22202
Angel Park Basketball Court,"
Alexandria, VA 22314",,,,,38.8612872,-77.6787726,basketball classes for kids,22202
Barcroft Park,"
4200 S Four Mile Run Dr, Arlington, VA 22206","
arlingtonva.us","
(703) 228-6525",,,38.8612872,-77.6787726,basketball classes for kids,22202
CP Basketball Academy,"
11810 Grand Park Ave # 500, North Bethesda, MD 20852","
cpbasketball.com","
(301) 807-0250",,,38.8612872,-77.6787726,basketball classes for kids,22202
"Equinox Sports Club Washington, D.C.","
1170 22nd St NW, Washington, DC 20037","
equinox.com","
(202) 974-6600",,,38.8612872,-77.6787726,basketball classes for kids,22202
MovementX — Physical Therapy in Arlington,"
2009 14th St N Suite 2, Arlington, VA 22201","
movement-x.com","
(703) 349-6464",,,38.8612872,-77.6787726,basketball classes for kids,22202
Champs Sports,"
1100 S Hayes St, Arlington, VA 22202","
stores.champssports.com","
(703) 415-3747",,,38.8612872,-77.6787726,basketball classes for kids,22202
King Greenleaf Recreation Center,"
201 N St SW, Washington, DC 20024","
dpr.dc.gov","
(202) 645-7454",,,38.8612872,-77.6787726,basketball classes for kids,22202
Arlington Youth Football Club,"
475 Long Bridge Drive, Arlington, VA 22202",,,,,38.8612872,-77.6787726,basketball classes for kids,22202
Department of Parks and Recreation - Athletic and Facility Services Division,"
300 N Park Dr, Arlington, VA 22203","
arlingtonva.us","
(703) 228-4747",,,38.8612872,-77.6787726,basketball classes for kids,22202
Basketball Courts,"
S 2nd St &, S Jackson St, Arlington, VA 22204",,,,,38.8612872,-77.6787726,basketball classes for kids,22202
Foot Locker,"
1100 South Hayes Street Space 0x01, Arlington, VA 22202","
stores.footlocker.com","
(703) 415-3668",,,38.8612872,-77.6787726,basketball classes for kids,22202
Fort Barnard Park,"
2101 S Pollard St, Arlington, VA 22204","
arlingtonva.us","
(703) 228-6525",,,38.8612872,-77.6787726,basketball classes for kids,22202
Evolution Basketball Training - Accotink,"
8519 Tuttle Rd, West Springfield, VA 22152","
evobball.com","
(703) 282-2222",,,38.8612872,-77.6787726,basketball classes for kids,22202
Bull Dawg Athletic Training and Physical Therapy,"
5001-A Langston Blvd. SUITE 102, Arlington, VA 22207","
bulldawgtraining.com","
(571) 970-6068",,,38.8612872,-77.6787726,basketball classes for kids,22202
JD Sports,"
1100 S Hayes St, Arlington, VA 22202","
jdsports.com","
(703) 413-1265",,,38.8612872,-77.6787726,basketball classes for kids,22202
Next Level Basketball Training,"
8305 Merrifield Ave Suite F, Fairfax, VA 22031","
nxtlevelbball.com","
(703) 313-1201",,,38.8612872,-77.6787726,basketball classes for kids,22202
Penrose Park,"
2200 6th St S, Arlington, VA 22204","
arlingtonva.us","
(703) 228-6525",,,38.8612872,-77.6787726,basketball classes for kids,22202
"EIE Sports, LLC","
429 Thorncliff Dr, Newport News, VA 23608","
eiesports.org","
(770) 855-7888",,,37.152093,-77.1261223,basketball classes for kids,22202
Barcroft Field,"
Arlington, VA 22206","
arlingtonva.us","
(703) 228-6525",,,38.8488665,-77.6780538,basketball classes for kids,22202
The Michael & Son Sportsplex at Dulles,"
Dulles Sportsplex, 21610 Atlantic Blvd, Sterling, VA 20166","
dullessportsplex.com","
(703) 430-9966",,,39.0164142,-78.0021918,basketball classes for kids,22202
DC Central Kitchen,"
2121 1st St SW Ste 140, Washington, DC 20024","
dccentralkitchen.org","
(202) 234-0707",,,38.8645081,-77.5896586,basketball classes for kids,22202
Foundation Basketball Academy,,,"
(571) 599-8180",,,38.8645081,-77.5896586,basketball classes for kids,22202
Potomac Yard Park,"
2501 Potomac Ave, Alexandria, VA 22301","
alexandriava.gov",,,,38.8645081,-77.5896586,basketball classes for kids,22202
Arlington County Youth Department,"
3308 S Stafford St, Arlington, VA 22206","
arlingtonva.us","
(703) 228-6404",,,38.8645081,-77.5896586,basketball classes for kids,22202
Marine Corps Exchange,"
26 Joint Base Myer, 1555 Southgate Rd, Arlington, VA 22214","
hendersonhall.usmc-mccs.org","
(703) 979-8420",,,38.8645081,-77.5896586,basketball classes for kids,22202
Public Basketball Court,"
Blue Park Basketball Half Court, 18 E Linden St, Alexandria, VA 22301",,,,,38.8645081,-77.5896586,basketball classes for kids,22202
Drew Park Playground & Sprayground,"
2310 S Kenmore St, Arlington, VA 22206","
parks.arlingtonva.us","
(703) 228-6525",,,38.8645081,-77.5896586,basketball classes for kids,22202
Kids Foot Locker,"
1100 S Hayes St, Arlington, VA 22202","
stores.kidsfootlocker.com","
(703) 415-2566",,,38.8645081,-77.5896586,basketball classes for kids,22202
Sport Proformance Basketball Training,,"
sportproformance.com","
(804) 901-2483",,,39.0581012,-78.0124586,basketball classes for kids,22202
Balance Gym Foggy Bottom,"
2401 M St NW, Washington, DC 20037","
balancegym.com","
(202) 457-5070",,,38.9057482,-77.6284551,basketball classes for kids,22202
Four Mile Run Park,"
3700 Commonwealth Ave, Alexandria, VA 22305","
alexandriava.gov",,,,38.9057482,-77.6284551,basketball classes for kids,22202
Arruda's Basketball Club,,"
arrudasbasketballclub.com","
(267) 907-2982",,,38.9057482,-77.6284551,basketball classes for kids,22202
Dudley's Sport and Ale,"
2766 S Arlington Mill Dr, Arlington, VA 22206","
dudleyssportandale.com","
(571) 312-2304",,,38.9057482,-77.6284551,basketball classes for kids,22202
Maury Park Tennis Courts,"
3550 Wilson Blvd, Arlington, VA 22201","
parks.arlingtonva.us","
(703) 228-6525",,,38.9057482,-77.6284551,basketball classes for kids,22202
"Veritas Collegiate Academy, National Landing Campus","
935 23rd St S, Arlington, VA 22202","
veritascollegiateacademydc.com","
(866) 564-4233",,,38.9057482,-77.6284551,basketball classes for kids,22202
Jr. Wizards Basketball Camps & Clinics,"
601 F St NW, Washington, DC 20004","
dcfamily.com","
(202) 292-1979",,,38.9048213,-77.6284585,basketball training for kids,22202
YMCA Alexandria,"
420 E Monroe Ave, Alexandria, VA 22301","
ymcadc.org","
(703) 838-8085",,,38.9048213,-77.6284585,basketball training for kids,22202
The Player Progression Academy (PPA),"
1342 Florida Ave NW, Washington, DC 20008","
ppateam.com",,,,38.9048213,-77.6284585,basketball training for kids,22202
Just Us Nation Basketball,"
2260 Alice Ave Activity Center, Oxon Hill, MD 20745","
justusnationbball.org","
(240) 437-4979",,,38.9048213,-77.6284585,basketball training for kids,22202
Elevate Kids Basketball Training and Gym,"
8382 Terminal Rd Unit E, Lorton, VA 22079","
elevatesportstraining.com","
(703) 314-1688",,,38.9048213,-77.6284585,basketball training for kids,22202
Randall Recreation Center,"
S Capitol St SW & I St SW, 820 South Capitol St SE, Washington, DC 20024","
dpr.dc.gov","
(202) 554-6973",,,38.9048213,-77.6284585,basketball training for kids,22202
Charles Houston Recreation Center,"
901 Wythe St, Alexandria, VA 22314","
alexandriava.gov","
(703) 746-5552",,,38.9048213,-77.6284585,basketball training for kids,22202
Casual Adventure Outfitters,"
3451 Washington Blvd, Arlington, VA 22201","
casualadventure.com","
(703) 527-0600",,,38.9048213,-77.6284585,basketball training for kids,22202
SP8 Ball Training,"
7409 Lockport Pl, Lorton, VA 22079","
sp8balltraining.com","
(703) 887-3986",,,38.9048213,-77.6284585,basketball training for kids,22202
Dawson Terrace Community Center,"
2133 N Taft St, Arlington, VA 22201","
arlingtonva.us","
(703) 228-5725",,,38.9048213,-77.6284585,basketball training for kids,22202
Nannie J Lee Memorial Recreation Center,"
1108 Jefferson St, Alexandria, VA 22314","
alexandriava.gov","
(703) 746-5550",,,38.9048213,-77.6284585,basketball training for kids,22202
"i9 Sports Southwest Fairfax County, VA",,"
i9sports.com","
(703) 740-0093",,,38.9048213,-77.6284585,basketball training for kids,22202
Guy Mason Recreation Center,"
3600 Calvert St NW, Washington, DC 20007","
dpr.dc.gov","
(202) 727-7736",,,38.9048213,-77.6284585,basketball training for kids,22202
Nova Fencing and Archery Club,"
3505 Carlin Springs Rd, Falls Church, VA 22041","
novafencingclub.com","
(703) 999-8077",,,38.9048213,-77.6284585,basketball training for kids,22202
MedStar Capitals Iceplex,"
627 N Glebe Rd SUITE 800, Arlington, VA 22203","
medstarcapitalsiceplex.com","
(571) 224-0555",,,38.9048213,-77.6284585,basketball training for kids,22202
Onelife Fitness - Skyline,"
5115 Leesburg Pike, Falls Church, VA 22041","
onelifefitness.com","
(703) 820-4100",,,38.9048213,-77.6284585,basketball training for kids,22202
Goldfish Swim School - Alexandria,"
3155-B Duke St, Alexandria, VA 22314","
goldfishswimschool.com","
(703) 844-2818",,,38.9048213,-77.6284585,basketball training for kids,22202
DC SCORES,"
1140 Connecticut Ave NW #1200, Washington, DC 20036","
dcscores.org","
(202) 393-6999",,,38.9048213,-77.6284585,basketball training for kids,22202
Quincy Park,"
1021 N Quincy St, Arlington, VA 22201","
arlingtonva.us","
(703) 228-6525",,,38.9048213,-77.6284585,basketball training for kids,22202
Eugene Simpson Stadium Park,"
426 E Monroe Ave, Alexandria, VA 22301","
alexandriava.gov","
(703) 746-5492",,,38.9048213,-77.6284585,basketball training for kids,22202
Hayes Park,"
1516 N Lincoln St, Arlington, VA 22201","
arlingtonva.us","
(703) 228-6525",,,38.9048213,-77.6284585,basketball training for kids,22202
Harry Thomas Recreation Center,"
1743 Lincoln Rd NE, Washington, DC 20002","
dpr.dc.gov","
(202) 576-5642",,,38.9048213,-77.6284585,basketball training for kids,22202
Capstone Performance Training - Falls Church,"
444 W Broad St ste b, Falls Church, VA 22046","
capstoneperformancetraining.com","
(703) 914-3591",,,38.9048213,-77.6284585,basketball training for kids,22202
Parklawn Pool,"
6011 Crater Pl, Alexandria, VA 22312","
parklawnpool.org","
(571) 447-9461",,,38.9048213,-77.6284585,basketball training for kids,22202
Onelife Fitness - Ballston,"
4238 Wilson Blvd, Arlington, VA 22203","
onelifefitness.com","
(703) 816-8800",,,38.9048213,-77.6284585,basketball training for kids,22202
YMCA,"
1325 W St NW, Washington, DC 20009","
ymcadc.org","
(202) 232-6936",,,38.9048213,-77.6284585,basketball training for kids,22202
DSW Designer Shoe Warehouse,"
1301 S Joyce St, Arlington, VA 22202","
stores.dsw.com","
(703) 412-0818",,,38.9048213,-77.6284585,basketball training for kids,22202
Onelife Fitness - Old Town,"
209 Madison St, Alexandria, VA 22314","
onelifefitness.com","
(703) 548-6822",,,38.9048213,-77.6284585,basketball training for kids,22202
All In Hoops,"
2200 California St NW, Washington, DC 20008","
allinhoops.org","
(202) 607-3932",,,38.9038943,-77.6284618,youth basketball league,22202
Volo Sports DC,"
1200 G St NW STE 700, Washington, DC 20005","
volosports.com","
(202) 919-3955",,,38.9038943,-77.6284618,youth basketball league,22202
LMVSC,"
6212 Cameron Farms Pl, Alexandria, VA 22310","
lmvsc.org","
(703) 863-4255",,,38.9038943,-77.6284618,youth basketball league,22202
High View Park,"
1945 N Dinwiddie St, Arlington, VA 22207","
parks.arlingtonva.us","
(571) 429-5013",,,38.9038943,-77.6284618,youth basketball league,22202
Jelleff Recreation Center,"
3265 S St NW, Washington, DC 20007","
dpr.dc.gov","
(202) 462-1317",,,38.9038943,-77.6284618,youth basketball league,22202
MetroBall Youth Outreach,"
100 N St NW, Washington, DC 20001","
metroball.org","
(240) 832-9351",,,38.9038943,-77.6284618,youth basketball league,22202
Arlington Mill Community Center,"
909 S Dinwiddie St, Arlington, VA 22204","
arlingtonva.us","
(703) 228-7790",,,38.9038943,-77.6284618,youth basketball league,22202
Fields Park,"
775 N George Mason Dr, Arlington, VA 22203","
arlingtonva.us","
(703) 228-6525",,,38.9038943,-77.6284618,youth basketball league,22202
Charles E. Smith Center,"
600 22nd St NW, Washington, DC 20052","
gwsports.com","
(202) 994-6650",,,38.9038943,-77.6284618,youth basketball league,22202
Cookology Culinary School,"
4238 Wilson Blvd 3rd Floor, Suite #3110, Arlington, VA 22203","
cookologyonline.com","
(703) 433-1909",,,38.9029674,-77.6284651,basketball academy for kids,22202
Fundamentals Academy,"
804 Taylor St NW, Washington, DC 20011","
thefundamentalsacademy.com","
(202) 827-8176",,,38.9029674,-77.6284651,basketball academy for kids,22202
Giant Basketball Academy,"
20145 Ashbrook Pl, Ashburn, VA 20147","
giantbasketball.com",,,,39.0592041,-78.0407065,basketball academy for kids,22202
Edlavitch DC Jewish Community Center,"
1529 16th St NW, Washington, DC 20036","
edcjcc.org",,,,38.9109406,-77.6126801,basketball academy for kids,22202
Han Basketball Academy,,"
hanbasketball.com","
(240) 330-2272",,,38.9109406,-77.6126801,basketball academy for kids,22202
St. Stephen's and St. Agnes School Summertimes,"
400 Fontaine St, Alexandria, VA 22302","
summertimes.org","
(703) 212-2777",,,38.9109406,-77.6126801,basketball academy for kids,22202
Sleepy Hollow Recreation Association,"
3538 Sleepy Hollow Rd, Falls Church, VA 22041","
shrasharks.org","
(703) 941-0456",,,38.9109406,-77.6126801,basketball academy for kids,22202
Bluemont Park,"
601 N Manchester St, Arlington, VA 22205","
arlingtonva.us","
(703) 228-6525",,,38.9109406,-77.6126801,basketball academy for kids,22202
Syphax Education Center,"
2110 Washington Blvd, Arlington, VA 22204","
apsva.us","
(703) 228-6000",,,38.9109406,-77.6126801,basketball academy for kids,22202
DC Fray,"
951 V St NE, Washington, DC 20018","
dcfray.com","
(202) 290-1969",,,38.9109406,-77.6126801,basketball academy for kids,22202
British Swim School at Onelife Fitness - Falls Church,"
1000 E Broad St, Falls Church, VA 22046","
britishswimschool.com","
(202) 988-3825",,,38.9109406,-77.6126801,basketball academy for kids,22202
Orange Line Sports,"
4302 36th St S, Arlington, VA 22206","
orangelinesports.com","
(516) 967-9113",,,38.8707089,-77.2123392,basketball camp,22202
Charles Drew Community Center,"
3500 23rd St S, Arlington, VA 22206","
arlingtonva.us","
(703) 228-5725",,,38.8707089,-77.2123392,basketball camp,22202
Onelife Fitness - Crystal Park,"
2231 Crystal Dr, Arlington, VA 22202","
onelifefitness.com","
(703) 486-3380",,,38.8707089,-77.2123392,basketball camp,22202
Charles Barrett Recreation Center,"
1115 Martha Custis Dr, Alexandria, VA 22302","
alexandriava.gov","
(703) 746-5551",,,38.8707089,-77.2123392,basketball camp,22202
Summer Camp at Episcopal,"
1200 N Quaker Ln, Alexandria, VA 22302","
summeratepiscopal.org","
(703) 933-4040",,,38.8707089,-77.2123392,basketball camp,22202
Arlington Sports Conditioning,"
Lubber Run Community Center, 300 N Park Dr, Arlington, VA 22203","
arlingtonsc.com","
(703) 801-6248",,,38.8707089,-77.2123392,basketball camp,22202
JST Athletics,"
950 N Washington St, Alexandria, VA 22314","
jstathletics.org","
(703) 927-5008",,,38.8707089,-77.2123392,basketball camp,22202
Camp Sarraka,,"
campsarraka.com","
(703) 622-9210",,,38.8707089,-77.2123392,basketball camp,22202
Tru2Form Hoops,"
5600 Little Falls Pkwy, Bethesda, MD 20815","
tru2formhoops.com","
(240) 459-0949",,,38.9665061,-77.246506,basketball skills training,22202
Elevate,"
8382 Terminal Rd Unit E, Lorton, VA 22079","
elevatesportstraining.com","
(703) 314-1688",,,38.730609,-77.3384609,basketball skills training,22202
Washington Sailing Marina,"
1 Marina Dr, Alexandria, VA 22314","
washingtonsailingmarina.com","
(703) 548-9027",,,38.8332089,-77.1858792,basketball skills training,22202
"Capital Tennis & Pickleball (aka Capital Tennis & Stringing, LLC)","
2200 Wilson Blvd #102, Arlington, VA 22201","
capitalstringing.com","
(703) 597-4619",,,38.8332089,-77.1858792,basketball skills training,22202
NESS Basketball Training,,"
nessbasketball.com","
(301) 381-4416",,,39.0032182,-77.2573586,basketball skills training,22202
All In Basketball Training,,"
allinbasketballtraining.com","
(703) 987-8989",,,38.7368586,-77.5269182,basketball skills training,22202
Onelife Fitness - Capitol Hill,"
315 G St SE, Washington, DC 20003","
onelifefitness.com","
(202) 234-5678",,,38.7368586,-77.5269182,basketball skills training,22202
Onelife Fitness - Alexandria,"
305 Hooffs Run Dr, Alexandria, VA 22314","
onelifefitness.com","
(571) 317-1600",,,38.8810994,-77.1453316,basketball skills training,22202
Dominion Hills Area Recreation,"
6000 Wilson Blvd, Arlington, VA 22205","
dominionhills.org","
(703) 533-7550",,,38.8733909,-77.2816349,basketball skills training,22202
Above & Beyond Basketball Academy,,"
abovebeyondbasketballacademy.com","
(240) 426-6650",,,39.097515,-77.2887296,basketball skills training,22202
"LCF KIDS - Falls Church, VA","
150 S Washington St #100, Falls Church, VA 22046","
lcfkids.com","
(703) 909-7971",,,38.8814801,-77.3165098,basketball skills training,22202
Anthony Tucker's Elite Basketball Training,"
8401 Good Luck Rd, Lanham, MD 20706",,"
(202) 830-9632",,,38.9799353,-77.0086657,basketball skills training,22202
Infinite Skills Basketball Training,"
2729 Merrilee Dr, Fairfax, VA 22031","
infiniteskill.org","
(202) 932-8624",,,38.8790248,-77.3747731,basketball skills training,22202
Hayes Park Tennis Courts,"
1516 N Lincoln St, Arlington, VA 22201","
arlingtonva.us","
(703) 228-6525",,,38.8899254,-77.2483941,basketball skills training,22202
Legends Sports,"
3607-C Chain Bridge Rd, Fairfax, VA 22030","
playlegends.com","
(703) 255-5165",,,38.857235,-77.4511706,basketball skills training,22202
Thomas Jefferson Park Tennis Courts 🎾,"
3501 2nd St S, Arlington, VA 22204","
arlingtonva.us","
(703) 228-6525",,,38.8698471,-77.2383237,basketball skills training,22202
Evolution Basketball - Beaumeade,"
21760 Beaumeade Cir, Ashburn, VA 20147","
evobball.com",,,,39.016896,-77.6005103,basketball skills training,22202
LA Fitness,"
4300 King St, Alexandria, VA 22302","
lafitness.com","
(571) 431-1716",,,38.8371835,-77.2475891,basketball skills training,22202
Basketball Court,"
Washington, DC 20037",,,,,38.8371835,-77.2475891,basketball skills training,22202
Potomac Job Corps Center,"
1 DC Village Ln SW, Washington, DC 20032","
potomac.jobcorps.gov","
(202) 574-5000",,,38.8371835,-77.2475891,basketball skills training,22202
Excite Soccer,"
3712 12th St S, Arlington, VA 22204","
excitesoccer.com","
(240) 418-2302",,,38.858657,-77.2385516,soccer classes for kids,22202
Kids Pro Soccer,"
107 S West St, Alexandria, VA 22314","
kidsprosoccer.com","
(202) 438-8555",,,38.858657,-77.2385516,soccer classes for kids,22202
Arlington Soccer Association,"
5210 Wilson Blvd, Arlington, VA 22205","
arlingtonsoccer.com","
(703) 527-0157",,,38.858657,-77.2385516,soccer classes for kids,22202
Gunston Bubble,"
2700 S Lang St, Arlington, VA 22206","
arlingtonva.us",,,,38.858657,-77.2385516,soccer classes for kids,22202
Alexandria Soccer Association,"
1108 Jefferson St, Alexandria, VA 22314","
alexandria-soccer.org","
(703) 684-5425",,,38.858657,-77.2385516,soccer classes for kids,22202
LTB Soccer,"
1900 Columbia Pike, Arlington, VA 22204","
ltbsoccer.com","
(202) 215-8676",,,38.858657,-77.2385516,soccer classes for kids,22202
DC Soccer Club,"
2201 Wisconsin Ave NW #200, Washington, DC 20007","
dcsoccerclub.org",,,,38.858657,-77.2385516,soccer classes for kids,22202
Capstone Soccer,"
2830 Fallfax Dr, Falls Church, VA 22042","
capstonesoccer.com","
(703) 914-3548",,,38.8757695,-77.3529631,soccer classes for kids,22202
Long Bridge Aquatics & Fitness Center,"
333 Long Bridge Drive, Arlington, VA 22202","
arlingtonva.us","
(703) 228-3338",,,38.8704035,-77.1874613,soccer classes for kids,22202
Champions Premier | Elite Soccer Training,"
300 Hillwood Ave, Falls Church, VA 22046","
championspremier.net","
(617) 593-2497",,,38.8773212,-77.31464,soccer classes for kids,22202
Barcroft Park Community Field,"
S Four Mile Run Dr, Arlington, VA 22206","
arlingtonva.us",,,,38.8773212,-77.31464,soccer classes for kids,22202
Chesterfield Park Soccer Field,"
4901 Chesterfield Rd, Arlington, VA 22206",,,,,38.8773212,-77.31464,soccer classes for kids,22202
Arlington Training Center,"
140 S Wise St, Arlington, VA 22204","
arlingtonsoccer.com","
(703) 527-0157",,,38.8721895,-77.2284907,soccer classes for kids,22202
Soccer Post Arlington (previously Soccer Kicks),"
6019 Wilson Blvd, Arlington, VA 22205","
soccerpost.com","
(703) 202-0021",,,38.8721895,-77.2284907,soccer classes for kids,22202
PI Soccer Training,"
7701 Southern Dr, Springfield, VA 22150","
pitraining.org","
(571) 426-2144",,,38.792541,-77.3530761,soccer classes for kids,22202
Long Bridge Park,"
475 Long Bridge Drive, Arlington, VA 22202","
arlingtonva.us","
(703) 228-4747",,,38.8671948,-77.190672,soccer classes for kids,22202
Everbrook Academy of Arlington,"
201 12th St S Suite 10, Arlington, VA 22202","
everbrookacademy.com","
(855) 444-3778",,,38.8671948,-77.190672,soccer classes for kids,22202
ActivePlay,,"
activeplayllc.com","
(571) 436-2436",,,38.8671948,-77.190672,soccer classes for kids,22202
Tiny Troops Soccer - Joint Base Anacostia-Bolling/Alexandria,,"
tinytroopssoccer.com",,,,38.5263764,-77.9510396,soccer classes for kids,22202
Athletic Eagle Soccer,,,"
(703) 675-8896",,,38.1319444,-79.4750341,soccer classes for kids,22202
Feya Preschool LLC,"
1611 S Walter Reed Dr, Arlington, VA 22204","
feyapreschool.com","
(703) 271-1611",,,38.8561791,-77.2322438,soccer classes for kids,22202
Simpson Field,"
500 E Monroe Ave, Alexandria, VA 22301",,,,,38.8561791,-77.2322438,soccer classes for kids,22202
City Sporting Club,"
300 Evarts St NE, Washington, DC 20002","
citysportingclub.org","
(202) 210-8900",,,38.9247839,-77.146482,soccer classes for kids,22202
Aurora Hills Water Playground,"
Arlington, VA 22202",,,,,38.9247839,-77.146482,soccer classes for kids,22202
Lil' Kickers DMV,,"
lilkickersdmv.com",,,,38.762415,-77.456554,soccer classes for kids,22202
Gunston Soccer Club,"
4320 Mount Vernon Memorial Hwy, Alexandria, VA 22309","
gunstonsoccer.com",,,,38.7094874,-77.2525012,soccer classes for kids,22202
Soccer-Pass,"
Rolling Rd, Springfield, VA 22152","
soccer-pass.com","
(571) 781-2925",,,38.778794,-77.3772094,soccer classes for kids,22202
Arlington County Dept. of Human Services,"
2100 Washington Blvd, Arlington, VA 22204","
arlingtonva.us","
(703) 228-1300",,,38.8733234,-77.2273414,soccer classes for kids,22202
District Soccer,,"
districtsoccer.org","
(202) 656-8892",,,46.423669,-130.0869042,soccer classes for kids,22202
Powhatan Springs Park Soccer Field,"
6020 Wilson Blvd, Arlington, VA 22205","
arlingtonva.us","
(703) 228-6525",,,38.8733849,-77.2829149,soccer classes for kids,22202
ChildSpace Learning Center,"
2721 Mt Vernon Ave, Alexandria, VA 22301","
mychildspace.com","
(571) 429-3082",,,38.8733849,-77.2829149,soccer classes for kids,22202
Steve & Kate's Camp - Alexandria,"
2400 Russell Rd, Alexandria, VA 22301","
steveandkatescamp.com","
(703) 997-9147",,,38.8299881,-77.2033176,soccer classes for kids,22202
Crystal City Sports Pub,"
529 23rd St S, Arlington, VA 22202","
ccsportspub.com",,,,38.8299881,-77.2033176,soccer classes for kids,22202
Tamir Linhart Golden Boot Soccer,"
8200 Greensboro Dr Suite 900, McLean, VA 22102","
goldenbootsoccer.com","
(703) 287-0088",,,38.9231812,-77.3725862,soccer classes for kids,22202
Fairfax Sportsplex,"
6800 Commercial Dr, Springfield, VA 22151","
fairfaxsportsplex.com","
(703) 750-9521",,,38.9231812,-77.3725862,soccer classes for kids,22202
Love the Ball Soccer,,"
ltbsoccer.com","
(202) 215-8676",,,38.8808655,-77.2463291,soccer classes for kids,22202
Burke Athletic Club,"
Burke, VA 22015",,,,,38.7942325,-77.4165345,soccer classes for kids,22202
Washington-Liberty High School Stadium,"
1301 N Stafford St, Arlington, VA 22201","
arlingtonva.us","
(703) 228-6200",,,38.8865043,-77.254418,soccer classes for kids,22202
Soccer Bamyan Field,"
Washington, DC 20024",,,,,38.8810442,-77.1550219,soccer classes for kids,22202
KIDSUNITED South Riding,"
43063 Peacock Market Plaza, South Riding, VA 20152","
kidsunited.com","
(703) 939-9493",,,38.9143642,-77.6576313,soccer classes for kids,22202
U.S. Soccer Foundation,"
1140 Connecticut Ave NW #1200, Washington, DC 20036","
ussoccerfoundation.org","
(202) 872-9277",,,38.904963,-77.1854146,soccer classes for kids,22202
DICK'S Sporting Goods,"
5716 Columbia Pike, Falls Church, VA 22041","
stores.dickssportinggoods.com","
(703) 933-0736",,,38.8524221,-77.2721148,soccer classes for kids,22202
Oxon Hill Soccer Club,,"
oxonhillsoccerclub.com","
(571) 477-6798",,,38.7848036,-77.1128046,soccer classes for kids,22202
Vienna Youth Soccer,"
311 Maple Ave W STE D, Vienna, VA 22180","
vys.org",,,,38.8970339,-77.4160102,soccer classes for kids,22202
Tiny Troops Soccer - Fort Belvoir/Alexandria,,"
tinytroopssoccer.com",,,,38.8970339,-77.4160102,soccer classes for kids,22202
Soccer field,"
Washington, DC 20032",,,,,38.8437671,-77.159393,soccer classes for kids,22202
Soccer Rising,,,,,,38.881542,-77.4086016,soccer classes for kids,22202
Urban Kempo,"
3000 Washington Blvd C, Arlington, VA 22201",,"
(703) 888-2425",,,38.8847512,-77.2386256,soccer classes for kids,22202
Next Star Soccer,,"
nextstarsoccer.com","
(301) 742-1796",,,38.8847512,-77.2386256,soccer classes for kids,22202
Golf Galaxy Performance Center,"
Crossroads Center, 5821 Crossroads Center Way, Falls Church, VA 22041","
stores.golfgalaxy.com","
(571) 473-4997",,,38.8847512,-77.2386256,soccer classes for kids,22202
Instrata Pentagon City,"
901 15th St S, Arlington, VA 22202","
instratapentagoncity.com","
(703) 594-4142",,,38.8847512,-77.2386256,soccer classes for kids,22202
ANNANDALE BOYS & GIRLS CLUB,"
4216 Annandale Rd, Annandale, VA 22003","
abgc.org","
(703) 941-2242",,,38.8322071,-77.3412077,soccer classes for kids,22202
Springfield South County Youth Club (SYC),"
8704 Morrissette Dr, Springfield, VA 22152","
sycva.com","
(703) 339-3796",,,38.8322071,-77.3412077,soccer classes for kids,22202
Caio Terra Academy - Alexandria BJJ,"
6118 Franconia Rd Suite 213, Alexandria, VA 22310","
alexandriabjj.com","
(571) 275-0995",,,38.8322071,-77.3412077,soccer classes for kids,22202
Canchas futbol,"
2700 Duke St, Alexandria, VA 22314",,,,,38.8061327,-77.2218958,soccer classes for kids,22202
DC Way Soccer,,"
dcway.com","
(571) 490-1275",,,38.8060748,-77.221896,soccer training for kids,22202
DC Way Academy,"
401 Oklahoma Ave NE, Washington, DC 20003","
dcwayacademy.org","
(571) 490-1275",,,38.8950645,-77.114368,soccer training for kids,22202
D.C. United,"
100 Potomac Ave SW, Washington, DC 20024","
dcunited.com","
(202) 600-9098",,,38.8950645,-77.114368,soccer training for kids,22202
FourSoccer,"
2118 3rd St NE unit b, Washington, DC 20002","
foursoccer.com","
(202) 290-9067",,,38.8950645,-77.114368,soccer training for kids,22202
Marymount University Home Field,"
Long Bridge Park, 475 Long Bridge Drive, Arlington, VA 22202","
marymountsaints.com",,,,38.8669955,-77.1907837,soccer camp for kids,22202
Kids & Culture Camp,"
1629 K St NW #300, Washington, DC 20006","
kidsandculture.com","
(202) 643-8787",,,38.8669955,-77.1907837,soccer camp for kids,22202
Headfirst Summer Camps at St. Albans Campus,"
3101 Wisconsin Ave, Washington, DC 20016","
headfirstcamps.com","
(202) 625-1921",,,38.8669955,-77.1907837,soccer camp for kids,22202
Marymount University Men's Soccer,"
2807 N Glebe Rd, Arlington, VA 22207",,,,,38.9060273,-77.2720272,soccer camp for kids,22202
Nova Soccer Academy,"
1577 Spring Hill Rd, Vienna, VA 22182",,"
(833) 668-2762",,,38.9060273,-77.2720272,soccer camp for kids,22202
Headfirst Companies,"
1400 16th St NW Suite 720, Washington, DC 20036","
headfirstcamps.com","
(202) 625-1921",,,38.9090396,-77.1812754,soccer camp for kids,22202
Marshall Soccer Field,"
Marshall High School, 7731 Leesburg Pike, Falls Church, VA 22043",,,,,38.9037994,-77.3591192,soccer camp for kids,22202
Montclair FC Soccer Club,"
Marshall High School, 7731 Leesburg Pike, Falls Church, VA 22043",,,,,38.9037994,-77.3591192,soccer camp for kids,22202
Braddock Road Youth Club,"
8940 Burke Lake Rd, Springfield, VA 22151","
bryc.org","
(703) 378-2792",,,38.8096594,-77.398089,soccer camp for kids,22202
Soccer Shots Baltimore-Washington,,"
soccershots.com","
(717) 856-8248",,,39.439063,-76.8178596,soccer camp for kids,22202
Powhatan Springs Park,"
6020 Wilson Blvd, Arlington, VA 22205","
arlingtonva.us","
(703) 228-6525",,,38.8732991,-77.2831567,soccer camp for kids,22202
Futstars Academy,,"
futstarsacademy.com","
(240) 426-1282",,,38.8732991,-77.2831567,soccer camp for kids,22202
Bruce Murray Soccer Academy,"
15700 River Rd, Darnestown, MD 20874","
brucemurraysocceracademy.com","
(240) 671-3195",,,39.0757532,-77.4759397,soccer camp for kids,22202
Tuckahoe Park,"
2400 N Sycamore St, Arlington, VA 22207","
arlingtonva.us","
(703) 228-6525",,,38.892218,-77.3020705,soccer camp for kids,22202
Cooper Field,"
1401 West Rd, Washington, DC 20057","
guhoyas.com","
(202) 687-4692",,,38.9080358,-77.2195035,soccer camp for kids,22202
Sofive Soccer Centers Columbia,"
7125 Columbia Gateway Dr Suite #105, Columbia, MD 21046","
sofive.com","
(410) 505-0595",,,39.1777016,-76.9548401,soccer camp for kids,22202
Perfect Performance NOVA,"
8524A Tyco Rd, Vienna, VA 22182","
perfect-performancenova.com","
(571) 378-0078",,,39.1777016,-76.9548401,soccer camp for kids,22202
Beyond the Hoop,"
5547 Lee Hwy A, Arlington, VA 22207","
bulldawgbasketball.com","
(703) 533-9158",,,38.9365406,-77.5753274,basketball classes for kids,22202
Thomas Jefferson Community Center,"
3501 2nd St S, Arlington, VA 22204","
parks.arlingtonva.us","
(703) 228-5920",,,38.9365406,-77.5753274,basketball classes for kids,22202
DNA Skills Academy,"
7631 Fullerton Rd Suite A, Springfield, VA 22153",,"
(703) 345-8391",,,38.9365406,-77.5753274,basketball classes for kids,22202
Evolution Basketball - Merrifield,"
2940B Prosperity Ave, Fairfax, VA 22031","
evobball.com",,,,38.9365406,-77.5753274,basketball classes for kids,22202
Walter Reed Recreation Center,"
2909 16th St S, Arlington, VA 22204","
arlingtonva.us","
(703) 228-0935",,,38.9365406,-77.5753274,basketball classes for kids,22202
Gunston Community Center,"
2700 S Lang St, Arlington, VA 22206","
arlingtonva.us","
(703) 228-6980",,,38.9365406,-77.5753274,basketball classes for kids,22202
YMCA Arlington,"
3422 13th St N, Arlington, VA 22201","
ymcadc.org","
(703) 525-5420",,,38.9365406,-77.5753274,basketball classes for kids,22202
Fairlington Community Center,"
3308 S Stafford St, Arlington, VA 22206","
arlingtonva.us","
(703) 228-6588",,,38.9365406,-77.5753274,basketball classes for kids,22202
Lubber Run Community Center,"
300 N Park Dr, Arlington, VA 22203","
arlingtonva.us","
(703) 228-4712",,,38.9365406,-77.5753274,basketball classes for kids,22202
Blockchain Basketball Training,"
1521 Boyd Pointe Wy Unit 2509, Vienna, VA 22182","
site123.me","
(703) 989-7867",,,38.9365406,-77.5753274,basketball classes for kids,22202
Next Level Basketball Training,"
8305 Merrifield Ave Suite F, Fairfax, VA 22031","
nxtlevelbball.com","
(703) 313-1201",,,38.9365406,-77.5753274,basketball classes for kids,22202
Barcroft Community Center,"
4200 S Four Mile Run Dr, Arlington, VA 22206","
arlingtonva.us","
(703) 228-0701",,,38.9365406,-77.5753274,basketball classes for kids,22202
24/7 Basketball,"
14112 Newbrook Dr, Chantilly, VA 20151",,,,,38.873111,-78.0091736,basketball classes for kids,22202
Virginia Highlands Park Basketball Courts,"
1600 S Hayes St, Arlington, VA 22202","
arlingtonva.us","
(703) 228-6525",,,38.8584318,-77.6372282,basketball classes for kids,22202
Walter Reed CC Basketball Court,"
2909 16th St S, Arlington, VA 22206","
arlingtonva.us","
(703) 228-0935",,,38.8584318,-77.6372282,basketball classes for kids,22202
Fort Myer Basketball Courts,"
Arlington, VA 22204",,,,,38.8584318,-77.6372282,basketball classes for kids,22202
Rocky Run Park,"
1109 N Barton St, Arlington, VA 22201","
arlingtonva.us","
(703) 228-6525",,,38.8584318,-77.6372282,basketball classes for kids,22202
Stratford Park Basketball Court,"
Arlington, VA 22207","
arlingtonva.us",,,,38.8584318,-77.6372282,basketball classes for kids,22202
You Reach I Teach Basketball Academy,"
16778 Oakmont Ave, Gaithersburg, MD 20877","
youreachiteach.com","
(202) 415-4881",,,38.8584318,-77.6372282,basketball classes for kids,22202
Fort Scott Park,"
2800 Fort Scott Dr, Arlington, VA 22202","
arlingtonva.us","
(703) 228-6525",,,38.8584318,-77.6372282,basketball classes for kids,22202
Arlington YMCA Tennis & Squash Center,"
3400 13th St N, Arlington, VA 22201","
ymcadc.org","
(703) 522-1700",,,38.8584318,-77.6372282,basketball classes for kids,22202
B5 Sports Center,"
44710 Cape Ct # 102, Ashburn, VA 20147","
b5basketball.com","
(703) 727-3587",,,39.0186509,-78.0305633,basketball classes for kids,22202
Gillion Academy School,"
7965 Twist Ln, Springfield, VA 22153","
thegillionacademy.org","
(202) 365-8328",,,39.0186509,-78.0305633,basketball classes for kids,22202
Virginia Highlands Park,"
1600 S Hayes St, Arlington, VA 22202","
arlingtonva.us","
(703) 228-6525",,,38.8596527,-77.6380952,basketball classes for kids,22202
Gunston Park,"
1401 28th St S, Arlington, VA 22206","
arlingtonva.us","
(703) 228-6525",,,38.8596527,-77.6380952,basketball classes for kids,22202
Henderson Hall Smith Gym,"
27 Southgate Rd, Arlington, VA 22214","
hendersonhall.usmc-mccs.org","
(703) 614-7214",,,38.8596527,-77.6380952,basketball classes for kids,22202
Jennie Dean Park,"
27 Southgate Rd, Arlington, VA 22214","
hendersonhall.usmc-mccs.org","
(703) 614-7214",,,38.8596527,-77.6380952,basketball classes for kids,22202
Ultimate Basketball Training,"
7666E Fullerton Rd, Springfield, VA 22153","
ultimatebasketballtraining.com","
(703) 609-0932",,,38.8596527,-77.6380952,basketball classes for kids,22202
Leonard “Chick” Armstrong Recreation Center,"
7666E Fullerton Rd, Springfield, VA 22153","
ultimatebasketballtraining.com","
(703) 609-0932",,,38.8596527,-77.6380952,basketball classes for kids,22202
"Cross-Training Athletes into Believers, CTAB","
7666E Fullerton Rd, Springfield, VA 22153","
ultimatebasketballtraining.com","
(703) 609-0932",,,38.8596527,-77.6380952,basketball classes for kids,22202
One On One Basketball Inc,"
4818 Yuma St NW # 2, Washington, DC 20016","
1on1basketball.com","
(202) 431-9650",,,38.8596527,-77.6380952,basketball classes for kids,22202
Virginia Highlands Park Tennis Courts,"
Unnamed Road, Arlington, VA 22202",,,,,38.8596527,-77.6380952,basketball classes for kids,22202
Pat The Roc Basketball Skills Academy,"
8500 Anniversary Cir, Gaithersburg, MD 20877","
pattherocacademy.com","
(301) 338-8063",,,38.8596527,-77.6380952,basketball classes for kids,22202
Zitkala-Sa Park,"
3011 7th St N, Arlington, VA 22201","
arlingtonva.us","
(703) 228-6525",,,38.8596527,-77.6380952,basketball classes for kids,22202
Yates Field House,"
3901 Yates Rd NW, Washington, DC 20007","
recreation.georgetown.edu","
(202) 687-2400",,,38.8596527,-77.6380952,basketball classes for kids,22202
Towers Park,"
801 S Scott St, Arlington, VA 22204","
arlingtonva.us","
(703) 228-6525",,,38.8596527,-77.6380952,basketball classes for kids,22202
Hoops Plus,"
45496 Ruritan Circle, Sterling, VA 20164","
hoopsplus.net","
(703) 430-8489",,,39.0075594,-78.0053377,basketball classes for kids,22202
Alcova Heights Park,"
901 S George Mason Dr, Arlington, VA 22204","
arlingtonva.us","
(703) 228-6525",,,38.8612872,-77.6787726,basketball classes for kids,22202
ZogSports DC,"
21 Dupont Cir NW, Washington, DC 20036","
zogsports.com",,,,38.8612872,-77.6787726,basketball classes for kids,22202
Crystal City Workout Park,"
2451 Crystal Dr, Arlington, VA 22202",,,,,38.8612872,-77.6787726,basketball classes for kids,22202
Walter Reed Senior Center,"
2909 16th St S, Arlington, VA 22204","
parks.arlingtonva.us","
(703) 228-0955",,,38.8612872,-77.6787726,basketball classes for kids,22202
Life Time,"
1440 N Edgewood St, Arlington, VA 22201","
lifetime.life","
(703) 666-2900",,,38.8612872,-77.6787726,basketball classes for kids,22202
Pro Skills Basketball Washington DC,,"
proskillsbasketball.com","
(866) 966-3888",,,38.8612872,-77.6787726,basketball classes for kids,22202
Rocky Run Park Basketball Court,"
1109 N Barton St, Arlington, VA 22201",,,,,38.8612872,-77.6787726,basketball classes for kids,22202
Arlington County Parks & Recreation,"
2100 Clarendon Blvd UNIT 414, Arlington, VA 22201","
arlingtonva.us","
(703) 228-4747",,,38.8612872,-77.6787726,basketball classes for kids,22202
Angel Park Basketball Court,"
Alexandria, VA 22314",,,,,38.8612872,-77.6787726,basketball classes for kids,22202
Barcroft Park,"
4200 S Four Mile Run Dr, Arlington, VA 22206","
arlingtonva.us","
(703) 228-6525",,,38.8612872,-77.6787726,basketball classes for kids,22202
CP Basketball Academy,"
11810 Grand Park Ave # 500, North Bethesda, MD 20852","
cpbasketball.com","
(301) 807-0250",,,38.8612872,-77.6787726,basketball classes for kids,22202
"Equinox Sports Club Washington, D.C.","
1170 22nd St NW, Washington, DC 20037","
equinox.com","
(202) 974-6600",,,38.8612872,-77.6787726,basketball classes for kids,22202
MovementX — Physical Therapy in Arlington,"
2009 14th St N Suite 2, Arlington, VA 22201","
movement-x.com","
(703) 349-6464",,,38.8612872,-77.6787726,basketball classes for kids,22202
Champs Sports,"
1100 S Hayes St, Arlington, VA 22202","
stores.champssports.com","
(703) 415-3747",,,38.8612872,-77.6787726,basketball classes for kids,22202
King Greenleaf Recreation Center,"
201 N St SW, Washington, DC 20024","
dpr.dc.gov","
(202) 645-7454",,,38.8612872,-77.6787726,basketball classes for kids,22202
Arlington Youth Football Club,"
475 Long Bridge Drive, Arlington, VA 22202",,,,,38.8612872,-77.6787726,basketball classes for kids,22202
Department of Parks and Recreation - Athletic and Facility Services Division,"
300 N Park Dr, Arlington, VA 22203","
arlingtonva.us","
(703) 228-4747",,,38.8612872,-77.6787726,basketball classes for kids,22202
Basketball Courts,"
S 2nd St &, S Jackson St, Arlington, VA 22204",,,,,38.8612872,-77.6787726,basketball classes for kids,22202
Foot Locker,"
1100 South Hayes Street Space 0x01, Arlington, VA 22202","
stores.footlocker.com","
(703) 415-3668",,,38.8612872,-77.6787726,basketball classes for kids,22202
Fort Barnard Park,"
2101 S Pollard St, Arlington, VA 22204","
arlingtonva.us","
(703) 228-6525",,,38.8612872,-77.6787726,basketball classes for kids,22202
Evolution Basketball Training - Accotink,"
8519 Tuttle Rd, West Springfield, VA 22152","
evobball.com","
(703) 282-2222",,,38.8612872,-77.6787726,basketball classes for kids,22202
Bull Dawg Athletic Training and Physical Therapy,"
5001-A Langston Blvd. SUITE 102, Arlington, VA 22207","
bulldawgtraining.com","
(571) 970-6068",,,38.8612872,-77.6787726,basketball classes for kids,22202
JD Sports,"
1100 S Hayes St, Arlington, VA 22202","
jdsports.com","
(703) 413-1265",,,38.8612872,-77.6787726,basketball classes for kids,22202
Next Level Basketball Training,"
8305 Merrifield Ave Suite F, Fairfax, VA 22031","
nxtlevelbball.com","
(703) 313-1201",,,38.8612872,-77.6787726,basketball classes for kids,22202
Penrose Park,"
2200 6th St S, Arlington, VA 22204","
arlingtonva.us","
(703) 228-6525",,,38.8612872,-77.6787726,basketball classes for kids,22202
"EIE Sports, LLC","
429 Thorncliff Dr, Newport News, VA 23608","
eiesports.org","
(770) 855-7888",,,37.152093,-77.1261223,basketball classes for kids,22202
Barcroft Field,"
Arlington, VA 22206","
arlingtonva.us","
(703) 228-6525",,,38.8488665,-77.6780538,basketball classes for kids,22202
The Michael & Son Sportsplex at Dulles,"
Dulles Sportsplex, 21610 Atlantic Blvd, Sterling, VA 20166","
dullessportsplex.com","
(703) 430-9966",,,39.0164142,-78.0021918,basketball classes for kids,22202
DC Central Kitchen,"
2121 1st St SW Ste 140, Washington, DC 20024","
dccentralkitchen.org","
(202) 234-0707",,,38.8645081,-77.5896586,basketball classes for kids,22202
Foundation Basketball Academy,,,"
(571) 599-8180",,,38.8645081,-77.5896586,basketball classes for kids,22202
Potomac Yard Park,"
2501 Potomac Ave, Alexandria, VA 22301","
alexandriava.gov",,,,38.8645081,-77.5896586,basketball classes for kids,22202
Arlington County Youth Department,"
3308 S Stafford St, Arlington, VA 22206","
arlingtonva.us","
(703) 228-6404",,,38.8645081,-77.5896586,basketball classes for kids,22202
Marine Corps Exchange,"
26 Joint Base Myer, 1555 Southgate Rd, Arlington, VA 22214","
hendersonhall.usmc-mccs.org","
(703) 979-8420",,,38.8645081,-77.5896586,basketball classes for kids,22202
Public Basketball Court,"
Blue Park Basketball Half Court, 18 E Linden St, Alexandria, VA 22301",,,,,38.8645081,-77.5896586,basketball classes for kids,22202
Drew Park Playground & Sprayground,"
2310 S Kenmore St, Arlington, VA 22206","
parks.arlingtonva.us","
(703) 228-6525",,,38.8645081,-77.5896586,basketball classes for kids,22202
Kids Foot Locker,"
1100 S Hayes St, Arlington, VA 22202","
stores.kidsfootlocker.com","
(703) 415-2566",,,38.8645081,-77.5896586,basketball classes for kids,22202
Sport Proformance Basketball Training,,"
sportproformance.com","
(804) 901-2483",,,39.0581012,-78.0124586,basketball classes for kids,22202
Balance Gym Foggy Bottom,"
2401 M St NW, Washington, DC 20037","
balancegym.com","
(202) 457-5070",,,38.9057482,-77.6284551,basketball classes for kids,22202
Four Mile Run Park,"
3700 Commonwealth Ave, Alexandria, VA 22305","
alexandriava.gov",,,,38.9057482,-77.6284551,basketball classes for kids,22202
Arruda's Basketball Club,,"
arrudasbasketballclub.com","
(267) 907-2982",,,38.9057482,-77.6284551,basketball classes for kids,22202
Dudley's Sport and Ale,"
2766 S Arlington Mill Dr, Arlington, VA 22206","
dudleyssportandale.com","
(571) 312-2304",,,38.9057482,-77.6284551,basketball classes for kids,22202
Maury Park Tennis Courts,"
3550 Wilson Blvd, Arlington, VA 22201","
parks.arlingtonva.us","
(703) 228-6525",,,38.9057482,-77.6284551,basketball classes for kids,22202
"Veritas Collegiate Academy, National Landing Campus","
935 23rd St S, Arlington, VA 22202","
veritascollegiateacademydc.com","
(866) 564-4233",,,38.9057482,-77.6284551,basketball classes for kids,22202
Jr. Wizards Basketball Camps & Clinics,"
601 F St NW, Washington, DC 20004","
dcfamily.com","
(202) 292-1979",,,38.9048213,-77.6284585,basketball training for kids,22202
YMCA Alexandria,"
420 E Monroe Ave, Alexandria, VA 22301","
ymcadc.org","
(703) 838-8085",,,38.9048213,-77.6284585,basketball training for kids,22202
The Player Progression Academy (PPA),"
1342 Florida Ave NW, Washington, DC 20008","
ppateam.com",,,,38.9048213,-77.6284585,basketball training for kids,22202
Just Us Nation Basketball,"
2260 Alice Ave Activity Center, Oxon Hill, MD 20745","
justusnationbball.org","
(240) 437-4979",,,38.9048213,-77.6284585,basketball training for kids,22202
Elevate Kids Basketball Training and Gym,"
8382 Terminal Rd Unit E, Lorton, VA 22079","
elevatesportstraining.com","
(703) 314-1688",,,38.9048213,-77.6284585,basketball training for kids,22202
Randall Recreation Center,"
S Capitol St SW & I St SW, 820 South Capitol St SE, Washington, DC 20024","
dpr.dc.gov","
(202) 554-6973",,,38.9048213,-77.6284585,basketball training for kids,22202
Charles Houston Recreation Center,"
901 Wythe St, Alexandria, VA 22314","
alexandriava.gov","
(703) 746-5552",,,38.9048213,-77.6284585,basketball training for kids,22202
Casual Adventure Outfitters,"
3451 Washington Blvd, Arlington, VA 22201","
casualadventure.com","
(703) 527-0600",,,38.9048213,-77.6284585,basketball training for kids,22202
SP8 Ball Training,"
7409 Lockport Pl, Lorton, VA 22079","
sp8balltraining.com","
(703) 887-3986",,,38.9048213,-77.6284585,basketball training for kids,22202
Dawson Terrace Community Center,"
2133 N Taft St, Arlington, VA 22201","
arlingtonva.us","
(703) 228-5725",,,38.9048213,-77.6284585,basketball training for kids,22202
Nannie J Lee Memorial Recreation Center,"
1108 Jefferson St, Alexandria, VA 22314","
alexandriava.gov","
(703) 746-5550",,,38.9048213,-77.6284585,basketball training for kids,22202
"i9 Sports Southwest Fairfax County, VA",,"
i9sports.com","
(703) 740-0093",,,38.9048213,-77.6284585,basketball training for kids,22202
Guy Mason Recreation Center,"
3600 Calvert St NW, Washington, DC 20007","
dpr.dc.gov","
(202) 727-7736",,,38.9048213,-77.6284585,basketball training for kids,22202
Nova Fencing and Archery Club,"
3505 Carlin Springs Rd, Falls Church, VA 22041","
novafencingclub.com","
(703) 999-8077",,,38.9048213,-77.6284585,basketball training for kids,22202
MedStar Capitals Iceplex,"
627 N Glebe Rd SUITE 800, Arlington, VA 22203","
medstarcapitalsiceplex.com","
(571) 224-0555",,,38.9048213,-77.6284585,basketball training for kids,22202
Onelife Fitness - Skyline,"
5115 Leesburg Pike, Falls Church, VA 22041","
onelifefitness.com","
(703) 820-4100",,,38.9048213,-77.6284585,basketball training for kids,22202
Goldfish Swim School - Alexandria,"
3155-B Duke St, Alexandria, VA 22314","
goldfishswimschool.com","
(703) 844-2818",,,38.9048213,-77.6284585,basketball training for kids,22202
DC SCORES,"
1140 Connecticut Ave NW #1200, Washington, DC 20036","
dcscores.org","
(202) 393-6999",,,38.9048213,-77.6284585,basketball training for kids,22202
Quincy Park,"
1021 N Quincy St, Arlington, VA 22201","
arlingtonva.us","
(703) 228-6525",,,38.9048213,-77.6284585,basketball training for kids,22202
Eugene Simpson Stadium Park,"
426 E Monroe Ave, Alexandria, VA 22301","
alexandriava.gov","
(703) 746-5492",,,38.9048213,-77.6284585,basketball training for kids,22202
Hayes Park,"
1516 N Lincoln St, Arlington, VA 22201","
arlingtonva.us","
(703) 228-6525",,,38.9048213,-77.6284585,basketball training for kids,22202
Harry Thomas Recreation Center,"
1743 Lincoln Rd NE, Washington, DC 20002","
dpr.dc.gov","
(202) 576-5642",,,38.9048213,-77.6284585,basketball training for kids,22202
Capstone Performance Training - Falls Church,"
444 W Broad St ste b, Falls Church, VA 22046","
capstoneperformancetraining.com","
(703) 914-3591",,,38.9048213,-77.6284585,basketball training for kids,22202
Parklawn Pool,"
6011 Crater Pl, Alexandria, VA 22312","
parklawnpool.org","
(571) 447-9461",,,38.9048213,-77.6284585,basketball training for kids,22202
Onelife Fitness - Ballston,"
4238 Wilson Blvd, Arlington, VA 22203","
onelifefitness.com","
(703) 816-8800",,,38.9048213,-77.6284585,basketball training for kids,22202
YMCA,"
1325 W St NW, Washington, DC 20009","
ymcadc.org","
(202) 232-6936",,,38.9048213,-77.6284585,basketball training for kids,22202
DSW Designer Shoe Warehouse,"
1301 S Joyce St, Arlington, VA 22202","
stores.dsw.com","
(703) 412-0818",,,38.9048213,-77.6284585,basketball training for kids,22202
Onelife Fitness - Old Town,"
209 Madison St, Alexandria, VA 22314","
onelifefitness.com","
(703) 548-6822",,,38.9048213,-77.6284585,basketball training for kids,22202
All In Hoops,"
2200 California St NW, Washington, DC 20008","
allinhoops.org","
(202) 607-3932",,,38.9038943,-77.6284618,youth basketball league,22202
Volo Sports DC,"
1200 G St NW STE 700, Washington, DC 20005","
volosports.com","
(202) 919-3955",,,38.9038943,-77.6284618,youth basketball league,22202
LMVSC,"
6212 Cameron Farms Pl, Alexandria, VA 22310","
lmvsc.org","
(703) 863-4255",,,38.9038943,-77.6284618,youth basketball league,22202
High View Park,"
1945 N Dinwiddie St, Arlington, VA 22207","
parks.arlingtonva.us","
(571) 429-5013",,,38.9038943,-77.6284618,youth basketball league,22202
Jelleff Recreation Center,"
3265 S St NW, Washington, DC 20007","
dpr.dc.gov","
(202) 462-1317",,,38.9038943,-77.6284618,youth basketball league,22202
MetroBall Youth Outreach,"
100 N St NW, Washington, DC 20001","
metroball.org","
(240) 832-9351",,,38.9038943,-77.6284618,youth basketball league,22202
Arlington Mill Community Center,"
909 S Dinwiddie St, Arlington, VA 22204","
arlingtonva.us","
(703) 228-7790",,,38.9038943,-77.6284618,youth basketball league,22202
Fields Park,"
775 N George Mason Dr, Arlington, VA 22203","
arlingtonva.us","
(703) 228-6525",,,38.9038943,-77.6284618,youth basketball league,22202
Charles E. Smith Center,"
600 22nd St NW, Washington, DC 20052","
gwsports.com","
(202) 994-6650",,,38.9038943,-77.6284618,youth basketball league,22202
Cookology Culinary School,"
4238 Wilson Blvd 3rd Floor, Suite #3110, Arlington, VA 22203","
cookologyonline.com","
(703) 433-1909",,,38.9029674,-77.6284651,basketball academy for kids,22202
Fundamentals Academy,"
804 Taylor St NW, Washington, DC 20011","
thefundamentalsacademy.com","
(202) 827-8176",,,38.9029674,-77.6284651,basketball academy for kids,22202
Giant Basketball Academy,"
20145 Ashbrook Pl, Ashburn, VA 20147","
giantbasketball.com",,,,39.0592041,-78.0407065,basketball academy for kids,22202
Edlavitch DC Jewish Community Center,"
1529 16th St NW, Washington, DC 20036","
edcjcc.org",,,,38.9109406,-77.6126801,basketball academy for kids,22202
Han Basketball Academy,,"
hanbasketball.com","
(240) 330-2272",,,38.9109406,-77.6126801,basketball academy for kids,22202
St. Stephen's and St. Agnes School Summertimes,"
400 Fontaine St, Alexandria, VA 22302","
summertimes.org","
(703) 212-2777",,,38.9109406,-77.6126801,basketball academy for kids,22202
Sleepy Hollow Recreation Association,"
3538 Sleepy Hollow Rd, Falls Church, VA 22041","
shrasharks.org","
(703) 941-0456",,,38.9109406,-77.6126801,basketball academy for kids,22202
Bluemont Park,"
601 N Manchester St, Arlington, VA 22205","
arlingtonva.us","
(703) 228-6525",,,38.9109406,-77.6126801,basketball academy for kids,22202
Syphax Education Center,"
2110 Washington Blvd, Arlington, VA 22204","
apsva.us","
(703) 228-6000",,,38.9109406,-77.6126801,basketball academy for kids,22202
DC Fray,"
951 V St NE, Washington, DC 20018","
dcfray.com","
(202) 290-1969",,,38.9109406,-77.6126801,basketball academy for kids,22202
British Swim School at Onelife Fitness - Falls Church,"
1000 E Broad St, Falls Church, VA 22046","
britishswimschool.com","
(202) 988-3825",,,38.9109406,-77.6126801,basketball academy for kids,22202
Orange Line Sports,"
4302 36th St S, Arlington, VA 22206","
orangelinesports.com","
(516) 967-9113",,,38.8707089,-77.2123392,basketball camp,22202
Charles Drew Community Center,"
3500 23rd St S, Arlington, VA 22206","
arlingtonva.us","
(703) 228-5725",,,38.8707089,-77.2123392,basketball camp,22202
Onelife Fitness - Crystal Park,"
2231 Crystal Dr, Arlington, VA 22202","
onelifefitness.com","
(703) 486-3380",,,38.8707089,-77.2123392,basketball camp,22202
Charles Barrett Recreation Center,"
1115 Martha Custis Dr, Alexandria, VA 22302","
alexandriava.gov","
(703) 746-5551",,,38.8707089,-77.2123392,basketball camp,22202
Summer Camp at Episcopal,"
1200 N Quaker Ln, Alexandria, VA 22302","
summeratepiscopal.org","
(703) 933-4040",,,38.8707089,-77.2123392,basketball camp,22202
Arlington Sports Conditioning,"
Lubber Run Community Center, 300 N Park Dr, Arlington, VA 22203","
arlingtonsc.com","
(703) 801-6248",,,38.8707089,-77.2123392,basketball camp,22202
JST Athletics,"
950 N Washington St, Alexandria, VA 22314","
jstathletics.org","
(703) 927-5008",,,38.8707089,-77.2123392,basketball camp,22202
Camp Sarraka,,"
campsarraka.com","
(703) 622-9210",,,38.8707089,-77.2123392,basketball camp,22202
Tru2Form Hoops,"
5600 Little Falls Pkwy, Bethesda, MD 20815","
tru2formhoops.com","
(240) 459-0949",,,38.9665061,-77.246506,basketball skills training,22202
Elevate,"
8382 Terminal Rd Unit E, Lorton, VA 22079","
elevatesportstraining.com","
(703) 314-1688",,,38.730609,-77.3384609,basketball skills training,22202
Washington Sailing Marina,"
1 Marina Dr, Alexandria, VA 22314","
washingtonsailingmarina.com","
(703) 548-9027",,,38.8332089,-77.1858792,basketball skills training,22202
"Capital Tennis & Pickleball (aka Capital Tennis & Stringing, LLC)","
2200 Wilson Blvd #102, Arlington, VA 22201","
capitalstringing.com","
(703) 597-4619",,,38.8332089,-77.1858792,basketball skills training,22202
NESS Basketball Training,,"
nessbasketball.com","
(301) 381-4416",,,39.0032182,-77.2573586,basketball skills training,22202
All In Basketball Training,,"
allinbasketballtraining.com","
(703) 987-8989",,,38.7368586,-77.5269182,basketball skills training,22202
Onelife Fitness - Capitol Hill,"
315 G St SE, Washington, DC 20003","
onelifefitness.com","
(202) 234-5678",,,38.7368586,-77.5269182,basketball skills training,22202
Onelife Fitness - Alexandria,"
305 Hooffs Run Dr, Alexandria, VA 22314","
onelifefitness.com","
(571) 317-1600",,,38.8810994,-77.1453316,basketball skills training,22202
Dominion Hills Area Recreation,"
6000 Wilson Blvd, Arlington, VA 22205","
dominionhills.org","
(703) 533-7550",,,38.8733909,-77.2816349,basketball skills training,22202
Above & Beyond Basketball Academy,,"
abovebeyondbasketballacademy.com","
(240) 426-6650",,,39.097515,-77.2887296,basketball skills training,22202
"LCF KIDS - Falls Church, VA","
150 S Washington St #100, Falls Church, VA 22046","
lcfkids.com","
(703) 909-7971",,,38.8814801,-77.3165098,basketball skills training,22202
Anthony Tucker's Elite Basketball Training,"
8401 Good Luck Rd, Lanham, MD 20706",,"
(202) 830-9632",,,38.9799353,-77.0086657,basketball skills training,22202
Infinite Skills Basketball Training,"
2729 Merrilee Dr, Fairfax, VA 22031","
infiniteskill.org","
(202) 932-8624",,,38.8790248,-77.3747731,basketball skills training,22202
Hayes Park Tennis Courts,"
1516 N Lincoln St, Arlington, VA 22201","
arlingtonva.us","
(703) 228-6525",,,38.8899254,-77.2483941,basketball skills training,22202
Legends Sports,"
3607-C Chain Bridge Rd, Fairfax, VA 22030","
playlegends.com","
(703) 255-5165",,,38.857235,-77.4511706,basketball skills training,22202
Thomas Jefferson Park Tennis Courts 🎾,"
3501 2nd St S, Arlington, VA 22204","
arlingtonva.us","
(703) 228-6525",,,38.8698471,-77.2383237,basketball skills training,22202
Evolution Basketball - Beaumeade,"
21760 Beaumeade Cir, Ashburn, VA 20147","
evobball.com",,,,39.016896,-77.6005103,basketball skills training,22202
LA Fitness,"
4300 King St, Alexandria, VA 22302","
lafitness.com","
(571) 431-1716",,,38.8371835,-77.2475891,basketball skills training,22202
Basketball Court,"
Washington, DC 20037",,,,,38.8371835,-77.2475891,basketball skills training,22202
Potomac Job Corps Center,"
1 DC Village Ln SW, Washington, DC 20032","
potomac.jobcorps.gov","
(202) 574-5000",,,38.8371835,-77.2475891,basketball skills training,22202
Excite Soccer,"
3712 12th St S, Arlington, VA 22204","
excitesoccer.com","
(240) 418-2302",,,38.858657,-77.2385516,soccer classes for kids,22202
Kids Pro Soccer,"
107 S West St, Alexandria, VA 22314","
kidsprosoccer.com","
(202) 438-8555",,,38.858657,-77.2385516,soccer classes for kids,22202
Arlington Soccer Association,"
5210 Wilson Blvd, Arlington, VA 22205","
arlingtonsoccer.com","
(703) 527-0157",,,38.858657,-77.2385516,soccer classes for kids,22202
Gunston Bubble,"
2700 S Lang St, Arlington, VA 22206","
arlingtonva.us",,,,38.858657,-77.2385516,soccer classes for kids,22202
Alexandria Soccer Association,"
1108 Jefferson St, Alexandria, VA 22314","
alexandria-soccer.org","
(703) 684-5425",,,38.858657,-77.2385516,soccer classes for kids,22202
LTB Soccer,"
1900 Columbia Pike, Arlington, VA 22204","
ltbsoccer.com","
(202) 215-8676",,,38.858657,-77.2385516,soccer classes for kids,22202
DC Soccer Club,"
2201 Wisconsin Ave NW #200, Washington, DC 20007","
dcsoccerclub.org",,,,38.858657,-77.2385516,soccer classes for kids,22202
Capstone Soccer,"
2830 Fallfax Dr, Falls Church, VA 22042","
capstonesoccer.com","
(703) 914-3548",,,38.8757695,-77.3529631,soccer classes for kids,22202
Long Bridge Aquatics & Fitness Center,"
333 Long Bridge Drive, Arlington, VA 22202","
arlingtonva.us","
(703) 228-3338",,,38.8704035,-77.1874613,soccer classes for kids,22202
Champions Premier | Elite Soccer Training,"
300 Hillwood Ave, Falls Church, VA 22046","
championspremier.net","
(617) 593-2497",,,38.8773212,-77.31464,soccer classes for kids,22202
Barcroft Park Community Field,"
S Four Mile Run Dr, Arlington, VA 22206","
arlingtonva.us",,,,38.8773212,-77.31464,soccer classes for kids,22202
Chesterfield Park Soccer Field,"
4901 Chesterfield Rd, Arlington, VA 22206",,,,,38.8773212,-77.31464,soccer classes for kids,22202
Arlington Training Center,"
140 S Wise St, Arlington, VA 22204","
arlingtonsoccer.com","
(703) 527-0157",,,38.8721895,-77.2284907,soccer classes for kids,22202
Soccer Post Arlington (previously Soccer Kicks),"
6019 Wilson Blvd, Arlington, VA 22205","
soccerpost.com","
(703) 202-0021",,,38.8721895,-77.2284907,soccer classes for kids,22202
PI Soccer Training,"
7701 Southern Dr, Springfield, VA 22150","
pitraining.org","
(571) 426-2144",,,38.792541,-77.3530761,soccer classes for kids,22202
Long Bridge Park,"
475 Long Bridge Drive, Arlington, VA 22202","
arlingtonva.us","
(703) 228-4747",,,38.8671948,-77.190672,soccer classes for kids,22202
Everbrook Academy of Arlington,"
201 12th St S Suite 10, Arlington, VA 22202","
everbrookacademy.com","
(855) 444-3778",,,38.8671948,-77.190672,soccer classes for kids,22202
ActivePlay,,"
activeplayllc.com","
(571) 436-2436",,,38.8671948,-77.190672,soccer classes for kids,22202
Tiny Troops Soccer - Joint Base Anacostia-Bolling/Alexandria,,"
tinytroopssoccer.com",,,,38.5263764,-77.9510396,soccer classes for kids,22202
Athletic Eagle Soccer,,,"
(703) 675-8896",,,38.1319444,-79.4750341,soccer classes for kids,22202
Feya Preschool LLC,"
1611 S Walter Reed Dr, Arlington, VA 22204","
feyapreschool.com","
(703) 271-1611",,,38.8561791,-77.2322438,soccer classes for kids,22202
Simpson Field,"
500 E Monroe Ave, Alexandria, VA 22301",,,,,38.8561791,-77.2322438,soccer classes for kids,22202
City Sporting Club,"
300 Evarts St NE, Washington, DC 20002","
citysportingclub.org","
(202) 210-8900",,,38.9247839,-77.146482,soccer classes for kids,22202
Aurora Hills Water Playground,"
Arlington, VA 22202",,,,,38.9247839,-77.146482,soccer classes for kids,22202
Lil' Kickers DMV,,"
lilkickersdmv.com",,,,38.762415,-77.456554,soccer classes for kids,22202
Gunston Soccer Club,"
4320 Mount Vernon Memorial Hwy, Alexandria, VA 22309","
gunstonsoccer.com",,,,38.7094874,-77.2525012,soccer classes for kids,22202
Soccer-Pass,"
Rolling Rd, Springfield, VA 22152","
soccer-pass.com","
(571) 781-2925",,,38.778794,-77.3772094,soccer classes for kids,22202
Arlington County Dept. of Human Services,"
2100 Washington Blvd, Arlington, VA 22204","
arlingtonva.us","
(703) 228-1300",,,38.8733234,-77.2273414,soccer classes for kids,22202
District Soccer,,"
districtsoccer.org","
(202) 656-8892",,,46.423669,-130.0869042,soccer classes for kids,22202
Powhatan Springs Park Soccer Field,"
6020 Wilson Blvd, Arlington, VA 22205","
arlingtonva.us","
(703) 228-6525",,,38.8733849,-77.2829149,soccer classes for kids,22202
ChildSpace Learning Center,"
2721 Mt Vernon Ave, Alexandria, VA 22301","
mychildspace.com","
(571) 429-3082",,,38.8733849,-77.2829149,soccer classes for kids,22202
Steve & Kate's Camp - Alexandria,"
2400 Russell Rd, Alexandria, VA 22301","
steveandkatescamp.com","
(703) 997-9147",,,38.8299881,-77.2033176,soccer classes for kids,22202
Crystal City Sports Pub,"
529 23rd St S, Arlington, VA 22202","
ccsportspub.com",,,,38.8299881,-77.2033176,soccer classes for kids,22202
Tamir Linhart Golden Boot Soccer,"
8200 Greensboro Dr Suite 900, McLean, VA 22102","
goldenbootsoccer.com","
(703) 287-0088",,,38.9231812,-77.3725862,soccer classes for kids,22202
Fairfax Sportsplex,"
6800 Commercial Dr, Springfield, VA 22151","
fairfaxsportsplex.com","
(703) 750-9521",,,38.9231812,-77.3725862,soccer classes for kids,22202
Love the Ball Soccer,,"
ltbsoccer.com","
(202) 215-8676",,,38.8808655,-77.2463291,soccer classes for kids,22202
Burke Athletic Club,"
Burke, VA 22015",,,,,38.7942325,-77.4165345,soccer classes for kids,22202
Washington-Liberty High School Stadium,"
1301 N Stafford St, Arlington, VA 22201","
arlingtonva.us","
(703) 228-6200",,,38.8865043,-77.254418,soccer classes for kids,22202
Soccer Bamyan Field,"
Washington, DC 20024",,,,,38.8810442,-77.1550219,soccer classes for kids,22202
KIDSUNITED South Riding,"
43063 Peacock Market Plaza, South Riding, VA 20152","
kidsunited.com","
(703) 939-9493",,,38.9143642,-77.6576313,soccer classes for kids,22202
U.S. Soccer Foundation,"
1140 Connecticut Ave NW #1200, Washington, DC 20036","
ussoccerfoundation.org","
(202) 872-9277",,,38.904963,-77.1854146,soccer classes for kids,22202
DICK'S Sporting Goods,"
5716 Columbia Pike, Falls Church, VA 22041","
stores.dickssportinggoods.com","
(703) 933-0736",,,38.8524221,-77.2721148,soccer classes for kids,22202
Oxon Hill Soccer Club,,"
oxonhillsoccerclub.com","
(571) 477-6798",,,38.7848036,-77.1128046,soccer classes for kids,22202
Vienna Youth Soccer,"
311 Maple Ave W STE D, Vienna, VA 22180","
vys.org",,,,38.8970339,-77.4160102,soccer classes for kids,22202
Tiny Troops Soccer - Fort Belvoir/Alexandria,,"
tinytroopssoccer.com",,,,38.8970339,-77.4160102,soccer classes for kids,22202
Soccer field,"
Washington, DC 20032",,,,,38.8437671,-77.159393,soccer classes for kids,22202
Soccer Rising,,,,,,38.881542,-77.4086016,soccer classes for kids,22202
Urban Kempo,"
3000 Washington Blvd C, Arlington, VA 22201",,"
(703) 888-2425",,,38.8847512,-77.2386256,soccer classes for kids,22202
Next Star Soccer,,"
nextstarsoccer.com","
(301) 742-1796",,,38.8847512,-77.2386256,soccer classes for kids,22202
Golf Galaxy Performance Center,"
Crossroads Center, 5821 Crossroads Center Way, Falls Church, VA 22041","
stores.golfgalaxy.com","
(571) 473-4997",,,38.8847512,-77.2386256,soccer classes for kids,22202
Instrata Pentagon City,"
901 15th St S, Arlington, VA 22202","
instratapentagoncity.com","
(703) 594-4142",,,38.8847512,-77.2386256,soccer classes for kids,22202
ANNANDALE BOYS & GIRLS CLUB,"
4216 Annandale Rd, Annandale, VA 22003","
abgc.org","
(703) 941-2242",,,38.8322071,-77.3412077,soccer classes for kids,22202
Springfield South County Youth Club (SYC),"
8704 Morrissette Dr, Springfield, VA 22152","
sycva.com","
(703) 339-3796",,,38.8322071,-77.3412077,soccer classes for kids,22202
Caio Terra Academy - Alexandria BJJ,"
6118 Franconia Rd Suite 213, Alexandria, VA 22310","
alexandriabjj.com","
(571) 275-0995",,,38.8322071,-77.3412077,soccer classes for kids,22202
Canchas futbol,"
2700 Duke St, Alexandria, VA 22314",,,,,38.8061327,-77.2218958,soccer classes for kids,22202
DC Way Soccer,,"
dcway.com","
(571) 490-1275",,,38.8060748,-77.221896,soccer training for kids,22202
DC Way Academy,"
401 Oklahoma Ave NE, Washington, DC 20003","
dcwayacademy.org","
(571) 490-1275",,,38.8950645,-77.114368,soccer training for kids,22202
D.C. United,"
100 Potomac Ave SW, Washington, DC 20024","
dcunited.com","
(202) 600-9098",,,38.8950645,-77.114368,soccer training for kids,22202
FourSoccer,"
2118 3rd St NE unit b, Washington, DC 20002","
foursoccer.com","
(202) 290-9067",,,38.8950645,-77.114368,soccer training for kids,22202
Marymount University Home Field,"
Long Bridge Park, 475 Long Bridge Drive, Arlington, VA 22202","
marymountsaints.com",,,,38.8669955,-77.1907837,soccer camp for kids,22202
Kids & Culture Camp,"
1629 K St NW #300, Washington, DC 20006","
kidsandculture.com","
(202) 643-8787",,,38.8669955,-77.1907837,soccer camp for kids,22202
Headfirst Summer Camps at St. Albans Campus,"
3101 Wisconsin Ave, Washington, DC 20016","
headfirstcamps.com","
(202) 625-1921",,,38.8669955,-77.1907837,soccer camp for kids,22202
Marymount University Men's Soccer,"
2807 N Glebe Rd, Arlington, VA 22207",,,,,38.9060273,-77.2720272,soccer camp for kids,22202
Nova Soccer Academy,"
1577 Spring Hill Rd, Vienna, VA 22182",,"
(833) 668-2762",,,38.9060273,-77.2720272,soccer camp for kids,22202
Headfirst Companies,"
1400 16th St NW Suite 720, Washington, DC 20036","
headfirstcamps.com","
(202) 625-1921",,,38.9090396,-77.1812754,soccer camp for kids,22202
Marshall Soccer Field,"
Marshall High School, 7731 Leesburg Pike, Falls Church, VA 22043",,,,,38.9037994,-77.3591192,soccer camp for kids,22202
Montclair FC Soccer Club,"
Marshall High School, 7731 Leesburg Pike, Falls Church, VA 22043",,,,,38.9037994,-77.3591192,soccer camp for kids,22202
Braddock Road Youth Club,"
8940 Burke Lake Rd, Springfield, VA 22151","
bryc.org","
(703) 378-2792",,,38.8096594,-77.398089,soccer camp for kids,22202
Soccer Shots Baltimore-Washington,,"
soccershots.com","
(717) 856-8248",,,39.439063,-76.8178596,soccer camp for kids,22202
Powhatan Springs Park,"
6020 Wilson Blvd, Arlington, VA 22205","
arlingtonva.us","
(703) 228-6525",,,38.8732991,-77.2831567,soccer camp for kids,22202
Futstars Academy,,"
futstarsacademy.com","
(240) 426-1282",,,38.8732991,-77.2831567,soccer camp for kids,22202
Bruce Murray Soccer Academy,"
15700 River Rd, Darnestown, MD 20874","
brucemurraysocceracademy.com","
(240) 671-3195",,,39.0757532,-77.4759397,soccer camp for kids,22202
Tuckahoe Park,"
2400 N Sycamore St, Arlington, VA 22207","
arlingtonva.us","
(703) 228-6525",,,38.892218,-77.3020705,soccer camp for kids,22202
Cooper Field,"
1401 West Rd, Washington, DC 20057","
guhoyas.com","
(202) 687-4692",,,38.9080358,-77.2195035,soccer camp for kids,22202
Sofive Soccer Centers Columbia,"
7125 Columbia Gateway Dr Suite #105, Columbia, MD 21046","
sofive.com","
(410) 505-0595",,,39.1777016,-76.9548401,soccer camp for kids,22202
Perfect Performance NOVA,"
8524A Tyco Rd, Vienna, VA 22182","
perfect-performancenova.com","
(571) 378-0078",,,39.1777016,-76.9548401,soccer camp for kids,22202
Lubber Run Community Center,,,,,,38.9006585,-77.426995,basketball classes for kids,22203
Beyond the Hoop,,,,,,38.9006585,-77.426995,basketball classes for kids,22203
Evolution Basketball - Merrifield,"
5547 Lee Hwy A, Arlington, VA 22207","
bulldawgbasketball.com","
(703) 533-9158",,,38.9006585,-77.426995,basketball classes for kids,22203
Thomas Jefferson Community Center,"
5547 Lee Hwy A, Arlington, VA 22207","
bulldawgbasketball.com","
(703) 533-9158",,,38.9006585,-77.426995,basketball classes for kids,22203
YMCA Arlington,"
5547 Lee Hwy A, Arlington, VA 22207","
bulldawgbasketball.com","
(703) 533-9158",,,38.9006585,-77.426995,basketball classes for kids,22203
DNA Skills Academy,"
5547 Lee Hwy A, Arlington, VA 22207","
bulldawgbasketball.com","
(703) 533-9158",,,38.9006585,-77.426995,basketball classes for kids,22203
Blockchain Basketball Training,"
3422 13th St N, Arlington, VA 22201","
ymcadc.org","
(703) 525-5420",,,38.9006585,-77.426995,basketball classes for kids,22203
Gunston Community Center,"
3422 13th St N, Arlington, VA 22201","
ymcadc.org","
(703) 525-5420",,,38.9006585,-77.426995,basketball classes for kids,22203
Next Level Basketball Training,"
3422 13th St N, Arlington, VA 22201","
ymcadc.org","
(703) 525-5420",,,38.9006585,-77.426995,basketball classes for kids,22203
Arlington Mill Community Center,"
3422 13th St N, Arlington, VA 22201","
ymcadc.org","
(703) 525-5420",,,38.9006585,-77.426995,basketball classes for kids,22203
24/7 Basketball,"
3422 13th St N, Arlington, VA 22201","
ymcadc.org","
(703) 525-5420",,,38.9006585,-77.426995,basketball classes for kids,22203
Virginia Highlands Park Basketball Courts,"
1600 S Hayes St, Arlington, VA 22202","
arlingtonva.us","
(703) 228-6525",,,38.9006585,-77.426995,basketball classes for kids,22203
Walter Reed CC Basketball Court,"
1600 S Hayes St, Arlington, VA 22202","
arlingtonva.us","
(703) 228-6525",,,38.9006585,-77.426995,basketball classes for kids,22203
Fort Myer Basketball Courts,"
1600 S Hayes St, Arlington, VA 22202","
arlingtonva.us","
(703) 228-6525",,,38.9006585,-77.426995,basketball classes for kids,22203
Onelife Fitness - Ballston,"
1600 S Hayes St, Arlington, VA 22202","
arlingtonva.us","
(703) 228-6525",,,38.9006585,-77.426995,basketball classes for kids,22203
Quincy Park,"
4238 Wilson Blvd, Arlington, VA 22203","
onelifefitness.com","
(703) 816-8800",,,38.9006585,-77.426995,basketball classes for kids,22203
Arlington YMCA Tennis & Squash Center,"
4238 Wilson Blvd, Arlington, VA 22203","
onelifefitness.com","
(703) 816-8800",,,38.9006585,-77.426995,basketball classes for kids,22203
Hayes Park,"
1021 N Quincy St, Arlington, VA 22201","
arlingtonva.us","
(703) 228-6525",,,38.9006585,-77.426995,basketball classes for kids,22203
Giant Basketball Academy,"
1021 N Quincy St, Arlington, VA 22201","
arlingtonva.us","
(703) 228-6525",,,38.9006585,-77.426995,basketball classes for kids,22203
Stratford Park Basketball Court,"
1021 N Quincy St, Arlington, VA 22201","
arlingtonva.us","
(703) 228-6525",,,38.9006585,-77.426995,basketball classes for kids,22203
Department of Parks and Recreation - Athletic and Facility Services Division,"
1021 N Quincy St, Arlington, VA 22201","
arlingtonva.us","
(703) 228-6525",,,38.9006585,-77.426995,basketball classes for kids,22203
Barcroft Community Center,"
1021 N Quincy St, Arlington, VA 22201","
arlingtonva.us","
(703) 228-6525",,,38.9006585,-77.426995,basketball classes for kids,22203
Dominion Hills Area Recreation,"
1021 N Quincy St, Arlington, VA 22201","
arlingtonva.us","
(703) 228-6525",,,38.9006585,-77.426995,basketball classes for kids,22203
Ultimate Basketball Training,"
1021 N Quincy St, Arlington, VA 22201","
arlingtonva.us","
(703) 228-6525",,,38.9006585,-77.426995,basketball classes for kids,22203
Cookology Culinary School,"
1021 N Quincy St, Arlington, VA 22201","
arlingtonva.us","
(703) 228-6525",,,38.9006585,-77.426995,basketball classes for kids,22203
Lacey Woods Park,"
1021 N Quincy St, Arlington, VA 22201","
arlingtonva.us","
(703) 228-6525",,,38.9006585,-77.426995,basketball classes for kids,22203
You Reach I Teach Basketball Academy,"
1021 N Quincy St, Arlington, VA 22201","
arlingtonva.us","
(703) 228-6525",,,38.9006585,-77.426995,basketball classes for kids,22203
MedStar Capitals Iceplex,"
1200 N George Mason Dr, Arlington, VA 22205","
arlingtonva.us","
(703) 228-6525",,,38.9006585,-77.426995,basketball classes for kids,22203
B5 Sports Center,"
1200 N George Mason Dr, Arlington, VA 22205","
arlingtonva.us","
(703) 228-6525",,,38.9006585,-77.426995,basketball classes for kids,22203
Gillion Academy School,"
1200 N George Mason Dr, Arlington, VA 22205","
arlingtonva.us","
(703) 228-6525",,,38.9006585,-77.426995,basketball classes for kids,22203
Quincy Park Playground,"
1200 N George Mason Dr, Arlington, VA 22205","
arlingtonva.us","
(703) 228-6525",,,38.9006585,-77.426995,basketball classes for kids,22203
Zitkala-Sa Park,"
1200 N George Mason Dr, Arlington, VA 22205","
arlingtonva.us","
(703) 228-6525",,,38.9006585,-77.426995,basketball classes for kids,22203
Rocky Run Park Basketball Court,"
1200 N George Mason Dr, Arlington, VA 22205","
arlingtonva.us","
(703) 228-6525",,,38.9006585,-77.426995,basketball classes for kids,22203
Bluemont Park,"
1200 N George Mason Dr, Arlington, VA 22205","
arlingtonva.us","
(703) 228-6525",,,38.9006585,-77.426995,basketball classes for kids,22203
Carlin Hall Community Center,"
601 N Manchester St, Arlington, VA 22205","
arlingtonva.us","
(703) 228-6525",,,38.9006585,-77.426995,basketball classes for kids,22203
Casual Adventure Outfitters,"
601 N Manchester St, Arlington, VA 22205","
arlingtonva.us","
(703) 228-6525",,,38.9006585,-77.426995,basketball classes for kids,22203
Westover Park,"
601 N Manchester St, Arlington, VA 22205","
arlingtonva.us","
(703) 228-6525",,,38.9006585,-77.426995,basketball classes for kids,22203
Hoops Plus,"
601 N Manchester St, Arlington, VA 22205","
arlingtonva.us","
(703) 228-6525",,,38.9006585,-77.426995,basketball classes for kids,22203
One On One Basketball Inc,"
601 N Manchester St, Arlington, VA 22205","
arlingtonva.us","
(703) 228-6525",,,38.9006585,-77.426995,basketball classes for kids,22203
Lubber Run Park,"
601 N Manchester St, Arlington, VA 22205","
arlingtonva.us","
(703) 228-6525",,,38.9006585,-77.426995,basketball classes for kids,22203
Gunston Park,"
601 N Manchester St, Arlington, VA 22205","
arlingtonva.us","
(703) 228-6525",,,38.9006585,-77.426995,basketball classes for kids,22203
Mosaic Park,"
601 N Manchester St, Arlington, VA 22205","
arlingtonva.us","
(703) 228-6525",,,38.9006585,-77.426995,basketball classes for kids,22203
ZogSports DC,"
4818 Yuma St NW # 2, Washington, DC 20016","
1on1basketball.com","
(202) 431-9650",,,38.9006585,-77.426995,basketball classes for kids,22203
Pat The Roc Basketball Skills Academy,"
4818 Yuma St NW # 2, Washington, DC 20016","
1on1basketball.com","
(202) 431-9650",,,38.9006585,-77.426995,basketball classes for kids,22203
Hayes Park Tennis Courts,"
8500 Anniversary Cir, Gaithersburg, MD 20877","
pattherocacademy.com","
(301) 338-8063",,,39.1287675,-77.4631014,basketball classes for kids,22203
CP Basketball Academy,"
8500 Anniversary Cir, Gaithersburg, MD 20877","
pattherocacademy.com","
(301) 338-8063",,,39.1287675,-77.4631014,basketball classes for kids,22203
Evolution Basketball Training - Accotink,"
11810 Grand Park Ave # 500, North Bethesda, MD 20852","
cpbasketball.com","
(301) 807-0250",,,39.1287675,-77.4631014,basketball classes for kids,22203
"Cross-Training Athletes into Believers, CTAB","
11810 Grand Park Ave # 500, North Bethesda, MD 20852","
cpbasketball.com","
(301) 807-0250",,,39.1287675,-77.4631014,basketball classes for kids,22203
Bull Dawg Athletic Training and Physical Therapy,"
5001-A Langston Blvd. SUITE 102, Arlington, VA 22207","
bulldawgtraining.com","
(571) 970-6068",,,38.775051,-77.4743231,basketball classes for kids,22203
Arlington Youth Football Club,"
475 Long Bridge Drive, Arlington, VA 22202",,,,,38.775051,-77.4743231,basketball classes for kids,22203
Basketball Courts,"
475 Long Bridge Drive, Arlington, VA 22202",,,,,38.775051,-77.4743231,basketball classes for kids,22203
Lubber Run Gym,"
475 Long Bridge Drive, Arlington, VA 22202",,,,,38.775051,-77.4743231,basketball classes for kids,22203
Angel Park Basketball Court,"
S 2nd St &, S Jackson St, Arlington, VA 22204",,,,,38.775051,-77.4743231,basketball classes for kids,22203
Bearded Goat Barber,"
S 2nd St &, S Jackson St, Arlington, VA 22204",,,,,38.775051,-77.4743231,basketball classes for kids,22203
Arlington County Parks & Recreation,"
S 2nd St &, S Jackson St, Arlington, VA 22204",,,,,38.775051,-77.4743231,basketball classes for kids,22203
Lubber Run Trail,"
S 2nd St &, S Jackson St, Arlington, VA 22204",,,,,38.775051,-77.4743231,basketball classes for kids,22203
Pro Skills Basketball Washington DC,"
S 2nd St &, S Jackson St, Arlington, VA 22204",,,,,38.775051,-77.4743231,basketball classes for kids,22203
Foundation Basketball Academy,"
S 2nd St &, S Jackson St, Arlington, VA 22204",,,,,38.775051,-77.4743231,basketball classes for kids,22203
Washington-Liberty High School Stadium,"
S 2nd St &, S Jackson St, Arlington, VA 22204",,,,,38.775051,-77.4743231,basketball classes for kids,22203
The Michael & Son Sportsplex at Dulles,"
1301 N Stafford St, Arlington, VA 22201","
arlingtonva.us","
(703) 228-6200",,,38.775051,-77.4743231,basketball classes for kids,22203
Maury Park Tennis Courts,"
3550 Wilson Blvd, Arlington, VA 22201","
parks.arlingtonva.us","
(703) 228-6525",,,38.775051,-77.4743231,basketball classes for kids,22203
Central Library,"
3550 Wilson Blvd, Arlington, VA 22201","
parks.arlingtonva.us","
(703) 228-6525",,,38.775051,-77.4743231,basketball classes for kids,22203
Quincy Hall,"
3550 Wilson Blvd, Arlington, VA 22201","
parks.arlingtonva.us","
(703) 228-6525",,,38.775051,-77.4743231,basketball classes for kids,22203
Long Branch Nature Center & Park,"
3550 Wilson Blvd, Arlington, VA 22201","
parks.arlingtonva.us","
(703) 228-6525",,,38.775051,-77.4743231,basketball classes for kids,22203
Arlington Tennis Center,"
3550 Wilson Blvd, Arlington, VA 22201","
parks.arlingtonva.us","
(703) 228-6525",,,38.775051,-77.4743231,basketball classes for kids,22203
Tyrol Hill Park,"
3550 Wilson Blvd, Arlington, VA 22201","
parks.arlingtonva.us","
(703) 228-6525",,,38.775051,-77.4743231,basketball classes for kids,22203
Camp Sarraka,"
3550 Wilson Blvd, Arlington, VA 22201","
parks.arlingtonva.us","
(703) 228-6525",,,38.775051,-77.4743231,basketball classes for kids,22203
Mansfield YMCA,"
3550 Wilson Blvd, Arlington, VA 22201","
parks.arlingtonva.us","
(703) 228-6525",,,38.775051,-77.4743231,basketball classes for kids,22203
Arruda's Basketball Club,"
3550 Wilson Blvd, Arlington, VA 22201","
parks.arlingtonva.us","
(703) 228-6525",,,38.775051,-77.4743231,basketball classes for kids,22203
Crunch Fitness - Arlington,,"
arrudasbasketballclub.com","
(267) 907-2982",,,38.775051,-77.4743231,basketball classes for kids,22203
Catholic Diocese of Arlington,,"
arrudasbasketballclub.com","
(267) 907-2982",,,38.775051,-77.4743231,basketball classes for kids,22203
Sport Proformance Basketball Training,"
200 N Glebe Rd #914, Arlington, VA 22203","
arlingtondiocese.org","
(703) 841-2500",,,38.775051,-77.4743231,basketball classes for kids,22203
Ted's Bulletin,"
200 N Glebe Rd #914, Arlington, VA 22203","
arlingtondiocese.org","
(703) 841-2500",,,38.775051,-77.4743231,basketball classes for kids,22203
Just Hoops by Shoot-A-Way,"
4238 Wilson Blvd #1130, Arlington, VA 22203","
tedsbulletin.com","
(703) 848-7580",,,38.775051,-77.4743231,basketball classes for kids,22203
Washington-Liberty High School,"
4238 Wilson Blvd #1130, Arlington, VA 22203","
tedsbulletin.com","
(703) 848-7580",,,38.775051,-77.4743231,basketball classes for kids,22203
The St. James,"
1301 N Stafford St, Arlington, VA 22201","
wl.apsva.us","
(703) 228-6200",,,38.775051,-77.4743231,basketball classes for kids,22203
Deaver Park,"
1301 N Stafford St, Arlington, VA 22201","
wl.apsva.us","
(703) 228-6200",,,38.775051,-77.4743231,basketball classes for kids,22203
Hoopstarz Academy,"
5800 Kelly Elliott Rd, Arlington, TX 76017","
arlingtontx.gov","
(817) 459-5474",,,32.65306,-97.4656991,basketball classes for kids,22203
Veterans Park,"
5800 Kelly Elliott Rd, Arlington, TX 76017","
arlingtontx.gov","
(817) 459-5474",,,32.65306,-97.4656991,basketball classes for kids,22203
The Higher Level Basketball Club LLC,"
5800 Kelly Elliott Rd, Arlington, TX 76017","
arlingtontx.gov","
(817) 459-5474",,,32.65306,-97.4656991,basketball classes for kids,22203
DRMR - Basketball Training,"
650 U.S. 287 Frontage Rd #150, Mansfield, TX 76063","
dreameracademytx.com","
(817) 228-0089",,,32.6528446,-97.4657,basketball training for kids,22203
"Transforming Youth Sports, Inc",,,"
(469) 920-6704",,,32.7430719,-97.2519861,basketball training for kids,22203
LC Sports & Recreation Center,"
2912-A, 2912 Little Rd, Arlington, TX 76016","
lcsportsandrec.com","
(817) 457-5276",,,32.6960826,-97.4703178,basketball training for kids,22203
Basketball court,"
2460 E Road to Six Flags St, Arlington, TX 76011",,,,,32.6960826,-97.4703178,basketball training for kids,22203
River Legacy Parks East,"
1601 NE Green Oaks Blvd, Arlington, TX 76006","
arlingtontx.gov","
(817) 459-5474",,,32.6960826,-97.4703178,basketball training for kids,22203
Theatre Arlington,"
305 W Main St, Arlington, TX 76010","
theatrearlington.org","
(817) 275-7661",,,32.6960826,-97.4703178,basketball training for kids,22203
Futsal Soccer Courts,"
2015 Craig Hanking Dr, Arlington, TX 76010",,,,,32.6960826,-97.4703178,basketball training for kids,22203
LA Fitness,"
141 W Road to Six Flags St, Arlington, TX 76011","
lafitness.com","
(817) 469-1384",,,32.6960826,-97.4703178,basketball training for kids,22203
Bowman Springs Park,"
141 W Road to Six Flags St, Arlington, TX 76011","
lafitness.com","
(817) 469-1384",,,32.6960826,-97.4703178,basketball training for kids,22203
Sam Houston High School,"
2000 Sam Houston Dr, Arlington, TX 76014","
aisd.net","
(682) 867-8200",,,32.6960826,-97.4703178,basketball training for kids,22203
Texas Hall,"
2000 Sam Houston Dr, Arlington, TX 76014","
aisd.net","
(682) 867-8200",,,32.6960826,-97.4703178,basketball training for kids,22203
Workman Junior High School,"
701 E Arbrook Blvd, Arlington, TX 76014","
aisd.net","
(682) 867-1200",,,32.6960826,-97.4703178,basketball training for kids,22203
Five Below,"
701 E Arbrook Blvd, Arlington, TX 76014","
aisd.net","
(682) 867-1200",,,32.6960826,-97.4703178,basketball training for kids,22203
Courtyard by Marriott Dallas Arlington South,"
701 E Arbrook Blvd, Arlington, TX 76014","
aisd.net","
(682) 867-1200",,,32.6960826,-97.4703178,basketball training for kids,22203
Torchy's Tacos,"
711 Highlander Blvd, Arlington, TX 76015","
marriott.com","
(817) 465-5599",,,32.6960826,-97.4703178,basketball training for kids,22203
T.J. Maxx,"
4225 S Cooper St, Arlington, TX 76015","
tjmaxx.tjx.com","
(817) 472-5080",,,32.6960826,-97.4703178,basketball training for kids,22203
Target,"
1600 W Arbrook Blvd, Arlington, TX 76015","
target.com","
(817) 557-2177",,,32.6960826,-97.4703178,basketball training for kids,22203
T.A. Howard Middle School,"
7501 Calender Rd, Arlington, TX 76001","
howard.mansfieldisd.org","
(682) 314-1050",,,32.6960826,-97.4703178,basketball training for kids,22203
Carter Junior High School,"
701 Tharp St, Arlington, TX 76010","
aisd.net","
(682) 867-1700",,,32.6960826,-97.4703178,basketball training for kids,22203
Texas Mayhem Basketball,"
3800 Haslet Roanoke Rd, Roanoke, TX 76262","
texasmayhem.org","
(817) 812-8874",,,32.9785757,-97.5686287,basketball training for kids,22203
Ellis Elite Basketball Academy,"
989 W Sandy Lake Rd #500, Coppell, TX 75019","
elliseliteba.com","
(469) 518-6464",,,32.9726478,-97.3128258,basketball training for kids,22203
Dillard's,"
3821 S Cooper St, Arlington, TX 76015","
dillards.com","
(817) 465-0718",,,32.6808056,-97.4184001,basketball training for kids,22203
ATTACK Basketball Academy,,"
attackbball.com","
(214) 223-7865",,,32.9878321,-97.1351491,basketball training for kids,22203
Dream Team Elite Basketball Frisco,,"
dtefrisco.com","
(469) 535-0309",,,32.9878321,-97.1351491,basketball training for kids,22203
Singleton basketball,"
12330 Hilltop Rd, Argyle, TX 76226","
singletonbasketball.com","
(310) 330-6172",,,33.1149038,-97.4204019,basketball training for kids,22203
Han Basketball Academy,,"
hanbasketball.com","
(240) 330-2272",,,39.1312894,-77.2951997,basketball training for kids,22203
High View Park,"
1945 N Dinwiddie St, Arlington, VA 22207","
parks.arlingtonva.us","
(571) 429-5013",,,39.1293157,-77.7898062,youth basketball league,22203
Walter Reed Recreation Center,"
2909 16th St S, Arlington, VA 22204","
arlingtonva.us","
(703) 228-0935",,,39.1293157,-77.7898062,youth basketball league,22203
Fields Park,"
775 N George Mason Dr, Arlington, VA 22203","
arlingtonva.us","
(703) 228-6525",,,39.1293157,-77.7898062,youth basketball league,22203
"i9 Sports Southwest Fairfax County, VA",,"
i9sports.com","
(703) 740-0093",,,38.728766,-78.4296374,youth basketball league,22203
LMVSC,"
6212 Cameron Farms Pl, Alexandria, VA 22310","
lmvsc.org","
(703) 863-4255",,,38.728766,-78.4296374,youth basketball league,22203
Orange Line Sports,"
4302 36th St S, Arlington, VA 22206","
orangelinesports.com","
(516) 967-9113",,,38.728766,-78.4296374,youth basketball league,22203
Sleepy Hollow Recreation Association,"
3538 Sleepy Hollow Rd, Falls Church, VA 22041","
shrasharks.org","
(703) 941-0456",,,38.728766,-78.4296374,youth basketball league,22203
Rocky Run Park,,,,,,38.894225,-77.2332071,basketball academy for kids,22203
Nova Fencing and Archery Club,"
1109 N Barton St, Arlington, VA 22201","
arlingtonva.us","
(703) 228-6525",,,38.894225,-77.2332071,basketball academy for kids,22203
Stratford Park,"
1109 N Barton St, Arlington, VA 22201","
arlingtonva.us","
(703) 228-6525",,,38.894225,-77.2332071,basketball academy for kids,22203
Greenbrier Park,"
1109 N Barton St, Arlington, VA 22201","
arlingtonva.us","
(703) 228-6525",,,38.894225,-77.2332071,basketball academy for kids,22203
Madison Manor Park,"
6225 12th Rd N, Arlington, VA 22205","
arlingtonva.us",,,,38.894225,-77.2332071,basketball academy for kids,22203
British Swim School at Onelife Fitness - Falls Church,"
6225 12th Rd N, Arlington, VA 22205","
arlingtonva.us",,,,38.894225,-77.2332071,basketball academy for kids,22203
Gillion Basketball Academy,,"
gillionbasketballacademy.com","
(571) 642-5213",,,38.8553665,-77.5025016,basketball academy for kids,22203
Life Time,,"
gillionbasketballacademy.com","
(571) 642-5213",,,38.8553665,-77.5025016,basketball academy for kids,22203
Next Level Basketball Training,"
1440 N Edgewood St, Arlington, VA 22201","
lifetime.life","
(703) 666-2900",,,38.8889201,-77.2360476,basketball academy for kids,22203
Lyon Village Park,"
1440 N Edgewood St, Arlington, VA 22201","
lifetime.life","
(703) 666-2900",,,38.8889201,-77.2360476,basketball academy for kids,22203
Onelife Fitness - Skyline,"
1440 N Edgewood St, Arlington, VA 22201","
lifetime.life","
(703) 666-2900",,,38.8889201,-77.2360476,basketball academy for kids,22203
SP8 Ball Training,"
7409 Lockport Pl, Lorton, VA 22079","
sp8balltraining.com","
(703) 887-3986",,,38.7179918,-77.3428934,basketball academy for kids,22203
Barcroft Park,"
7409 Lockport Pl, Lorton, VA 22079","
sp8balltraining.com","
(703) 887-3986",,,38.7179918,-77.3428934,basketball academy for kids,22203
Arlington Sports Conditioning,"
Lubber Run Community Center, 300 N Park Dr, Arlington, VA 22203","
arlingtonsc.com","
(703) 801-6248",,,38.8802662,-77.2332071,basketball camp,22203
"LCF KIDS - Falls Church, VA","
150 S Washington St #100, Falls Church, VA 22046","
lcfkids.com","
(703) 909-7971",,,38.8814801,-77.3165098,basketball camp,22203
Charles Drew Community Center,"
3500 23rd St S, Arlington, VA 22206","
arlingtonva.us","
(703) 228-5725",,,38.848752,-77.2309951,basketball camp,22203
Langston-Brown Community Center,"
2121 N Culpeper St, Arlington, VA 22207","
arlingtonva.us","
(703) 228-5210",,,38.848752,-77.2309951,basketball camp,22203
Fairlington Community Center,"
3308 S Stafford St, Arlington, VA 22206","
arlingtonva.us","
(703) 228-6588",,,38.848752,-77.2309951,basketball camp,22203
Dawson Terrace Community Center,"
3308 S Stafford St, Arlington, VA 22206","
arlingtonva.us","
(703) 228-6588",,,38.848752,-77.2309951,basketball camp,22203
Jr. Wizards Basketball Camps & Clinics,"
3308 S Stafford St, Arlington, VA 22206","
arlingtonva.us","
(703) 228-6588",,,38.848752,-77.2309951,basketball camp,22203
Towers Park,"
3308 S Stafford St, Arlington, VA 22206","
dcfamily.com","
(202) 292-1979",,,38.848752,-77.2309951,basketball camp,22203
Jennie Dean Park,"
601 F St NW, Washington, DC 20004","
dcfamily.com","
(202) 292-1979",,,38.848752,-77.2309951,basketball camp,22203
City of Falls Church Community Center,"
223 Little Falls St, Falls Church, VA 22046","
fallschurchva.gov","
(703) 248-5077",,,38.8861012,-77.3159377,basketball camp,22203
Madison Community Center,"
223 Little Falls St, Falls Church, VA 22046","
fallschurchva.gov","
(703) 248-5077",,,38.8861012,-77.3159377,basketball camp,22203
Summer Camp at Episcopal,"
1200 N Quaker Ln, Alexandria, VA 22302","
summeratepiscopal.org","
(703) 933-4040",,,38.8244487,-77.238411,basketball camp,22203
Lubber Run Recreation Center,"
300 N Park Dr, Arlington, VA 22203","
arlingtonva.us",,,,38.8243908,-77.2384112,basketball skills training,22203
Capstone Performance Training - Falls Church,"
300 N Park Dr, Arlington, VA 22203","
arlingtonva.us",,,,38.8243908,-77.2384112,basketball skills training,22203
Henderson Hall Smith Gym,"
300 N Park Dr, Arlington, VA 22203","
arlingtonva.us",,,,38.8243908,-77.2384112,basketball skills training,22203
Elevate Kids Basketball Training and Gym,"
444 W Broad St ste b, Falls Church, VA 22046","
capstoneperformancetraining.com","
(703) 914-3591",,,38.8243908,-77.2384112,basketball skills training,22203
Onelife Fitness - Falls Church,"
444 W Broad St ste b, Falls Church, VA 22046","
capstoneperformancetraining.com","
(703) 914-3591",,,38.8869685,-77.3211975,basketball skills training,22203
Infinite Skills Basketball Training,"
444 W Broad St ste b, Falls Church, VA 22046","
capstoneperformancetraining.com","
(703) 914-3591",,,38.8869685,-77.3211975,basketball skills training,22203
Healthy Baller Alexandria,"
444 W Broad St ste b, Falls Church, VA 22046","
capstoneperformancetraining.com","
(703) 914-3591",,,38.8869685,-77.3211975,basketball skills training,22203
Just Us Nation Basketball,"
444 W Broad St ste b, Falls Church, VA 22046","
capstoneperformancetraining.com","
(703) 914-3591",,,38.8869685,-77.3211975,basketball skills training,22203
Tru2Form Hoops,"
444 W Broad St ste b, Falls Church, VA 22046","
capstoneperformancetraining.com","
(703) 914-3591",,,38.8869685,-77.3211975,basketball skills training,22203
Quincy Park Tennis Courts,"
444 W Broad St ste b, Falls Church, VA 22046","
capstoneperformancetraining.com","
(703) 914-3591",,,38.8121901,-77.1149825,basketball skills training,22203
Legends Sports,"
444 W Broad St ste b, Falls Church, VA 22046","
capstoneperformancetraining.com","
(703) 914-3591",,,38.857235,-77.4511706,basketball skills training,22203
The Player Progression Academy (PPA),"
444 W Broad St ste b, Falls Church, VA 22046","
capstoneperformancetraining.com","
(703) 914-3591",,,38.857235,-77.4511706,basketball skills training,22203
All In Basketball Training,"
444 W Broad St ste b, Falls Church, VA 22046","
capstoneperformancetraining.com","
(703) 914-3591",,,38.857235,-77.4511706,basketball skills training,22203
Elevate,"
1342 Florida Ave NW, Washington, DC 20008","
ppateam.com",,,,38.9201005,-77.1752254,basketball skills training,22203
Yates Field House,"
1342 Florida Ave NW, Washington, DC 20008","
ppateam.com",,,,38.9201005,-77.1752254,basketball skills training,22203
NESS Basketball Training,"
1342 Florida Ave NW, Washington, DC 20008","
ppateam.com",,,,38.9201005,-77.1752254,basketball skills training,22203
YMCA Alexandria,"
1342 Florida Ave NW, Washington, DC 20008","
ppateam.com",,,,38.9201005,-77.1752254,basketball skills training,22203
Thomas Jefferson Park Tennis Courts 🎾,"
1342 Florida Ave NW, Washington, DC 20008","
ppateam.com",,,,38.9201005,-77.1752254,basketball skills training,22203
Guy Mason Recreation Center,"
1342 Florida Ave NW, Washington, DC 20008","
ppateam.com",,,,38.9201005,-77.1752254,basketball skills training,22203
"Equinox Sports Club Washington, D.C.","
3501 2nd St S, Arlington, VA 22204","
arlingtonva.us","
(703) 228-6525",,,38.9201005,-77.1752254,basketball skills training,22203
Onelife Fitness - Crystal Park,"
3501 2nd St S, Arlington, VA 22204","
arlingtonva.us","
(703) 228-6525",,,38.9201005,-77.1752254,basketball skills training,22203
Above & Beyond Basketball Academy,"
3501 2nd St S, Arlington, VA 22204","
arlingtonva.us","
(703) 228-6525",,,38.9201005,-77.1752254,basketball skills training,22203
Parklawn Pool,"
3501 2nd St S, Arlington, VA 22204","
arlingtonva.us","
(703) 228-6525",,,38.9201005,-77.1752254,basketball skills training,22203
Evolution Basketball - Beaumeade,"
3501 2nd St S, Arlington, VA 22204","
arlingtonva.us","
(703) 228-6525",,,38.9201005,-77.1752254,basketball skills training,22203
Syphax Education Center,"
3501 2nd St S, Arlington, VA 22204","
arlingtonva.us","
(703) 228-6525",,,38.9201005,-77.1752254,basketball skills training,22203
DTL | Down the Line Sports Center,"
6011 Crater Pl, Alexandria, VA 22312","
parklawnpool.org","
(571) 447-9461",,,38.8334387,-77.2804555,basketball skills training,22203
Anthony Tucker's Elite Basketball Training,"
6011 Crater Pl, Alexandria, VA 22312","
parklawnpool.org","
(571) 447-9461",,,38.9799353,-77.0086657,basketball skills training,22203
Tuckahoe Recreation Club,"
6011 Crater Pl, Alexandria, VA 22312","
parklawnpool.org","
(571) 447-9461",,,38.9799353,-77.0086657,basketball skills training,22203
Virginia Highlands Park Tennis Courts,"
6011 Crater Pl, Alexandria, VA 22312","
parklawnpool.org","
(571) 447-9461",,,38.9799353,-77.0086657,basketball skills training,22203
Arlington Soccer Association,,,,,,38.9159683,-77.3312682,soccer classes for kids,22203
Excite Soccer,"
3712 12th St S, Arlington, VA 22204","
excitesoccer.com","
(240) 418-2302",,,38.858657,-77.2385516,soccer classes for kids,22203
Champions Premier | Elite Soccer Training,"
3712 12th St S, Arlington, VA 22204","
excitesoccer.com","
(240) 418-2302",,,38.858657,-77.2385516,soccer classes for kids,22203
Kids Pro Soccer,"
3712 12th St S, Arlington, VA 22204","
excitesoccer.com","
(240) 418-2302",,,38.858657,-77.2385516,soccer classes for kids,22203
Capstone Soccer,"
3712 12th St S, Arlington, VA 22204","
excitesoccer.com","
(240) 418-2302",,,38.858657,-77.2385516,soccer classes for kids,22203
PI Soccer Training,"
3712 12th St S, Arlington, VA 22204","
excitesoccer.com","
(240) 418-2302",,,38.858657,-77.2385516,soccer classes for kids,22203
Powhatan Springs Park Soccer Field,"
3712 12th St S, Arlington, VA 22204","
excitesoccer.com","
(240) 418-2302",,,38.858657,-77.2385516,soccer classes for kids,22203
Barcroft Park Community Field,"
3712 12th St S, Arlington, VA 22204","
excitesoccer.com","
(240) 418-2302",,,38.858657,-77.2385516,soccer classes for kids,22203
Chesterfield Park Soccer Field,"
3712 12th St S, Arlington, VA 22204","
excitesoccer.com","
(240) 418-2302",,,38.858657,-77.2385516,soccer classes for kids,22203
Arlington Training Center,"
3712 12th St S, Arlington, VA 22204","
excitesoccer.com","
(240) 418-2302",,,38.858657,-77.2385516,soccer classes for kids,22203
Soccer Post Arlington (previously Soccer Kicks),"
3712 12th St S, Arlington, VA 22204","
excitesoccer.com","
(240) 418-2302",,,38.858657,-77.2385516,soccer classes for kids,22203
Gunston Bubble,"
3712 12th St S, Arlington, VA 22204","
excitesoccer.com","
(240) 418-2302",,,38.858657,-77.2385516,soccer classes for kids,22203
Lil' Kickers DMV,"
3712 12th St S, Arlington, VA 22204","
excitesoccer.com","
(240) 418-2302",,,38.858657,-77.2385516,soccer classes for kids,22203
Soccer-Pass,"
3712 12th St S, Arlington, VA 22204","
excitesoccer.com","
(240) 418-2302",,,38.858657,-77.2385516,soccer classes for kids,22203
Oak Grove Park,"
2700 S Lang St, Arlington, VA 22206","
arlingtonva.us",,,,38.858657,-77.2385516,soccer classes for kids,22203
Alexandria Soccer Association,"
2700 S Lang St, Arlington, VA 22206","
arlingtonva.us",,,,38.858657,-77.2385516,soccer classes for kids,22203
LTB Soccer,"
2700 S Lang St, Arlington, VA 22206","
arlingtonva.us",,,,38.858657,-77.2385516,soccer classes for kids,22203
Tamir Linhart Golden Boot Soccer,"
2700 S Lang St, Arlington, VA 22206","
arlingtonva.us",,,,38.858657,-77.2385516,soccer classes for kids,22203
Love the Ball Soccer,"
2700 S Lang St, Arlington, VA 22206","
arlingtonva.us",,,,38.858657,-77.2385516,soccer classes for kids,22203
Athletic Eagle Soccer,,,"
(703) 675-8896",,,38.1319444,-79.4750341,soccer classes for kids,22203
Fairfax Sportsplex,,,"
(703) 675-8896",,,38.1319444,-79.4750341,soccer classes for kids,22203
Vienna Youth Soccer,,,"
(703) 675-8896",,,38.8970339,-77.4160102,soccer classes for kids,22203
Burke Athletic Club,,,"
(703) 675-8896",,,38.8970339,-77.4160102,soccer classes for kids,22203
Gunston Soccer Club,"
Burke, VA 22015",,,,,38.7942325,-77.4165345,soccer classes for kids,22203
Feya Preschool LLC,"
Burke, VA 22015",,,,,38.7942325,-77.4165345,soccer classes for kids,22203
Arlington County Dept. of Human Services,"
Burke, VA 22015",,,,,38.7942325,-77.4165345,soccer classes for kids,22203
Powhatan Springs Park,"
Burke, VA 22015",,,,,38.7942325,-77.4165345,soccer classes for kids,22203
Marshall Soccer Field,"
Burke, VA 22015",,,,,38.7942325,-77.4165345,soccer classes for kids,22203
Nova Soccer Academy,"
Burke, VA 22015",,,,,38.9037994,-77.3591192,soccer classes for kids,22203
Barcroft Field,"
Burke, VA 22015",,,,,38.9037994,-77.3591192,soccer classes for kids,22203
DICK'S Sporting Goods,"
Burke, VA 22015",,,,,38.9037994,-77.3591192,soccer classes for kids,22203
Tuckahoe Park,"
Burke, VA 22015",,"
(703) 228-6525",,,38.8488665,-77.2454672,soccer classes for kids,22203
Urban Kempo,"
Arlington, VA 22206","
arlingtonva.us","
(703) 228-6525",,,38.8488665,-77.2454672,soccer classes for kids,22203
Arlington Hall West Park soccer field,"
290 S Taylor St, Arlington, VA 22204","
arlingtonva.us",,,,38.8488086,-77.2454674,soccer training for kids,22203
District Elite FC,"
290 S Taylor St, Arlington, VA 22204","
arlingtonva.us",,,,38.8488086,-77.2454674,soccer training for kids,22203
DC Soccer Club,"
290 S Taylor St, Arlington, VA 22204","
arlingtonva.us",,,,38.8488086,-77.2454674,soccer training for kids,22203
"Peak Performance Training, LLC","
290 S Taylor St, Arlington, VA 22204","
arlingtonva.us",,,,38.8488086,-77.2454674,soccer training for kids,22203
AC Milan Academy Virginia,"
290 S Taylor St, Arlington, VA 22204","
arlingtonva.us",,,,38.8775123,-77.3763577,soccer training for kids,22203
Volo Sports DC,"
290 S Taylor St, Arlington, VA 22204","
arlingtonva.us",,,,38.8775123,-77.3763577,soccer training for kids,22203
PR Run & Walk,"
290 S Taylor St, Arlington, VA 22204","
arlingtonva.us",,,,38.8775123,-77.3763577,soccer training for kids,22203
D.C. United,"
290 S Taylor St, Arlington, VA 22204","
arlingtonva.us",,,,38.8775123,-77.3763577,soccer training for kids,22203
Springfield Soccer Supplies,"
290 S Taylor St, Arlington, VA 22204","
arlingtonva.us",,,,38.8775123,-77.3763577,soccer training for kids,22203
F4C Soccer,"
290 S Taylor St, Arlington, VA 22204","
arlingtonva.us",,,,38.8684594,-77.1564484,soccer training for kids,22203
Perfect Performance NOVA,"
290 S Taylor St, Arlington, VA 22204","
arlingtonva.us",,,,38.8684594,-77.1564484,soccer training for kids,22203
ActivePlay,"
290 S Taylor St, Arlington, VA 22204","
arlingtonva.us",,,,38.8684594,-77.1564484,soccer training for kids,22203
DC SCORES,"
21610 Atlantic Blvd, Sterling, VA 20166","
f4csoccer.com","
(703) 232-1600",,,39.0165692,-77.5702861,soccer training for kids,22203
Pacers Running,"
21610 Atlantic Blvd, Sterling, VA 20166","
f4csoccer.com","
(703) 232-1600",,,39.0165692,-77.5702861,soccer training for kids,22203
Capstone Performance Training - Bailey's Crossroads,"
21610 Atlantic Blvd, Sterling, VA 20166","
f4csoccer.com","
(703) 232-1600",,,39.0165692,-77.5702861,soccer training for kids,22203
Soccer Rising,"
21610 Atlantic Blvd, Sterling, VA 20166","
f4csoccer.com","
(703) 232-1600",,,38.8505946,-77.2658753,soccer training for kids,22203
U.S. Soccer Foundation,"
21610 Atlantic Blvd, Sterling, VA 20166","
f4csoccer.com","
(703) 232-1600",,,38.8505946,-77.2658753,soccer training for kids,22203
KIDSUNITED South Riding,"
21610 Atlantic Blvd, Sterling, VA 20166",,,,,38.881542,-77.4086016,soccer training for kids,22203
FC Training Grounds,,,,,,38.881542,-77.4086016,soccer training for kids,22203
Golf Galaxy Performance Center,,,,,,38.8532142,-77.2729904,soccer training for kids,22203
"Lacrosse Unlimited of Alexandria, VA",,,,,,38.8532142,-77.2729904,soccer training for kids,22203
Fairlington Playground,,,,,,38.8532142,-77.2729904,soccer training for kids,22203
Next Star Soccer,,,,,,38.8532142,-77.2729904,soccer training for kids,22203
Fairlington Park,,,,,,38.8532142,-77.2729904,soccer training for kids,22203
Champions TEQ | Elite Soccer Training,,,,,,38.8532142,-77.2729904,soccer training for kids,22203
Braddock Road Youth Club,,,,,,38.8532142,-77.2729904,soccer training for kids,22203
Tiny Troops Soccer - Joint Base Anacostia-Bolling/Alexandria,,,,,,38.8532142,-77.2729904,soccer training for kids,22203
DC Way Soccer,,"
dcway.com","
(571) 490-1275",,,38.890592,-77.0767619,soccer camp for kids,22203
Beyond the Hoop,"
5547 Lee Hwy A, Arlington, VA 22207","
bulldawgbasketball.com","
(703) 533-9158",,,38.9358898,-77.5918344,basketball classes for kids,22209
Evolution Basketball - Merrifield,"
2940B Prosperity Ave, Fairfax, VA 22031","
evobball.com",,,,38.9358898,-77.5918344,basketball classes for kids,22209
Next Level Basketball Training,"
8305 Merrifield Ave Suite F, Fairfax, VA 22031","
nxtlevelbball.com","
(703) 313-1201",,,38.9358898,-77.5918344,basketball classes for kids,22209
Gunston Community Center,"
2700 S Lang St, Arlington, VA 22206","
arlingtonva.us","
(703) 228-6980",,,38.9358898,-77.5918344,basketball classes for kids,22209
Blockchain Basketball Training,"
1521 Boyd Pointe Wy Unit 2509, Vienna, VA 22182","
site123.me","
(703) 989-7867",,,38.9358898,-77.5918344,basketball classes for kids,22209
DNA Skills Academy,"
7631 Fullerton Rd Suite A, Springfield, VA 22153",,"
(703) 345-8391",,,38.9358898,-77.5918344,basketball classes for kids,22209
24/7 Basketball,"
14112 Newbrook Dr, Chantilly, VA 20151",,,,,38.873111,-78.0091736,basketball classes for kids,22209
Barcroft Community Center,"
4200 S Four Mile Run Dr, Arlington, VA 22206","
arlingtonva.us","
(703) 228-0701",,,38.8505519,-77.6785461,basketball classes for kids,22209
Gillion Academy School,"
7965 Twist Ln, Springfield, VA 22153","
thegillionacademy.org","
(202) 365-8328",,,38.8505519,-77.6785461,basketball classes for kids,22209
Ultimate Basketball Training,"
7666E Fullerton Rd, Springfield, VA 22153","
ultimatebasketballtraining.com","
(703) 609-0932",,,38.8505519,-77.6785461,basketball classes for kids,22209
Giant Basketball Academy,"
20145 Ashbrook Pl, Ashburn, VA 20147","
giantbasketball.com",,,,39.0592041,-78.0407065,basketball classes for kids,22209
Dawson Terrace Community Center,"
2133 N Taft St, Arlington, VA 22201","
arlingtonva.us","
(703) 228-5725",,,38.8994261,-77.6596378,basketball classes for kids,22209
Virginia Highlands Park Basketball Courts,"
1600 S Hayes St, Arlington, VA 22202","
arlingtonva.us","
(703) 228-6525",,,38.8994261,-77.6596378,basketball classes for kids,22209
Walter Reed CC Basketball Court,"
2909 16th St S, Arlington, VA 22206","
arlingtonva.us","
(703) 228-0935",,,38.8994261,-77.6596378,basketball classes for kids,22209
Fort Myer Basketball Courts,"
Arlington, VA 22204",,,,,38.8994261,-77.6596378,basketball classes for kids,22209
Rocky Run Park,"
1109 N Barton St, Arlington, VA 22201","
arlingtonva.us","
(703) 228-6525",,,38.8994261,-77.6596378,basketball classes for kids,22209
Stratford Park Basketball Court,"
Arlington, VA 22207","
arlingtonva.us",,,,38.8994261,-77.6596378,basketball classes for kids,22209
One On One Basketball Inc,"
4818 Yuma St NW # 2, Washington, DC 20016","
1on1basketball.com","
(202) 431-9650",,,38.8994261,-77.6596378,basketball classes for kids,22209
You Reach I Teach Basketball Academy,"
16778 Oakmont Ave, Gaithersburg, MD 20877","
youreachiteach.com","
(202) 415-4881",,,38.8994261,-77.6596378,basketball classes for kids,22209
Hardy Recreation Center,"
4500 Q St NW, Washington, DC 20007","
dpr.dc.gov","
(202) 282-2190",,,38.8994261,-77.6596378,basketball classes for kids,22209
Volta Park Recreation Center,"
1555 34th St NW, Washington, DC 20007","
dpr.dc.gov","
(202) 645-5668",,,38.8994261,-77.6596378,basketball classes for kids,22209
Arlington County Parks & Recreation,"
2100 Clarendon Blvd UNIT 414, Arlington, VA 22201","
arlingtonva.us","
(703) 228-4747",,,38.8994261,-77.6596378,basketball classes for kids,22209
Arlington YMCA Tennis & Squash Center,"
3400 13th St N, Arlington, VA 22201","
ymcadc.org","
(703) 522-1700",,,38.8994261,-77.6596378,basketball classes for kids,22209
Henderson Hall Smith Gym,"
27 Southgate Rd, Arlington, VA 22214","
hendersonhall.usmc-mccs.org","
(703) 614-7214",,,38.8994261,-77.6596378,basketball classes for kids,22209
Department of Parks and Recreation - Athletic and Facility Services Division,"
27 Southgate Rd, Arlington, VA 22214","
hendersonhall.usmc-mccs.org","
(703) 614-7214",,,38.8994261,-77.6596378,basketball classes for kids,22209
DC SCORES,"
1140 Connecticut Ave NW #1200, Washington, DC 20036","
dcscores.org","
(202) 393-6999",,,38.8994261,-77.6596378,basketball classes for kids,22209
Zitkala-Sa Park,"
3011 7th St N, Arlington, VA 22201","
arlingtonva.us","
(703) 228-6525",,,38.8994261,-77.6596378,basketball classes for kids,22209
Life Time,"
3011 7th St N, Arlington, VA 22201","
arlingtonva.us","
(703) 228-6525",,,38.8994261,-77.6596378,basketball classes for kids,22209
Quincy Park,"
1021 N Quincy St, Arlington, VA 22201","
arlingtonva.us","
(703) 228-6525",,,38.8994261,-77.6596378,basketball classes for kids,22209
Lyon Village Park,"
1800 N Highland St, Arlington, VA 22201","
parks.arlingtonva.us","
(703) 228-6525",,,38.8994261,-77.6596378,basketball classes for kids,22209
Hayes Park,"
1800 N Highland St, Arlington, VA 22201","
parks.arlingtonva.us","
(703) 228-6525",,,38.8994261,-77.6596378,basketball classes for kids,22209
Arlington Youth Football Club,"
475 Long Bridge Drive, Arlington, VA 22202",,,,,38.8994261,-77.6596378,basketball classes for kids,22209
Sport Proformance Basketball Training,,"
sportproformance.com","
(804) 901-2483",,,38.8994261,-77.6596378,basketball classes for kids,22209
Casual Adventure Outfitters,"
3451 Washington Blvd, Arlington, VA 22201","
casualadventure.com","
(703) 527-0600",,,38.8994261,-77.6596378,basketball classes for kids,22209
Next Level Basketball Training,"
8305 Merrifield Ave Suite F, Fairfax, VA 22031","
nxtlevelbball.com","
(703) 313-1201",,,38.8994261,-77.6596378,basketball classes for kids,22209
Panda Programmer Gaithersburg Weekend Classes,"
216 Main St Suite 200, Gaithersburg, MD 20878","
pandaprogrammer.com","
(443) 267-2632",,,38.8994261,-77.6596378,basketball classes for kids,22209
Bull Dawg Athletic Training and Physical Therapy,"
5001-A Langston Blvd. SUITE 102, Arlington, VA 22207","
bulldawgtraining.com","
(571) 970-6068",,,38.8994261,-77.6596378,basketball classes for kids,22209
Dominion Hills Area Recreation,"
6000 Wilson Blvd, Arlington, VA 22205","
dominionhills.org","
(703) 533-7550",,,38.8994261,-77.6596378,basketball classes for kids,22209
Basketball Courts,"
S 2nd St &, S Jackson St, Arlington, VA 22204",,,,,38.8994261,-77.6596378,basketball classes for kids,22209
Basketball Court,"
Washington, DC 20037",,,,,38.8994261,-77.6596378,basketball classes for kids,22209
Jamestown Park,"
3618 N Dickerson St, Arlington, VA 22207","
parks.arlingtonva.us","
(703) 228-3000",,,38.8994261,-77.6596378,basketball classes for kids,22209
Gunston Park,"
1401 28th St S, Arlington, VA 22206","
arlingtonva.us","
(703) 228-6525",,,38.8994261,-77.6596378,basketball classes for kids,22209
Onelife Fitness - Ballston,"
4238 Wilson Blvd, Arlington, VA 22203","
onelifefitness.com","
(703) 816-8800",,,38.8994261,-77.6596378,basketball classes for kids,22209
Edlavitch DC Jewish Community Center,"
1529 16th St NW, Washington, DC 20036","
edcjcc.org",,,,38.8994261,-77.6596378,basketball classes for kids,22209
Lacey Woods Park,"
1529 16th St NW, Washington, DC 20036","
edcjcc.org",,,,38.8994261,-77.6596378,basketball classes for kids,22209
GT Players,"
1328 Wisconsin Ave NW, Washington, DC 20007",,"
(202) 333-7426",,,38.8994261,-77.6596378,basketball classes for kids,22209
YMCA Alexandria,"
1328 Wisconsin Ave NW, Washington, DC 20007",,"
(202) 333-7426",,,38.8994261,-77.6596378,basketball classes for kids,22209
Continental Pool Lounge,"
1911 Fort Myer Dr, Arlington, VA 22209","
continentalpoollounge.com","
(703) 465-7675",,,38.8994261,-77.6596378,basketball classes for kids,22209
DC Soccer Club,"
2201 Wisconsin Ave NW #200, Washington, DC 20007","
dcsoccerclub.org",,,,38.8994261,-77.6596378,basketball classes for kids,22209
Fight For Children Inc,"
1250 Connecticut Ave NW # 700, Washington, DC 20036","
fightforchildren.org","
(202) 772-0400",,,38.8994261,-77.6596378,basketball classes for kids,22209
Elevate Kids Basketball Training and Gym,"
8382 Terminal Rd Unit E, Lorton, VA 22079","
elevatesportstraining.com","
(703) 314-1688",,,38.8994261,-77.6596378,basketball classes for kids,22209
Just Us Nation Basketball,"
8382 Terminal Rd Unit E, Lorton, VA 22079","
elevatesportstraining.com","
(703) 314-1688",,,38.8994261,-77.6596378,basketball classes for kids,22209
Hayes Park Tennis Courts,"
1516 N Lincoln St, Arlington, VA 22201","
arlingtonva.us","
(703) 228-6525",,,38.8994261,-77.6596378,basketball classes for kids,22209
"Cross-Training Athletes into Believers, CTAB",,"
ctabhoops.org","
(571) 282-4182",,,38.8994261,-77.6596378,basketball classes for kids,22209
Cooper Field,"
1401 West Rd, Washington, DC 20057","
guhoyas.com","
(202) 687-4692",,,38.8994261,-77.6596378,basketball classes for kids,22209
Penrose Park,"
2200 6th St S, Arlington, VA 22204","
arlingtonva.us","
(703) 228-6525",,,38.8994261,-77.6596378,basketball classes for kids,22209
Nannie J Lee Memorial Recreation Center,"
1108 Jefferson St, Alexandria, VA 22314","
alexandriava.gov","
(703) 746-5550",,,38.8994261,-77.6596378,basketball classes for kids,22209
Pro Skills Basketball Washington DC,,"
proskillsbasketball.com","
(866) 966-3888",,,38.8994261,-77.6596378,basketball classes for kids,22209
Nova Fencing and Archery Club,"
3505 Carlin Springs Rd, Falls Church, VA 22041","
novafencingclub.com","
(703) 999-8077",,,38.8994261,-77.6596378,basketball classes for kids,22209
Onelife Fitness - Skyline,"
3505 Carlin Springs Rd, Falls Church, VA 22041","
novafencingclub.com","
(703) 999-8077",,,38.8994261,-77.6596378,basketball classes for kids,22209
Bluemont Park,"
601 N Manchester St, Arlington, VA 22205","
arlingtonva.us","
(703) 228-6525",,,38.8994261,-77.6596378,basketball classes for kids,22209
Harry Thomas Recreation Center,"
1743 Lincoln Rd NE, Washington, DC 20002","
dpr.dc.gov","
(202) 576-5642",,,38.8994261,-77.6596378,basketball classes for kids,22209
Washington-Liberty High School Stadium,"
1301 N Stafford St, Arlington, VA 22201","
arlingtonva.us","
(703) 228-6200",,,38.8994261,-77.6596378,basketball classes for kids,22209
Virginia Highlands Park Tennis Courts,"
Unnamed Road, Arlington, VA 22202",,,,,38.8994261,-77.6596378,basketball classes for kids,22209
Foundation Basketball Academy,,,"
(571) 599-8180",,,38.8994261,-77.6596378,basketball classes for kids,22209
Lubber Run Park,"
200 N Columbus St, Arlington, VA 22203","
arlingtonva.us","
(703) 228-4712",,,38.8994261,-77.6596378,basketball classes for kids,22209
Woodmont Park,"
200 N Columbus St, Arlington, VA 22203","
arlingtonva.us","
(703) 228-4712",,,38.8994261,-77.6596378,basketball classes for kids,22209
"i9 Sports Southwest Fairfax County, VA",,"
i9sports.com","
(703) 740-0093",,,38.8994261,-77.6596378,basketball classes for kids,22209
The Wonder - Arlington,,"
i9sports.com","
(703) 740-0093",,,38.8994261,-77.6596378,basketball classes for kids,22209
Walter Reed Recreation Center,"
2909 16th St S, Arlington, VA 22204","
arlingtonva.us","
(703) 228-0935",,,38.8994261,-77.6596378,basketball training for kids,22209
Jr. Wizards Basketball Camps & Clinics,"
2909 16th St S, Arlington, VA 22204","
arlingtonva.us","
(703) 228-0935",,,38.8994261,-77.6596378,basketball training for kids,22209
Lubber Run Community Center,"
2909 16th St S, Arlington, VA 22204","
arlingtonva.us","
(703) 228-0935",,,38.8994261,-77.6596378,basketball training for kids,22209
YMCA Arlington,"
2909 16th St S, Arlington, VA 22204","
arlingtonva.us","
(703) 228-0935",,,38.8994261,-77.6596378,basketball training for kids,22209
Thomas Jefferson Community Center,"
3501 2nd St S, Arlington, VA 22204","
parks.arlingtonva.us","
(703) 228-5920",,,38.8994261,-77.6596378,basketball training for kids,22209
ZogSports DC,"
3501 2nd St S, Arlington, VA 22204","
parks.arlingtonva.us","
(703) 228-5920",,,38.8994261,-77.6596378,basketball training for kids,22209
Jelleff Recreation Center,"
3501 2nd St S, Arlington, VA 22204","
parks.arlingtonva.us","
(703) 228-5920",,,38.8994261,-77.6596378,basketball training for kids,22209
Guy Mason Recreation Center,"
3600 Calvert St NW, Washington, DC 20007","
dpr.dc.gov","
(202) 727-7736",,,38.8994261,-77.6596378,basketball training for kids,22209
Yates Field House,"
3600 Calvert St NW, Washington, DC 20007","
dpr.dc.gov","
(202) 727-7736",,,38.8994261,-77.6596378,basketball training for kids,22209
"Equinox Sports Club Washington, D.C.","
3600 Calvert St NW, Washington, DC 20007","
dpr.dc.gov","
(202) 727-7736",,,38.8994261,-77.6596378,basketball training for kids,22209
Fairlington Community Center,"
3600 Calvert St NW, Washington, DC 20007","
dpr.dc.gov","
(202) 727-7736",,,38.8994261,-77.6596378,basketball training for kids,22209
Dawson Terrace Park,"
3600 Calvert St NW, Washington, DC 20007","
dpr.dc.gov","
(202) 727-7736",,,38.8994261,-77.6596378,basketball training for kids,22209
Stratford Park,"
3600 Calvert St NW, Washington, DC 20007","
dpr.dc.gov","
(202) 727-7736",,,38.8994261,-77.6596378,basketball training for kids,22209
Towers Park,"
3600 Calvert St NW, Washington, DC 20007","
dpr.dc.gov","
(202) 727-7736",,,38.8994261,-77.6596378,basketball training for kids,22209
MovementX — Physical Therapy in Arlington,"
2009 14th St N Suite 2, Arlington, VA 22201","
movement-x.com","
(703) 349-6464",,,38.8994261,-77.6596378,basketball training for kids,22209
Cookology Culinary School,"
2009 14th St N Suite 2, Arlington, VA 22201","
movement-x.com","
(703) 349-6464",,,38.8994261,-77.6596378,basketball training for kids,22209
SP8 Ball Training,"
2009 14th St N Suite 2, Arlington, VA 22201","
movement-x.com","
(703) 349-6464",,,38.8994261,-77.6596378,basketball training for kids,22209
CP Basketball Academy,"
2009 14th St N Suite 2, Arlington, VA 22201","
movement-x.com","
(703) 349-6464",,,38.8994261,-77.6596378,basketball training for kids,22209
MedStar Capitals Iceplex,"
2009 14th St N Suite 2, Arlington, VA 22201","
movement-x.com","
(703) 349-6464",,,38.8994261,-77.6596378,basketball training for kids,22209
Jennie Dean Park,"
2009 14th St N Suite 2, Arlington, VA 22201","
movement-x.com","
(703) 349-6464",,,38.8994261,-77.6596378,basketball training for kids,22209
Virginia Highlands Park,"
3630 27th St S, Arlington, VA 22206","
arlingtonva.us","
(703) 228-6525",,,38.8994261,-77.6596378,basketball training for kids,22209
Evolution Basketball Training - Accotink,"
3630 27th St S, Arlington, VA 22206","
arlingtonva.us","
(703) 228-6525",,,38.8994261,-77.6596378,basketball training for kids,22209
Capstone Performance Training - Falls Church,"
3630 27th St S, Arlington, VA 22206","
arlingtonva.us","
(703) 228-6525",,,38.8994261,-77.6596378,basketball training for kids,22209
DC Fray,"
3630 27th St S, Arlington, VA 22206","
arlingtonva.us","
(703) 228-6525",,,38.8994261,-77.6596378,basketball training for kids,22209
Palisades Recreation Center & Playground,"
5200 Sherier Pl NW, Washington, DC 20016","
dpr.dc.gov","
(202) 545-7201",,,38.8994261,-77.6596378,basketball training for kids,22209
Hoops the Right Way,"
44605 Russell Branch Pkwy, Ashburn, VA 20147","
hoopstherightway.com","
(703) 737-3093",,,38.8994261,-77.6596378,basketball training for kids,22209
Angel Park Basketball Court,"
44605 Russell Branch Pkwy, Ashburn, VA 20147","
hoopstherightway.com","
(703) 737-3093",,,38.8994261,-77.6596378,basketball training for kids,22209
All In Hoops,"
2200 California St NW, Washington, DC 20008","
allinhoops.org","
(202) 607-3932",,,38.8994261,-77.6596378,youth basketball league,22209
Rosslyn Highlands Park,"
1559 Wilson Blvd, Arlington, VA 22209","
arlingtonva.us","
(703) 228-6525",,,38.8994261,-77.6596378,youth basketball league,22209
High View Park,"
1945 N Dinwiddie St, Arlington, VA 22207","
parks.arlingtonva.us","
(571) 429-5013",,,38.8994261,-77.6596378,youth basketball league,22209
Fields Park,"
775 N George Mason Dr, Arlington, VA 22203","
arlingtonva.us","
(703) 228-6525",,,38.8994261,-77.6596378,youth basketball league,22209
Fundamentals Academy,"
804 Taylor St NW, Washington, DC 20011","
thefundamentalsacademy.com","
(202) 827-8176",,,38.8994261,-77.6596378,basketball academy for kids,22209
Arruda's Basketball Club,,"
arrudasbasketballclub.com","
(267) 907-2982",,,38.8994261,-77.6596378,basketball academy for kids,22209
McDonough Arena,"
1340 West Rd, Washington, DC 20057","
guhoyas.com","
(202) 687-4692",,,38.8994261,-77.6596378,basketball camp,22209
Stoddert Recreation Center,"
4001 Calvert St NW, Washington, DC 20007","
dpr.dc.gov","
(202) 299-3324",,,38.8994261,-77.6596378,basketball camp,22209
Arlington Sports Conditioning,"
Lubber Run Community Center, 300 N Park Dr, Arlington, VA 22203","
arlingtonsc.com","
(703) 801-6248",,,38.8994261,-77.6596378,basketball camp,22209
Orange Line Sports,"
4302 36th St S, Arlington, VA 22206","
orangelinesports.com","
(516) 967-9113",,,38.8994261,-77.6596378,basketball camp,22209
Charles Drew Community Center,"
3500 23rd St S, Arlington, VA 22206","
arlingtonva.us","
(703) 228-5725",,,38.8994261,-77.6596378,basketball camp,22209
Camp Sarraka,,"
campsarraka.com","
(703) 622-9210",,,38.8994261,-77.6596378,basketball camp,22209
Onelife Fitness - Crystal Park,"
2231 Crystal Dr, Arlington, VA 22202","
onelifefitness.com","
(703) 486-3380",,,38.8994261,-77.6596378,basketball camp,22209
Glebe Road Park,"
2231 Crystal Dr, Arlington, VA 22202","
onelifefitness.com","
(703) 486-3380",,,38.8994261,-77.6596378,basketball camp,22209
The Player Progression Academy (PPA),"
1342 Florida Ave NW, Washington, DC 20008","
ppateam.com",,,,38.8994261,-77.6596378,basketball skills training,22209
"Capital Tennis & Pickleball (aka Capital Tennis & Stringing, LLC)","
2200 Wilson Blvd #102, Arlington, VA 22201","
capitalstringing.com","
(703) 597-4619",,,38.8994261,-77.6596378,basketball skills training,22209
NESS Basketball Training,,"
nessbasketball.com","
(301) 381-4416",,,38.8994261,-77.6596378,basketball skills training,22209
Infinite Skills Basketball Training,"
2729 Merrilee Dr, Fairfax, VA 22031","
infiniteskill.org","
(202) 932-8624",,,38.8994261,-77.6596378,basketball skills training,22209
Tru2Form Hoops,"
5600 Little Falls Pkwy, Bethesda, MD 20815","
tru2formhoops.com","
(240) 459-0949",,,38.8994261,-77.6596378,basketball skills training,22209
Syphax Education Center,"
2110 Washington Blvd, Arlington, VA 22204","
apsva.us","
(703) 228-6000",,,38.8994261,-77.6596378,basketball skills training,22209
Foundation Fitness of The Palisades,"
2110 Washington Blvd, Arlington, VA 22204","
apsva.us","
(703) 228-6000",,,38.8994261,-77.6596378,basketball skills training,22209
Bradley Baseball Academy,"
2647 41st Street Northwest Northwest Washington Washington, #7, Washington, DC 20007","
collegeadvisinginwashingtondc.com","
(301) 502-5769",,,38.8994261,-77.6596378,basketball skills training,22209
Legends Sports,"
3607-C Chain Bridge Rd, Fairfax, VA 22030","
playlegends.com","
(703) 255-5165",,,38.8994261,-77.6596378,basketball skills training,22209
All In Basketball Training,"
3607-C Chain Bridge Rd, Fairfax, VA 22030","
playlegends.com","
(703) 255-5165",,,38.8994261,-77.6596378,basketball skills training,22209
Above & Beyond Basketball Academy,,"
abovebeyondbasketballacademy.com","
(240) 426-6650",,,38.8994261,-77.6596378,basketball skills training,22209
Balance Gym Foggy Bottom,"
2401 M St NW, Washington, DC 20037","
balancegym.com","
(202) 457-5070",,,38.8994261,-77.6596378,basketball skills training,22209
Anthony Tucker's Elite Basketball Training,"
8401 Good Luck Rd, Lanham, MD 20706",,"
(202) 830-9632",,,38.8994261,-77.6596378,basketball skills training,22209
Pat The Roc Basketball Skills Academy,"
8401 Good Luck Rd, Lanham, MD 20706",,"
(202) 830-9632",,,38.8994261,-77.6596378,basketball skills training,22209
Onelife Fitness - NorthWest,"
4000 Wisconsin Ave NW, Washington, DC 20016","
onelifefitness.com","
(202) 244-6090",,,38.8994261,-77.6596378,basketball skills training,22209
Duke Ellington School of the Arts,"
4000 Wisconsin Ave NW, Washington, DC 20016","
onelifefitness.com","
(202) 244-6090",,,38.8994261,-77.6596378,basketball skills training,22209
Elevate,"
8382 Terminal Rd Unit E, Lorton, VA 22079","
elevatesportstraining.com","
(703) 314-1688",,,38.8994261,-77.6596378,basketball skills training,22209
British Swim School at Onelife Fitness - Falls Church,"
1000 E Broad St, Falls Church, VA 22046","
britishswimschool.com","
(202) 988-3825",,,38.8994261,-77.6596378,basketball skills training,22209
YMCA,"
1325 W St NW, Washington, DC 20009","
ymcadc.org","
(202) 232-6936",,,38.8994261,-77.6596378,basketball skills training,22209
Boating In DC at Thompson Boat Center,"
1325 W St NW, Washington, DC 20009","
ymcadc.org","
(202) 232-6936",,,38.8994261,-77.6596378,basketball skills training,22209
Arlington Soccer Association,"
5210 Wilson Blvd, Arlington, VA 22205","
arlingtonsoccer.com","
(703) 527-0157",,,38.8994261,-77.6596378,soccer classes for kids,22209
Excite Soccer,"
3712 12th St S, Arlington, VA 22204","
excitesoccer.com","
(240) 418-2302",,,38.8994261,-77.6596378,soccer classes for kids,22209
Kids Pro Soccer,"
107 S West St, Alexandria, VA 22314","
kidsprosoccer.com","
(202) 438-8555",,,38.8994261,-77.6596378,soccer classes for kids,22209
Champions Premier | Elite Soccer Training,"
300 Hillwood Ave, Falls Church, VA 22046","
championspremier.net","
(617) 593-2497",,,38.8994261,-77.6596378,soccer classes for kids,22209
ActivePlay,,"
activeplayllc.com","
(571) 436-2436",,,38.8994261,-77.6596378,soccer classes for kids,22209
Capstone Soccer,"
2830 Fallfax Dr, Falls Church, VA 22042","
capstonesoccer.com","
(703) 914-3548",,,38.8994261,-77.6596378,soccer classes for kids,22209
Alexandria Soccer Association,"
1108 Jefferson St, Alexandria, VA 22314","
alexandria-soccer.org","
(703) 684-5425",,,38.8994261,-77.6596378,soccer classes for kids,22209
Gunston Bubble,"
2700 S Lang St, Arlington, VA 22206","
arlingtonva.us",,,,38.8994261,-77.6596378,soccer classes for kids,22209
LTB Soccer,"
1900 Columbia Pike, Arlington, VA 22204","
ltbsoccer.com","
(202) 215-8676",,,38.8994261,-77.6596378,soccer classes for kids,22209
Soccer-Pass,"
Rolling Rd, Springfield, VA 22152","
soccer-pass.com","
(571) 781-2925",,,38.8994261,-77.6596378,soccer classes for kids,22209
Arlington Training Center,"
140 S Wise St, Arlington, VA 22204","
arlingtonsoccer.com","
(703) 527-0157",,,38.8994261,-77.6596378,soccer classes for kids,22209
Chesterfield Park Soccer Field,"
4901 Chesterfield Rd, Arlington, VA 22206",,,,,38.8994261,-77.6596378,soccer classes for kids,22209
Soccer Post Arlington (previously Soccer Kicks),"
4901 Chesterfield Rd, Arlington, VA 22206",,,,,38.8994261,-77.6596378,soccer classes for kids,22209
Athletic Eagle Soccer,,,"
(703) 675-8896",,,38.8994261,-77.6596378,soccer classes for kids,22209
U.S. Soccer Foundation,"
1140 Connecticut Ave NW #1200, Washington, DC 20036","
ussoccerfoundation.org","
(202) 872-9277",,,38.8994261,-77.6596378,soccer classes for kids,22209
PI Soccer Training,"
7701 Southern Dr, Springfield, VA 22150","
pitraining.org","
(571) 426-2144",,,38.8994261,-77.6596378,soccer classes for kids,22209
Powhatan Springs Park Soccer Field,"
6020 Wilson Blvd, Arlington, VA 22205","
arlingtonva.us","
(703) 228-6525",,,38.8994261,-77.6596378,soccer classes for kids,22209
Tamir Linhart Golden Boot Soccer,"
8200 Greensboro Dr Suite 900, McLean, VA 22102","
goldenbootsoccer.com","
(703) 287-0088",,,38.8994261,-77.6596378,soccer classes for kids,22209
City Sporting Club,"
300 Evarts St NE, Washington, DC 20002","
citysportingclub.org","
(202) 210-8900",,,38.8994261,-77.6596378,soccer classes for kids,22209
Arlington County Dept. of Human Services,"
2100 Washington Blvd, Arlington, VA 22204","
arlingtonva.us","
(703) 228-1300",,,38.8994261,-77.6596378,soccer classes for kids,22209
LMVSC,"
6212 Cameron Farms Pl, Alexandria, VA 22310","
lmvsc.org","
(703) 863-4255",,,38.8994261,-77.6596378,soccer classes for kids,22209
Urban Kempo,"
3000 Washington Blvd C, Arlington, VA 22201",,"
(703) 888-2425",,,38.8994261,-77.6596378,soccer classes for kids,22209
District Soccer,,"
districtsoccer.org","
(202) 656-8892",,,38.8994261,-77.6596378,soccer classes for kids,22209
Love the Ball Soccer,,"
ltbsoccer.com","
(202) 215-8676",,,38.8994261,-77.6596378,soccer classes for kids,22209
AC Milan Academy Virginia,,"
ltbsoccer.com","
(202) 215-8676",,,38.8994261,-77.6596378,soccer classes for kids,22209
Burke Athletic Club,"
Burke, VA 22015",,,,,38.8994261,-77.6596378,soccer classes for kids,22209
Feya Preschool LLC,"
1611 S Walter Reed Dr, Arlington, VA 22204","
feyapreschool.com","
(703) 271-1611",,,38.8994261,-77.6596378,soccer classes for kids,22209
Lil' Kickers DMV,"
1611 S Walter Reed Dr, Arlington, VA 22204","
feyapreschool.com","
(703) 271-1611",,,38.8994261,-77.6596378,soccer classes for kids,22209
First Down Performance,"
1800 N Lynn St, Arlington, VA 22209","
firstdownperformance.com","
(703) 505-6672",,,38.8994261,-77.6596378,youth soccer programs,22209
DC Way Soccer,,"
dcway.com","
(571) 490-1275",,,38.8994261,-77.6596378,soccer academy for kids,22209
FourSoccer,"
2118 3rd St NE unit b, Washington, DC 20002","
foursoccer.com","
(202) 290-9067",,,38.8994261,-77.6596378,soccer camp for kids,22209
BCC Basketball Camp,"
Bethesda, MD 20814","
bccbasketballcamp.com","
(240) 330-7376",,,39.0038878,-78.2589318,basketball classes for kids,22210
Arlington Mill Community Center,"
Bethesda, MD 20814","
bccbasketballcamp.com","
(240) 330-7376",,,39.0038878,-78.2589318,basketball classes for kids,22210
BSI Basketball Training,"
8543 Ashwood Dr, Capitol Heights, MD 20743",,"
(202) 492-9093",,,39.0038878,-78.2589318,basketball classes for kids,22210
Going To Another Level Sports & Childcare Center,"
8543 Ashwood Dr, Capitol Heights, MD 20743",,"
(202) 492-9093",,,39.0038878,-78.2589318,basketball classes for kids,22210
Sterling Stars Basketball Academy,"
8543 Ashwood Dr, Capitol Heights, MD 20743",,"
(202) 492-9093",,,39.0038878,-78.2589318,basketball classes for kids,22210
Ready-Set-Sports,"
2700 Neabsco Common Pl Suite #101, Woodbridge, VA 22191","
ready-set-sports.com","
(703) 795-2574",,,39.0038878,-78.2589318,basketball classes for kids,22210
Quincy Park Playground,"
Arlington, VA 22201",,,,,39.0038878,-78.2589318,basketball classes for kids,22210
Princess Warriors AAU Basketball,"
Arlington, VA 22201",,,,,39.0038878,-78.2589318,basketball classes for kids,22210
Han Basketball Academy,"
Arlington, VA 22201",,,,,39.0038878,-78.2589318,basketball classes for kids,22210
Winning in Sports and Education (W.I.S.E.),"
Arlington, VA 22201",,,,,39.0038878,-78.2589318,basketball classes for kids,22210
Youth Basketball Training,"
Arlington, VA 22201",,,,,39.0038878,-78.2589318,basketball classes for kids,22210
"Grindhouse Hoops, LLC","
11725 Little Seneca Pkwy, Clarksburg, MD 20871",,"
(202) 641-6882",,,39.0038878,-78.2589318,basketball classes for kids,22210
Basketball Bootcamp Inc.,"
6210 Belcrest Rd, Hyattsville, MD 20782","
basketballbootcampinc.com","
(202) 617-0048",,,39.0038878,-78.2589318,basketball classes for kids,22210
TeamUP Basketball with CoachesCare Montgomery County,"
6210 Belcrest Rd, Hyattsville, MD 20782","
basketballbootcampinc.com","
(202) 617-0048",,,39.0038878,-78.2589318,basketball classes for kids,22210
Team Tenacious Youth Organization,"
9311 Old Marlboro Pike, Upper Marlboro, MD 20772","
tenaciousswarm.com","
(240) 988-3596",,,39.0038878,-78.2589318,basketball classes for kids,22210
Value Basketball,"
9311 Old Marlboro Pike, Upper Marlboro, MD 20772","
tenaciousswarm.com","
(240) 988-3596",,,39.0038878,-78.2589318,basketball classes for kids,22210
Impact. Promises. Legacy. Athletes,"
15110 Joppa Pl, Bowie, MD 20721","
iplathletes.com","
(240) 708-1679",,,39.0038878,-78.2589318,basketball classes for kids,22210
Evolution Basketball - Manassas,"
11900 Livingston Rd STE 119, Manassas, VA 20109","
evobball.com",,,,39.0038878,-78.2589318,basketball classes for kids,22210
Live Laman | Fitness & Health,"
11900 Livingston Rd STE 119, Manassas, VA 20109","
evobball.com",,,,39.0038878,-78.2589318,basketball classes for kids,22210
Glenarden-Ardmore-Springdale Boys and Girls Club,"
11900 Livingston Rd STE 119, Manassas, VA 20109","
evobball.com",,,,39.0038878,-78.2589318,basketball classes for kids,22210
Evolution Basketball - Beaumeade,"
21760 Beaumeade Cir, Ashburn, VA 20147","
evobball.com",,,,39.0001761,-78.258945,basketball training for kids,22210
Basics 1st/5 on 5,"
21760 Beaumeade Cir, Ashburn, VA 20147","
evobball.com",,,,39.0001761,-78.258945,basketball training for kids,22210
Loudoun Basketball Academy,"
21760 Beaumeade Cir, Ashburn, VA 20147","
evobball.com",,,,39.0001761,-78.258945,basketball training for kids,22210
Loudoun Sports Training,"
43255 Stoneyglen Ct, Ashburn, VA 20147","
lba-attack.org","
(540) 845-2933",,,39.0001761,-78.258945,basketball training for kids,22210
"Gooseneck Skills and Life Basketball, Inc","
43255 Stoneyglen Ct, Ashburn, VA 20147","
lba-attack.org","
(540) 845-2933",,,39.0001761,-78.258945,basketball training for kids,22210
Premier Basketball Training,"
43255 Stoneyglen Ct, Ashburn, VA 20147","
lba-attack.org","
(540) 845-2933",,,39.0001761,-78.258945,basketball training for kids,22210
Hoopstarz Academy,"
2600 St Benedict St, Baltimore, MD 21223","
premierbasketballtrainingunlimited.com","
(443) 467-0663",,,39.0001761,-78.258945,basketball training for kids,22210
Premier Basketball Camp,"
2600 St Benedict St, Baltimore, MD 21223","
premierbasketballtrainingunlimited.com","
(443) 467-0663",,,39.0001761,-78.258945,basketball training for kids,22210
Alexander Basketball Academy Home of Global Squad,"
1702 Back Acre Cir Suite C, Mt Airy, MD 21771","
abasketballacademy.com","
(301) 363-5423",,,39.0001761,-78.258945,basketball training for kids,22210
Goodman League,"
1230 Sumner Rd SE, Washington, DC 20020","
thegoodmanleaguelive.com","
(202) 247-8419",,,38.9964644,-78.2589583,youth basketball league,22210
K Sports Complex,"
10050 Pennsylvania Ave, Manassas, VA 20110","
ksportsva.com","
(571) 719-6121",,,38.9964644,-78.2589583,youth basketball league,22210
Shaw Field,"
1580 West Rd, Washington, DC 20057","
guhoyas.com","
(202) 687-2435",,,38.9964644,-78.2589583,youth basketball league,22210
DC Blue Devils,,"
dcbluedevils.com","
(202) 904-0323",,,46.423669,-131.0962731,youth basketball league,22210
Willie Diggs Basketball Academy,,,,,,39.0258002,-78.0727524,basketball academy for kids,22210
CP Basketball Academy,,"
cpbasketball.com",,,,39.0258002,-78.0727524,basketball academy for kids,22210
Giant Basketball Academy,,"
cpbasketball.com",,,,39.0258002,-78.0727524,basketball academy for kids,22210
"Take Charge Basketball Academy, LLC",,"
cpbasketball.com",,,,39.0258002,-78.0727524,basketball academy for kids,22210
Impetuous Basketball Academy,,"
takechargebasketballacademy.com","
(301) 803-9223",,,38.1319444,-80.484403,basketball academy for kids,22210
Yellow Brick Basketball,,"
takechargebasketballacademy.com","
(301) 803-9223",,,39.1439225,-78.3616571,basketball academy for kids,22210
iSO Elite Basketball Training,,"
infiniteskill.org","
(240) 346-1034",,,39.1439225,-78.3616571,basketball academy for kids,22210
Bmore Basketball Academy,,"
infiniteskill.org","
(240) 346-1034",,,39.1439225,-78.3616571,basketball academy for kids,22210
Family Over Fame Basketball,,"
infiniteskill.org","
(240) 346-1034",,,39.1439225,-78.3616571,basketball academy for kids,22210
Houston Basketball Academy,,"
infiniteskill.org","
(240) 346-1034",,,29.9574806,-96.821583,basketball academy for kids,22210
Future Stars Sports,,"
infiniteskill.org","
(240) 346-1034",,,29.9574806,-96.821583,basketball academy for kids,22210
Best Youth Hoops,,"
infiniteskill.org","
(240) 346-1034",,,29.9574806,-96.821583,basketball academy for kids,22210
DMV Rebels Basketball Club,,"
futurestarssports.org","
(301) 550-0899",,,39.178776,-78.3977185,basketball academy for kids,22210
DMV Dynasty Basketball,,"
futurestarssports.org","
(301) 550-0899",,,39.178776,-78.3977185,basketball academy for kids,22210
John R. Thompson Jr. Intercollegiate Athletic Center,"
1360 West Rd, Washington, DC 20057",,,,,38.9079231,-77.2707862,basketball camp,22210
Weber's Bulldog Basketball Camp,"
716 Bestgate Rd, Annapolis, MD 21401","
webersbulldogbasketball.com",,,,38.9079231,-77.2707862,basketball camp,22210
Hoops Plus,"
45496 Ruritan Circle, Sterling, VA 20164","
hoopsplus.net","
(703) 430-8489",,,38.9079231,-77.2707862,basketball camp,22210
Westover Park,"
1001 N Kennebec St, Arlington, VA 22205","
arlingtonva.us","
(703) 228-4747",,,38.9079231,-77.2707862,basketball camp,22210
Masi Sports Academy,"
10325 Kensington Pkwy, Kensington, MD 20895","
masieagles.com","
(410) 725-8228",,,38.9079231,-77.2707862,basketball skills training,22210
TeamABA Training Center,"
10325 Kensington Pkwy, Kensington, MD 20895","
masieagles.com","
(410) 725-8228",,,38.9079231,-77.2707862,basketball skills training,22210
Evolution Basketball - Gainesville,"
7679 Limestone Dr STE 115, Gainesville, VA 20155","
evobball.com",,,,38.9079231,-77.2707862,basketball skills training,22210
"LCF KIDS - Falls Church, VA","
7679 Limestone Dr STE 115, Gainesville, VA 20155","
evobball.com",,,,38.9079231,-77.2707862,basketball skills training,22210
Kidball,"
7679 Limestone Dr STE 115, Gainesville, VA 20155","
evobball.com",,,,38.9079231,-77.2707862,basketball skills training,22210
Caden Campbell’s Skills & Training Academy,,"
ueniweb.com",,,,38.9079231,-77.2707862,basketball skills training,22210
Evolution Basketball - Chantilly,"
14810 Murdock St, Chantilly, VA 20151","
evobball.com",,,,38.9079231,-77.2707862,basketball skills training,22210
"CPR, AED, and First Aid Certifications","
14810 Murdock St, Chantilly, VA 20151","
evobball.com",,,,38.9079231,-77.2707862,basketball skills training,22210
Evolution Basketball - Cape Court,"
14810 Murdock St, Chantilly, VA 20151","
evobball.com",,,,38.9079231,-77.2707862,basketball skills training,22210
New York Sports Club,"
14810 Murdock St, Chantilly, VA 20151","
evobball.com",,,,38.9079231,-77.2707862,basketball skills training,22210
Marvin Cofield Basketball School,"
14810 Murdock St, Chantilly, VA 20151","
evobball.com",,,,38.9079231,-77.2707862,basketball skills training,22210
Turkey Thicket Basketball Court,"
4230 Ammendale Rd, Beltsville, MD 20705",,"
(301) 502-7852",,,38.9079231,-77.2707862,basketball skills training,22210
The Higher Level Basketball Club LLC,"
4230 Ammendale Rd, Beltsville, MD 20705",,"
(301) 502-7852",,,38.9079231,-77.2707862,basketball skills training,22210
KIDSUNITED Fairfax,"
9579b Braddock Rd, Fairfax, VA 22032","
kidsunited.com","
(703) 424-9127",,,38.9079231,-77.2707862,soccer classes for kids,22210
Villarreal Virginia,"
2678 Avenir Pl #4519, Fairfax, VA 22031",,"
(703) 932-3881",,,38.9079231,-77.2707862,soccer classes for kids,22210
Vienna Youth Soccer,"
311 Maple Ave W STE D, Vienna, VA 22180","
vys.org",,,,38.9079231,-77.2707862,soccer classes for kids,22210
Gunston Soccer Club,"
4320 Mount Vernon Memorial Hwy, Alexandria, VA 22309","
gunstonsoccer.com",,,,38.9079231,-77.2707862,soccer classes for kids,22210
"Elite Soccer Youth Development Academy, Inc. (ESYDA)","
1620 Elton Rd Ste 204, Silver Spring, MD 20903","
esyda.org","
(800) 995-5532",,,38.9079231,-77.2707862,soccer classes for kids,22210
Nova Soccer Academy,"
1577 Spring Hill Rd, Vienna, VA 22182",,"
(833) 668-2762",,,38.9079231,-77.2707862,soccer classes for kids,22210
F4C Soccer,"
21610 Atlantic Blvd, Sterling, VA 20166","
f4csoccer.com","
(703) 232-1600",,,38.9079231,-77.2707862,soccer classes for kids,22210
Capstone Soccer - Loudoun,"
22821 Silverbrook Center Dr Suite 150A, Sterling, VA 20166","
capstonesoccer.com","
(703) 999-7878",,,38.9079231,-77.2707862,soccer classes for kids,22210
KIDSUNITED South Riding,"
43063 Peacock Market Plaza, South Riding, VA 20152","
kidsunited.com","
(703) 939-9493",,,38.9079231,-77.2707862,soccer classes for kids,22210
Next Star Soccer,,"
nextstarsoccer.com","
(301) 742-1796",,,38.9079231,-77.2707862,soccer classes for kids,22210
Northern Virginia Majestics,"
Woodbridge, VA 22194","
mjxgirls4ever.com","
(703) 680-6562",,,38.9079231,-77.2707862,soccer classes for kids,22210
FuturElitez Soccer & Mindset Training,"
43223 Amberleigh Farm Dr, Brambleton, VA 20148","
futurelitezsoccertraining.com","
(703) 381-2025",,,38.9079231,-77.2707862,soccer classes for kids,22210
Bruce Murray Soccer Academy,"
15700 River Rd, Darnestown, MD 20874","
brucemurraysocceracademy.com","
(240) 671-3195",,,38.9079231,-77.2707862,soccer classes for kids,22210
FC Training Grounds,"
8406 Alban Rd, Springfield, VA 22150","
fctraininggrounds.com","
(571) 587-5550",,,38.9079231,-77.2707862,soccer classes for kids,22210
dimitar's european soccer,"
12211 Sugar Maple Dr, Herndon, VA 20170","
dimitarsoccer.com","
(703) 869-6743",,,38.9079231,-77.2707862,soccer classes for kids,22210
Montclair FC Soccer Club,"
4920 Tallowwood Dr, Montclair, VA 22025","
montclairfc.com","
(571) 406-8330",,,38.9079231,-77.2707862,soccer classes for kids,22210
Herndon Youth Soccer,"
590 Grant St Box 464, Herndon, VA 20170","
herndonyouthsoccer.org",,,,38.9079231,-77.2707862,soccer classes for kids,22210
Springfield Soccer Supplies,"
7261 Commerce St, Springfield, VA 22150","
springfieldsoccersupplies.com","
(703) 866-4625",,,38.9079231,-77.2707862,soccer classes for kids,22210
Villarreal Virginia Academy,"
8223 Taunton Pl, Springfield, VA 22152","
villarrealva.org","
(571) 544-0948",,,38.9079231,-77.2707862,soccer classes for kids,22210
MVP Soccer,"
2380 Research Ct, Woodbridge, VA 22192","
mvpsoccer.net",,,,38.9079231,-77.2707862,soccer classes for kids,22210
Top Rank Soccer Academy,,"
topranksoccer.com","
(301) 941-7414",,,38.9079231,-77.2707862,soccer classes for kids,22210
Northern Virginia Soccer Club,"
14424 Bristow Rd, Manassas, VA 20112","
novasc.org",,,,38.9079231,-77.2707862,soccer classes for kids,22210
Morsink Soccer Academy,"
24540 Arcola Ctr Plz Suites 100-115, Dulles, VA 20166","
morsinksoccer.com","
(571) 413-3008",,,38.9079231,-77.2707862,soccer classes for kids,22210
VISA Soccer Club,"
688 Spring St #5124, Herndon, VA 20170","
visasoccerclub.academy","
(703) 955-0989",,,38.9079231,-77.2707862,soccer classes for kids,22210
GFR Soccer Club,"
9913 Georgetown Pike 2nd floor, Great Falls, VA 22066","
gfrsoccerclub.org","
(703) 957-0006",,,38.9079231,-77.2707862,soccer classes for kids,22210
Soccer Shots Baltimore-Washington,,"
soccershots.com","
(717) 856-8248",,,38.9079231,-77.2707862,soccer classes for kids,22210
Soccer Academy,"
12111 Braddock Rd, Fairfax, VA 22030","
soccer-academy.com","
(318) 623-7096",,,38.9079231,-77.2707862,soccer classes for kids,22210
FC Dulles Soccer Club,"
4718 Stringfellow Rd, Chantilly, VA 20151","
fcdulles.demosphere-secure.com","
(703) 951-7112",,,38.9079231,-77.2707862,soccer classes for kids,22210
Champions TEQ | Elite Soccer Training,"
19623 Evergreen Mills Rd, Leesburg, VA 20175","
championspremier.net","
(617) 593-2497",,,38.9079231,-77.2707862,soccer classes for kids,22210
Soccer Stars,,"
soccerstars.com","
(703) 405-4426",,,38.9079231,-77.2707862,soccer classes for kids,22210
Undefined Futbol,,"
undefinedfutbol.com",,,,38.9079231,-77.2707862,soccer classes for kids,22210
Oxon Hill Soccer Club,,"
oxonhillsoccerclub.com","
(571) 477-6798",,,38.9079231,-77.2707862,soccer classes for kids,22210
Soccer Bamyan Field,"
Washington, DC 20024",,,,,38.9079231,-77.2707862,soccer classes for kids,22210
Barça Academy Northern Virginia,"
19623 Evergreen Mills Rd, Leesburg, VA 20175","
fcbarcelona.com",,,,38.9079231,-77.2707862,soccer classes for kids,22210
Soccer Rising,,,,,,38.9079231,-77.2707862,soccer classes for kids,22210
Fullah Academy,,"
fullahacademy.com","
(202) 643-6636",,,38.9079231,-77.2707862,soccer classes for kids,22210
DMV Wolfpack Soccer Club,,"
dmvwolfpacksc.com",,,,38.9079231,-77.2707862,soccer classes for kids,22210
DC Soccer Sessions,,,"
(703) 350-6939",,,38.9079231,-77.2707862,soccer classes for kids,22210
Maryland State Youth Soccer Association,"
3060 MD-97 Suite 178, Glenwood, MD 21738","
msysa.org","
(410) 768-5401",,,38.9079231,-77.2707862,soccer classes for kids,22210
La Plata Youth Soccer Association,"
8 Kent Ave, La Plata, MD 20646",,,,,38.9079231,-77.2707862,soccer classes for kids,22210
Futstars Academy,,"
futstarsacademy.com","
(240) 426-1282",,,38.9079231,-77.2707862,soccer classes for kids,22210
Pinnacle Futbol Club (PFC),,,"
(301) 920-4017",,,38.9079231,-77.2707862,soccer classes for kids,22210
Mosaic Park,"
538 N Pollard St, Arlington, VA 22203","
arlingtonva.us","
(703) 228-6525",,,38.9079231,-77.2707862,soccer classes for kids,22210
World Class Premier,,"
worldclasspremier.net","
(240) 678-9768",,,38.9079231,-77.2707862,soccer classes for kids,22210
Headfirst Summer Camps at St. Albans Campus,"
3101 Wisconsin Ave, Washington, DC 20016","
headfirstcamps.com","
(202) 625-1921",,,38.9079231,-77.2707862,soccer classes for kids,22210
District Elite FC,"
5506 Connecticut Ave NW suite 27b, Washington, DC 20015","
districtelitefc.org",,,,38.9079231,-77.2707862,soccer training for kids,22210
Carter Barron Soccer Fields,"
1698 Kennedy St NW, Washington, DC 20011",,"
(202) 895-6000",,,38.9079231,-77.2707862,soccer training for kids,22210
Play Footy Inc.,"
1380 Monroe St NW #319, Washington, DC 20010","
dcxiproject.com","
(202) 505-7530",,,38.9079231,-77.2707862,soccer training for kids,22210
D.C. United,"
100 Potomac Ave SW, Washington, DC 20024","
dcunited.com","
(202) 600-9098",,,38.9079231,-77.2707862,soccer training for kids,22210
The Greatest Haile Soccer Academy,"
1500 Kalmia Rd NW, Washington, DC 20012","
hailesocceracademy.com","
(202) 684-0431",,,38.9079231,-77.2707862,soccer training for kids,22210
Toca Juniors Football Club,,"
tocajuniors.com","
(703) 772-5518",,,38.9079231,-77.2707862,soccer training for kids,22210
Fairfax Sportsplex,"
6800 Commercial Dr, Springfield, VA 22151","
fairfaxsportsplex.com","
(703) 750-9521",,,38.9079231,-77.2707862,soccer training for kids,22210
Volo Sports DC,"
1200 G St NW STE 700, Washington, DC 20005","
volosports.com","
(202) 919-3955",,,38.9079231,-77.2707862,soccer training for kids,22210
Ethio Silver Spring Soccer Academy,"
8120 Fenton St, Silver Spring, MD 20910",,"
(301) 237-8502",,,38.9079231,-77.2707862,soccer training for kids,22210
Arlington Hall West Park soccer field,"
290 S Taylor St, Arlington, VA 22204","
arlingtonva.us",,,,38.9079231,-77.2707862,soccer training for kids,22210
"Peak Performance Training, LLC","
8305 Merrifield Ave, Fairfax, VA 22031","
peakperformancetraining-sean.com","
(703) 231-6519",,,38.9079231,-77.2707862,soccer training for kids,22210
Juventus Academy DC Metro,"
8306 Snug Hill Ln, Potomac, MD 20854","
juventusdcmetro.com","
(301) 455-8221",,,38.9079231,-77.2707862,soccer training for kids,22210
Kids Elite Sports ..A,"
423 Quackenbos St NW #7, Washington, DC 20011","
kidselitesports.com","
(240) 321-9287",,,38.9079231,-77.2707862,soccer training for kids,22210
Bell-Columbia Heights Athletic Field,"
Hiatt Pl NW, Washington, DC 20010",,,,,38.9079231,-77.2707862,soccer training for kids,22210
"Identity Hybrid, LLC",,"
identityhybrid.com","
(202) 681-0856",,,38.9079231,-77.2707862,soccer training for kids,22210
Potomac Yard Soccer Fields,"
500 E Monroe Ave, Alexandria, VA 22301",,,,,38.9079231,-77.2707862,youth soccer programs,22210
Braddock Road Youth Club,"
8940 Burke Lake Rd, Springfield, VA 22151","
bryc.org","
(703) 378-2792",,,38.9079231,-77.2707862,youth soccer programs,22210
SYA Sports (Southwestern Youth Association),"
5950 Centreville Crest Ln, Centreville, VA 20121","
syasports.org","
(703) 815-3362",,,38.9079231,-77.2707862,youth soccer programs,22210
i9 Sports Washington D.C./Arlington,,,"
(571) 305-5517",,,38.9079231,-77.2707862,youth soccer programs,22210
Royals Football Club,"
4317 Ravensworth Rd, Annandale, VA 22003","
novafc.org","
(571) 482-4243",,,38.9079231,-77.2707862,youth soccer programs,22210
Beltsville Soccer Academy,,,,,,38.9079231,-77.2707862,soccer academy for kids,22210
ESYDA Soccer Academy,,,,,,38.9079231,-77.2707862,soccer academy for kids,22210
Cerritos Soccer Academy,"
1700 April Ln, Silver Spring, MD 20904","
esyda.org","
(240) 765-9369",,,38.9079231,-77.2707862,soccer academy for kids,22210
Champions Soccer Academy,"
1700 April Ln, Silver Spring, MD 20904","
esyda.org","
(240) 765-9369",,,38.9079231,-77.2707862,soccer academy for kids,22210
Mary Washington Soccer Academy,"
1700 April Ln, Silver Spring, MD 20904","
esyda.org","
(240) 765-9369",,,38.9079231,-77.2707862,soccer academy for kids,22210
Elite Kickers,,"
elitekickers.com","
(571) 207-8813",,,38.9079231,-77.2707862,soccer academy for kids,22210
Top Level Futbol Academy,,"
elitekickers.com","
(571) 207-8813",,,38.9079231,-77.2707862,soccer academy for kids,22210
FCGB Center of Excellence,,"
fcgbcoe.org",,,,38.9079231,-77.2707862,soccer academy for kids,22210
Soccer field,,"
fcgbcoe.org",,,,38.9079231,-77.2707862,soccer academy for kids,22210
Soccer Academy,,"
fcgbcoe.org",,,,38.9079231,-77.2707862,soccer academy for kids,22210
Soccer Stars,"
200 Academy Dr, Front Royal, VA 22630","
soccer-academy.com","
(318) 623-7096",,,38.9079231,-77.2707862,soccer academy for kids,22210
Chantilly Youth Association,"
200 Academy Dr, Front Royal, VA 22630","
soccer-academy.com","
(318) 623-7096",,,38.9079231,-77.2707862,soccer academy for kids,22210
Brit-Am Soccer Academy,"
1395 Piccard Dr #180, Rockville, MD 20850","
brit-am.com","
(301) 656-2636",,,38.9079231,-77.2707862,soccer camp for kids,22210
A3 Soccer,"
2400 Davidsonville Rd, Gambrills, MD 21054","
a3soccer.com","
(410) 774-6152",,,38.9079231,-77.2707862,soccer camp for kids,22210
Loudoun Soccer Club,"
19798 Sycolin Rd, Leesburg, VA 20175","
loudounsoccer.com","
(703) 777-9977",,,38.9079231,-77.2707862,soccer camp for kids,22210
Washington Capital United,,"
wcunited.org","
(202) 559-3495",,,38.9079231,-77.2707862,soccer camp for kids,22210
Skyline SoccerPlex,"
100 Kerfoot Ave, Front Royal, VA 22630","
warrencountyva.gov","
(540) 635-2966",,,38.9079231,-77.2707862,soccer camp for kids,22210
Coerver United Soccer Camps - Severna Park,"
201 Water St, Severna Park, MD 21146","
coerverunited.com","
(443) 534-9686",,,38.9079231,-77.2707862,soccer camp for kids,22210
Violet Soccer Camps LLC,,"
violetsoccercamps.com","
(240) 565-1198",,,38.9079231,-77.2707862,soccer camp for kids,22210
Alcova Heights Park,"
901 S George Mason Dr, Arlington, VA 22204","
arlingtonva.us","
(703) 228-6525",,,38.8865121,-77.2123392,basketball classes for kids,22211
Walter Reed Senior Center,"
901 S George Mason Dr, Arlington, VA 22204","
arlingtonva.us","
(703) 228-6525",,,38.8865121,-77.2123392,basketball classes for kids,22211
Champs Sports,"
1100 S Hayes St, Arlington, VA 22202","
stores.champssports.com","
(703) 415-3747",,,38.8865121,-77.2123392,basketball classes for kids,22211
JD Sports,"
1100 S Hayes St, Arlington, VA 22202","
stores.champssports.com","
(703) 415-3747",,,38.8865121,-77.2123392,basketball classes for kids,22211
Maury Park Tennis Courts,"
1100 S Hayes St, Arlington, VA 22202","
stores.champssports.com","
(703) 415-3747",,,38.8865121,-77.2123392,basketball classes for kids,22211
Foot Locker,"
1100 South Hayes Street Space 0x01, Arlington, VA 22202","
stores.footlocker.com","
(703) 415-3668",,,38.8865121,-77.2123392,basketball classes for kids,22211
Crystal City Workout Park,"
1100 South Hayes Street Space 0x01, Arlington, VA 22202","
stores.footlocker.com","
(703) 415-3668",,,38.8865121,-77.2123392,basketball classes for kids,22211
Kids Foot Locker,"
2451 Crystal Dr, Arlington, VA 22202",,,,,38.8865121,-77.2123392,basketball classes for kids,22211
Arlington Public Schools,"
2451 Crystal Dr, Arlington, VA 22202",,,,,38.8865121,-77.2123392,basketball classes for kids,22211
Marine Corps Exchange,"
2451 Crystal Dr, Arlington, VA 22202",,,,,38.8865121,-77.2123392,basketball classes for kids,22211
"Veritas Collegiate Academy, National Landing Campus","
2451 Crystal Dr, Arlington, VA 22202",,,,,38.8865121,-77.2123392,basketball classes for kids,22211
The Worx by Maia Fitness,"
5402 Eisenhower Ave, Alexandria, VA 22304","
theworxbymaia.com","
(540) 421-8527",,,38.8865121,-77.2123392,basketball classes for kids,22211
Spider Kelly's,"
5402 Eisenhower Ave, Alexandria, VA 22304","
theworxbymaia.com","
(540) 421-8527",,,38.8865121,-77.2123392,basketball classes for kids,22211
DSW Designer Shoe Warehouse,"
5402 Eisenhower Ave, Alexandria, VA 22304","
theworxbymaia.com","
(540) 421-8527",,,38.8865121,-77.2123392,basketball classes for kids,22211
District Performance & Physio - Physical Therapy Washington D.C,"
5402 Eisenhower Ave, Alexandria, VA 22304","
theworxbymaia.com","
(540) 421-8527",,,38.8865121,-77.2123392,basketball classes for kids,22211
Charles E. Smith Center,"
600 22nd St NW, Washington, DC 20052","
gwsports.com","
(202) 994-6650",,,38.8863963,-77.2123396,youth basketball league,22211
First Class Sports Academy,"
4802 Stamp Rd, Temple Hills, MD 20748",,"
(301) 379-0563",,,38.823919,-77.0855496,basketball academy for kids,22211
Fort Scott Park,"
2800 Fort Scott Dr, Arlington, VA 22202","
arlingtonva.us","
(703) 228-6525",,,38.8468685,-77.2031604,basketball camp,22211
Langston-Brown Community Center,"
2121 N Culpeper St, Arlington, VA 22207","
arlingtonva.us","
(703) 228-5210",,,38.8958333,-77.2708623,basketball camp,22211
Summer Camp at Episcopal,"
1200 N Quaker Ln, Alexandria, VA 22302","
summeratepiscopal.org","
(703) 933-4040",,,38.8958333,-77.2708623,basketball camp,22211
Barcroft Park,"
1200 N Quaker Ln, Alexandria, VA 22302","
summeratepiscopal.org","
(703) 933-4040",,,38.8958333,-77.2708623,basketball camp,22211
Fort Barnard Park,"
2101 S Pollard St, Arlington, VA 22204","
arlingtonva.us","
(703) 228-6525",,,38.8958333,-77.2708623,basketball camp,22211
Charles Barrett Recreation Center,"
1115 Martha Custis Dr, Alexandria, VA 22302","
alexandriava.gov","
(703) 746-5551",,,38.8958333,-77.2708623,basketball camp,22211
Kennedy Recreation Center,"
1401 7th St NW, Washington, DC 20001","
app.dpr.dc.gov","
(202) 671-4794",,,38.9091687,-77.165762,basketball camp,22211
Madison Community Center,"
3829 N Stafford St, Arlington, VA 22207","
arlingtonva.us","
(703) 228-5310",,,38.923013,-77.2677498,basketball camp,22211
King Greenleaf Recreation Center,"
201 N St SW, Washington, DC 20024","
dpr.dc.gov","
(202) 645-7454",,,38.875,-77.1569734,basketball camp,22211
Potomac Overlook Regional Park,"
201 N St SW, Washington, DC 20024","
dpr.dc.gov","
(202) 645-7454",,,38.875,-77.1569734,basketball camp,22211
Healthy Baller Alexandria,"
4416 Wheeler Ave, Alexandria, VA 22304","
healthyballer.com","
(703) 651-0021",,,38.8749421,-77.1569736,basketball skills training,22211
Quincy Park Tennis Courts,"
4416 Wheeler Ave, Alexandria, VA 22304","
healthyballer.com","
(703) 651-0021",,,38.8749421,-77.1569736,basketball skills training,22211
Equinox Anthem Row,"
4416 Wheeler Ave, Alexandria, VA 22304","
healthyballer.com","
(703) 651-0021",,,38.8749421,-77.1569736,basketball skills training,22211
Kids & Culture Camp,"
1629 K St NW #300, Washington, DC 20006","
kidsandculture.com","
(202) 643-8787",,,38.8749421,-77.1569736,soccer classes for kids,22211
Kids Goal Soccer Academy,"
1629 K St NW #300, Washington, DC 20006","
kidsandculture.com","
(202) 643-8787",,,38.8749421,-77.1569736,soccer classes for kids,22211
Long Bridge Aquatics & Fitness Center,"
1629 K St NW #300, Washington, DC 20006","
kidsandculture.com","
(202) 643-8787",,,38.8749421,-77.1569736,soccer classes for kids,22211
Capital Kids DC,"
333 Long Bridge Drive, Arlington, VA 22202","
arlingtonva.us","
(703) 228-3338",,,38.8749421,-77.1569736,soccer classes for kids,22211
Long Bridge Park,"
333 Long Bridge Drive, Arlington, VA 22202","
arlingtonva.us","
(703) 228-3338",,,38.8749421,-77.1569736,soccer classes for kids,22211
Ellen M. Bozman Government Center,"
333 Long Bridge Drive, Arlington, VA 22202","
arlingtonva.us","
(703) 228-3338",,,38.8749421,-77.1569736,soccer classes for kids,22211
Aurora Hills Water Playground,"
333 Long Bridge Drive, Arlington, VA 22202","
arlingtonva.us","
(703) 228-3338",,,38.8749421,-77.1569736,soccer classes for kids,22211
Twins Ace Hardware Arlington,"
Arlington, VA 22202",,,,,38.8749421,-77.1569736,soccer classes for kids,22211
Thomas Jefferson Middle School,"
Arlington, VA 22202",,,,,38.8749421,-77.1569736,soccer classes for kids,22211
Nguyen Soccer,,"
nguyensoccer.com","
(571) 306-2603",,,38.8749421,-77.1569736,soccer classes for kids,22211
Crystal City Sports Pub,,"
nguyensoccer.com","
(571) 306-2603",,,38.8749421,-77.1569736,soccer classes for kids,22211
Ireland's Four Courts,,"
nguyensoccer.com","
(571) 306-2603",,,38.8749421,-77.1569736,soccer classes for kids,22211
Kinder Haus Toys,,"
nguyensoccer.com","
(571) 306-2603",,,38.8749421,-77.1569736,soccer classes for kids,22211
DC Way Academy,"
401 Oklahoma Ave NE, Washington, DC 20003","
dcwayacademy.org","
(571) 490-1275",,,38.8749421,-77.1569736,soccer training for kids,22211
Marymount University Home Field,"
Long Bridge Park, 475 Long Bridge Drive, Arlington, VA 22202","
marymountsaints.com",,,,38.8749421,-77.1569736,youth soccer programs,22211
"Evolve To Fit, GymnasticBodies DMV","
2501 9th Rd S #95, Arlington, VA 22204","
evolvetofit.com","
(703) 672-3348",,,38.8749421,-77.1569736,soccer academy for kids,22211
Everbrook Academy of Arlington,"
201 12th St S Suite 10, Arlington, VA 22202","
everbrookacademy.com","
(855) 444-3778",,,38.8749421,-77.1569736,soccer academy for kids,22211
Army Navy Country Club,"
1700 Army Navy Dr, Arlington, VA 22202","
ancc.org","
(703) 521-6800",,,38.8749421,-77.1569736,soccer academy for kids,22211
New 24 Fitness & Basketball,"
6417 Marlboro Pike, Forestville, MD 20747","
new24fitness.net","
(301) 861-4543",,,38.8509444,-79.2062142,basketball classes for kids,22212
Athletic Republic Capitol Region,"
6417 Marlboro Pike, Forestville, MD 20747","
new24fitness.net","
(301) 861-4543",,,38.8509444,-79.2062142,basketball classes for kids,22212
Westphalia Community Center,"
6417 Marlboro Pike, Forestville, MD 20747","
new24fitness.net","
(301) 861-4543",,,38.8509444,-79.2062142,basketball classes for kids,22212
Lake Arbor Community Center,"
10100 Lake Arbor Way, Bowie, MD 20721","
pgparks.com","
(301) 333-6561",,,38.8509444,-79.2062142,basketball classes for kids,22212
Kids In Motion Summer Camp LLC,"
7953 A Central Ave, Capitol Heights, MD 20743","
kidsinmotionsummercamp.com","
(786) 991-7629",,,38.8509444,-79.2062142,basketball classes for kids,22212
Peppermill Community Center,"
7953 A Central Ave, Capitol Heights, MD 20743","
kidsinmotionsummercamp.com","
(786) 991-7629",,,38.8509444,-79.2062142,basketball classes for kids,22212
Marvin Gaye Recreation Center,"
15 61st St NE, Washington, DC 20019","
dpr.dc.gov","
(202) 727-5432",,,38.8509444,-79.2062142,basketball classes for kids,22212
District Heights Recreation,"
15 61st St NE, Washington, DC 20019","
dpr.dc.gov","
(202) 727-5432",,,38.8509444,-79.2062142,basketball classes for kids,22212
Puregoaled Basketball Training,"
15 61st St NE, Washington, DC 20019","
dpr.dc.gov","
(202) 727-5432",,,38.8509444,-79.2062142,basketball classes for kids,22212
Rhythm Dribble,"
701 Montgomery St, Laurel, MD 20723","
rhythmdribble.com","
(240) 460-2220",,,38.8509444,-79.2062142,basketball classes for kids,22212
Suitland Community Center,"
5600 Regency Ln, Forestville, MD 20747","
pgparks.com","
(301) 736-3518",,,38.8509444,-79.2062142,basketball classes for kids,22212
Seat Pleasant Activity Center,"
5600 Regency Ln, Forestville, MD 20747","
pgparks.com","
(301) 736-3518",,,38.8509444,-79.2062142,basketball classes for kids,22212
3 The Hard Way Maryland Basketball Training,"
5600 Regency Ln, Forestville, MD 20747","
pgparks.com","
(301) 736-3518",,,38.8509444,-79.2062142,basketball classes for kids,22212
P.G. Thunder Basketball Organization,"
5600 Regency Ln, Forestville, MD 20747","
pgparks.com","
(301) 736-3518",,,38.8509444,-79.2062142,basketball classes for kids,22212
Cedar Heights Community Center,"
5600 Regency Ln, Forestville, MD 20747","
pgparks.com","
(301) 736-3518",,,38.1319444,-81.6379674,basketball classes for kids,22212
North Forestville Community Center,"
5600 Regency Ln, Forestville, MD 20747","
pgparks.com","
(301) 736-3518",,,38.1319444,-81.6379674,basketball classes for kids,22212
Higher Level Basketball,"
5600 Regency Ln, Forestville, MD 20747","
pgparks.com","
(301) 736-3518",,,38.8575844,-79.180971,basketball classes for kids,22212
"Lake Arbor Foundation, Inc.","
1399 Golf Course Dr, Mitchellville, MD 20721","
thelafi.org","
(301) 333-4630",,,38.8575844,-79.180971,basketball classes for kids,22212
Premier Basketball Camp,"
1399 Golf Course Dr, Mitchellville, MD 20721","
thelafi.org","
(301) 333-4630",,,38.8575844,-79.180971,basketball classes for kids,22212
Adventist HealthCare Sports Performance Institute,"
1399 Golf Course Dr, Mitchellville, MD 20721","
thelafi.org","
(301) 333-4630",,,38.8575844,-79.180971,basketball classes for kids,22212
Healthy Baller Rockville,"
1399 Golf Course Dr, Mitchellville, MD 20721","
thelafi.org","
(301) 333-4630",,,38.8575844,-79.180971,basketball classes for kids,22212
Elite Athlete Training Services,"
4980 Boiling Brook Pkwy, Rockville, MD 20852","
eliteathletetraining.com","
(240) 498-9647",,,38.8575844,-79.180971,basketball classes for kids,22212
Playmakers,"
4980 Boiling Brook Pkwy, Rockville, MD 20852","
eliteathletetraining.com","
(240) 498-9647",,,38.8575844,-79.180971,basketball classes for kids,22212
Hoops Basketball Center,"
4980 Boiling Brook Pkwy, Rockville, MD 20852","
eliteathletetraining.com","
(240) 498-9647",,,38.8575844,-79.180971,basketball classes for kids,22212
Money Mar Training,"
319 S West St, Charles Town, WV 25414","
realmmtraining.com","
(304) 671-5550",,,38.8427432,-79.1810245,basketball training for kids,22212
Unique Hoops Basketball Academy,"
319 S West St, Charles Town, WV 25414","
realmmtraining.com","
(304) 671-5550",,,38.8427432,-79.1810245,basketball training for kids,22212
Elias Beacom Basketball LLC,"
3910 Teays Valley Road, Hurricane, WV 25526","
ueniweb.com","
(304) 415-8509",,,38.4483794,-84.257627,basketball training for kids,22212
Hoopology,"
3910 Teays Valley Road, Hurricane, WV 25526","
ueniweb.com","
(304) 415-8509",,,38.4483794,-84.257627,basketball training for kids,22212
Athletic Performance Inc,"
3910 Teays Valley Road, Hurricane, WV 25526","
ueniweb.com","
(304) 415-8509",,,38.4483794,-84.257627,basketball training for kids,22212
DETAIL Mountain State,"
3910 Teays Valley Road, Hurricane, WV 25526","
ueniweb.com","
(304) 415-8509",,,38.4483794,-84.257627,basketball training for kids,22212
AIR KEV LLC,"
3910 Teays Valley Road, Hurricane, WV 25526","
airkev23.com","
(513) 837-1364",,,39.3560004,-86.6245254,basketball training for kids,22212
Sampson Basketball Academy,"
406 4th Ave, Mason, OH 45040","
airkev23.com","
(513) 837-1364",,,39.3560004,-86.6245254,basketball training for kids,22212
Winchester Storm Basketball,"
Facebook Instagram, 2040 Deyerle Ave # 106, Harrisonburg, VA 22801","
ralphsampsonbasketball.com",,,,38.42487,-81.1566759,basketball training for kids,22212
"BREAKAWAY Fitness, Inc","
Facebook Instagram, 2040 Deyerle Ave # 106, Harrisonburg, VA 22801","
ralphsampsonbasketball.com",,,,38.42487,-81.1566759,basketball training for kids,22212
South Hills Youth Basketball League,"
1573 Nottingham Rd, Charleston, WV 25314",,"
(304) 993-9340",,,38.3358035,-84.0045465,basketball training for kids,22212
Foundation Fitness of Cleveland Park,"
1573 Nottingham Rd, Charleston, WV 25314",,"
(304) 993-9340",,,38.3358035,-84.0045465,basketball training for kids,22212
Supreme Game Changers,"
1573 Nottingham Rd, Charleston, WV 25314",,"
(304) 993-9340",,,38.3358035,-84.0045465,basketball training for kids,22212
South Bowie Boys and Girls Club,,"
southbowiesharks.org",,,,38.9243643,-77.3908243,youth basketball league,22212
Prince George's Community College Baseball Field,"
Largo, MD 20774","
pgccowls.com","
(301) 546-0513",,,38.9243643,-77.3908243,youth basketball league,22212
Kettering Largo Mitchellville Boys & Girls Club,,"
klmbgc.com","
(240) 334-7612",,,38.9243643,-77.3908243,youth basketball league,22212
Vienna Youth Inc,"
2915 Hunter Mill Rd, Oakton, VA 22124","
vyi.org",,,,38.88229,-77.8772892,youth basketball league,22212
Springfield South County Youth Club (SYC),"
8704 Morrissette Dr, Springfield, VA 22152","
sycva.com","
(703) 339-3796",,,38.88229,-77.8772892,youth basketball league,22212
Kettering-Largo-Mitchellville Boys & Girls Club,,"
klmbgc.com","
(240) 334-7612",,,38.940229,-77.3810462,youth basketball league,22212
PROV12ION BASKETBALL ACADEMY,"
2600 Prado Ln, Marietta, GA 30066","
prov12ionhoopz.com","
(470) 234-4230",,,38.9393018,-77.3810495,basketball academy for kids,22212
Central Virginia Basketball Academy,"
2600 Prado Ln, Marietta, GA 30066","
prov12ionhoopz.com","
(470) 234-4230",,,38.9393018,-77.3810495,basketball academy for kids,22212
West Texas Basketball Academy,"
2600 Prado Ln, Marietta, GA 30066","
prov12ionhoopz.com","
(470) 234-4230",,,38.9393018,-77.3810495,basketball academy for kids,22212
PROV12ION BASKETBALL ACADEMY,"
2600 Prado Ln, Marietta, GA 30066","
prov12ionhoopz.com","
(470) 234-4230",,,38.9393018,-77.3810495,basketball academy for kids,22212
The Scoring Factory,"
2600 Prado Ln, Marietta, GA 30066","
prov12ionhoopz.com","
(470) 234-4230",,,38.9393018,-77.3810495,basketball academy for kids,22212
Clarke County Youth Basketball,"
11 Best Dr, Pittsburgh, PA 15202","
thescoringfactory.com",,,,38.9393018,-77.3810495,basketball academy for kids,22212
Basketball Court,"
3526 22nd St SE, Washington, DC 20020",,,,,38.9393018,-77.3810495,basketball academy for kids,22212
Prince George's Sports & Learning Complex,"
8001 Sheriff Rd, Landover, MD 20785","
pgparks.com","
(301) 583-2400",,,38.9393018,-77.3810495,basketball camp,22212
Wayne K. Curry Sports and Learning Center,"
8001 Sheriff Rd, Landover, MD 20785","
pgparks.com","
(301) 583-2400",,,38.9393018,-77.3810495,basketball camp,22212
Riverdale Baptist SportsPlex,"
1133 Largo Rd, Upper Marlboro, MD 20774","
rbsathletics.org","
(301) 249-1717",,,38.9393018,-77.3810495,basketball camp,22212
Palmer Park Community Center,"
7720 Barlowe Rd, Hyattsville, MD 20785","
pgparks.com","
(301) 773-5665",,,38.9393018,-77.3810495,basketball camp,22212
Walker Mill Regional Park,"
8840 Walker Mill Rd, District Heights, MD 20747","
pgparks.com","
(301) 699-2400",,,38.9393018,-77.3810495,basketball camp,22212
Bladensburg Community Center,"
4500 57th Ave, Bladensburg, MD 20710","
pgparks.com","
(301) 277-2124",,,38.9393018,-77.3810495,basketball camp,22212
Taylor Tuff Athletics,,"
taylortuffathletics.com","
(240) 375-7814",,,38.9393018,-77.3810495,basketball camp,22212
MergeE,"
619 Hampton Park Blvd Suite H, Capitol Heights, MD 20743","
mergeenterprise.com","
(202) 500-5151",,,38.9393018,-77.3810495,basketball skills training,22212
Coach Al Youth Sports & Fitness,"
619 Hampton Park Blvd Suite H, Capitol Heights, MD 20743","
mergeenterprise.com","
(202) 500-5151",,,38.9393018,-77.3810495,basketball skills training,22212
AU Basketball Skills -Adaptive and Inclusive Sports,"
403 Pembrooke Blvd, Baltimore, MD 21224","
aubasketballskills.com","
(443) 806-8226",,,38.9393018,-77.3810495,basketball skills training,22212
2Devoted Basketball,,"
2devoted.com","
(240) 678-4066",,,38.9393018,-77.3810495,basketball skills training,22212
Pro Skills Basketball - Baltimore,,"
2devoted.com","
(240) 678-4066",,,38.9393018,-77.3810495,basketball skills training,22212
Sideline Prep,,"
2devoted.com","
(240) 678-4066",,,38.9393018,-77.3810495,basketball skills training,22212
APLUS Martial Arts & Athletics,,"
2devoted.com","
(240) 678-4066",,,38.9393018,-77.3810495,basketball skills training,22212
SPDBasketball,"
4206 Lavender Ln, Bowie, MD 20720","
sidelineprep.com","
(703) 582-8772",,,38.9393018,-77.3810495,basketball skills training,22212
Soccer Shots Northwestern Virginia,,"
soccershots.com","
(540) 336-8620",,,38.9393018,-77.3810495,soccer classes for kids,22212
SocRoc,"
44 W 74th St, New York, NY 10023","
socrocnyc.com","
(917) 703-0409",,,38.9393018,-77.3810495,soccer classes for kids,22212
Soccer For Fun,"
44 W 74th St, New York, NY 10023","
socrocnyc.com","
(917) 703-0409",,,38.9393018,-77.3810495,soccer classes for kids,22212
Keith Van Eron Pro Soccer Club,"
44 W 74th St, New York, NY 10023","
socrocnyc.com","
(917) 703-0409",,,38.9393018,-77.3810495,soccer classes for kids,22212
Front Royal Soccer Association,"
44 W 74th St, New York, NY 10023","
socrocnyc.com","
(917) 703-0409",,,38.9393018,-77.3810495,soccer classes for kids,22212
Soccer Stars,"
44 W 74th St, New York, NY 10023","
socrocnyc.com","
(917) 703-0409",,,38.9393018,-77.3810495,soccer classes for kids,22212
West Virginia Soccer,"
300 Washington Patriots Dr, Charles Town, WV 25414","
wvsoccer.com",,,,38.9393018,-77.3810495,soccer classes for kids,22212
Louisa Area Soccer Association,"
300 Washington Patriots Dr, Charles Town, WV 25414","
wvsoccer.com",,,,38.9393018,-77.3810495,soccer classes for kids,22212
Soccer School of Maryland,,,"
(443) 837-5865",,,38.9393018,-77.3810495,soccer classes for kids,22212
Soccer Shots New Castle County,,"
soccershots.com","
(302) 222-6184",,,38.9393018,-77.3810495,soccer classes for kids,22212
Woodland Wonderland Playground,,"
soccershots.com","
(302) 222-6184",,,38.9393018,-77.3810495,soccer classes for kids,22212
Walker Mill Skate Park,"
8001 Walker Mill Rd, Capitol Heights, MD 20743","
pgparks.com",,,,38.9393018,-77.3810495,soccer classes for kids,22212
Soccer Shots Medina/Akron/Canton/Youngstown,,"
soccershots.com","
(330) 802-3480",,,38.9393018,-77.3810495,soccer classes for kids,22212
VS GRAPHICS,,"
soccershots.com","
(330) 802-3480",,,38.9393018,-77.3810495,soccer classes for kids,22212
Soccer Shots Columbus,,"
soccershots.com","
(330) 802-3480",,,38.9393018,-77.3810495,soccer classes for kids,22212
Diamond Soccer,,"
diamondsoccerusa.info","
(856) 404-7908",,,38.9393018,-77.3810495,soccer classes for kids,22212
"Elite Level Soccer, LLC",,"
elitelvlsoccer.com","
(540) 692-9123",,,38.9393018,-77.3810495,soccer classes for kids,22212
Golden Ball Soccer Academy,,"
elitelvlsoccer.com","
(540) 692-9123",,,38.9393018,-77.3810495,soccer classes for kids,22212
NPC FF,,"
elitelvlsoccer.com","
(540) 692-9123",,,38.9393018,-77.3810495,soccer classes for kids,22212
Global Impact Sport,"
10100 Lake Arbor Way, Bowie, MD 20721","
globalimpactsport.com","
(240) 305-2394",,,38.9393018,-77.3810495,youth soccer programs,22212
Bowie FC Soccer,"
2614 Kenhill Dr #113, Bowie, MD 20715","
bowiesoccer.com","
(301) 541-3410",,,38.9393018,-77.3810495,youth soccer programs,22212
Sandy Spring Soccer Club,"
901 Olney Sandy Spring Rd #302, Sandy Spring, MD 20860","
sandyspringsoccer.com","
(301) 613-9065",,,38.9393018,-77.3810495,youth soccer programs,22212
Southern Maryland Youth Organization,"
8210 Marshall Corner Rd, Pomfret, MD 20675","
smyo.org",,,,38.9393018,-77.3810495,youth soccer programs,22212
CVRL - Charles Village Rec League & Youth Soccer Club,"
Beechwood Dr, Baltimore, MD 21215","
charlesvillagerec.org",,,,38.9393018,-77.3810495,youth soccer programs,22212
Future Soccer Club,"
9332 Annapolis Rd #301, Lanham, MD 20706","
futuresoccerclub.org","
(202) 344-5139",,,38.9393018,-77.3810495,soccer academy for kids,22212
The GOAT Farm Soccer Academy,"
17600 Mill Branch Pl, Bowie, MD 20716","
goatfarmsocceracademy.com","
(202) 810-1781",,,38.9393018,-77.3810495,soccer academy for kids,22212
DMV MarksMen Soccer & Mentoring,"
3330 Northview Dr, Bowie, MD 20715","
marksmenelite.com",,,,38.9393018,-77.3810495,soccer academy for kids,22212
Grace Kids Soccer Academy,"
3330 Northview Dr, Bowie, MD 20715","
marksmenelite.com",,,,38.9393018,-77.3810495,soccer academy for kids,22212
Odenton Soccer Academy,"
3330 Northview Dr, Bowie, MD 20715","
marksmenelite.com",,,,38.9393018,-77.3810495,soccer academy for kids,22212
NCA TIGER’S FC,"
2916 Nicholson St, Hyattsville, MD 20782","
pgsatigers-socceracademy.com","
(240) 472-9593",,,38.9393018,-77.3810495,soccer academy for kids,22212
DeMatha Soccer,"
2916 Nicholson St, Hyattsville, MD 20782","
pgsatigers-socceracademy.com","
(240) 472-9593",,,38.9393018,-77.3810495,soccer academy for kids,22212
Shootaz Soccer Academy,"
2916 Nicholson St, Hyattsville, MD 20782","
pgsatigers-socceracademy.com","
(240) 472-9593",,,38.9393018,-77.3810495,soccer academy for kids,22212
Soccer By Rachel,"
13611 Robey Rd, Silver Spring, MD 20904","
shootazsocceracademy.com","
(240) 486-5450",,,38.9393018,-77.3810495,soccer academy for kids,22212
DC Sparks Soccer Academy,"
13611 Robey Rd, Silver Spring, MD 20904","
shootazsocceracademy.com","
(240) 486-5450",,,38.9393018,-77.3810495,soccer academy for kids,22212
Aspen Hill Soccer Club,"
3460 Olney Laytonsville Rd #222, Olney, MD 20832","
aspenhillsoccer.org","
(240) 722-6709",,,38.9393018,-77.3810495,soccer academy for kids,22212
Sergio's Soccer Training,"
6101 Old Dobbin Ln, Columbia, MD 21045","
trainsst.com","
(435) 890-8556",,,38.9393018,-77.3810495,soccer academy for kids,22212
Montgomery Soccer Academy,"
6101 Old Dobbin Ln, Columbia, MD 21045","
trainsst.com","
(435) 890-8556",,,38.9393018,-77.3810495,soccer academy for kids,22212
Denison Cabral Futsal Academy,"
6101 Old Dobbin Ln, Columbia, MD 21045","
trainsst.com","
(435) 890-8556",,,38.9393018,-77.3810495,soccer academy for kids,22212
Grassroots Soccer Academy,"
6101 Old Dobbin Ln, Columbia, MD 21045","
trainsst.com","
(435) 890-8556",,,38.9393018,-77.3810495,soccer academy for kids,22212
Touch Kings FC Soccer Club,"
6101 Old Dobbin Ln, Columbia, MD 21045","
trainsst.com","
(435) 890-8556",,,38.9393018,-77.3810495,soccer academy for kids,22212
Cosmo Stars Soccer Club (CSSC),"
6101 Old Dobbin Ln, Columbia, MD 21045","
trainsst.com","
(435) 890-8556",,,38.9393018,-77.3810495,soccer academy for kids,22212
Dutch Soccer School,"
6101 Old Dobbin Ln, Columbia, MD 21045","
trainsst.com","
(435) 890-8556",,,38.9393018,-77.3810495,soccer academy for kids,22212
Soccer Association of Columbia,"
4560 Centennial Ln, Ellicott City, MD 21042","
sackick.com","
(410) 203-9590",,,38.9393018,-77.3810495,soccer academy for kids,22212
Columbia Soccer Club,"
4560 Centennial Ln, Ellicott City, MD 21042","
sackick.com","
(410) 203-9590",,,38.9393018,-77.3810495,soccer academy for kids,22212
Oni Premier Soccer Academy,"
4560 Centennial Ln, Ellicott City, MD 21042","
sackick.com","
(410) 203-9590",,,38.9393018,-77.3810495,soccer academy for kids,22212
Severn Athletic Club-Soccer,"
4560 Centennial Ln, Ellicott City, MD 21042","
sackick.com","
(410) 203-9590",,,38.9393018,-77.3810495,soccer academy for kids,22212
Arundel Soccer Association,"
4560 Centennial Ln, Ellicott City, MD 21042","
sackick.com","
(410) 203-9590",,,38.9393018,-77.3810495,soccer academy for kids,22212
Academia de Futbol de Glen Burnie,"
4560 Centennial Ln, Ellicott City, MD 21042","
sackick.com","
(410) 203-9590",,,38.9393018,-77.3810495,soccer academy for kids,22212
Stellar Fc,"
4560 Centennial Ln, Ellicott City, MD 21042","
sackick.com","
(410) 203-9590",,,38.9393018,-77.3810495,soccer academy for kids,22212
USA Elite Soccer Academy,"
4560 Centennial Ln, Ellicott City, MD 21042","
sackick.com","
(410) 203-9590",,,38.9393018,-77.3810495,soccer academy for kids,22212
Arundel Soccer Association,,"
stellar-fc.ueniweb.com","
(301) 785-2282",,,38.9393018,-77.3810495,soccer academy for kids,22212
Cambridge Soccer Academy,,"
stellar-fc.ueniweb.com","
(301) 785-2282",,,38.9393018,-77.3810495,soccer academy for kids,22212
Cannon Soccer Academy,,"
stellar-fc.ueniweb.com","
(301) 785-2282",,,38.9393018,-77.3810495,soccer academy for kids,22212
Champions Soccer Training,,"
stellar-fc.ueniweb.com","
(301) 785-2282",,,38.9393018,-77.3810495,soccer academy for kids,22212
Manchester City Youth Soccer Classes - Columbia,,"
stellar-fc.ueniweb.com","
(301) 785-2282",,,38.9393018,-77.3810495,soccer academy for kids,22212
Gibson Performance Training,"
1937 Greenspring Dr, Timonium, MD 21093","
championsst.com",,,,38.9393018,-77.3810495,soccer academy for kids,22212
PAC Soccer Training,"
1937 Greenspring Dr, Timonium, MD 21093","
championsst.com",,,,38.9393018,-77.3810495,soccer academy for kids,22212
Maryland Players Academy,"
9100 E Hampton Dr a2, Capitol Heights, MD 20743","
gibsonpt.com","
(240) 893-3365",,,38.9393018,-77.3810495,soccer academy for kids,22212
H. Winship Wheatley ECC,"
9100 E Hampton Dr a2, Capitol Heights, MD 20743","
gibsonpt.com","
(240) 893-3365",,,38.9393018,-77.3810495,soccer academy for kids,22212
Thomas G. Pullen K-8 Creative and Performing Arts School,"
9100 E Hampton Dr a2, Capitol Heights, MD 20743","
gibsonpt.com","
(240) 893-3365",,,38.9393018,-77.3810495,soccer academy for kids,22212
Gold's Gym,"
9100 E Hampton Dr a2, Capitol Heights, MD 20743","
gibsonpt.com","
(240) 893-3365",,,38.9393018,-77.3810495,soccer academy for kids,22212
Coerver United Soccer Camps - Gambrills,"
740 MD-3 South, Gambrills, MD 21054","
coerverunited.com","
(443) 534-9686",,,38.9393018,-77.3810495,soccer camp for kids,22212
Coerver United - Soccer Camps,"
316 Raussell Pl, Severna Park, MD 21146","
coerverunited.com","
(443) 534-9686",,,38.9393018,-77.3810495,soccer camp for kids,22212
Coerver United Soccer Camps - Owings Mills,"
Unnamed Road, Garrison, MD 21117","
coerverunited.com","
(443) 534-9686",,,38.9393018,-77.3810495,soccer camp for kids,22212
P2 Soccer Training,,"
p2.soccer","
(312) 809-6160",,,38.9393018,-77.3810495,soccer camp for kids,22212
Soccer Stars,,"
p2.soccer","
(312) 809-6160",,,38.9393018,-77.3810495,soccer camp for kids,22212
City of Falls Church Community Center,"
223 Little Falls St, Falls Church, VA 22046","
fallschurchva.gov","
(703) 248-5077",,,38.8861012,-77.3159377,basketball classes for kids,22213
James Lee Community Center,"
2855 Annandale Rd #114, Falls Church, VA 22042","
fairfaxcounty.gov","
(703) 534-3387",,,38.8861012,-77.3159377,basketball classes for kids,22213
Onelife Fitness - Falls Church,"
1000 E Broad St, Falls Church, VA 22042","
onelifefitness.com","
(571) 533-3608",,,38.8861012,-77.3159377,basketball classes for kids,22213
Greenbrier Park,"
2700 N Greenbrier St, Arlington, VA 22207","
arlingtonva.us","
(703) 228-6525",,,38.8861012,-77.3159377,basketball classes for kids,22213
Madison Manor Park,"
2700 N Greenbrier St, Arlington, VA 22207","
arlingtonva.us","
(703) 228-6525",,,38.8861012,-77.3159377,basketball classes for kids,22213
Tuckahoe Recreation Club,"
1814 Great Falls St, McLean, VA 22101","
tuckahoe.net","
(703) 356-1205",,,38.8861012,-77.3159377,basketball classes for kids,22213
Cherry Hill Park,"
312 Park Ave, Falls Church, VA 22046","
fallschurchva.gov","
(703) 248-5171",,,38.8861012,-77.3159377,basketball classes for kids,22213
McLean Swim & Tennis Association,"
1700 Margie Dr, McLean, VA 22101","
mcleanswimandtennis.org","
(703) 821-9317",,,38.8861012,-77.3159377,basketball classes for kids,22213
Chestnut Hills Park,"
2807 N Harrison St, Arlington, VA 22207","
arlingtonva.us","
(703) 228-6525",,,38.8861012,-77.3159377,basketball classes for kids,22213
Bishop O'Connell High School,"
6600 Little Falls Rd, Arlington, VA 22213","
bishopoconnell.org","
(703) 237-1400",,,38.8861012,-77.3159377,basketball classes for kids,22213
Olney Park,"
1840 Olney Rd, Falls Church, VA 22043","
fairfaxcounty.gov","
(703) 324-8732",,,38.8861012,-77.3159377,basketball classes for kids,22213
Tysons Playground,"
8504 Tyco Rd, Tysons, VA 22182","
tysonsplayground.com","
(703) 544-9477",,,38.9329987,-77.3833017,basketball classes for kids,22213
Yorktown High School,"
8504 Tyco Rd, Tysons, VA 22182","
tysonsplayground.com","
(703) 544-9477",,,38.9329987,-77.3833017,basketball classes for kids,22213
Benjamin Banneker Dog Park,"
8504 Tyco Rd, Tysons, VA 22182","
tysonsplayground.com","
(703) 544-9477",,,38.9329987,-77.3833017,basketball classes for kids,22213
Arlington - Harrison St,"
2443 N Harrison St Stores 10A & 10B, Arlington, VA 22207","
locations.atipt.com","
(571) 533-3686",,,38.8823074,-77.2997347,basketball classes for kids,22213
Haycock Longfellow Park,"
2443 N Harrison St Stores 10A & 10B, Arlington, VA 22207","
locations.atipt.com","
(571) 533-3686",,,38.8823074,-77.2997347,basketball classes for kids,22213
Cavalier Trail Park,"
600 S Maple Ave, Falls Church, VA 22046","
fallschurchva.gov","
(703) 248-5077",,,38.8822495,-77.2997349,basketball training for kids,22213
Benjamin Banneker Park,"
6620 18th St N, Arlington, VA 22205","
arlingtonva.us","
(703) 228-6525",,,38.7698797,-77.4361973,youth basketball league,22213
City of Falls Church Recreation & Parks,"
223 Little Falls St, Falls Church, VA 22046","
fallschurchva.gov","
(703) 248-5077",,,38.7698797,-77.4361973,youth basketball league,22213
Madison Park,"
334 Lawton St, Falls Church, VA 22046","
fallschurchva.gov","
(703) 248-5001",,,38.7698797,-77.4361973,youth basketball league,22213
B5 Sports Center,"
44710 Cape Ct # 102, Ashburn, VA 20147","
b5basketball.com","
(703) 727-3587",,,39.0186509,-77.7421722,basketball academy for kids,22213
Amazing Athletes,,"
amazingathletes.com","
(301) 882-2362",,,39.14211,-77.3926876,basketball academy for kids,22213
Sleepy Hollow Recreation Association,"
3538 Sleepy Hollow Rd, Falls Church, VA 22041","
shrasharks.org","
(703) 941-0456",,,38.8807787,-77.2189798,basketball skills training,22213
Pure Motion Athletics,"
3538 Sleepy Hollow Rd, Falls Church, VA 22041","
shrasharks.org","
(703) 941-0456",,,38.8807787,-77.2189798,basketball skills training,22213
Go West Tennis,"
3538 Sleepy Hollow Rd, Falls Church, VA 22041","
shrasharks.org","
(703) 941-0456",,,38.8807787,-77.2189798,basketball skills training,22213
Elevate Sports Training,"
136A Maple Ave W, Vienna, VA 22180","
est-va.com",,,,38.8807787,-77.2189798,basketball skills training,22213
McLean Racquet & Health Club,"
136A Maple Ave W, Vienna, VA 22180","
est-va.com",,,,38.8807787,-77.2189798,basketball skills training,22213
Holmes Run Acres Recreation Association,"
3451 Gallows Rd, Falls Church, VA 22042","
holmesrunpool.org","
(703) 560-2750",,,38.8807787,-77.2189798,basketball skills training,22213
Onelife Fitness - McLean,"
3451 Gallows Rd, Falls Church, VA 22042","
holmesrunpool.org","
(703) 560-2750",,,38.8807787,-77.2189798,basketball skills training,22213
DTL | Down the Line Sports Center,"
3451 Gallows Rd, Falls Church, VA 22042","
holmesrunpool.org","
(703) 560-2750",,,38.8807787,-77.2189798,basketball skills training,22213
Preparation Fitness,"
3451 Gallows Rd, Falls Church, VA 22042","
holmesrunpool.org","
(703) 560-2750",,,38.8807787,-77.2189798,basketball skills training,22213
Onelife Fitness - Tysons,"
3451 Gallows Rd, Falls Church, VA 22042","
holmesrunpool.org","
(703) 560-2750",,,38.8807787,-77.2189798,basketball skills training,22213
Blacksmith Guild Of The Potomac,"
3451 Gallows Rd, Falls Church, VA 22042","
holmesrunpool.org","
(703) 560-2750",,,38.8807787,-77.2189798,basketball skills training,22213
Williamsburg MS Soccer fields,"
5241 36th St N, Arlington, VA 22207",,,,,38.8807787,-77.2189798,soccer classes for kids,22213
Larry Graves Park,"
300 Hillwood Ave, Falls Church, VA 22046","
fallschurchva.gov","
(703) 248-5077",,,38.8807787,-77.2189798,soccer classes for kids,22213
The Brazilian Soccer School,,"
thebraziliansoccer.info","
(202) 867-8767",,,38.8807787,-77.2189798,soccer classes for kids,22213
Sport Fair Inc,"
5010 Langston Blvd., Arlington, VA 22207","
sportfairusa.com","
(703) 524-9500",,,38.8807787,-77.2189798,soccer classes for kids,22213
Seven Corners Children's Center,"
6129 Willston Dr, Falls Church, VA 22044","
sevencornerschildrenscenter.org","
(703) 532-4262",,,38.8807787,-77.2189798,soccer classes for kids,22213
McLean Little League,"
6129 Willston Dr, Falls Church, VA 22044","
sevencornerschildrenscenter.org","
(703) 532-4262",,,38.8807787,-77.2189798,soccer classes for kids,22213
Demosphere,"
Mosby Finance Unit - Post Office, 6533 Arlington Blvd Ste A #2429, Falls Church, VA 22042","
demosphere.com","
(703) 536-1600",,,38.8807787,-77.2189798,soccer classes for kids,22213
Our Small World Children's Center,"
1700 Great Falls St, McLean, VA 22101",,"
(703) 893-3889",,,38.8807787,-77.2189798,soccer classes for kids,22213
"Dr. Roselyne Gichana, DMD","
1700 Great Falls St, McLean, VA 22101",,"
(703) 893-3889",,,38.8807787,-77.2189798,soccer classes for kids,22213
Williamsburg Middle School,"
3600 N Harrison St, Arlington, VA 22207","
williamsburg.apsva.us","
(703) 228-5450",,,38.8807787,-77.2189798,soccer classes for kids,22213
Perfect Performance NOVA,"
8524A Tyco Rd, Vienna, VA 22182","
perfect-performancenova.com","
(571) 378-0078",,,38.8807787,-77.2189798,soccer training for kids,22213
Tuckahoe Park,"
2400 N Sycamore St, Arlington, VA 22207","
arlingtonva.us","
(703) 228-6525",,,38.8807787,-77.2189798,soccer training for kids,22213
DICK'S Sporting Goods,"
2400 N Sycamore St, Arlington, VA 22207","
arlingtonva.us","
(703) 228-6525",,,38.8807787,-77.2189798,soccer training for kids,22213
Capstone Performance Training - Bailey's Crossroads,"
3431 Carlin Springs Rd Suite E, Falls Church, VA 22041","
capstoneperformancetraining.com","
(703) 249-9957",,,38.8807787,-77.2189798,soccer training for kids,22213
Tiny Troops Soccer - Joint Base Anacostia-Bolling/Alexandria,,"
tinytroopssoccer.com",,,,38.8807787,-77.2189798,soccer training for kids,22213
Powhatan Springs Park,"
6020 Wilson Blvd, Arlington, VA 22205","
arlingtonva.us","
(703) 228-6525",,,38.8807787,-77.2189798,soccer training for kids,22213
Golf Galaxy Performance Center,"
6020 Wilson Blvd, Arlington, VA 22205","
arlingtonva.us","
(703) 228-6525",,,38.8807787,-77.2189798,soccer training for kids,22213
Charles A. Stewart Park,"
2400 N Underwood St, Arlington, VA 22213","
arlingtonva.us","
(703) 228-6525",,,38.8807787,-77.2189798,youth soccer programs,22213
DMV FC,,"
dmvfc.org","
(304) 212-8444",,,38.8807787,-77.2189798,youth soccer programs,22213
Scramble Falls Church,"
130 E Fairfax St, Falls Church, VA 22046","
goscramble.com","
(703) 665-1343",,,38.8807787,-77.2189798,soccer academy for kids,22213
"STRIKELAB – Falls Church, VA","
1000 E Broad St, Falls Church, VA 22042","
strikelabfitness.com","
(703) 299-0031",,,38.8807787,-77.2189798,soccer academy for kids,22213
Arlington Rugby Academy,,"
arlingtonrugbyacademy.com","
(703) 585-3063",,,38.8807787,-77.2189798,soccer academy for kids,22213
Marymount University-Men's Lacrosse,,"
arlingtonrugbyacademy.com","
(703) 585-3063",,,38.8807787,-77.2189798,soccer academy for kids,22213
Instructor's Choice Driving,"
118 E Broad St, Falls Church, VA 22046","
icdrivingschool.com","
(703) 527-4444",,,38.8807787,-77.2189798,soccer academy for kids,22213
THE LITTLEGIANT MUAY THAI,"
6310 Seven Corners Center, Falls Church, VA 22044","
thelittlegiantmuaythai.com","
(571) 371-8454",,,38.8807787,-77.2189798,soccer academy for kids,22213
Potomac Valley Basketball,"
12276 Wilkins Ave #218, Rockville, MD 20852","
pvbl.org","
(240) 654-5840",,,39.056153,-79.4194701,basketball classes for kids,22214
First Sound Training LLC.,,,,,,39.0412898,-79.4195234,basketball training for kids,22214
JFK Hockey Fields,"
1964 Independence Ave SW, Washington, DC 20004","
nps.gov","
(202) 426-6841",,,39.0264283,-79.4195768,youth basketball league,22214
White House Basketball Court,"
1600 Pennsylvania Ave NW, Washington, DC 20500","
obamawhitehouse.archives.gov","
(202) 456-1414",,,39.0264283,-79.4195768,youth basketball league,22214
Pro-Fit Basketball Training,"
4960 Boiling Brook Pkwy, North Bethesda, MD 20852","
profitathletes.com","
(443) 879-3721",,,39.0115683,-79.4196301,basketball academy for kids,22214
Thomas Jefferson Park Tennis Courts 🎾,"
3501 2nd St S, Arlington, VA 22204","
arlingtonva.us","
(703) 228-6525",,,38.8802083,-77.2135132,basketball skills training,22214
Four Mile Run Park Soccer Field,"
Four Mile Run Park Trail, Alexandria, VA 22305","
alexandriava.gov","
(703) 746-5554",,,38.8801504,-77.2135134,soccer classes for kids,22214
Soccer Field,"
Brightwood, DC 20011",,,,,38.8801504,-77.2135134,soccer classes for kids,22214
DC Soccer Federation,"
599 S Capitol St SW, Washington, DC 20024","
dcsoccerfederation.org",,,,38.8800925,-77.2135136,soccer training for kids,22214
The Fields At RFK Campus,"
599 S Capitol St SW, Washington, DC 20024","
dcsoccerfederation.org",,,,38.8800925,-77.2135136,soccer training for kids,22214
DCXI Project,"
599 S Capitol St SW, Washington, DC 20024","
dcsoccerfederation.org",,,,38.8800925,-77.2135136,soccer training for kids,22214
vasquezsocceracademy,"
731 Elden St, Herndon, VA 20170",,"
(703) 955-0989",,,38.8800925,-77.2135136,soccer academy for kids,22214
Barça Academy Northern Virginia,"
731 Elden St, Herndon, VA 20170",,"
(703) 955-0989",,,38.8800925,-77.2135136,soccer academy for kids,22214
Lubber Run Gym,"
Lubber Run Community Center, 300 N Park Dr, Arlington, VA 22203","
arlingtonva.us",,,,38.8734764,-77.4029836,basketball classes for kids,22215
Carlin Hall Community Center,"
5711 4th St S, Arlington, VA 22204","
arlingtonva.us","
(703) 379-1390",,,38.8734764,-77.4029836,basketball classes for kids,22215
Swishology Athletics,"
4439 Old Tavern Rd, The Plains, VA 20198","
swishologyathletics.com","
(951) 760-2571",,,38.8548929,-78.0635035,basketball training for kids,22215
Lion Heart Sports Club,"
2202 Richmond Hwy, Stafford, VA 22554","
lionheartsportsclub.com","
(540) 903-3655",,,38.8492157,-78.5581244,basketball academy for kids,22215
DP Basketball Training,"
75 Lawson Rd SE, Leesburg, VA 20175",,"
(540) 421-1849",,,38.8492157,-78.5581244,basketball academy for kids,22215
Winmore Basketball Academy,"
75 Lawson Rd SE, Leesburg, VA 20175",,"
(540) 421-1849",,,38.8492157,-78.5581244,basketball academy for kids,22215
William Ramsay Recreation Center,"
5650 Sanger Ave, Alexandria, VA 22311","
alexandriava.gov","
(703) 746-5558",,,38.8271708,-77.4187877,basketball camp,22215
Patrick Henry Recreation Center,"
4653 Taney Ave, Alexandria, VA 22304","
alexandriava.gov","
(703) 746-5557",,,38.8271708,-77.4187877,basketball camp,22215
Manassas Soccer Club,"
99 Adams St, Manassas Park, VA 20111","
msclions.com","
(216) 246-1969",,,38.7832763,-77.7509694,soccer classes for kids,22215
Vint Hill Grassroots Soccer,"
4235 Aiken Dr, Warrenton, VA 20187","
vinthillgrassrootssoccer.com","
(703) 568-0327",,,38.742157,-78.835093,soccer training for kids,22215
Fauquier County Soccer Club,"
4235 Aiken Dr, Warrenton, VA 20187","
vinthillgrassrootssoccer.com","
(703) 568-0327",,,38.742157,-78.835093,soccer training for kids,22215
TF Futbal,"
4235 Aiken Dr, Warrenton, VA 20187","
vinthillgrassrootssoccer.com","
(703) 568-0327",,,38.742157,-78.835093,soccer training for kids,22215
Virginia Soccer Association,"
4235 Aiken Dr, Warrenton, VA 20187","
vinthillgrassrootssoccer.com","
(703) 568-0327",,,38.742157,-78.835093,soccer training for kids,22215
The GOAT Lab Sports Performance Academy,"
17600 Mill Branch Pl, Bowie, MD 20716","
goatlabperformance.com","
(202) 810-1781",,,38.742157,-78.835093,soccer training for kids,22215
Rockville Soccer Club,"
13000 MD-586, Rockville, MD 20850","
rockvillesoccerclub.com","
(240) 876-2758",,,38.742157,-78.835093,youth soccer programs,22215
Maryland Fusion Soccer,"
10921 Deborah Dr, Rockville, MD 20854","
mdfusionsoccer.com","
(202) 746-0844",,,38.742157,-78.835093,youth soccer programs,22215
Bethesda Soccer Club,"
8717 Grovemont Cir, Gaithersburg, MD 20877","
bethesdasoccer.org","
(240) 477-2504",,,38.742157,-78.835093,youth soccer programs,22215
Soccer Plant,"
9050 Red Branch Rd a, Columbia, MD 21045","
soccerplant.com","
(443) 594-6355",,,38.742157,-78.835093,youth soccer programs,22215
Damascus Soccer Club Inc,"
9050 Red Branch Rd a, Columbia, MD 21045","
soccerplant.com","
(443) 594-6355",,,38.742157,-78.835093,youth soccer programs,22215
Mid-Atlantic Soccer,"
9375 Chadburn Pl, Gaithersburg, MD 20886",,"
(202) 329-5174",,,38.742157,-78.835093,youth soccer programs,22215
Goal Soccer Club,"
8400 Contee Rd, Laurel, MD 20708","
gooalsoccerclub.com","
(240) 579-8382",,,38.742157,-78.835093,youth soccer programs,22215
Linthicum Ferndale Youth Athletic Association Soccer,"
8400 Contee Rd, Laurel, MD 20708","
gooalsoccerclub.com","
(240) 579-8382",,,38.742157,-78.835093,youth soccer programs,22215
Samimi Soccer Academy,"
402 King Farm Blvd Ste 125 # 1061, Rockville, MD 20850","
samimisocceracademy.com","
(240) 222-1121",,,38.742157,-78.835093,soccer academy for kids,22215
Xeneizes MD Soccer Academy,"
402 King Farm Blvd Ste 125 # 1061, Rockville, MD 20850","
samimisocceracademy.com","
(240) 222-1121",,,38.742157,-78.835093,soccer academy for kids,22215
FCI Soccer Academy Inc,"
402 King Farm Blvd Ste 125 # 1061, Rockville, MD 20850","
samimisocceracademy.com","
(240) 222-1121",,,38.742157,-78.835093,soccer academy for kids,22215
Tekima Soccer Academy,"
18233 Flower Hill Way, Gaithersburg, MD 20879",,"
(240) 241-2588",,,38.742157,-78.835093,soccer academy for kids,22215
Exposure Soccer Training,"
18233 Flower Hill Way, Gaithersburg, MD 20879",,"
(240) 241-2588",,,38.742157,-78.835093,soccer academy for kids,22215
The Soccer Factory Maryland,"
98 Industry Ln, Forest Hill, MD 21050","
soccerfactorymd.com","
(443) 966-2250",,,38.742157,-78.835093,soccer academy for kids,22215
BUC - Brazilian United Soccer,"
1125 West St #317, Annapolis, MD 21401","
brazilianunited.com","
(240) 377-2049",,,38.742157,-78.835093,soccer camp for kids,22215
HP Elite & Beyond,"
1125 West St #317, Annapolis, MD 21401","
brazilianunited.com","
(240) 377-2049",,,38.742157,-78.835093,soccer camp for kids,22215
CAA Youth Sports - Soccer Fields,"
202 Ingleside Ave, Catonsville, MD 21228","
caayouthsports.sportngin.com","
(410) 747-7920",,,38.742157,-78.835093,soccer camp for kids,22215
Warrior Soccer Training Inc.,"
11437 Pulaski Hwy Suite 3&4, White Marsh, MD 21162","
warriorsoccertraining.com","
(410) 652-8811",,,38.742157,-78.835093,soccer camp for kids,22215
Coerver United Soccer Camps - Hampstead,"
11437 Pulaski Hwy Suite 3&4, White Marsh, MD 21162","
warriorsoccertraining.com","
(410) 652-8811",,,38.742157,-78.835093,soccer camp for kids,22215
Coppermine Soccer Club,"
11437 Pulaski Hwy Suite 3&4, White Marsh, MD 21162","
warriorsoccertraining.com","
(410) 652-8811",,,38.742157,-78.835093,soccer camp for kids,22215
Youth Elite Soccer,"
9722 Groffs Mill Dr, Owings Mills, MD 21117","
youthesoccer.com","
(617) 237-7795",,,38.742157,-78.835093,soccer camp for kids,22215
BCRP Soccer,"
9722 Groffs Mill Dr, Owings Mills, MD 21117","
youthesoccer.com","
(617) 237-7795",,,38.742157,-78.835093,soccer camp for kids,22215
Harford Soccer Camp,"
715 Moores Mill Rd, Bel Air, MD 21014","
harfordsoccercamp.com","
(410) 688-2830",,,38.742157,-78.835093,soccer camp for kids,22215
Coppermine Norris Field,"
5602 Cottonworth Ave, Baltimore, MD 21209","
gocoppermine.com","
(410) 337-7781",,,38.742157,-78.835093,soccer camp for kids,22215
Soccer Without Borders,"
3700 Eastern Ave, Baltimore, MD 21224","
soccerwithoutborders.org","
(857) 264-0097",,,38.742157,-78.835093,soccer camp for kids,22215
Crab Kickers,"
3700 Eastern Ave, Baltimore, MD 21224","
soccerwithoutborders.org","
(857) 264-0097",,,38.742157,-78.835093,soccer camp for kids,22215
Coerver United Soccer Camps - Westminster,"
3700 Eastern Ave, Baltimore, MD 21224","
soccerwithoutborders.org","
(857) 264-0097",,,38.742157,-78.835093,soccer camp for kids,22215
Washington-Liberty High School,"
1301 N Stafford St, Arlington, VA 22201","
wl.apsva.us","
(703) 228-6200",,,38.8881815,-79.4174974,basketball classes for kids,22216
Bearded Goat Barber,"
4201 Wilson Blvd #145, Arlington, VA 22203","
beardedgoatbarber.com","
(703) 243-5476",,,38.8881815,-79.4174974,basketball classes for kids,22216
MetroBall Youth Outreach,"
100 N St NW, Washington, DC 20001","
metroball.org","
(240) 832-9351",,,38.8584939,-79.4176043,youth basketball league,22216
Sports City U Basketball,"
3542 Teays Valley Road, Hurricane, WV 25526",,"
(304) 562-2424",,,38.4441276,-84.2921546,youth basketball league,22216
Upward Sports League of Winchester,"
2080 N Frederick Pike, Winchester, VA 22603","
wincog.com","
(540) 667-8017",,,39.2199255,-80.5005818,youth basketball league,22216
Columbia Heights Community Center,"
1480 Girard St NW, Washington, DC 20009","
dpr.dc.gov","
(202) 671-0373",,,38.9538597,-77.2959216,basketball camp,22216
Headfirst Companies,"
1400 16th St NW Suite 720, Washington, DC 20036","
headfirstcamps.com","
(202) 625-1921",,,38.9538597,-77.2959216,basketball camp,22216
Jess McLaughlin Soccer Training,"
5237 Pommeroy Dr, Fairfax, VA 22032","
coachjess21.wixsite.com","
(703) 508-8333",,,38.9531644,-77.2959241,soccer training for kids,22216
Soccer filled 2,"
1239 Spring Hill Rd, McLean, VA 22102",,,,,38.9531644,-77.2959241,youth soccer programs,22216
Stafford Soccer - VA's Premier Soccer Club,"
235 Garrisonville Rd STE 101, Stafford, VA 22554","
staffordsoccer.com","
(540) 657-0734",,,38.9531644,-77.2959241,youth soccer programs,22216
Manassas City Soccer Association LLC,"
8620 Jackson Ave, Manassas, VA 20110",,"
(571) 249-0594",,,38.9531644,-77.2959241,youth soccer programs,22216
Académie Sportif,"
9509 Lee Ave W, Manassas, VA 20110","
academiesportif.com","
(571) 494-6791",,,38.9531644,-77.2959241,soccer academy for kids,22216
Blue Ridge Youth Soccer Association,"
221 Commonwealth Ct, Winchester, VA 22602","
brysa.org","
(540) 662-6380",,,38.9531644,-77.2959241,soccer academy for kids,22216
Northern Piedmont Sports Club,"
492 Blackwell Rd, Warrenton, VA 20186","
npscunited.org","
(540) 347-9972",,,38.9531644,-77.2959241,soccer academy for kids,22216
Full Court Basketball Academy,,,"
(703) 828-7076",,,46.423669,-130.2310997,basketball academy for kids,22217
Oak Grove Park,"
Arlington, VA 22207","
arlingtonva.us","
(703) 228-4747",,,38.8301866,-77.2707879,soccer classes for kids,22217
Soccer Field,"
12119 Braddock Rd, Fairfax, VA 22030","
fairfaxcounty.gov",,,,38.827865,-77.6525691,soccer classes for kids,22217
"Lacrosse Unlimited of Alexandria, VA","
6244 Little River Turnpike Suite J, Alexandria, VA 22312","
lacrosseunlimited.com","
(703) 333-3450",,,38.8188251,-77.4307057,soccer training for kids,22217
Training Ground,"
Wilson Blvd side, 850 N Randolph St UNIT 101, Arlington, VA 22203","
traininggroundarlington.com","
(571) 858-5451",,,38.818362,-77.4307074,soccer academy for kids,22217
United Soccer Academy,"
4411 Chesapeake St NW, Washington, DC 20016","
unitedsocceracademy.com","
(732) 563-2525",,,38.818362,-77.4307074,soccer academy for kids,22217
Skills Academy Basketball Camp,"
2213 Old Emmorton Rd, Bel Air, MD 21015","
emmortonrec.com","
(410) 638-3988",,,39.497279,-78.6302468,basketball classes for kids,22218
Ansong Basketball,"
2213 Old Emmorton Rd, Bel Air, MD 21015","
emmortonrec.com","
(410) 638-3988",,,39.497279,-78.6302468,basketball classes for kids,22218
"Let's Get Better Basketball, LLC.","
19055 Industrial Rd, Culpeper, VA 22701",,"
(540) 497-1471",,,38.4420089,-80.3069305,basketball classes for kids,22218
Hoops Basketball Academy,"
8445 Ellerson Dr Suite 4, Mechanicsville, VA 23111","
hoopsbasketballacademy.com","
(804) 874-1597",,,38.4420089,-80.3069305,basketball classes for kids,22218
The Crusader Nation Basketball Program,"
8445 Ellerson Dr Suite 4, Mechanicsville, VA 23111","
hoopsbasketballacademy.com","
(804) 874-1597",,,38.4420089,-80.3069305,basketball classes for kids,22218
M14Hoops Richmond West - Basketball Training Academy,,"
richmondwest.m14hoops.com","
(804) 384-0714",,,37.636618,-78.1132506,basketball training for kids,22218
Breakthrough Basketball Camps & Training - Roanoke,,"
richmondwest.m14hoops.com","
(804) 384-0714",,,37.1920283,-80.464215,basketball training for kids,22218
Underground Phenoms Basketball,"
445 Timber Trail Ln, Hardy, VA 24101","
breakthroughbasketball.com","
(540) 986-4026",,,37.1920283,-80.464215,basketball training for kids,22218
VA Fire Basketball,"
113 W Washington St #687, Middleburg, VA 20117",,"
(703) 662-5550",,,38.967965,-78.3143453,basketball training for kids,22218
Bon Air Youth Basketball League,"
2730 Tinsley Dr, Bon Air, VA 23235","
bonairbasketball.net","
(804) 625-4774",,,37.535514,-78.1375375,basketball training for kids,22218
Pro Skills Basketball - Richmond,,"
proskillsbasketball.com","
(866) 996-3888",,,37.535514,-78.1375375,basketball training for kids,22218
Stretch Your Game,,"
proskillsbasketball.com","
(866) 996-3888",,,37.535514,-78.1375375,basketball training for kids,22218
THE DOBO | Columbus Basketball Training and Camps,,"
proskillsbasketball.com","
(866) 996-3888",,,37.535514,-78.1375375,basketball training for kids,22218
Twin Hoops Basketball Camp,"
1309 Syracuse Ave NW, Roanoke, VA 24017","
twinhoopssports.com","
(540) 357-0183",,,37.2907706,-80.5339772,basketball training for kids,22218
NOVA Bulls Organization,"
1309 Syracuse Ave NW, Roanoke, VA 24017","
twinhoopssports.com","
(540) 357-0183",,,37.2907706,-80.5339772,basketball training for kids,22218
In The Gym Basketball,"
1309 Syracuse Ave NW, Roanoke, VA 24017","
twinhoopssports.com","
(540) 357-0183",,,38.1319444,-79.9076207,basketball training for kids,22218
Ronceverte Lions Club Rec. Center,"
720 Ronceverte Ave, Ronceverte, WV 24970","
roncevertelions.com","
(304) 647-8553",,,37.7486283,-85.086924,youth basketball league,22218
OAB Basketball,"
174 Frontage Rd, Summersville, WV 26651","
oabbasketballwv.com","
(304) 222-0864",,,37.7486283,-85.086924,youth basketball league,22218
Oak Hill Youth Basketball League,"
111 Cloud 9 Dr, Oak Hill, WV 25901",,"
(304) 575-9483",,,37.7486283,-85.086924,youth basketball league,22218
Lansing Basketball Court,"
1865 Fayette Station Rd, Lansing, WV 25862","
rymap.org",,,,37.7486283,-85.086924,youth basketball league,22218
My Basketball Academy LLC,"
109 E Oak Ct, Indiana, PA 15701","
mybasketballacademy.com","
(724) 713-8056",,,40.6214743,-83.7943736,basketball academy for kids,22218
Philadelphia Basketball School,,"
philadelphiabasketballschool.com","
(267) 715-1903",,,40.0137774,-79.9036994,basketball academy for kids,22218
Excel Basketball Academy,"
2037 Laskin Rd, Virginia Beach, VA 23454","
excelbasketballacademy.com",,,,36.8454988,-80.6506381,basketball academy for kids,22218
Green's Basketball Academy,,"
greensbasketball.com","
(410) 830-0939",,,36.8454988,-80.6506381,basketball academy for kids,22218
Chris Lewis Basketball,,"
chrislewisbasketball.com","
(703) 789-3429",,,36.8454988,-80.6506381,basketball academy for kids,22218
Cory Alexander Basketball School,,"
coryalexanderbasketballschool.com","
(804) 464-3612",,,36.8454988,-80.6506381,basketball academy for kids,22218
Youth Basketball Training,,,"
(202) 641-6882",,,36.8454988,-80.6506381,basketball academy for kids,22218
Central Youth Basketball Organization,,"
cybopanthers.com",,,,36.8454988,-80.6506381,basketball academy for kids,22218
B. Scott Basketball Academy,,"
bscottbasketballacademy.com","
(330) 314-7561",,,36.8454988,-80.6506381,basketball academy for kids,22218
WE GOT NEXT Basketball Classic,,,"
(571) 402-9235",,,36.8454988,-80.6506381,basketball skills training,22218
Sam's Soccer Coaching,"
Multi-Sport Soccer Complex, Barboursville, WV 25504","
soccercoaching.info","
(304) 544-7828",,,36.8454988,-80.6506381,soccer classes for kids,22218
West Virginia Futbol Club,"
Multi-Sport Soccer Complex, Barboursville, WV 25504","
soccercoaching.info","
(304) 544-7828",,,36.8454988,-80.6506381,soccer classes for kids,22218
Braxton County Soccer Club,"
339 Airport Rd, Sutton, WV 26601",,,,,36.8454988,-80.6506381,soccer classes for kids,22218
Central Virginia United Soccer Club,"
5635 Campbell Hwy, Lynchburg, VA 24501","
cvuclub.com","
(434) 846-6540",,,36.8454988,-80.6506381,soccer classes for kids,22218
WV Soccer Association,"
5635 Campbell Hwy, Lynchburg, VA 24501","
cvuclub.com","
(434) 846-6540",,,36.8454988,-80.6506381,soccer classes for kids,22218
VBR Star Soccer Club,"
2002 Highland Farm Rd NW, Roanoke, VA 24017","
vbrstarsoccer.com","
(540) 345-7820",,,36.8454988,-80.6506381,soccer classes for kids,22218
Elk River Soccer Club,"
3310 Pennsylvania Ave, Charleston, WV 25302","
elkriversoccer.com","
(304) 602-3772",,,36.8454988,-80.6506381,soccer classes for kids,22218
Valley AFC Soccer Club,"
3310 Pennsylvania Ave, Charleston, WV 25302","
elkriversoccer.com","
(304) 602-3772",,,36.8454988,-80.6506381,soccer classes for kids,22218
Coalfield Youth Soccer League,"
1512 Sawmill Rd, Chapmanville, WV 25508",,,,,36.8454988,-80.6506381,soccer classes for kids,22218
Lynchburg Soccer Mania,"
1971 University Blvd, Lynchburg, VA 24515","
lynchburgsoccer.com","
(434) 473-9214",,,36.8454988,-80.6506381,soccer classes for kids,22218
Soccer Post Roanoke,"
1971 University Blvd, Lynchburg, VA 24515","
lynchburgsoccer.com","
(540) 344-9336",,,36.8454988,-80.6506381,soccer classes for kids,22218
New River Soccer Association,"
4341 Starkey Rd, Roanoke, VA 24018","
soccerpost.com","
(540) 344-9336",,,36.8454988,-80.6506381,soccer classes for kids,22218
"SML Soccer, Inc.","
Moneta Rd, Moneta, VA 24121","
smlsoccer.org","
(844) 476-5538",,,36.8454988,-80.6506381,soccer classes for kids,22218
Southwest Virginia Rush Soccer Club,"
49 Berkley Williams Dr, Radford, VA 24141","
swvarush.com","
(410) 271-3897",,,36.8454988,-80.6506381,soccer classes for kids,22218
Fluvanna Youth Soccer,"
49 Berkley Williams Dr, Radford, VA 24141","
swvarush.com","
(410) 271-3897",,,36.8454988,-80.6506381,soccer classes for kids,22218
Blue Ridge Soccer Academy,,"
brsocceracademy.com","
(434) 260-1838",,,36.8454988,-80.6506381,soccer classes for kids,22218
Mylocalsoccer,,"
brsocceracademy.com","
(434) 260-1838",,,36.8454988,-80.6506381,soccer classes for kids,22218
Fredericksburg Soccer Club Inc,,"
brsocceracademy.com","
(434) 260-1838",,,36.8454988,-80.6506381,soccer classes for kids,22218
West Virginia Soccer,"
701 S Queen St, Martinsburg, WV 25401","
wvsoccer.com",,,,36.8454988,-80.6506381,soccer classes for kids,22218
Culpeper Soccer Association,"
145 W Davis St, Culpeper, VA 22701","
culpepersc.org","
(540) 825-0886",,,36.8454988,-80.6506381,soccer classes for kids,22218
Appalachian Soccer Association Soccer Fields,"
Technology Park Dr, Lebanon, VA 24266","
leagueapps.com","
(276) 880-4712",,,36.8454988,-80.6506381,soccer classes for kids,22218
Lake Gaston Soccer Association,"
330 Rideout Ln, South Hill, VA 23970","
lakegastonsoccer.com","
(434) 689-7000",,,36.8454988,-80.6506381,soccer classes for kids,22218
FCCWO Sportsplex,"
330 Rideout Ln, South Hill, VA 23970","
lakegastonsoccer.com","
(434) 689-7000",,,36.8454988,-80.6506381,soccer classes for kids,22218
RVA Soccer Academy,"
13030 Genito Rd, Midlothian, VA 23112","
rva-academy.com","
(804) 502-6359",,,36.8454988,-80.6506381,soccer classes for kids,22218
Sports Vision,"
118 E Main St STE 203, Front Royal, VA 22630","
sportsvisioncamps.com","
(540) 252-0727",,,36.8454988,-80.6506381,soccer classes for kids,22218
Soccer Shots Charlottesville,"
118 E Main St STE 203, Front Royal, VA 22630","
sportsvisioncamps.com","
(540) 252-0727",,,36.8454988,-80.6506381,soccer classes for kids,22218
Piedmont Youth Soccer League,"
1000 Irisburg Rd, Axton, VA 24054","
pyslsoccer.net","
(276) 638-5200 ext. 3",,,36.8454988,-80.6506381,soccer classes for kids,22218
Southeastern Stokes Youth Soccer Association,"
1000 Irisburg Rd, Axton, VA 24054","
pyslsoccer.net","
(276) 638-5200 ext. 3",,,36.8454988,-80.6506381,soccer classes for kids,22218
Soccer Stars,,"
soccerstars.com","
(571) 263-6411",,,36.8454988,-80.6506381,soccer classes for kids,22218
Soccer Shots Cleveland,,"
soccershots.org","
(440) 539-6907",,,36.8454988,-80.6506381,soccer classes for kids,22218
Dangles FC,"
3120 S Byrne Rd, Toledo, OH 43614","
danglesfc.com","
(419) 708-4014",,,36.8454988,-80.6506381,soccer training for kids,22218
Soccer Stars,,"
soccerstars.com","
(216) 545-1572",,,36.8454988,-80.6506381,soccer training for kids,22218
Glass City Soccer Club,"
4262 Suder Ave, Toledo, OH 43611","
facebook.com",,,,36.8454988,-80.6506381,soccer training for kids,22218
TOCA Soccer and Sports Center Toledo,"
10020 S Compass Dr, Rossford, OH 43460","
tocafootball.com","
(419) 874-9800",,,36.8454988,-80.6506381,soccer training for kids,22218
Perrysburg Soccer Club,"
25800 Scheider Rd, Perrysburg, OH 43551","
perrysburgsoccerclub.com",,,,36.8454988,-80.6506381,soccer training for kids,22218
Toledo Football Academy,"
5915 Waterville-Monclova Rd, Waterville, OH 43566",,,,,36.8454988,-80.6506381,soccer training for kids,22218
Maumee Soccer Centre,"
1620 Market Pl Dr, Maumee, OH 43537","
maumeesoccercentre.com","
(419) 893-5425",,,36.8454988,-80.6506381,soccer training for kids,22218
Soccer Shots Toledo,,"
soccershots.com","
(419) 360-0976",,,36.8454988,-80.6506381,soccer training for kids,22218
Northwest Ohio Youth Soccer,"
1620 Market Pl Dr, Maumee, OH 43537","
nwoysl.org","
(419) 893-2311",,,36.8454988,-80.6506381,soccer training for kids,22218
Excel Soccer Skills Development,"
Galaxy Pkwy, Warrensville Heights, OH 44128","
excelsoccerskills.com","
(216) 545-4094",,,36.8454988,-80.6506381,soccer training for kids,22218
Lake Soccer Club,"
1911 Ayers Rd, Millbury, OH 43447","
lakesoccer.club","
(937) 407-0664",,,36.8454988,-80.6506381,soccer training for kids,22218
Tiffin Soccer Camps,"
350 Miami St, Tiffin, OH 44883","
tiffinsoccercamps.com","
(419) 448-3363",,,36.8454988,-80.6506381,soccer training for kids,22218
The Edge Sports & Arts Academy,"
9550 Ravenna Rd, Twinsburg, OH 44087","
theedgetwinsburg.org","
(330) 487-0452",,,36.8454988,-80.6506381,soccer training for kids,22218
Fútskills Academy Soccer Training,"
202 Walnut Blvd, Rochester, MI 48307","
futskillsbytati.com","
(586) 321-9997",,,36.8454988,-80.6506381,soccer training for kids,22218
Manchester Soccer Club,"
760 W Nimisila Rd, New Franklin, OH 44319","
facebook.com",,,,36.8454988,-80.6506381,soccer training for kids,22218
Jackson Fury Soccer Club,,"
jacksonfury.com",,,,36.8454988,-80.6506381,soccer training for kids,22218
UDA Soccer Academies,,"
udasoccer.com","
(419) 618-5455",,,36.8454988,-80.6506381,soccer training for kids,22218
Eagles Select Soccer Club,,"
eaglesselect.com","
(330) 806-1588",,,36.8454988,-80.6506381,soccer training for kids,22218
Kings United FC,,"
kingsunitedfc.com","
(330) 605-7420",,,36.8454988,-80.6506381,soccer training for kids,22218
Soccer Stars,,"
soccerstars.com","
(734) 331-8507",,,36.8454988,-80.6506381,soccer training for kids,22218
Bailey Soccer Academy,"
209 W State St, Salem, OH 44460",,"
(330) 277-7309",,,36.8454988,-80.6506381,soccer training for kids,22218
Soccer Shots Pittsburgh,,"
soccershots.com","
(412) 615-5003",,,36.8454988,-80.6506381,soccer training for kids,22218
SP Soccer Academy - Sporting Padula Soccer Academy. The Academy of the MLS Champion.,"
611 Park Meadow Rd suite k, Westerville, OH 43081","
spsocceracademy.com","
(614) 496-3930",,,36.8454988,-80.6506381,soccer training for kids,22218
Metro Soccer Academy,,,"
(330) 531-8170",,,36.8454988,-80.6506381,soccer training for kids,22218
SFA Training Center: Soccer Field Academy,"
2901 E 4th Ave, Columbus, OH 43219","
soccerfieldacademy.com","
(614) 300-0016",,,36.8454988,-80.6506381,soccer training for kids,22218
Soccer Shots Macomb,,"
soccershots.com","
(586) 783-7555",,,36.8454988,-80.6506381,soccer training for kids,22218
AF Soccer Training,,"
afsoccertraining.com",,,,36.8454988,-80.6506381,soccer training for kids,22218
BC United Soccer Club,,"
beavercountyunited.com","
(724) 651-3793",,,36.8454988,-80.6506381,soccer training for kids,22218
Resolute Athletic Complex,"
3599 Chiller Ln, Columbus, OH 43219","
resoluteac.com","
(614) 337-4502",,,36.8454988,-80.6506381,soccer training for kids,22218
Stars Indoor Sports,"
6124 Busch Blvd, Columbus, OH 43229","
starsindoorsports.com","
(614) 985-3003",,,36.8454988,-80.6506381,soccer training for kids,22218
FC Training,,"
trainwithfc.com","
(740) 243-2250",,,36.8454988,-80.6506381,soccer training for kids,22218
Fletcher Soccer Academy,,"
fletchersocceracademy.com",,,,36.8454988,-80.6506381,soccer training for kids,22218
Northwest FC,"
3750 Veterans Memorial Dr, Hilliard, OH 43026","
northwestfc.org",,,,36.8454988,-80.6506381,soccer training for kids,22218
Columbus East Soccer Association,"
2404 E Main St, Bexley, OH 43209","
finalthirdfoundation.org","
(614) 300-6653",,,36.8454988,-80.6506381,soccer training for kids,22218
Barcelona United Soccer Club,,"
barcelonaunited.net","
(614) 370-0935",,,36.8454988,-80.6506381,soccer training for kids,22218
Pickerington Area Soccer Association,"
630 Hill Rd N, Pickerington, OH 43147","
pasasoccer.org","
(614) 920-7972",,,36.8454988,-80.6506381,soccer training for kids,22218
Soccer Stars,,"
soccerstars.com","
(216) 403-4743",,,36.8454988,-80.6506381,soccer training for kids,22218
Champion Soccer Instruction,,,"
(724) 974-8470",,,36.8454988,-80.6506381,soccer training for kids,22218
Oh,,,"
(724) 974-8470",,,36.8454988,-80.6506381,soccer training for kids,22218
Bees Soccer Academy,"
4400 Oakes Rd, Brecksville, OH 44141",,"
(440) 537-7578",,,36.8454988,-80.6506381,youth soccer programs,22218
North Royalton Soccer Club,"
5100 Wallings Rd, North Royalton, OH 44133","
nrsc.net",,,,36.8454988,-80.6506381,youth soccer programs,22218
Mentor Soccer Club,"
Home Of Mentor Soccer Club, 7600 Chillicothe Rd, Mentor, OH 44060","
mentorsoccerclub.com","
(440) 336-0520",,,36.8454988,-80.6506381,youth soccer programs,22218
TOCA Soccer and Sports Center Northfield,"
4505 Northfield Rd, Warrensville Heights, OH 44128","
tocafootball.com","
(216) 464-7122",,,36.8454988,-80.6506381,youth soccer programs,22218
CAPS FC,"
6060 W Canal Rd, Valley View, OH 44125","
capsfc.org","
(216) 901-1227",,,36.8454988,-80.6506381,youth soccer programs,22218
Cleveland Force Soccer Club,"
26555 Richmond Rd, Cleveland, OH 44146","
clevelandforcesc.com","
(216) 223-5259",,,36.8454988,-80.6506381,youth soccer programs,22218
Cardinal Soccer Club,"
8600 Tyler Blvd, Mentor, OH 44060","
cardinalsoccerclub.org","
(440) 231-1365",,,36.8454988,-80.6506381,youth soccer programs,22218
TOCA Soccer and Sports Center Westlake,"
23409 Detroit Rd, Westlake, OH 44145","
tocafootball.com","
(440) 331-0100",,,36.8454988,-80.6506381,youth soccer programs,22218
UPPER 90 FC,"
7520 Guilford Rd, Seville, OH 44273","
upper90futbolclub.com","
(330) 697-6938",,,36.8454988,-80.6506381,youth soccer programs,22218
Willoughby Soccer Club,"
4135 Lincoln Ave, Willoughby, OH 44094","
willoughbysoccerclub.com",,,,36.8454988,-80.6506381,youth soccer programs,22218
NorthCoast Premier Soccer Complex- Lodi,"
8809 Lake Rd, Seville, OH 44273","
northcoastpremier.com","
(330) 769-7622",,,36.8454988,-80.6506381,youth soccer programs,22218
Cloverleaf Soccer Association,"
8075 Buffham Rd, Lodi, OH 44254","
cloverleafsoccer.com",,,,36.8454988,-80.6506381,youth soccer programs,22218
Cleveland Soccer Academy,"
Fox Run Dr, Willoughby, OH 44094","
clevelandsocceracademy.com","
(440) 221-0810",,,36.8454988,-80.6506381,youth soccer programs,22218
Canton City Soccer Club,"
316 30th St NW, Canton, OH 44709","
ccscsoccer.org","
(330) 353-4076",,,36.8454988,-80.6506381,youth soccer programs,22218
Suburban Recreational Soccer League,"
4798 Brookhigh Dr, Brooklyn, OH 44144","
srslonline.org",,,,36.8454988,-80.6506381,youth soccer programs,22218
Olmsted Falls Soccer Association,"
Olmsted Falls Soccer Fields, 27070 Schady Rd, Olmsted Falls, OH 44138","
olmstedsoccer.com",,,,36.8454988,-80.6506381,youth soccer programs,22218
Wooster Soccer Association,"
100 Oldman Rd, Wooster, OH 44691","
woostersoccer.com","
(330) 263-5207",,,36.8454988,-80.6506381,youth soccer programs,22218
Clear Fork youth soccer fields,"
Dill Rd, Bellville, OH 44813",,,,,36.8454988,-80.6506381,youth soccer programs,22218
Beaver Local Soccer Fields,"
East Liverpool, OH 43920","
beaveryouthsoccer.com","
(330) 831-3440",,,36.8454988,-80.6506381,youth soccer programs,22218
Huron County Youth Soccer Club,"
39 N Old State Rd, Norwalk, OH 44857","
hcysc.org","
(419) 964-6160",,,36.8454988,-80.6506381,youth soccer programs,22218
Beaver Youth Soccer Association,"
12020 Echo Dell Rd, East Liverpool, OH 43920","
beaveryouthsoccer.com","
(330) 853-2641",,,36.8454988,-80.6506381,youth soccer programs,22218
Cleveland Kickers SC,"
7777Victory, Park Ln, North Ridgeville, OH 44039","
clevelandkickers.com","
(440) 452-5759",,,36.8454988,-80.6506381,youth soccer programs,22218
Cleveland Force Soccer Club,"
21220 Center Ridge Rd, Rocky River, OH 44116","
clevelandforcesc.com",,,,36.8454988,-80.6506381,youth soccer programs,22218
South Range Soccer Club,"
11300 Columbiana-Canfield Rd, Canfield, OH 44406","
southrangesoccerclub.com",,,,36.8454988,-80.6506381,youth soccer programs,22218
Cleveland United Soccer,"
11311 Villa Grande Dr, North Royalton, OH 44133","
clevelandunited.org","
(440) 503-1718",,,36.8454988,-80.6506381,youth soccer programs,22218
Vermilion Soccer Club Fields,"
51750n N Ridge Rd, Vermilion, OH 44089",,,,,36.8454988,-80.6506381,youth soccer programs,22218
RITTMAN YOUTH SOCCER,"
131 N Metzger Ave, Rittman, OH 44270","
rittmansoccer.com","
(330) 510-1122",,,36.8454988,-80.6506381,youth soccer programs,22218
Akron Metro Futbol Club,"
73 W Rosewood Ave, Akron, OH 44301","
akronmetrofutbol.club",,,,36.8454988,-80.6506381,youth soccer programs,22218
Norton Amateur Soccer Club -NASC,"
3163 Wadsworth Rd, Norton, OH 44203","
nascohio.com",,,,36.8454988,-80.6506381,youth soccer programs,22218
Pro Soccer Club,"
239 Market St, Westlake, OH 44145","
prosoccerclub.com","
(419) 902-6303",,,36.8454988,-80.6506381,youth soccer programs,22218
Heights United Soccer Academy,"
1401 Lynn Park Dr, Cleveland Heights, OH 44121","
heightsunitedsoccer.com","
(216) 849-4505",,,36.8454988,-80.6506381,youth soccer programs,22218
Titans United Soccer Association,"
6455 Engle Rd, Brook Park, OH 44142","
titansunitedsoccer.com","
(216) 233-4071",,,36.8454988,-80.6506381,youth soccer programs,22218
Medina Soccer Association,"
1114 N Court St #231, Medina, OH 44256","
medinasoccer.org",,,,36.8454988,-80.6506381,youth soccer programs,22218
Mount Gilead Soccer League,"
5464 US-42, Mt Gilead, OH 43338","
mgsoccer.org",,,,36.8454988,-80.6506381,youth soccer programs,22218
Lexington Soccer Association,"
300 Plymouth St, Lexington, OH 44904",,"
(419) 884-9657",,,36.8454988,-80.6506381,youth soccer programs,22218
Midview Soccer League Complex,"
16218 Chamberlain Rd, Grafton, OH 44044","
midviewsoccer.com","
(330) 412-3057",,,36.8454988,-80.6506381,youth soccer programs,22218
Ohio Youth Soccer Association North,"
4615 W Streetsboro Rd, Richfield, OH 44286",,"
(330) 659-0989",,,36.8454988,-80.6506381,youth soccer programs,22218
South Side Area Soccer Club,"
2937 PA-18, Hookstown, PA 15050","
ssareasoccer.com","
(614) 517-7949",,,36.8454988,-80.6506381,youth soccer programs,22218
Brunswick Soccer Association Sponsorships,"
Diana Dr, Brunswick, OH 44212","
brunswickohiosoccer.com","
(440) 521-5379",,,36.8454988,-80.6506381,youth soccer programs,22218
Salem Youth Soccer League,"
2941 OH-45, Salem, OH 44460","
salemyouthsoccer.org","
(330) 518-2093",,,36.8454988,-80.6506381,youth soccer programs,22218
Community Soccer Club,"
2782 Diamond St NE, Canton, OH 44721","
communitysoccerclub.com","
(330) 227-4348",,,36.8454988,-80.6506381,youth soccer programs,22218
Bay Area Soccer League,"
3115 Cleveland Rd W, Sandusky, OH 44870","
bayareasoccerleague.com","
(419) 975-9390",,,36.8454988,-80.6506381,youth soccer programs,22218
Girard Youth Soccer League,"
Girard, OH 44420","
girardyouthsoccer.com","
(330) 550-3498",,,36.8454988,-80.6506381,youth soccer programs,22218
aurora united soccer,"
570 Palomino Trail, Aurora, OH 44202","
aurora-united.org","
(330) 671-3486",,,36.8454988,-80.6506381,youth soccer programs,22218
Canton South Soccer Club,"
2615 Prairie College St SW, Canton, OH 44706","
cssoccerclub.com",,,,36.8454988,-80.6506381,youth soccer programs,22218
LaBrae Youth Soccer Association,"
3282 OH-82, Newton Falls, OH 44444",,"
(330) 565-9482",,,36.8454988,-80.6506381,youth soccer programs,22218
Ohio Soccer Association (North Office),"
3487 Center Rd # 2, Brunswick, OH 44212","
ohio-soccer.org","
(330) 667-0850",,,36.8454988,-80.6506381,youth soccer programs,22218
Cleveland Force Soccer Club,"
23409 Detroit Rd, Westlake, OH 44145","
clevelandforcesc.com",,,,36.8454988,-80.6506381,youth soccer programs,22218
Aurora United Soccer Club,"
10529 Maryland St, Aurora, OH 44202",,"
(330) 671-3448",,,36.8454988,-80.6506381,youth soccer programs,22218
Midview Soccer League,"
783 Huron St, Grafton, OH 44044","
midviewsoccer.org","
(440) 714-1407",,,36.8454988,-80.6506381,youth soccer programs,22218
LaBrae Youth Soccer Fields,"
Newton Falls, OH 44444",,"
(234) 926-6734",,,36.8454988,-80.6506381,youth soccer programs,22218
North Coast Football League,"
5859 Paula Blvd, North Ridgeville, OH 44039","
northridgevillesoccer.com","
(440) 353-1882",,,36.8454988,-80.6506381,youth soccer programs,22218
Pacesetter Soccer Club,"
6616 Monroe St, Sylvania, OH 43560","
teamsnapsites.com",,,,36.8454988,-80.6506381,soccer academy for kids,22218
Appleseed Youth Soccer Association,"
6616 Monroe St, Sylvania, OH 43560","
teamsnapsites.com",,,,36.8454988,-80.6506381,soccer academy for kids,22218
"UA Soccer Academy, LLC","
Box 21602, Ridgeview Rd, Upper Arlington, OH 43221","
ua-socceracademy.com","
(614) 868-5033",,,36.8454988,-80.6506381,soccer academy for kids,22218
Shelby County Youth Soccer Fields,"
Box 21602, Ridgeview Rd, Upper Arlington, OH 43221","
ua-socceracademy.com","
(614) 868-5033",,,36.8454988,-80.6506381,soccer academy for kids,22218
Ohio Premier Soccer Club,"
Box 21602, Ridgeview Rd, Upper Arlington, OH 43221","
ua-socceracademy.com","
(614) 868-5033",,,36.8454988,-80.6506381,soccer academy for kids,22218
Soccer Shots Ann Arbor - Detroit NW,"
Box 21602, Ridgeview Rd, Upper Arlington, OH 43221","
ua-socceracademy.com","
(614) 868-5033",,,36.8454988,-80.6506381,soccer academy for kids,22218
Ohio Premier Soccer Offices,"
Box 21602, Ridgeview Rd, Upper Arlington, OH 43221","
ua-socceracademy.com","
(614) 868-5033",,,36.8454988,-80.6506381,soccer academy for kids,22218
UA Golden Bears Boys Soccer,"
Box 21602, Ridgeview Rd, Upper Arlington, OH 43221","
ua-socceracademy.com","
(614) 868-5033",,,36.8454988,-80.6506381,soccer academy for kids,22218
Dayton Futbol Academy,"
1625 Zollinger Rd, Upper Arlington, OH 43221","
uabearssoccer.com","
(614) 302-4414",,,36.8454988,-80.6506381,soccer academy for kids,22218
Shenandoah Soccer Academy,"
20 W Oates Ave, Winchester, VA 22601",,"
(703) 582-2802",,,36.8454988,-80.6506381,soccer academy for kids,22218
Clarke County Soccer League,"
225 Al Smith Cir, Berryville, VA 22611","
clarkesoccer.org",,,,36.8454988,-80.6506381,soccer camp for kids,22218
SCSL Soccer Plex,"
Koontz Dr, New Market, VA 22844","
shenandoahcountysoccerleague.com",,,,36.8454988,-80.6506381,soccer camp for kids,22218
Shenandoah Valley United,"
735 E Market St, Harrisonburg, VA 22801","
shenvalleysoccer.com","
(540) 269-9703",,,36.8454988,-80.6506381,soccer camp for kids,22218
Soccer Developmental Program,,,"
(571) 513-0083",,,36.8454988,-80.6506381,soccer camp for kids,22218
Soccer Academy Inc,"
8814 Rixlew Ln, Manassas, VA 20109","
soccer-academy.com","
(703) 393-7961",,,36.8454988,-80.6506381,soccer camp for kids,22218
Jelleff Pool,"
3265 S St NW, Washington, DC 20007","
app.dpr.dc.gov","
(202) 462-1317",,,38.8306497,-77.2959216,basketball classes for kids,22219
Guy Mason Playground,"
2461 Wisconsin Ave NW, Washington, DC 20007",,,,,38.8306497,-77.2959216,basketball classes for kids,22219
Beauvoir Playground,"
2461 Wisconsin Ave NW, Washington, DC 20007",,,,,38.8306497,-77.2959216,basketball classes for kids,22219
Georgetown University,"
3700 O St NW, Washington, DC 20057","
georgetown.edu","
(202) 687-0100",,,38.8306497,-77.2959216,basketball classes for kids,22219
Volta Park Pool,"
1555 34th St NW, Washington, DC 20018","
dpr.dc.gov","
(202) 645-5669",,,38.8306497,-77.2959216,basketball classes for kids,22219
Rose Park Playground,"
1555 34th St NW, Washington, DC 20018","
dpr.dc.gov","
(202) 645-5669",,,38.8306497,-77.2959216,basketball classes for kids,22219
Guy Mason Recreation Center Dog Park,"
1555 34th St NW, Washington, DC 20018","
dpr.dc.gov","
(202) 645-5669",,,38.8306497,-77.2959216,basketball classes for kids,22219
St Albans Tennis Club,"
3101 Wisconsin Ave, Washington, DC 20016","
stalbansschool.org","
(202) 537-5765",,,38.8306497,-77.2959216,basketball classes for kids,22219
SAPT: Strength and Performance Training,"
3170 Draper Dr Unit 9-10, Fairfax, VA 22031","
saptstrength.com","
(703) 865-8010",,,38.8662787,-77.5703208,basketball training for kids,22219
Lincoln Memorial Beach Volleyball Courts,"
Rock Creek Trl, Washington, DC 20004","
recreation.gov","
(202) 245-4715",,,38.8913293,-77.3419636,youth basketball league,22219
Banneker Recreation Center,"
2500 Georgia Ave NW, Washington, DC 20001",,"
(202) 673-6861",,,38.890866,-77.3419653,basketball camp,22219
Georgetown Athletic Ticket Office,"
3700 O St NW, Washington, DC 20057",,"
(202) 687-4692",,,38.890866,-77.3419653,basketball camp,22219
WASHINGTON D.C. FCA,"
801 G St NW, Washington, DC 20001","
fcadc.org",,,,38.890866,-77.3419653,basketball camp,22219
"Leveling the Playing Field, Inc.","
1140 Connecticut Ave NW #1200, Washington, DC 20036","
levelingtheplayingfield.org","
(202) 556-4650",,,38.890171,-77.3419678,youth soccer programs,22219
Evolution Basketball - Chantilly,"
14810 Murdock St, Chantilly, VA 20151","
evobball.com",,,,38.9127856,-114.3733242,basketball classes for kids,20120
24/7 Basketball,"
14112 Newbrook Dr, Chantilly, VA 20151",,,,,38.9127856,-114.3733242,basketball classes for kids,20120
Evolution Basketball - Manassas,"
11900 Livingston Rd STE 119, Manassas, VA 20109","
evobball.com",,,,38.9127856,-114.3733242,basketball classes for kids,20120
James Mcdonnell Recreation Center,"
6119 Pleasant Valley Rd, Centreville, VA 20120","
virginiarun.com",,,,38.9127856,-114.3733242,basketball classes for kids,20120
Evolution Basketball - Gainesville,"
7679 Limestone Dr STE 115, Gainesville, VA 20155","
evobball.com",,,,38.9127856,-114.3733242,basketball classes for kids,20120
The Fieldhouse,"
14810 Murdock St, Chantilly, VA 20151","
cyafieldhouse.org","
(571) 529-6545",,,38.9127856,-114.3733242,basketball classes for kids,20120
Next Level Basketball Training,"
8305 Merrifield Ave Suite F, Fairfax, VA 22031","
nxtlevelbball.com","
(703) 313-1201",,,38.9127856,-114.3733242,basketball classes for kids,20120
The nZone,"
14550 Lee Rd, Chantilly, VA 20151","
thenzone.com","
(703) 266-0118",,,38.9127856,-114.3733242,basketball classes for kids,20120
Life Time,"
5900 Trinity Pkwy, Centreville, VA 20120","
lifetime.life","
(703) 266-6200",,,38.9127856,-114.3733242,basketball classes for kids,20120
Shoot 360 VA,"
14550 Lee Rd, Chantilly, VA 20151","
innovativesports360.com","
(703) 460-5588",,,38.9127856,-114.3733242,basketball classes for kids,20120
Dulles South Recreation and Community Center,"
24950 Riding Center Dr, South Riding, VA 20152","
loudoun.gov","
(571) 258-3456",,,38.9211706,-114.4398456,basketball classes for kids,20120
Cub Run Rec Center,"
4630 Stonecroft Blvd, Chantilly, VA 20151","
fairfaxcounty.gov","
(703) 817-9407",,,38.9211706,-114.4398456,basketball classes for kids,20120
SYA Sports Park,"
6626 Bull Run Post Office Rd, Centreville, VA 20120","
syasportspark.org","
(703) 815-3362",,,38.9211706,-114.4398456,basketball classes for kids,20120
Sully Community Center,"
13800 Wall Rd, Herndon, VA 20171","
fairfaxcounty.gov","
(703) 322-4475",,,38.9211706,-114.4398456,basketball classes for kids,20120
C5T Elite Sports Training,"
14434 Albemarle Point Pl #100, Chantilly, VA 20151","
c5telite.com","
(571) 752-6231",,,38.9211706,-114.4398456,basketball classes for kids,20120
Chantilly Youth Association,"
14810 Murdock St, Chantilly, VA 20151","
chantillyyouth.org","
(703) 376-8337",,,38.9211706,-114.4398456,basketball classes for kids,20120
SYA Sports (Southwestern Youth Association),"
5950 Centreville Crest Ln, Centreville, VA 20121","
syasports.org","
(703) 815-3362",,,38.9211706,-114.4398456,basketball classes for kids,20120
South Loudoun Basketball,"
25050 Riding Plz, Chantilly, VA 20152",,"
(703) 957-0020",,,38.9211706,-114.4398456,basketball classes for kids,20120
Evolution Basketball - Merrifield,"
2940B Prosperity Ave, Fairfax, VA 22031","
evobball.com",,,,35.030844,-114.5105112,basketball training for kids,20120
Ruach Lions,"
Centreville, VA 20120","
ruachlions.club","
(571) 420-5399",,,35.030844,-114.5105112,basketball training for kids,20120
Team voltage basketball,"
8809 Sudley Rd, Manassas, VA 20110","
teamvoltagebasketball.org","
(202) 487-0577",,,35.030844,-114.5105112,basketball training for kids,20120
Blockchain Basketball Training,"
1521 Boyd Pointe Wy Unit 2509, Vienna, VA 22182","
site123.me","
(703) 989-7867",,,35.030844,-114.5105112,basketball training for kids,20120
Evolution Basketball - Beaumeade,"
21760 Beaumeade Cir, Ashburn, VA 20147","
evobball.com",,,,35.030844,-114.5105112,basketball training for kids,20120
K Sports Complex,"
10050 Pennsylvania Ave, Manassas, VA 20110","
ksportsva.com","
(571) 719-6121",,,35.030844,-114.5105112,basketball training for kids,20120
Basketball Court,"
Chalet Woods Courts, 14912 Cranoke St, Centreville, VA 20120",,,,,35.030844,-114.5105112,basketball training for kids,20120
SYA Little League (Cub Run Fields),"
Centreville, VA 20120","
syasports.org",,,,35.030844,-114.5105112,youth basketball league,20120
"FXA Sports - Men's, Women's & Co-ed Adult Sports Leagues","
14140 Parke Long Ct Suite K, Chantilly, VA 20151","
fxasports.com","
(703) 382-9111",,,35.030844,-114.5105112,youth basketball league,20120
True Youth Sports,"
14550 Lee Rd, Chantilly, VA 20151","
trueyouthsports.com","
(571) 888-8968",,,35.030844,-114.5105112,youth basketball league,20120
Basketball court,"
5117 Woodmere Dr, Centreville, VA 20120",,,,,35.030844,-114.5105112,youth basketball league,20120
Slam City Management,"
14550 Lee Rd, Chantilly, VA 20151","
slamcitymanagement.com","
(212) 407-8911",,,35.030844,-114.5105112,youth basketball league,20120
Legends Sports,"
3607-C Chain Bridge Rd, Fairfax, VA 22030","
playlegends.com","
(703) 255-5165",,,35.030844,-114.5105112,youth basketball league,20120
E C Lawrence Park Soccer Fields,"
5000 Stonecroft Blvd, Chantilly, VA 20151","
fairfaxcounty.gov","
(703) 324-5533",,,35.030844,-114.5105112,youth basketball league,20120
No Panic Volleyball,"
7410 Merritt Pk Dr Unit 100, Manassas, VA 20109","
nopanicvolleyball.com","
(703) 457-7844",,,35.030844,-114.5105112,youth basketball league,20120
HP Elite & Beyond,"
14810 Murdock St, Chantilly, VA 20151","
hpeliteandbeyond.com",,,,35.030844,-114.5105112,youth basketball league,20120
SYA Softball,"
5950 Centreville Crest Ln, Centreville, VA 20121","
syasports.org","
(703) 815-3362",,,35.030844,-114.5105112,youth basketball league,20120
Battlefield Sportsplex,"
6958 Wellington Rd, Manassas, VA 20109","
novasportsplex.com","
(844) 843-7539",,,35.030844,-114.5105112,youth basketball league,20120
Greenbriar Pool Club,"
13001 Point Pleasant Dr, Fairfax, VA 22033","
greenbriar.org","
(703) 378-4421",,,35.030844,-114.5105112,youth basketball league,20120
CYA Football,"
12504 Bennett Rd, Oak Hill, VA 20171","
chantillyfootball.org","
(571) 722-4445",,,35.030844,-114.5105112,youth basketball league,20120
Greenbriar Park,"
4600 Stringfellow Rd, Fairfax, VA 22033","
fairfaxcounty.gov","
(703) 324-5533",,,35.030844,-114.5105112,youth basketball league,20120
KYSPC Promise Land,"
15091 Braddock Rd, Chantilly, VA 20151","
kychurch.com","
(703) 818-9200",,,35.030844,-114.5105112,youth basketball league,20120
Next Level Basketball Training,"
8305 Merrifield Ave Suite F, Fairfax, VA 22031","
nxtlevelbball.com","
(703) 313-1201",,,35.030844,-114.5105112,youth basketball league,20120
Hoops the Right Way,"
44605 Russell Branch Pkwy, Ashburn, VA 20147","
hoopstherightway.com","
(703) 737-3093",,,35.030844,-114.5105112,youth basketball league,20120
Nova Sportsplex,"
6966 Wellington Rd, Manassas, VA 20109","
novasportsplex.com","
(844) 843-7539",,,35.030844,-114.5105112,youth basketball league,20120
Western Fairfax Christian Ministries,"
4511 Daly Dr J, Chantilly, VA 20151","
wfcmva.org","
(703) 988-9656",,,35.030844,-114.5105112,youth basketball league,20120
Vienna Youth Inc,"
2915 Hunter Mill Rd, Oakton, VA 22124","
vyi.org",,,,35.030844,-114.5105112,youth basketball league,20120
YMCA Fairfax County Reston,"
12196 Sunset Hills Rd, Reston, VA 20190","
ymcadc.org","
(703) 742-8800",,,35.030844,-114.5105112,youth basketball league,20120
LMVSC,"
6212 Cameron Farms Pl, Alexandria, VA 22310","
lmvsc.org","
(703) 863-4255",,,35.030844,-114.5105112,youth basketball league,20120
Arrowbrook Centre Park Soccer Field,"
2351 Field Point Rd, Herndon, VA 20171","
fairfaxcounty.gov","
(703) 324-8732",,,35.030844,-114.5105112,youth basketball league,20120
The Michael & Son Sportsplex at Dulles,"
Dulles Sportsplex, 21610 Atlantic Blvd, Sterling, VA 20166","
dullessportsplex.com","
(703) 430-9966",,,35.030844,-114.5105112,youth basketball league,20120
SP8 Ball Training,"
7409 Lockport Pl, Lorton, VA 22079","
sp8balltraining.com","
(703) 887-3986",,,35.030844,-114.5105112,youth basketball league,20120
Oakmont Rec Center,"
3200 Jermantown Rd, Oakton, VA 22124","
fairfaxcounty.gov","
(703) 281-6501",,,35.030844,-114.5105112,youth basketball league,20120
Xplosion Fastpitch Softball,"
14522 Lee Rd # G, Chantilly, VA 20151",,"
(703) 932-6112",,,35.030844,-114.5105112,youth basketball league,20120
Springfield South County Youth Club (SYC),"
8704 Morrissette Dr, Springfield, VA 22152","
sycva.com","
(703) 339-3796",,,35.030844,-114.5105112,youth basketball league,20120
"Boys & Girls Clubs of Greater Washington, Manassas Branch","
9501 Dean Park Ln, Manassas, VA 20110",,"
(703) 365-2582",,,35.030844,-114.5105112,youth basketball league,20120
Gateway Community Church,"
42350 Tall Cedars Pkwy, South Riding, VA 20152","
mygateway.life","
(703) 327-2700",,,35.030844,-114.5105112,youth basketball league,20120
Bull Run Regional Park,"
7700 Bull Run Dr, Centreville, VA 20121","
novaparks.com","
(703) 631-0550",,,35.030844,-114.5105112,youth basketball league,20120
Fairfax Police Youth Club,"
10701 West Dr, Fairfax, VA 22030","
fpycsports.com",,,,35.030844,-114.5105112,youth basketball league,20120
Four Seasons Recreation Association,"
1201 Herndon Pkwy, Herndon, VA 20170","
sites.google.com","
(703) 437-1811",,,35.030844,-114.5105112,youth basketball league,20120
Mubarak Mosque,"
4555 Ahmadiyya Dr, Chantilly, VA 20151","
mubarakmosque.us","
(703) 957-9610",,,35.030844,-114.5105112,youth basketball league,20120
Centreville High School,"
6001 Union Mill Rd, Clifton, VA 20124","
centrevillehs.fcps.edu","
(703) 802-5400",,,35.030844,-114.5105112,youth basketball league,20120
Urbanna Swim Club,"
8030 Urbanna Rd, Manassas, VA 20109","
urbannaswimclub.org","
(703) 361-3233",,,35.030844,-114.5105112,youth basketball league,20120
Giant Basketball Academy,"
20145 Ashbrook Pl, Ashburn, VA 20147","
giantbasketball.com",,,,35.030844,-114.5105112,basketball academy for kids,20120
Chalet Woods Park,"
Chalet Woods Courts, 14912 Cranoke St, Centreville, VA 20120","
fairfaxcounty.gov","
(703) 324-8594",,,35.030844,-114.5105112,basketball camp,20120
Hoops Plus,"
45496 Ruritan Circle, Sterling, VA 20164","
hoopsplus.net","
(703) 430-8489",,,35.030844,-114.5105112,basketball camp,20120
Vitality Fitness,"
5619 Stone Rd, Centreville, VA 20120","
vitalityfitnessva.com","
(443) 684-3332",,,35.030844,-114.5105112,basketball camp,20120
KIDSUNITED South Riding,"
43063 Peacock Market Plaza, South Riding, VA 20152","
kidsunited.com","
(703) 939-9493",,,35.030844,-114.5105112,soccer classes for kids,20120
FC Dulles Soccer Club,"
4718 Stringfellow Rd, Chantilly, VA 20151","
fcdulles.demosphere-secure.com","
(703) 951-7112",,,35.030844,-114.5105112,soccer classes for kids,20120
Yilmaz Academy,"
13873 Park Center Rd suite 190, Herndon, VA 20171","
yilmazacademy.net","
(571) 313-9102",,,35.030844,-114.5105112,soccer classes for kids,20120
KIDSUNITED Fairfax,"
9579b Braddock Rd, Fairfax, VA 22032","
kidsunited.com","
(703) 424-9127",,,35.030844,-114.5105112,soccer classes for kids,20120
Manassas Soccer Club,"
99 Adams St, Manassas Park, VA 20111","
msclions.com","
(216) 246-1969",,,35.030844,-114.5105112,soccer classes for kids,20120
Morsink Soccer Academy,"
24540 Arcola Ctr Plz Suites 100-115, Dulles, VA 20166","
morsinksoccer.com","
(571) 413-3008",,,35.030844,-114.5105112,soccer classes for kids,20120
FuturElitez Soccer & Mindset Training,"
43223 Amberleigh Farm Dr, Brambleton, VA 20148","
futurelitezsoccertraining.com","
(703) 381-2025",,,35.030844,-114.5105112,soccer classes for kids,20120
F4C Soccer,"
43223 Amberleigh Farm Dr, Brambleton, VA 20148","
futurelitezsoccertraining.com","
(703) 381-2025",,,35.030844,-114.5105112,soccer classes for kids,20120
Hutchison Farm Elementary Schools Soccer Fields,"
43223 Amberleigh Farm Dr, Brambleton, VA 20148","
futurelitezsoccertraining.com","
(703) 381-2025",,,35.030844,-114.5105112,soccer classes for kids,20120
Sully Highlands Park Soccer,"
43223 Amberleigh Farm Dr, Brambleton, VA 20148","
futurelitezsoccertraining.com","
(703) 381-2025",,,35.030844,-114.5105112,soccer classes for kids,20120
Capstone Soccer - Loudoun,"
13808 Wall Rd, Herndon, VA 20171","
fairfaxcounty.gov",,,,35.030844,-114.5105112,soccer classes for kids,20120
Soccer Academy,"
13808 Wall Rd, Herndon, VA 20171","
fairfaxcounty.gov",,,,35.030844,-114.5105112,soccer classes for kids,20120
Capstone Soccer,"
2830 Fallfax Dr, Falls Church, VA 22042","
capstonesoccer.com","
(703) 914-3548",,,35.030844,-114.5105112,soccer classes for kids,20120
TF Futbal,"
8001 Limestone Dr, Gainesville, VA 20155","
tffutbal.com","
(571) 469-9368",,,35.030844,-114.5105112,soccer classes for kids,20120
PI Soccer Training,"
8001 Limestone Dr, Gainesville, VA 20155","
tffutbal.com","
(571) 469-9368",,,35.030844,-114.5105112,soccer classes for kids,20120
Soccer-Pass,"
8001 Limestone Dr, Gainesville, VA 20155","
tffutbal.com","
(571) 469-9368",,,35.030844,-114.5105112,soccer classes for kids,20120
Burke Athletic Club,"
8001 Limestone Dr, Gainesville, VA 20155","
tffutbal.com","
(571) 469-9368",,,35.030844,-114.5105112,soccer classes for kids,20120
Virginia Soccer Association,"
Burke, VA 22015",,,,,35.030844,-114.5105112,soccer classes for kids,20120
Arrowhead Park,"
5200 Arrowhead Park Dr, Centreville, VA 20120",,"
(703) 324-8662",,,35.030844,-114.5105112,soccer classes for kids,20120
Optimum Sports and Fitness,"
5200 Arrowhead Park Dr, Centreville, VA 20120",,"
(703) 324-8662",,,35.030844,-114.5105112,soccer classes for kids,20120
VISA Soccer Club,"
688 Spring St #5124, Herndon, VA 20170","
visasoccerclub.academy","
(703) 955-0989",,,35.030844,-114.5105112,soccer classes for kids,20120
Pickleballerz,"
688 Spring St #5124, Herndon, VA 20170","
visasoccerclub.academy","
(703) 955-0989",,,35.030844,-114.5105112,soccer classes for kids,20120
Herndon Youth Soccer,"
688 Spring St #5124, Herndon, VA 20170","
visasoccerclub.academy","
(703) 955-0989",,,35.030844,-114.5105112,soccer classes for kids,20120
Nike Unite - Fairfax,"
688 Spring St #5124, Herndon, VA 20170","
herndonyouthsoccer.org",,,,35.030844,-114.5105112,soccer classes for kids,20120
Soccer Stars,"
590 Grant St Box 464, Herndon, VA 20170","
herndonyouthsoccer.org",,,,35.030844,-114.5105112,soccer classes for kids,20120
Northern Virginia Soccer Club,"
14424 Bristow Rd, Manassas, VA 20112","
novasc.org",,,,35.030844,-114.5105112,soccer classes for kids,20120
Vienna Youth Soccer,"
14424 Bristow Rd, Manassas, VA 20112","
novasc.org",,,,35.030844,-114.5105112,soccer classes for kids,20120
Elite Kickers,"
14424 Bristow Rd, Manassas, VA 20112","
novasc.org",,,,35.030844,-114.5105112,soccer classes for kids,20120
Montclair FC Soccer Club,"
14424 Bristow Rd, Manassas, VA 20112","
novasc.org",,,,35.030844,-114.5105112,soccer classes for kids,20120
Kids Pro Soccer,"
4920 Tallowwood Dr, Montclair, VA 22025","
montclairfc.com","
(571) 406-8330",,,35.030844,-114.5105112,soccer classes for kids,20120
NOVA Elite Baseball,"
Historic District, Manassas, VA 20109",,"
(540) 316-8620",,,35.030844,-114.5105112,soccer classes for kids,20120
Football Field,"
Historic District, Manassas, VA 20109",,"
(540) 316-8620",,,35.030844,-114.5105112,soccer classes for kids,20120
Champions TEQ | Elite Soccer Training,"
Historic District, Manassas, VA 20109",,"
(540) 316-8620",,,35.030844,-114.5105112,soccer classes for kids,20120
Braddock Park,"
13451 Braddock Rd, Union Mill, VA 20124","
fairfaxcounty.gov","
(703) 324-8732",,,35.030844,-114.5105112,soccer classes for kids,20120
Lucky Strike Centreville,"
13451 Braddock Rd, Union Mill, VA 20124","
fairfaxcounty.gov","
(703) 324-8732",,,35.030844,-114.5105112,soccer classes for kids,20120
Manassas Park Community Center,"
13451 Braddock Rd, Union Mill, VA 20124","
fairfaxcounty.gov","
(703) 324-8732",,,35.030844,-114.5105112,soccer classes for kids,20120
Ben Lomond Regional Park,"
99 Adams St, Manassas Park, VA 20111","
manassasparkcommunitycenter.com","
(703) 335-8872",,,35.030844,-114.5105112,soccer classes for kids,20120
F4C Soccer,"
99 Adams St, Manassas Park, VA 20111","
manassasparkcommunitycenter.com","
(703) 335-8872",,,35.030844,-114.5105112,soccer classes for kids,20120
U.S. Soccer Foundation,"
99 Adams St, Manassas Park, VA 20111","
manassasparkcommunitycenter.com","
(703) 335-8872",,,35.030844,-114.5105112,soccer classes for kids,20120
Fullah Academy,"
99 Adams St, Manassas Park, VA 20111","
manassasparkcommunitycenter.com","
(703) 335-8872",,,35.030844,-114.5105112,soccer classes for kids,20120
Logos Academy,"
2999 Centreville Rd, Herndon, VA 20171","
logosacademy.net","
(202) 669-4319",,,35.030844,-114.5105112,soccer classes for kids,20120
Compton Children's Academy,"
2999 Centreville Rd, Herndon, VA 20171","
logosacademy.net","
(202) 669-4319",,,35.030844,-114.5105112,soccer classes for kids,20120
Ellanor C. Lawrence Park,"
2999 Centreville Rd, Herndon, VA 20171","
logosacademy.net","
(202) 669-4319",,,35.030844,-114.5105112,soccer classes for kids,20120
Blee Elite Sports Therapy,"
2999 Centreville Rd, Herndon, VA 20171","
logosacademy.net","
(202) 669-4319",,,35.030844,-114.5105112,soccer classes for kids,20120
Chesterbrook Academy Preschool,"
inside the nZone complex, 14550 Lee Rd, Chantilly, VA 20151","
bleeelitesportstherapy.com","
(703) 981-1876",,,35.030844,-114.5105112,soccer classes for kids,20120
Sky Zone Trampoline Park,"
7807 Sudley Rd, Manassas, VA 20109","
skyzone.com","
(571) 762-1160",,,35.030844,-114.5105112,soccer classes for kids,20120
Soccer Rising,"
7807 Sudley Rd, Manassas, VA 20109","
skyzone.com","
(571) 762-1160",,,35.030844,-114.5105112,soccer classes for kids,20120
Champions Premier | Elite Soccer Training,"
300 Hillwood Ave, Falls Church, VA 22046","
championspremier.net","
(617) 593-2497",,,35.030844,-114.5105112,soccer training for kids,20120
Joga Bonito Technical & Performance Soccer Training,"
300 Hillwood Ave, Falls Church, VA 22046","
championspremier.net","
(617) 593-2497",,,35.030844,-114.5105112,soccer training for kids,20120
Kincheloe Soccer Park,"
8000 Kincheloe Rd, Clifton, VA 20124","
novaparks.com",,,,35.030844,-114.5105112,soccer training for kids,20120
C4 Explosive Sports Training,"
8000 Kincheloe Rd, Clifton, VA 20124","
novaparks.com",,,,35.030844,-114.5105112,soccer training for kids,20120
"Peak Performance Training, LLC","
8305 Merrifield Ave, Fairfax, VA 22031","
peakperformancetraining-sean.com","
(703) 231-6519",,,35.030844,-114.5105112,soccer training for kids,20120
A1 Performance,"
4465 Brookfield Corporate Dr STE 106, Chantilly, VA 20151","
resurgentsports.com","
(703) 698-7888",,,35.030844,-114.5105112,soccer training for kids,20120
Nguyen Soccer,"
3950 University Dr 103 103, Fairfax, VA 22030","
relentlessmmaandfitness.com","
(540) 999-8270",,,35.030844,-114.5105112,soccer training for kids,20120
FC Virginia,"
14100 Parke Long Ct suite a, Chantilly, VA 20151",,"
(678) 595-7414",,,35.030844,-114.5105112,youth soccer programs,20120
FC UNITED,"
14000r Thunderbolt Pl ste 105, Chantilly, VA 20151","
fcunited.co","
(571) 583-4421",,,35.030844,-114.5105112,youth soccer programs,20120
Soccer Field 4 At Bull Run,"
7700 Bull Run Dr, Centreville, VA 20121","
novaparks.com","
(703) 631-0550",,,35.030844,-114.5105112,youth soccer programs,20120
Académie Sportif,"
9509 Lee Ave W, Manassas, VA 20110","
academiesportif.com","
(571) 494-6791",,,35.030844,-114.5105112,soccer academy for kids,20120
Tamir Linhart Golden Boot Soccer,"
9509 Lee Ave W, Manassas, VA 20110","
academiesportif.com","
(571) 494-6791",,,35.030844,-114.5105112,soccer academy for kids,20120
Barça Academy Northern Virginia,"
19623 Evergreen Mills Rd, Leesburg, VA 20175","
fcbarcelona.com",,,,35.030844,-114.5105112,soccer academy for kids,20120
Alexandria Soccer Association,"
19623 Evergreen Mills Rd, Leesburg, VA 20175","
fcbarcelona.com",,,,35.030844,-114.5105112,soccer academy for kids,20120
Barça Academy Northern Virginia,"
19623 Evergreen Mills Rd, Leesburg, VA 20175","
fcbarcelona.com",,,,35.030844,-114.5105112,soccer academy for kids,20120
Arlington Soccer Association,"
19623 Evergreen Mills Rd, Leesburg, VA 20175","
fcbarcelona.com",,,,35.030844,-114.5105112,soccer academy for kids,20120
"Elite Level Soccer, LLC","
19623 Evergreen Mills Rd, Leesburg, VA 20175","
fcbarcelona.com",,,,35.030844,-114.5105112,soccer academy for kids,20120
Virginia Fusion Park,"
42254 Briarfield Ln, Aldie, VA 20105","
virginiafusion.com","
(512) 731-3725",,,35.030844,-114.5105112,soccer camp for kids,20120
NVA Sports,"
43464 Hyland Hills St, South Riding, VA 20152","
nvasports.org","
(571) 484-3837",,,35.030844,-114.5105112,soccer camp for kids,20120
Loudoun Soccer Club,"
19798 Sycolin Rd, Leesburg, VA 20175","
loudounsoccer.com","
(703) 777-9977",,,35.030844,-114.5105112,soccer camp for kids,20120
"RavenTek Park, Home of VA Revolution","
19623 Evergreen Mills Rd, Leesburg, VA 20175","
varevolution.com","
(571) 577-8700",,,35.030844,-114.5105112,soccer camp for kids,20120
Northern Virginia Travel Baseball League,"
19623 Evergreen Mills Rd, Leesburg, VA 20175","
varevolution.com","
(571) 577-8700",,,35.030844,-114.5105112,soccer camp for kids,20120
Beyond the Hoop,"
5547 Lee Hwy A, Arlington, VA 22207","
bulldawgbasketball.com","
(703) 533-9158",,,38.9365406,-77.5753274,basketball classes for kids,22202
Thomas Jefferson Community Center,"
3501 2nd St S, Arlington, VA 22204","
parks.arlingtonva.us","
(703) 228-5920",,,38.9365406,-77.5753274,basketball classes for kids,22202
DNA Skills Academy,"
7631 Fullerton Rd Suite A, Springfield, VA 22153",,"
(703) 345-8391",,,38.9365406,-77.5753274,basketball classes for kids,22202
Evolution Basketball - Merrifield,"
2940B Prosperity Ave, Fairfax, VA 22031","
evobball.com",,,,38.9365406,-77.5753274,basketball classes for kids,22202
Walter Reed Recreation Center,"
2909 16th St S, Arlington, VA 22204","
arlingtonva.us","
(703) 228-0935",,,38.9365406,-77.5753274,basketball classes for kids,22202
Gunston Community Center,"
2700 S Lang St, Arlington, VA 22206","
arlingtonva.us","
(703) 228-6980",,,38.9365406,-77.5753274,basketball classes for kids,22202
YMCA Arlington,"
3422 13th St N, Arlington, VA 22201","
ymcadc.org","
(703) 525-5420",,,38.9365406,-77.5753274,basketball classes for kids,22202
Fairlington Community Center,"
3308 S Stafford St, Arlington, VA 22206","
arlingtonva.us","
(703) 228-6588",,,38.9365406,-77.5753274,basketball classes for kids,22202
Lubber Run Community Center,"
300 N Park Dr, Arlington, VA 22203","
arlingtonva.us","
(703) 228-4712",,,38.9365406,-77.5753274,basketball classes for kids,22202
Blockchain Basketball Training,"
1521 Boyd Pointe Wy Unit 2509, Vienna, VA 22182","
site123.me","
(703) 989-7867",,,38.9365406,-77.5753274,basketball classes for kids,22202
Next Level Basketball Training,"
8305 Merrifield Ave Suite F, Fairfax, VA 22031","
nxtlevelbball.com","
(703) 313-1201",,,38.9365406,-77.5753274,basketball classes for kids,22202
Barcroft Community Center,"
4200 S Four Mile Run Dr, Arlington, VA 22206","
arlingtonva.us","
(703) 228-0701",,,38.9365406,-77.5753274,basketball classes for kids,22202
24/7 Basketball,"
14112 Newbrook Dr, Chantilly, VA 20151",,,,,38.873111,-78.0091736,basketball classes for kids,22202
Virginia Highlands Park Basketball Courts,"
1600 S Hayes St, Arlington, VA 22202","
arlingtonva.us","
(703) 228-6525",,,38.8584318,-77.6372282,basketball classes for kids,22202
Walter Reed CC Basketball Court,"
2909 16th St S, Arlington, VA 22206","
arlingtonva.us","
(703) 228-0935",,,38.8584318,-77.6372282,basketball classes for kids,22202
Fort Myer Basketball Courts,"
Arlington, VA 22204",,,,,38.8584318,-77.6372282,basketball classes for kids,22202
Rocky Run Park,"
1109 N Barton St, Arlington, VA 22201","
arlingtonva.us","
(703) 228-6525",,,38.8584318,-77.6372282,basketball classes for kids,22202
Stratford Park Basketball Court,"
Arlington, VA 22207","
arlingtonva.us",,,,38.8584318,-77.6372282,basketball classes for kids,22202
Fort Scott Park,"
2800 Fort Scott Dr, Arlington, VA 22202","
arlingtonva.us","
(703) 228-6525",,,38.8584318,-77.6372282,basketball classes for kids,22202
Arlington YMCA Tennis & Squash Center,"
3400 13th St N, Arlington, VA 22201","
ymcadc.org","
(703) 522-1700",,,38.8584318,-77.6372282,basketball classes for kids,22202
B5 Sports Center,"
44710 Cape Ct # 102, Ashburn, VA 20147","
b5basketball.com","
(703) 727-3587",,,39.0186509,-78.0305633,basketball classes for kids,22202
Gillion Academy School,"
7965 Twist Ln, Springfield, VA 22153","
thegillionacademy.org","
(202) 365-8328",,,39.0186509,-78.0305633,basketball classes for kids,22202
Virginia Highlands Park,"
1600 S Hayes St, Arlington, VA 22202","
arlingtonva.us","
(703) 228-6525",,,38.8596527,-77.6380952,basketball classes for kids,22202
Gunston Park,"
1401 28th St S, Arlington, VA 22206","
arlingtonva.us","
(703) 228-6525",,,38.8596527,-77.6380952,basketball classes for kids,22202
Henderson Hall Smith Gym,"
27 Southgate Rd, Arlington, VA 22214","
hendersonhall.usmc-mccs.org","
(703) 614-7214",,,38.8596527,-77.6380952,basketball classes for kids,22202
Jennie Dean Park,"
27 Southgate Rd, Arlington, VA 22214","
hendersonhall.usmc-mccs.org","
(703) 614-7214",,,38.8596527,-77.6380952,basketball classes for kids,22202
Ultimate Basketball Training,"
7666E Fullerton Rd, Springfield, VA 22153","
ultimatebasketballtraining.com","
(703) 609-0932",,,38.8596527,-77.6380952,basketball classes for kids,22202
Leonard “Chick” Armstrong Recreation Center,"
7666E Fullerton Rd, Springfield, VA 22153","
ultimatebasketballtraining.com","
(703) 609-0932",,,38.8596527,-77.6380952,basketball classes for kids,22202
"Cross-Training Athletes into Believers, CTAB","
7666E Fullerton Rd, Springfield, VA 22153","
ultimatebasketballtraining.com","
(703) 609-0932",,,38.8596527,-77.6380952,basketball classes for kids,22202
Virginia Highlands Park Tennis Courts,"
Unnamed Road, Arlington, VA 22202",,,,,38.8596527,-77.6380952,basketball classes for kids,22202
Zitkala-Sa Park,"
3011 7th St N, Arlington, VA 22201","
arlingtonva.us","
(703) 228-6525",,,38.8596527,-77.6380952,basketball classes for kids,22202
Towers Park,"
801 S Scott St, Arlington, VA 22204","
arlingtonva.us","
(703) 228-6525",,,38.8596527,-77.6380952,basketball classes for kids,22202
Hoops Plus,"
45496 Ruritan Circle, Sterling, VA 20164","
hoopsplus.net","
(703) 430-8489",,,39.0075594,-78.0053377,basketball classes for kids,22202
Alcova Heights Park,"
901 S George Mason Dr, Arlington, VA 22204","
arlingtonva.us","
(703) 228-6525",,,38.8612872,-77.6787726,basketball classes for kids,22202
Crystal City Workout Park,"
2451 Crystal Dr, Arlington, VA 22202",,,,,38.8612872,-77.6787726,basketball classes for kids,22202
Walter Reed Senior Center,"
2909 16th St S, Arlington, VA 22204","
parks.arlingtonva.us","
(703) 228-0955",,,38.8612872,-77.6787726,basketball classes for kids,22202
Life Time,"
1440 N Edgewood St, Arlington, VA 22201","
lifetime.life","
(703) 666-2900",,,38.8612872,-77.6787726,basketball classes for kids,22202
Rocky Run Park Basketball Court,"
1109 N Barton St, Arlington, VA 22201",,,,,38.8612872,-77.6787726,basketball classes for kids,22202
Arlington County Parks & Recreation,"
2100 Clarendon Blvd UNIT 414, Arlington, VA 22201","
arlingtonva.us","
(703) 228-4747",,,38.8612872,-77.6787726,basketball classes for kids,22202
Angel Park Basketball Court,"
Alexandria, VA 22314",,,,,38.8612872,-77.6787726,basketball classes for kids,22202
Barcroft Park,"
4200 S Four Mile Run Dr, Arlington, VA 22206","
arlingtonva.us","
(703) 228-6525",,,38.8612872,-77.6787726,basketball classes for kids,22202
MovementX — Physical Therapy in Arlington,"
2009 14th St N Suite 2, Arlington, VA 22201","
movement-x.com","
(703) 349-6464",,,38.8612872,-77.6787726,basketball classes for kids,22202
Champs Sports,"
1100 S Hayes St, Arlington, VA 22202","
stores.champssports.com","
(703) 415-3747",,,38.8612872,-77.6787726,basketball classes for kids,22202
Arlington Youth Football Club,"
475 Long Bridge Drive, Arlington, VA 22202",,,,,38.8612872,-77.6787726,basketball classes for kids,22202
Department of Parks and Recreation - Athletic and Facility Services Division,"
300 N Park Dr, Arlington, VA 22203","
arlingtonva.us","
(703) 228-4747",,,38.8612872,-77.6787726,basketball classes for kids,22202
Basketball Courts,"
S 2nd St &, S Jackson St, Arlington, VA 22204",,,,,38.8612872,-77.6787726,basketball classes for kids,22202
Foot Locker,"
1100 South Hayes Street Space 0x01, Arlington, VA 22202","
stores.footlocker.com","
(703) 415-3668",,,38.8612872,-77.6787726,basketball classes for kids,22202
Fort Barnard Park,"
2101 S Pollard St, Arlington, VA 22204","
arlingtonva.us","
(703) 228-6525",,,38.8612872,-77.6787726,basketball classes for kids,22202
Evolution Basketball Training - Accotink,"
8519 Tuttle Rd, West Springfield, VA 22152","
evobball.com","
(703) 282-2222",,,38.8612872,-77.6787726,basketball classes for kids,22202
Bull Dawg Athletic Training and Physical Therapy,"
5001-A Langston Blvd. SUITE 102, Arlington, VA 22207","
bulldawgtraining.com","
(571) 970-6068",,,38.8612872,-77.6787726,basketball classes for kids,22202
JD Sports,"
1100 S Hayes St, Arlington, VA 22202","
jdsports.com","
(703) 413-1265",,,38.8612872,-77.6787726,basketball classes for kids,22202
Next Level Basketball Training,"
8305 Merrifield Ave Suite F, Fairfax, VA 22031","
nxtlevelbball.com","
(703) 313-1201",,,38.8612872,-77.6787726,basketball classes for kids,22202
Penrose Park,"
2200 6th St S, Arlington, VA 22204","
arlingtonva.us","
(703) 228-6525",,,38.8612872,-77.6787726,basketball classes for kids,22202
"EIE Sports, LLC","
429 Thorncliff Dr, Newport News, VA 23608","
eiesports.org","
(770) 855-7888",,,37.152093,-77.1261223,basketball classes for kids,22202
Barcroft Field,"
Arlington, VA 22206","
arlingtonva.us","
(703) 228-6525",,,38.8488665,-77.6780538,basketball classes for kids,22202
The Michael & Son Sportsplex at Dulles,"
Dulles Sportsplex, 21610 Atlantic Blvd, Sterling, VA 20166","
dullessportsplex.com","
(703) 430-9966",,,39.0164142,-78.0021918,basketball classes for kids,22202
Potomac Yard Park,"
2501 Potomac Ave, Alexandria, VA 22301","
alexandriava.gov",,,,38.8645081,-77.5896586,basketball classes for kids,22202
Arlington County Youth Department,"
3308 S Stafford St, Arlington, VA 22206","
arlingtonva.us","
(703) 228-6404",,,38.8645081,-77.5896586,basketball classes for kids,22202
Marine Corps Exchange,"
26 Joint Base Myer, 1555 Southgate Rd, Arlington, VA 22214","
hendersonhall.usmc-mccs.org","
(703) 979-8420",,,38.8645081,-77.5896586,basketball classes for kids,22202
Public Basketball Court,"
Blue Park Basketball Half Court, 18 E Linden St, Alexandria, VA 22301",,,,,38.8645081,-77.5896586,basketball classes for kids,22202
Drew Park Playground & Sprayground,"
2310 S Kenmore St, Arlington, VA 22206","
parks.arlingtonva.us","
(703) 228-6525",,,38.8645081,-77.5896586,basketball classes for kids,22202
Kids Foot Locker,"
1100 S Hayes St, Arlington, VA 22202","
stores.kidsfootlocker.com","
(703) 415-2566",,,38.8645081,-77.5896586,basketball classes for kids,22202
Four Mile Run Park,"
3700 Commonwealth Ave, Alexandria, VA 22305","
alexandriava.gov",,,,38.9057482,-77.6284551,basketball classes for kids,22202
Dudley's Sport and Ale,"
2766 S Arlington Mill Dr, Arlington, VA 22206","
dudleyssportandale.com","
(571) 312-2304",,,38.9057482,-77.6284551,basketball classes for kids,22202
Maury Park Tennis Courts,"
3550 Wilson Blvd, Arlington, VA 22201","
parks.arlingtonva.us","
(703) 228-6525",,,38.9057482,-77.6284551,basketball classes for kids,22202
"Veritas Collegiate Academy, National Landing Campus","
935 23rd St S, Arlington, VA 22202","
veritascollegiateacademydc.com","
(866) 564-4233",,,38.9057482,-77.6284551,basketball classes for kids,22202
YMCA Alexandria,"
420 E Monroe Ave, Alexandria, VA 22301","
ymcadc.org","
(703) 838-8085",,,38.9048213,-77.6284585,basketball training for kids,22202
Elevate Kids Basketball Training and Gym,"
8382 Terminal Rd Unit E, Lorton, VA 22079","
elevatesportstraining.com","
(703) 314-1688",,,38.9048213,-77.6284585,basketball training for kids,22202
Charles Houston Recreation Center,"
901 Wythe St, Alexandria, VA 22314","
alexandriava.gov","
(703) 746-5552",,,38.9048213,-77.6284585,basketball training for kids,22202
Casual Adventure Outfitters,"
3451 Washington Blvd, Arlington, VA 22201","
casualadventure.com","
(703) 527-0600",,,38.9048213,-77.6284585,basketball training for kids,22202
SP8 Ball Training,"
7409 Lockport Pl, Lorton, VA 22079","
sp8balltraining.com","
(703) 887-3986",,,38.9048213,-77.6284585,basketball training for kids,22202
Dawson Terrace Community Center,"
2133 N Taft St, Arlington, VA 22201","
arlingtonva.us","
(703) 228-5725",,,38.9048213,-77.6284585,basketball training for kids,22202
Nannie J Lee Memorial Recreation Center,"
1108 Jefferson St, Alexandria, VA 22314","
alexandriava.gov","
(703) 746-5550",,,38.9048213,-77.6284585,basketball training for kids,22202
Nova Fencing and Archery Club,"
3505 Carlin Springs Rd, Falls Church, VA 22041","
novafencingclub.com","
(703) 999-8077",,,38.9048213,-77.6284585,basketball training for kids,22202
MedStar Capitals Iceplex,"
627 N Glebe Rd SUITE 800, Arlington, VA 22203","
medstarcapitalsiceplex.com","
(571) 224-0555",,,38.9048213,-77.6284585,basketball training for kids,22202
Onelife Fitness - Skyline,"
5115 Leesburg Pike, Falls Church, VA 22041","
onelifefitness.com","
(703) 820-4100",,,38.9048213,-77.6284585,basketball training for kids,22202
Goldfish Swim School - Alexandria,"
3155-B Duke St, Alexandria, VA 22314","
goldfishswimschool.com","
(703) 844-2818",,,38.9048213,-77.6284585,basketball training for kids,22202
Quincy Park,"
1021 N Quincy St, Arlington, VA 22201","
arlingtonva.us","
(703) 228-6525",,,38.9048213,-77.6284585,basketball training for kids,22202
Eugene Simpson Stadium Park,"
426 E Monroe Ave, Alexandria, VA 22301","
alexandriava.gov","
(703) 746-5492",,,38.9048213,-77.6284585,basketball training for kids,22202
Hayes Park,"
1516 N Lincoln St, Arlington, VA 22201","
arlingtonva.us","
(703) 228-6525",,,38.9048213,-77.6284585,basketball training for kids,22202
Capstone Performance Training - Falls Church,"
444 W Broad St ste b, Falls Church, VA 22046","
capstoneperformancetraining.com","
(703) 914-3591",,,38.9048213,-77.6284585,basketball training for kids,22202
Parklawn Pool,"
6011 Crater Pl, Alexandria, VA 22312","
parklawnpool.org","
(571) 447-9461",,,38.9048213,-77.6284585,basketball training for kids,22202
Onelife Fitness - Ballston,"
4238 Wilson Blvd, Arlington, VA 22203","
onelifefitness.com","
(703) 816-8800",,,38.9048213,-77.6284585,basketball training for kids,22202
DSW Designer Shoe Warehouse,"
1301 S Joyce St, Arlington, VA 22202","
stores.dsw.com","
(703) 412-0818",,,38.9048213,-77.6284585,basketball training for kids,22202
Onelife Fitness - Old Town,"
209 Madison St, Alexandria, VA 22314","
onelifefitness.com","
(703) 548-6822",,,38.9048213,-77.6284585,basketball training for kids,22202
LMVSC,"
6212 Cameron Farms Pl, Alexandria, VA 22310","
lmvsc.org","
(703) 863-4255",,,38.9038943,-77.6284618,youth basketball league,22202
High View Park,"
1945 N Dinwiddie St, Arlington, VA 22207","
parks.arlingtonva.us","
(571) 429-5013",,,38.9038943,-77.6284618,youth basketball league,22202
Arlington Mill Community Center,"
909 S Dinwiddie St, Arlington, VA 22204","
arlingtonva.us","
(703) 228-7790",,,38.9038943,-77.6284618,youth basketball league,22202
Fields Park,"
775 N George Mason Dr, Arlington, VA 22203","
arlingtonva.us","
(703) 228-6525",,,38.9038943,-77.6284618,youth basketball league,22202
Cookology Culinary School,"
4238 Wilson Blvd 3rd Floor, Suite #3110, Arlington, VA 22203","
cookologyonline.com","
(703) 433-1909",,,38.9029674,-77.6284651,basketball academy for kids,22202
Giant Basketball Academy,"
20145 Ashbrook Pl, Ashburn, VA 20147","
giantbasketball.com",,,,39.0592041,-78.0407065,basketball academy for kids,22202
St. Stephen's and St. Agnes School Summertimes,"
400 Fontaine St, Alexandria, VA 22302","
summertimes.org","
(703) 212-2777",,,38.9109406,-77.6126801,basketball academy for kids,22202
Sleepy Hollow Recreation Association,"
3538 Sleepy Hollow Rd, Falls Church, VA 22041","
shrasharks.org","
(703) 941-0456",,,38.9109406,-77.6126801,basketball academy for kids,22202
Bluemont Park,"
601 N Manchester St, Arlington, VA 22205","
arlingtonva.us","
(703) 228-6525",,,38.9109406,-77.6126801,basketball academy for kids,22202
Syphax Education Center,"
2110 Washington Blvd, Arlington, VA 22204","
apsva.us","
(703) 228-6000",,,38.9109406,-77.6126801,basketball academy for kids,22202
British Swim School at Onelife Fitness - Falls Church,"
1000 E Broad St, Falls Church, VA 22046","
britishswimschool.com","
(202) 988-3825",,,38.9109406,-77.6126801,basketball academy for kids,22202
Orange Line Sports,"
4302 36th St S, Arlington, VA 22206","
orangelinesports.com","
(516) 967-9113",,,38.8707089,-77.2123392,basketball camp,22202
Charles Drew Community Center,"
3500 23rd St S, Arlington, VA 22206","
arlingtonva.us","
(703) 228-5725",,,38.8707089,-77.2123392,basketball camp,22202
Onelife Fitness - Crystal Park,"
2231 Crystal Dr, Arlington, VA 22202","
onelifefitness.com","
(703) 486-3380",,,38.8707089,-77.2123392,basketball camp,22202
Charles Barrett Recreation Center,"
1115 Martha Custis Dr, Alexandria, VA 22302","
alexandriava.gov","
(703) 746-5551",,,38.8707089,-77.2123392,basketball camp,22202
Summer Camp at Episcopal,"
1200 N Quaker Ln, Alexandria, VA 22302","
summeratepiscopal.org","
(703) 933-4040",,,38.8707089,-77.2123392,basketball camp,22202
Arlington Sports Conditioning,"
Lubber Run Community Center, 300 N Park Dr, Arlington, VA 22203","
arlingtonsc.com","
(703) 801-6248",,,38.8707089,-77.2123392,basketball camp,22202
JST Athletics,"
950 N Washington St, Alexandria, VA 22314","
jstathletics.org","
(703) 927-5008",,,38.8707089,-77.2123392,basketball camp,22202
Elevate,"
8382 Terminal Rd Unit E, Lorton, VA 22079","
elevatesportstraining.com","
(703) 314-1688",,,38.730609,-77.3384609,basketball skills training,22202
Washington Sailing Marina,"
1 Marina Dr, Alexandria, VA 22314","
washingtonsailingmarina.com","
(703) 548-9027",,,38.8332089,-77.1858792,basketball skills training,22202
"Capital Tennis & Pickleball (aka Capital Tennis & Stringing, LLC)","
2200 Wilson Blvd #102, Arlington, VA 22201","
capitalstringing.com","
(703) 597-4619",,,38.8332089,-77.1858792,basketball skills training,22202
Onelife Fitness - Alexandria,"
305 Hooffs Run Dr, Alexandria, VA 22314","
onelifefitness.com","
(571) 317-1600",,,38.8810994,-77.1453316,basketball skills training,22202
Dominion Hills Area Recreation,"
6000 Wilson Blvd, Arlington, VA 22205","
dominionhills.org","
(703) 533-7550",,,38.8733909,-77.2816349,basketball skills training,22202
"LCF KIDS - Falls Church, VA","
150 S Washington St #100, Falls Church, VA 22046","
lcfkids.com","
(703) 909-7971",,,38.8814801,-77.3165098,basketball skills training,22202
Infinite Skills Basketball Training,"
2729 Merrilee Dr, Fairfax, VA 22031","
infiniteskill.org","
(202) 932-8624",,,38.8790248,-77.3747731,basketball skills training,22202
Hayes Park Tennis Courts,"
1516 N Lincoln St, Arlington, VA 22201","
arlingtonva.us","
(703) 228-6525",,,38.8899254,-77.2483941,basketball skills training,22202
Legends Sports,"
3607-C Chain Bridge Rd, Fairfax, VA 22030","
playlegends.com","
(703) 255-5165",,,38.857235,-77.4511706,basketball skills training,22202
Thomas Jefferson Park Tennis Courts 🎾,"
3501 2nd St S, Arlington, VA 22204","
arlingtonva.us","
(703) 228-6525",,,38.8698471,-77.2383237,basketball skills training,22202
Evolution Basketball - Beaumeade,"
21760 Beaumeade Cir, Ashburn, VA 20147","
evobball.com",,,,39.016896,-77.6005103,basketball skills training,22202
LA Fitness,"
4300 King St, Alexandria, VA 22302","
lafitness.com","
(571) 431-1716",,,38.8371835,-77.2475891,basketball skills training,22202
Excite Soccer,"
3712 12th St S, Arlington, VA 22204","
excitesoccer.com","
(240) 418-2302",,,38.858657,-77.2385516,soccer classes for kids,22202
Kids Pro Soccer,"
107 S West St, Alexandria, VA 22314","
kidsprosoccer.com","
(202) 438-8555",,,38.858657,-77.2385516,soccer classes for kids,22202
Arlington Soccer Association,"
5210 Wilson Blvd, Arlington, VA 22205","
arlingtonsoccer.com","
(703) 527-0157",,,38.858657,-77.2385516,soccer classes for kids,22202
Gunston Bubble,"
2700 S Lang St, Arlington, VA 22206","
arlingtonva.us",,,,38.858657,-77.2385516,soccer classes for kids,22202
Alexandria Soccer Association,"
1108 Jefferson St, Alexandria, VA 22314","
alexandria-soccer.org","
(703) 684-5425",,,38.858657,-77.2385516,soccer classes for kids,22202
LTB Soccer,"
1900 Columbia Pike, Arlington, VA 22204","
ltbsoccer.com","
(202) 215-8676",,,38.858657,-77.2385516,soccer classes for kids,22202
Capstone Soccer,"
2830 Fallfax Dr, Falls Church, VA 22042","
capstonesoccer.com","
(703) 914-3548",,,38.8757695,-77.3529631,soccer classes for kids,22202
Long Bridge Aquatics & Fitness Center,"
333 Long Bridge Drive, Arlington, VA 22202","
arlingtonva.us","
(703) 228-3338",,,38.8704035,-77.1874613,soccer classes for kids,22202
Champions Premier | Elite Soccer Training,"
300 Hillwood Ave, Falls Church, VA 22046","
championspremier.net","
(617) 593-2497",,,38.8773212,-77.31464,soccer classes for kids,22202
Barcroft Park Community Field,"
S Four Mile Run Dr, Arlington, VA 22206","
arlingtonva.us",,,,38.8773212,-77.31464,soccer classes for kids,22202
Chesterfield Park Soccer Field,"
4901 Chesterfield Rd, Arlington, VA 22206",,,,,38.8773212,-77.31464,soccer classes for kids,22202
Arlington Training Center,"
140 S Wise St, Arlington, VA 22204","
arlingtonsoccer.com","
(703) 527-0157",,,38.8721895,-77.2284907,soccer classes for kids,22202
Soccer Post Arlington (previously Soccer Kicks),"
6019 Wilson Blvd, Arlington, VA 22205","
soccerpost.com","
(703) 202-0021",,,38.8721895,-77.2284907,soccer classes for kids,22202
PI Soccer Training,"
7701 Southern Dr, Springfield, VA 22150","
pitraining.org","
(571) 426-2144",,,38.792541,-77.3530761,soccer classes for kids,22202
Long Bridge Park,"
475 Long Bridge Drive, Arlington, VA 22202","
arlingtonva.us","
(703) 228-4747",,,38.8671948,-77.190672,soccer classes for kids,22202
Everbrook Academy of Arlington,"
201 12th St S Suite 10, Arlington, VA 22202","
everbrookacademy.com","
(855) 444-3778",,,38.8671948,-77.190672,soccer classes for kids,22202
Feya Preschool LLC,"
1611 S Walter Reed Dr, Arlington, VA 22204","
feyapreschool.com","
(703) 271-1611",,,38.8561791,-77.2322438,soccer classes for kids,22202
Simpson Field,"
500 E Monroe Ave, Alexandria, VA 22301",,,,,38.8561791,-77.2322438,soccer classes for kids,22202
Aurora Hills Water Playground,"
Arlington, VA 22202",,,,,38.9247839,-77.146482,soccer classes for kids,22202
Gunston Soccer Club,"
4320 Mount Vernon Memorial Hwy, Alexandria, VA 22309","
gunstonsoccer.com",,,,38.7094874,-77.2525012,soccer classes for kids,22202
Soccer-Pass,"
Rolling Rd, Springfield, VA 22152","
soccer-pass.com","
(571) 781-2925",,,38.778794,-77.3772094,soccer classes for kids,22202
Arlington County Dept. of Human Services,"
2100 Washington Blvd, Arlington, VA 22204","
arlingtonva.us","
(703) 228-1300",,,38.8733234,-77.2273414,soccer classes for kids,22202
Powhatan Springs Park Soccer Field,"
6020 Wilson Blvd, Arlington, VA 22205","
arlingtonva.us","
(703) 228-6525",,,38.8733849,-77.2829149,soccer classes for kids,22202
ChildSpace Learning Center,"
2721 Mt Vernon Ave, Alexandria, VA 22301","
mychildspace.com","
(571) 429-3082",,,38.8733849,-77.2829149,soccer classes for kids,22202
Steve & Kate's Camp - Alexandria,"
2400 Russell Rd, Alexandria, VA 22301","
steveandkatescamp.com","
(703) 997-9147",,,38.8299881,-77.2033176,soccer classes for kids,22202
Crystal City Sports Pub,"
529 23rd St S, Arlington, VA 22202","
ccsportspub.com",,,,38.8299881,-77.2033176,soccer classes for kids,22202
Tamir Linhart Golden Boot Soccer,"
8200 Greensboro Dr Suite 900, McLean, VA 22102","
goldenbootsoccer.com","
(703) 287-0088",,,38.9231812,-77.3725862,soccer classes for kids,22202
Fairfax Sportsplex,"
6800 Commercial Dr, Springfield, VA 22151","
fairfaxsportsplex.com","
(703) 750-9521",,,38.9231812,-77.3725862,soccer classes for kids,22202
Burke Athletic Club,"
Burke, VA 22015",,,,,38.7942325,-77.4165345,soccer classes for kids,22202
Washington-Liberty High School Stadium,"
1301 N Stafford St, Arlington, VA 22201","
arlingtonva.us","
(703) 228-6200",,,38.8865043,-77.254418,soccer classes for kids,22202
KIDSUNITED South Riding,"
43063 Peacock Market Plaza, South Riding, VA 20152","
kidsunited.com","
(703) 939-9493",,,38.9143642,-77.6576313,soccer classes for kids,22202
DICK'S Sporting Goods,"
5716 Columbia Pike, Falls Church, VA 22041","
stores.dickssportinggoods.com","
(703) 933-0736",,,38.8524221,-77.2721148,soccer classes for kids,22202
Vienna Youth Soccer,"
311 Maple Ave W STE D, Vienna, VA 22180","
vys.org",,,,38.8970339,-77.4160102,soccer classes for kids,22202
Urban Kempo,"
3000 Washington Blvd C, Arlington, VA 22201",,"
(703) 888-2425",,,38.8847512,-77.2386256,soccer classes for kids,22202
Golf Galaxy Performance Center,"
Crossroads Center, 5821 Crossroads Center Way, Falls Church, VA 22041","
stores.golfgalaxy.com","
(571) 473-4997",,,38.8847512,-77.2386256,soccer classes for kids,22202
Instrata Pentagon City,"
901 15th St S, Arlington, VA 22202","
instratapentagoncity.com","
(703) 594-4142",,,38.8847512,-77.2386256,soccer classes for kids,22202
ANNANDALE BOYS & GIRLS CLUB,"
4216 Annandale Rd, Annandale, VA 22003","
abgc.org","
(703) 941-2242",,,38.8322071,-77.3412077,soccer classes for kids,22202
Springfield South County Youth Club (SYC),"
8704 Morrissette Dr, Springfield, VA 22152","
sycva.com","
(703) 339-3796",,,38.8322071,-77.3412077,soccer classes for kids,22202
Caio Terra Academy - Alexandria BJJ,"
6118 Franconia Rd Suite 213, Alexandria, VA 22310","
alexandriabjj.com","
(571) 275-0995",,,38.8322071,-77.3412077,soccer classes for kids,22202
Canchas futbol,"
2700 Duke St, Alexandria, VA 22314",,,,,38.8061327,-77.2218958,soccer classes for kids,22202
Marymount University Home Field,"
Long Bridge Park, 475 Long Bridge Drive, Arlington, VA 22202","
marymountsaints.com",,,,38.8669955,-77.1907837,soccer camp for kids,22202
Marymount University Men's Soccer,"
2807 N Glebe Rd, Arlington, VA 22207",,,,,38.9060273,-77.2720272,soccer camp for kids,22202
Nova Soccer Academy,"
1577 Spring Hill Rd, Vienna, VA 22182",,"
(833) 668-2762",,,38.9060273,-77.2720272,soccer camp for kids,22202
Marshall Soccer Field,"
Marshall High School, 7731 Leesburg Pike, Falls Church, VA 22043",,,,,38.9037994,-77.3591192,soccer camp for kids,22202
Montclair FC Soccer Club,"
Marshall High School, 7731 Leesburg Pike, Falls Church, VA 22043",,,,,38.9037994,-77.3591192,soccer camp for kids,22202
Braddock Road Youth Club,"
8940 Burke Lake Rd, Springfield, VA 22151","
bryc.org","
(703) 378-2792",,,38.8096594,-77.398089,soccer camp for kids,22202
Powhatan Springs Park,"
6020 Wilson Blvd, Arlington, VA 22205","
arlingtonva.us","
(703) 228-6525",,,38.8732991,-77.2831567,soccer camp for kids,22202
Tuckahoe Park,"
2400 N Sycamore St, Arlington, VA 22207","
arlingtonva.us","
(703) 228-6525",,,38.892218,-77.3020705,soccer camp for kids,22202
Perfect Performance NOVA,"
8524A Tyco Rd, Vienna, VA 22182","
perfect-performancenova.com","
(571) 378-0078",,,39.1777016,-76.9548401,soccer camp for kids,22202
