name,address,website,phone_number,reviews_count,reviews_average,latitude,longitude,keyword,searched_zipcode
YMCA Alexandria,,,,,,38.7980322,-77.1492847,sports classes for kids,22301
Bounce Alexandria,,,,,,38.7980322,-77.1492847,sports classes for kids,22301
Kids Pro Soccer,"
107 S West St, Alexandria, VA 22314","
kidsprosoccer.com","
(202) 438-8555",,,38.7980322,-77.1492847,sports classes for kids,22301
Mount Vernon Recreation Center,"
107 S West St, Alexandria, VA 22314","
kidsprosoccer.com","
(202) 438-8555",,,38.7980322,-77.1492847,sports classes for kids,22301
Chinquapin Park Recreation Center & Aquatics Facility,"
107 S West St, Alexandria, VA 22314","
kidsprosoccer.com","
(202) 438-8555",,,38.7980322,-77.1492847,sports classes for kids,22301
Charles Houston Recreation Center,"
107 S West St, Alexandria, VA 22314","
kidsprosoccer.com","
(202) 438-8555",,,38.7980322,-77.1492847,sports classes for kids,22301
emPOWER kids,"
3210 King St, Alexandria, VA 22302","
alexandriava.gov","
(703) 746-5553",,,38.7980322,-77.1492847,sports classes for kids,22301
Trident Athletics,"
3210 King St, Alexandria, VA 22302","
alexandriava.gov","
(703) 746-5553",,,38.7980322,-77.1492847,sports classes for kids,22301
Healthy Baller Alexandria,"
3210 King St, Alexandria, VA 22302","
alexandriava.gov","
(703) 746-5553",,,38.7980322,-77.1492847,sports classes for kids,22301
Patrick Henry Recreation Center,"
3210 King St, Alexandria, VA 22302","
alexandriava.gov","
(703) 746-5553",,,38.7980322,-77.1492847,sports classes for kids,22301
Zara Sports Club,"
3210 King St, Alexandria, VA 22302","
alexandriava.gov","
(703) 746-5553",,,38.8174608,-77.1848479,sports classes for kids,22301
The Little Gym of Alexandria at Huntley Meadows,"
3210 King St, Alexandria, VA 22302","
alexandriava.gov","
(703) 746-5553",,,38.8174608,-77.1848479,sports classes for kids,22301
Testudo BJJ Judo,"
3210 King St, Alexandria, VA 22302","
alexandriava.gov","
(703) 746-5553",,,38.8174608,-77.1848479,sports classes for kids,22301
Steve & Kate's Camp - Alexandria,"
6500 Quander Rd, Alexandria, VA 22307","
zarasportsclub.com","
(301) 744-9272",,,38.7743791,-77.1439194,sports classes for kids,22301
Onelife Fitness - Alexandria,"
6500 Quander Rd, Alexandria, VA 22307","
zarasportsclub.com","
(301) 744-9272",,,38.7743791,-77.1439194,sports classes for kids,22301
Hershey Athletic Center,"
6500 Quander Rd, Alexandria, VA 22307","
zarasportsclub.com","
(301) 744-9272",,,38.7743791,-77.1439194,sports classes for kids,22301
Wellbuilt Strength,"
6500 Quander Rd, Alexandria, VA 22307","
zarasportsclub.com","
(301) 744-9272",,,38.7743791,-77.1439194,sports classes for kids,22301
Witter Field,"
6500 Quander Rd, Alexandria, VA 22307","
zarasportsclub.com","
(301) 744-9272",,,38.7743791,-77.1439194,sports classes for kids,22301
SPARK Fieldhouse: Physiotherapy & Performance,"
1235 Stadium Dr, Alexandria, VA 22302","
episcopalhighschool.org",,,,38.8251279,-77.1679343,sports classes for kids,22301
My Gym Children's Fitness Center,"
1235 Stadium Dr, Alexandria, VA 22302","
episcopalhighschool.org",,,,38.8251279,-77.1679343,sports classes for kids,22301
Local Motion Project,"
1235 Stadium Dr, Alexandria, VA 22302","
episcopalhighschool.org",,,,38.8251279,-77.1679343,sports classes for kids,22301
JST Athletics,"
1235 Stadium Dr, Alexandria, VA 22302","
episcopalhighschool.org",,,,38.7535239,-77.2127262,sports classes for kids,22301
CrossFit MVA,"
1235 Stadium Dr, Alexandria, VA 22302","
episcopalhighschool.org",,,,38.7535239,-77.2127262,sports classes for kids,22301
Youth Sports Virginia Training Center,"
950 N Washington St, Alexandria, VA 22314","
jstathletics.org","
(703) 927-5008",,,38.8151457,-77.1172553,sports classes for kids,22301
Potomac Kempo - Old Town,"
950 N Washington St, Alexandria, VA 22314","
jstathletics.org","
(703) 927-5008",,,38.8151457,-77.1172553,sports classes for kids,22301
Dance Academy of Virginia,"
950 N Washington St, Alexandria, VA 22314","
jstathletics.org","
(703) 927-5008",,,38.8151457,-77.1172553,sports classes for kids,22301
Simpson Field,"
2050 Ballenger Ave, Alexandria, VA 22314","
potomackempo.com","
(571) 336-7010",,,38.8151457,-77.1172553,sports classes for kids,22301
D1 Training Alexandria,"
2050 Ballenger Ave, Alexandria, VA 22314","
potomackempo.com","
(571) 336-7010",,,38.8151457,-77.1172553,sports classes for kids,22301
Alexandria City Titans XC and Track & Field Booster Club,"
2050 Ballenger Ave, Alexandria, VA 22314","
potomackempo.com","
(571) 336-7010",,,38.8151457,-77.1172553,sports classes for kids,22301
JD Performance LLC,"
6550 Little River Turnpike Unit A, Alexandria, VA 22313","
d1training.com","
(703) 935-5762",,,38.8231702,-77.2330012,sports classes for kids,22301
Yang's Taekwondo,"
6550 Little River Turnpike Unit A, Alexandria, VA 22313","
d1training.com","
(703) 935-5762",,,38.8231702,-77.2330012,sports classes for kids,22301
Atlas Muay Thai,"
6550 Little River Turnpike Unit A, Alexandria, VA 22313","
d1training.com","
(703) 935-5762",,,38.8231702,-77.2330012,sports classes for kids,22301
Alexandria Zen Center,"
1501 Duke St Suite 150, Alexandria, VA 22314","
alxzen.com","
(571) 483-0598",,,38.8042416,-77.1296685,sports classes for kids,22301
Empowered Martial Arts Academy,"
1501 Duke St Suite 150, Alexandria, VA 22314","
alxzen.com","
(571) 483-0598",,,38.8042416,-77.1296685,sports classes for kids,22301
First Down Performance,"
1501 Duke St Suite 150, Alexandria, VA 22314","
alxzen.com","
(571) 483-0598",,,38.8042416,-77.1296685,sports classes for kids,22301
sculp'd,"
1501 Duke St Suite 150, Alexandria, VA 22314","
alxzen.com","
(571) 483-0598",,,38.8042416,-77.1296685,sports classes for kids,22301
Oswald Durant Center,"
1501 Duke St Suite 150, Alexandria, VA 22314","
alxzen.com","
(571) 483-0598",,,38.8042416,-77.1296685,sports classes for kids,22301
Alexandria Recreation and Parks,"
1501 Duke St Suite 150, Alexandria, VA 22314","
alxzen.com","
(571) 483-0598",,,38.8042416,-77.1296685,sports classes for kids,22301
Amazing Athletes,"
1103 Queen St 2nd Floor, Alexandria, VA 22314","
sculpd.co","
(703) 567-4442",,,38.8042416,-77.1296685,sports classes for kids,22301
Yoga in Del Ray,"
1103 Queen St 2nd Floor, Alexandria, VA 22314","
sculpd.co","
(703) 567-4442",,,38.8042416,-77.1296685,sports classes for kids,22301
Eugene Simpson Stadium Park,"
1103 Queen St 2nd Floor, Alexandria, VA 22314","
sculpd.co","
(703) 567-4442",,,38.8042416,-77.1296685,sports classes for kids,22301
Alexandria School of Highland Dance,"
1103 Queen St 2nd Floor, Alexandria, VA 22314","
sculpd.co","
(703) 567-4442",,,38.8042416,-77.1296685,sports classes for kids,22301
Warwick Pool,"
2402 Mt Vernon Ave, Alexandria, VA 22301","
alexandriahighlanddance.org",,,,38.8042416,-77.1296685,sports classes for kids,22301
ALX Boxing Club,"
2402 Mt Vernon Ave, Alexandria, VA 22301","
alexandriahighlanddance.org",,,,38.8042416,-77.1296685,sports classes for kids,22301
Potomac Kempo - National Landing,"
2402 Mt Vernon Ave, Alexandria, VA 22301","
alexandriahighlanddance.org",,,,38.8042416,-77.1296685,sports classes for kids,22301
Pacers Running,"
901 Wythe St, Alexandria, VA 22314","
alxboxingclub.org",,,,38.8042416,-77.1296685,sports classes for kids,22301
Zenshinkai Aikido Association,"
901 Wythe St, Alexandria, VA 22314","
alxboxingclub.org",,,,38.8042416,-77.1296685,sports classes for kids,22301
Hot Topic All Stars,"
901 Wythe St, Alexandria, VA 22314","
alxboxingclub.org",,,,38.8042416,-77.1296685,sports classes for kids,22301
Radiance Yoga,"
901 Wythe St, Alexandria, VA 22314","
alxboxingclub.org",,,,38.7956392,-77.2379741,sports classes for kids,22301
CrossFit NBHD,"
901 Wythe St, Alexandria, VA 22314","
alxboxingclub.org",,,,38.8106655,-77.1181549,sports classes for kids,22301
Kidokinetics Arlington,"
901 Wythe St, Alexandria, VA 22314","
alxboxingclub.org",,,,38.8106655,-77.1181549,sports classes for kids,22301
Beyond Sticks,"
901 Wythe St, Alexandria, VA 22314","
alxboxingclub.org",,,,37.7066142,-77.7016867,sports classes for kids,22301
Carpenter's Shelter,"
901 Wythe St, Alexandria, VA 22314","
alxboxingclub.org",,,,38.805923,-77.115927,sports classes for kids,22301
Orangetheory Fitness,"
409 Cameron St #8, Alexandria, VA 22314","
beyondsticks.com","
(703) 989-7398",,,38.805923,-77.115927,sports classes for kids,22301
Continues Arcade,"
409 Cameron St #8, Alexandria, VA 22314","
beyondsticks.com","
(703) 989-7398",,,38.805923,-77.115927,sports classes for kids,22301
The Elite Athletic Program,"
409 Cameron St #8, Alexandria, VA 22314","
beyondsticks.com","
(703) 989-7398",,,38.805923,-77.115927,sports classes for kids,22301
Vital Body & Mind,"
409 Cameron St #8, Alexandria, VA 22314","
beyondsticks.com","
(703) 989-7398",,,38.805923,-77.115927,sports classes for kids,22301
Commonwealth Academy,"
409 Cameron St #8, Alexandria, VA 22314","
beyondsticks.com","
(703) 989-7398",,,38.805923,-77.115927,sports classes for kids,22301
Play Squash Academy,"
1321 Leslie Ave, Alexandria, VA 22301","
commonwealthacademy.org","
(703) 548-6912",,,38.805923,-77.115927,sports classes for kids,22301
Beth A Wolfe Yoga,"
1321 Leslie Ave, Alexandria, VA 22301","
commonwealthacademy.org","
(703) 548-6912",,,38.805923,-77.115927,sports classes for kids,22301
Chrysalis Chiropractic of Alexandria,"
1321 Leslie Ave, Alexandria, VA 22301","
commonwealthacademy.org","
(703) 548-6912",,,38.805923,-77.115927,sports classes for kids,22301
Alexandria Massage Therapy,"
1321 Leslie Ave, Alexandria, VA 22301","
commonwealthacademy.org","
(703) 548-6912",,,38.805923,-77.115927,sports classes for kids,22301
Alexandria Turkey Trot,"
1321 Leslie Ave, Alexandria, VA 22301","
commonwealthacademy.org","
(703) 548-6912",,,38.805923,-77.115927,sports classes for kids,22301
Ultimate Styles Barbershop,"
1321 Leslie Ave, Alexandria, VA 22301","
commonwealthacademy.org","
(703) 548-6912",,,38.805923,-77.115927,sports classes for kids,22301
Back To Health Center,"
1321 Leslie Ave, Alexandria, VA 22301","
commonwealthacademy.org","
(703) 548-6912",,,38.805923,-77.115927,sports classes for kids,22301
K Sports Complex,"
1321 Leslie Ave, Alexandria, VA 22301","
commonwealthacademy.org","
(703) 548-6912",,,38.805923,-77.115927,sports classes for kids,22301
George Mason Park,"
1308 Mt Vernon Ave, Alexandria, VA 22301",,"
(703) 549-8820",,,38.805923,-77.115927,sports classes for kids,22301
Happy Hour Athletics,"
1308 Mt Vernon Ave, Alexandria, VA 22301",,"
(703) 549-8820",,,38.805923,-77.115927,sports classes for kids,22301
Del Ray Artisans,"
1308 Mt Vernon Ave, Alexandria, VA 22301",,"
(703) 549-8820",,,38.805923,-77.115927,sports classes for kids,22301
ACE Rehab,"
1308 Mt Vernon Ave, Alexandria, VA 22301",,"
(703) 549-8820",,,38.805923,-77.115927,sports classes for kids,22301
Athletic Field,"
1308 Mt Vernon Ave, Alexandria, VA 22301",,"
(703) 549-8820",,,38.805923,-77.115927,sports classes for kids,22301
Alexandria Country Day School,"
1308 Mt Vernon Ave, Alexandria, VA 22301",,"
(703) 549-8820",,,38.805923,-77.115927,sports classes for kids,22301
Bharatha Mallika School Of Kuchipudi Dance,"
2400 Russell Rd, Alexandria, VA 22301","
acdsnet.org","
(703) 548-4804",,,38.805923,-77.115927,sports classes for kids,22301
Sportsplex Gymnastics,"
2400 Russell Rd, Alexandria, VA 22301","
acdsnet.org","
(703) 548-4804",,,38.805923,-77.115927,sports classes for kids,22301
"i9 Sports Southwest Fairfax County, VA","
2400 Russell Rd, Alexandria, VA 22301","
acdsnet.org","
(703) 548-4804",,,38.805923,-77.115927,sports classes for kids,22301
Swing's Coffee,"
2400 Russell Rd, Alexandria, VA 22301","
acdsnet.org","
(703) 548-4804",,,38.805923,-77.115927,sports classes for kids,22301
Del Ray Vintage & Flea Market,"
2400 Russell Rd, Alexandria, VA 22301","
acdsnet.org","
(703) 548-4804",,,38.805923,-77.115927,sports classes for kids,22301
Del Ray Pizzeria & Draft House,"
2400 Russell Rd, Alexandria, VA 22301","
acdsnet.org","
(703) 548-4804",,,38.805923,-77.115927,sports classes for kids,22301
Springfield Soccer Supplies,"
2400 Russell Rd, Alexandria, VA 22301","
acdsnet.org","
(703) 548-4804",,,38.805923,-77.115927,sports classes for kids,22301
Fountains Day Spa,"
2400 Russell Rd, Alexandria, VA 22301","
acdsnet.org","
(703) 548-4804",,,38.805923,-77.115927,sports classes for kids,22301
Nannie J Lee Memorial Recreation Center,,,,,,38.8059085,-77.115927,sports programs for kids,22301
Leonard “Chick” Armstrong Recreation Center,,,,,,38.8059085,-77.115927,sports programs for kids,22301
Alexandria Soccer Association,"
1108 Jefferson St, Alexandria, VA 22314","
alexandria-soccer.org","
(703) 684-5425",,,38.8059085,-77.115927,sports programs for kids,22301
Dunbar Alexandria-Olympic Boys & Girls Club,"
401 N Payne St, Alexandria, VA 22314","
bgcgw.org","
(703) 549-3077",,,38.8059085,-77.115927,sports programs for kids,22301
Up Next Baseball LLC,"
401 N Payne St, Alexandria, VA 22314","
bgcgw.org","
(703) 549-3077",,,38.8059085,-77.115927,sports programs for kids,22301
LMVSC,"
401 N Payne St, Alexandria, VA 22314","
bgcgw.org","
(703) 549-3077",,,38.8059085,-77.115927,sports programs for kids,22301
WeAquatics,"
401 N Payne St, Alexandria, VA 22314","
bgcgw.org","
(703) 549-3077",,,38.8059085,-77.115927,sports programs for kids,22301
William Ramsay Recreation Center,"
401 N Payne St, Alexandria, VA 22314","
bgcgw.org","
(703) 549-3077",,,38.8059085,-77.115927,sports programs for kids,22301
Charles Barrett Recreation Center,"
401 N Payne St, Alexandria, VA 22314","
bgcgw.org","
(703) 549-3077",,,38.8059085,-77.115927,sports programs for kids,22301
Onelife Fitness - Old Town,"
401 N Payne St, Alexandria, VA 22314","
bgcgw.org","
(703) 549-3077",,,38.7823035,-77.2108396,sports programs for kids,22301
Fairlington Community Center,"
401 N Payne St, Alexandria, VA 22314","
bgcgw.org","
(703) 549-3077",,,38.8127407,-77.1125409,sports programs for kids,22301
Summer Camp at Episcopal,"
401 N Payne St, Alexandria, VA 22314","
bgcgw.org","
(703) 549-3077",,,38.8127407,-77.1125409,sports programs for kids,22301
Goldfish Swim School - Alexandria,"
401 N Payne St, Alexandria, VA 22314","
bgcgw.org","
(703) 549-3077",,,38.8127407,-77.1125409,sports programs for kids,22301
Franconia Rec Center,"
6601 Telegraph Rd, Alexandria, VA 22310","
fairfaxcounty.gov","
(703) 922-9841",,,38.7740644,-77.1789295,sports programs for kids,22301
Mount Vernon Rec Center,"
6601 Telegraph Rd, Alexandria, VA 22310","
fairfaxcounty.gov","
(703) 922-9841",,,38.7740644,-77.1789295,sports programs for kids,22301
Montgomery Park,"
6601 Telegraph Rd, Alexandria, VA 22310","
fairfaxcounty.gov","
(703) 922-9841",,,38.7740644,-77.1789295,sports programs for kids,22301
Tiny Dancers,"
901 N Royal St, Alexandria, VA 22314","
alexandriava.gov","
(703) 746-4343",,,38.7740644,-77.1789295,sports programs for kids,22301
Ready Set Gymnastics,"
901 N Royal St, Alexandria, VA 22314","
alexandriava.gov","
(703) 746-4343",,,38.8142319,-77.1131128,sports programs for kids,22301
The Dugout Alx,"
901 N Royal St, Alexandria, VA 22314","
alexandriava.gov","
(703) 746-4343",,,38.8142319,-77.1131128,sports programs for kids,22301
Sportrock Climbing Centers,"
901 N Royal St, Alexandria, VA 22314","
alexandriava.gov","
(703) 746-4343",,,38.8142319,-77.1131128,sports programs for kids,22301
William Ramsay Tennis and Pickleball Courts,"
901 N Royal St, Alexandria, VA 22314","
alexandriava.gov","
(703) 746-4343",,,38.8142319,-77.1131128,sports programs for kids,22301
NinVolution Traditional Japanese Martial Arts,"
5308 Eisenhower Ave, Alexandria, VA 22304","
sportrock.com","
(703) 212-7625",,,38.800983,-77.1980896,sports programs for kids,22301
Pioneer Baseball League,"
5308 Eisenhower Ave, Alexandria, VA 22304","
sportrock.com","
(703) 212-7625",,,38.8068736,-77.153142,sports programs for kids,22301
Joseph Hensley Park,"
5308 Eisenhower Ave, Alexandria, VA 22304","
sportrock.com","
(703) 212-7625",,,38.8068736,-77.153142,sports programs for kids,22301
"Capital MMA & Elite Fitness | Alexandria, VA","
4100 Franconia Rd, Alexandria, VA 22310","
pblva.org",,,,38.8068736,-77.153142,sports programs for kids,22301
Vélocity Bicycle Cooperative,"
4100 Franconia Rd, Alexandria, VA 22310","
pblva.org",,,,38.8068736,-77.153142,sports programs for kids,22301
Ben Brenman Park,"
4100 Franconia Rd, Alexandria, VA 22310","
pblva.org",,,,38.8068736,-77.153142,sports programs for kids,22301
KRISSFIT TRAINING CLUB - ALEXANDRIA VA,"
4100 Franconia Rd, Alexandria, VA 22310","
pblva.org",,,,38.8068736,-77.153142,sports programs for kids,22301
Schuyler Hamilton Jones Skateboard Park,"
4100 Franconia Rd, Alexandria, VA 22310","
pblva.org",,,,38.8068736,-77.153142,sports programs for kids,22301
Sports & Rec Plus,"
4100 Franconia Rd, Alexandria, VA 22310","
pblva.org",,,,38.8068736,-77.153142,sports programs for kids,22301
The Sportrock Performance Institute,"
4100 Franconia Rd, Alexandria, VA 22310","
pblva.org",,,,38.8068736,-77.153142,sports programs for kids,22301
"Jerome ""Buddie"" Ford Nature Center","
4100 Franconia Rd, Alexandria, VA 22310","
pblva.org",,,,38.8007431,-77.1982053,sports programs for kids,22301
Little Burgundy Farm,"
4100 Franconia Rd, Alexandria, VA 22310","
pblva.org",,,,38.8007431,-77.1982053,sports programs for kids,22301
Windmill Hill Park,"
4100 Franconia Rd, Alexandria, VA 22310","
pblva.org",,,,38.8007431,-77.1982053,sports programs for kids,22301
Four Mile Run Park,"
4100 Franconia Rd, Alexandria, VA 22310","
pblva.org",,,,38.8007431,-77.1982053,sports programs for kids,22301
Washington Sailing Marina,"
4100 Franconia Rd, Alexandria, VA 22310","
pblva.org",,,,38.8007431,-77.1982053,sports programs for kids,22301
Foundation Fitness of Del Ray,,,,,,38.8006201,-77.3218155,sports training for kids,22301
R.A.Y ATHLETICS,,,,,,38.8006201,-77.3218155,sports training for kids,22301
BT Fitness,"
20 S Quaker Ln #130, Alexandria, VA 22314","
gobtfitness.com","
(703) 567-4186",,,38.8006201,-77.3218155,sports training for kids,22301
HBR Personal Training,"
20 S Quaker Ln #130, Alexandria, VA 22314","
gobtfitness.com","
(703) 567-4186",,,38.8006201,-77.3218155,sports training for kids,22301
The Worx by Maia Fitness,"
20 S Quaker Ln #130, Alexandria, VA 22314","
gobtfitness.com","
(703) 567-4186",,,38.8006201,-77.3218155,sports training for kids,22301
Teddy's Fitness Boxing,"
20 S Quaker Ln #130, Alexandria, VA 22314","
gobtfitness.com","
(703) 567-4186",,,38.8006201,-77.3218155,sports training for kids,22301
Fusion Rehab and Wellness - Alexandria,"
20 S Quaker Ln #130, Alexandria, VA 22314","
gobtfitness.com","
(703) 567-4186",,,38.8006201,-77.3218155,sports training for kids,22301
Frolick Dogs,"
20 S Quaker Ln #130, Alexandria, VA 22314","
gobtfitness.com","
(703) 567-4186",,,38.8006201,-77.3218155,sports training for kids,22301
Kogaion Academy Brazilian Jiu-Jitsu & Judo,"
20 S Quaker Ln #130, Alexandria, VA 22314","
gobtfitness.com","
(703) 567-4186",,,38.8006201,-77.3218155,sports training for kids,22301
Gunston Community Center,"
2788 S Arlington Mill Dr #100, Arlington, VA 22206","
kogaionacademy.com","
(703) 732-7974",,,38.8006201,-77.3218155,sports training for kids,22301
Prime Time Baseball LLC,"
2788 S Arlington Mill Dr #100, Arlington, VA 22206","
kogaionacademy.com","
(703) 732-7974",,,38.8006201,-77.3218155,sports training for kids,22301
Taekwondo Masters,"
2788 S Arlington Mill Dr #100, Arlington, VA 22206","
kogaionacademy.com","
(703) 732-7974",,,38.8006201,-77.3218155,sports training for kids,22301
One Way Martial Arts Alexandria,"
2788 S Arlington Mill Dr #100, Arlington, VA 22206","
kogaionacademy.com","
(703) 732-7974",,,38.8006201,-77.3218155,sports training for kids,22301
High Noon BJJ & Fitness LLC,"
2788 S Arlington Mill Dr #100, Arlington, VA 22206","
kogaionacademy.com","
(703) 732-7974",,,38.8006201,-77.3218155,sports training for kids,22301
Tactica Physical Therapy & Wellness,"
2788 S Arlington Mill Dr #100, Arlington, VA 22206","
kogaionacademy.com","
(703) 732-7974",,,38.8006201,-77.3218155,sports training for kids,22301
Burn Boot Camp,"
2788 S Arlington Mill Dr #100, Arlington, VA 22206","
kogaionacademy.com","
(703) 732-7974",,,38.8006201,-77.3218155,sports training for kids,22301
"Cross-Training Athletes into Believers, CTAB","
2788 S Arlington Mill Dr #100, Arlington, VA 22206","
kogaionacademy.com","
(703) 732-7974",,,38.8006201,-77.3218155,sports training for kids,22301
Onekick Martial Arts of Alexandria,"
2788 S Arlington Mill Dr #100, Arlington, VA 22206","
kogaionacademy.com","
(703) 732-7974",,,38.8006201,-77.3218155,sports training for kids,22301
LA Fitness,"
2788 S Arlington Mill Dr #100, Arlington, VA 22206","
kogaionacademy.com","
(703) 732-7974",,,38.8006201,-77.3218155,sports training for kids,22301
Potomac Kempo - Fairlington,"
2788 S Arlington Mill Dr #100, Arlington, VA 22206","
kogaionacademy.com","
(703) 732-7974",,,38.8006201,-77.3218155,sports training for kids,22301
American Family Centers - Karate,"
2788 S Arlington Mill Dr #100, Arlington, VA 22206","
kogaionacademy.com","
(703) 732-7974",,,38.8006201,-77.3218155,sports training for kids,22301
Walter Reed Recreation Center,"
2788 S Arlington Mill Dr #100, Arlington, VA 22206","
kogaionacademy.com","
(703) 732-7974",,,38.8006201,-77.3218155,sports training for kids,22301
Capital CrossFit Alexandria,"
2788 S Arlington Mill Dr #100, Arlington, VA 22206","
kogaionacademy.com","
(703) 732-7974",,,38.8006201,-77.3218155,sports training for kids,22301
Planet Fitness,"
2788 S Arlington Mill Dr #100, Arlington, VA 22206","
kogaionacademy.com","
(703) 732-7974",,,38.8006201,-77.3218155,sports training for kids,22301
PI Soccer Training,"
2788 S Arlington Mill Dr #100, Arlington, VA 22206","
kogaionacademy.com","
(703) 732-7974",,,38.8006201,-77.3218155,sports training for kids,22301
Elevate Kids Basketball Training and Gym,"
2788 S Arlington Mill Dr #100, Arlington, VA 22206","
kogaionacademy.com","
(703) 732-7974",,,38.8006201,-77.3218155,sports training for kids,22301
Potomac Kempo - Huntington Metro,"
2788 S Arlington Mill Dr #100, Arlington, VA 22206","
kogaionacademy.com","
(703) 732-7974",,,38.8006201,-77.3218155,sports training for kids,22301
1Up MuayThai Academy,"
2788 S Arlington Mill Dr #100, Arlington, VA 22206","
kogaionacademy.com","
(703) 732-7974",,,38.8006201,-77.3218155,sports training for kids,22301
Strike Studio Alexandria - Boxing GYM,,,,,,38.8097389,-77.1331493,youth sports programs,22301
Volunteer Alexandria,,,,,,38.8097389,-77.1331493,youth sports programs,22301
Tiny Troops Soccer - Joint Base Anacostia-Bolling/Alexandria,"
305 Hooffs Run Dr, Alexandria, VA 22314","
onelifefitness.com","
(571) 317-1600",,,38.8097389,-77.1331493,youth sports programs,22301
Frank Mann Field,"
305 Hooffs Run Dr, Alexandria, VA 22314","
onelifefitness.com","
(571) 317-1600",,,38.8097389,-77.1331493,youth sports programs,22301
The MVMNT Society,"
305 Hooffs Run Dr, Alexandria, VA 22314","
onelifefitness.com","
(571) 317-1600",,,38.8097389,-77.1331493,youth sports programs,22301
Row House Fitness Old Town Alexandria,"
305 Hooffs Run Dr, Alexandria, VA 22314","
onelifefitness.com","
(571) 317-1600",,,38.8097389,-77.1331493,youth sports programs,22301
True Balance Sports Consulting Group,"
917 N St Asaph St, Alexandria, VA 22314","
therowhouse.com","
(703) 935-4500",,,38.8097389,-77.1331493,youth sports programs,22301
Alexandria Little League,"
917 N St Asaph St, Alexandria, VA 22314","
therowhouse.com","
(703) 935-4500",,,38.8097389,-77.1331493,youth sports programs,22301
Daingerfield Island Sailing Club,"
917 N St Asaph St, Alexandria, VA 22314","
therowhouse.com","
(703) 935-4500",,,38.8097389,-77.1331493,youth sports programs,22301
ASM Tennis Academy,,"
asmtennisacademy.com",,,,38.1319444,-79.4029363,kids sports academy,22301
Dynamic Gymnastics,"
3441 Carlin Springs Rd, Bailey's Crossroads, VA 22041","
griffingymnastics.com","
(703) 738-6000",,,38.8501123,-77.1950165,kids sports academy,22301
Gunston Soccer Club,"
3441 Carlin Springs Rd, Bailey's Crossroads, VA 22041","
griffingymnastics.com","
(703) 738-6000",,,38.8501123,-77.1950165,kids sports academy,22301
Yong In Martial Arts Academy,"
3441 Carlin Springs Rd, Bailey's Crossroads, VA 22041","
griffingymnastics.com","
(703) 738-6000",,,38.7094874,-77.1804034,kids sports academy,22301
DNA Skills Academy,"
3441 Carlin Springs Rd, Bailey's Crossroads, VA 22041","
griffingymnastics.com","
(703) 738-6000",,,38.772314,-77.2262838,kids sports academy,22301
Caio Terra Academy - Alexandria BJJ,"
3441 Carlin Springs Rd, Bailey's Crossroads, VA 22041","
griffingymnastics.com","
(703) 738-6000",,,38.7826289,-77.2197259,kids sports academy,22301
King Khong MMA,"
3441 Carlin Springs Rd, Bailey's Crossroads, VA 22041","
griffingymnastics.com","
(703) 738-6000",,,38.7826289,-77.2197259,kids sports academy,22301
Nova Fencing and Archery Club,"
3441 Carlin Springs Rd, Bailey's Crossroads, VA 22041","
griffingymnastics.com","
(703) 738-6000",,,38.7826289,-77.2197259,kids sports academy,22301
Life Champ Martial Arts of Kingstowne,"
7556 Telegraph Rd, Alexandria, VA 22315","
hellokarate.com","
(703) 888-3895",,,38.7826289,-77.2197259,kids sports academy,22301
Gillion Academy School,"
7556 Telegraph Rd, Alexandria, VA 22315","
hellokarate.com","
(703) 888-3895",,,38.7826289,-77.2197259,kids sports academy,22301
Onelife Fitness - Skyline,"
7556 Telegraph Rd, Alexandria, VA 22315","
hellokarate.com","
(703) 888-3895",,,38.7826289,-77.2197259,kids sports academy,22301
Fairfax Sportsplex,"
5115 Leesburg Pike, Falls Church, VA 22041","
onelifefitness.com","
(703) 820-4100",,,38.8444818,-77.1909955,kids sports academy,22301
Fundamentals Academy,"
5115 Leesburg Pike, Falls Church, VA 22041","
onelifefitness.com","
(703) 820-4100",,,38.8444818,-77.1909955,kids sports academy,22301
"Evolve To Fit, GymnasticBodies DMV","
2501 9th Rd S #95, Arlington, VA 22204","
evolvetofit.com","
(703) 672-3348",,,38.8444818,-77.1909955,kids sports academy,22301
Old Town Pool,"
2501 9th Rd S #95, Arlington, VA 22204","
evolvetofit.com","
(703) 672-3348",,,38.8444818,-77.1909955,kids sports academy,22301
Orange Line Sports,,,,,,38.8080878,-77.128964,sports camp for kids,22301
St. Stephen's and St. Agnes School Summertimes,,,,,,38.8080878,-77.128964,sports camp for kids,22301
Commonwealth Academy Summer Fun and Learning,,,,,,38.8080878,-77.128964,sports camp for kids,22301
Jr. Wizards Basketball Camps & Clinics,,,,,,38.8298141,-77.1617861,sports camp for kids,22301
Congressional Camp,,,,,,38.8975641,-77.0931555,sports camp for kids,22301
Going To Another Level Sports & Childcare Center,,,,,,38.8975641,-77.0931555,sports camp for kids,22301
"LCF KIDS - Falls Church, VA",,,,,,38.8975641,-77.0931555,sports camp for kids,22301
Excite Soccer,,,,,,38.8975641,-77.0931555,sports camp for kids,22301
Mary Virginia Merrick Recreation Center,,,,,,38.8585949,-77.2358324,sports camp for kids,22301
ActivePlay,"
4275 4th St SE, Washington, DC 20032",,"
(202) 562-7590",,,38.8585949,-77.2358324,sports camp for kids,22301
Camp Kids Place,"
4275 4th St SE, Washington, DC 20032",,"
(202) 562-7590",,,38.82382,-77.0721858,sports camp for kids,22301
Summer Cove,"
4275 4th St SE, Washington, DC 20032",,"
(202) 562-7590",,,38.82382,-77.0721858,sports camp for kids,22301
Bald Eagle Recreation Center,"
4275 4th St SE, Washington, DC 20032",,"
(202) 562-7590",,,38.82382,-77.0721858,sports camp for kids,22301
Little Hunting Park Club Swim and Tennis Club,"
4275 4th St SE, Washington, DC 20032",,"
(202) 562-7590",,,38.82382,-77.0721858,sports camp for kids,22301
Mount Vernon Community Children's Theatre Summer Camp,"
4275 4th St SE, Washington, DC 20032",,"
(202) 562-7590",,,38.82382,-77.0721858,sports camp for kids,22301
Kids Elite Sports ..A,"
4275 4th St SE, Washington, DC 20032",,"
(202) 562-7590",,,38.7669462,-77.143716,sports camp for kids,22301
Baroody Camps,"
4275 4th St SE, Washington, DC 20032",,"
(202) 562-7590",,,38.9639526,-77.0912959,sports camp for kids,22301
Kids & Culture Camp,"
4275 4th St SE, Washington, DC 20032",,"
(202) 562-7590",,,38.9639526,-77.0912959,sports camp for kids,22301
Belle Haven Marina Inc - Mariner Sailing School,"
4275 4th St SE, Washington, DC 20032",,"
(202) 562-7590",,,38.9639526,-77.0912959,sports camp for kids,22301
Yoo's Authentic Martial Arts,"
4275 4th St SE, Washington, DC 20032",,"
(202) 562-7590",,,38.9028651,-77.1099513,sports camp for kids,22301
Fairfax Collegiate Alexandria Campus,"
Beth El Hebrew Congregation, 3830 Seminary Rd, Alexandria, VA 22304","
fairfaxcollegiate.com","
(703) 481-3080",,,38.820597,-77.3846772,sports summer camp,22301
Washington Sailing School,"
Beth El Hebrew Congregation, 3830 Seminary Rd, Alexandria, VA 22304","
fairfaxcollegiate.com","
(703) 481-3080",,,38.820597,-77.3846772,sports summer camp,22301
Sidwell Summer,"
Beth El Hebrew Congregation, 3830 Seminary Rd, Alexandria, VA 22304","
fairfaxcollegiate.com","
(703) 481-3080",,,38.820597,-77.3846772,sports summer camp,22301
Arlington Sports Conditioning,"
Beth El Hebrew Congregation, 3830 Seminary Rd, Alexandria, VA 22304","
fairfaxcollegiate.com","
(703) 481-3080",,,38.820597,-77.3846772,sports summer camp,22301
Thomas Jefferson Community Center,"
Beth El Hebrew Congregation, 3830 Seminary Rd, Alexandria, VA 22304","
fairfaxcollegiate.com","
(703) 481-3080",,,38.820597,-77.3846772,sports summer camp,22301
Mind the Mat Pilates & Yoga - Del Ray,"
Beth El Hebrew Congregation, 3830 Seminary Rd, Alexandria, VA 22304","
fairfaxcollegiate.com","
(703) 481-3080",,,38.820597,-77.3846772,sports summer camp,22301
St Stephen's & St Agnes School Athletic Office,"
Beth El Hebrew Congregation, 3830 Seminary Rd, Alexandria, VA 22304","
fairfaxcollegiate.com","
(703) 481-3080",,,38.820597,-77.3846772,sports summer camp,22301
YMCA Arlington,"
3422 13th St N, Arlington, VA 22201","
ymcadc.org","
(703) 525-5420",,,38.820597,-77.3846772,sports summer camp,22301
Ohn Top Martial Arts - Rose Hill,"
3422 13th St N, Arlington, VA 22201","
ymcadc.org","
(703) 525-5420",,,38.820597,-77.3846772,sports summer camp,22301
Fort Scott Park,"
3422 13th St N, Arlington, VA 22201","
ymcadc.org","
(703) 525-5420",,,38.820597,-77.3846772,sports summer camp,22301
Kidz Sport Drill,"
3422 13th St N, Arlington, VA 22201","
ymcadc.org","
(703) 525-5420",,,38.820597,-77.3846772,sports summer camp,22301
Camp Sarraka,"
3422 13th St N, Arlington, VA 22201","
ymcadc.org","
(703) 525-5420",,,38.820597,-77.3846772,sports summer camp,22301
"Foundation Fitness of Old Town, Alexandria",,,,,,38.8171204,-77.1201535,kids fitness programs,22301
Zweet Sport Total Fitness Studio,,,,,,38.8171204,-77.1201535,kids fitness programs,22301
Snap Fitness Alexandria (Old Town),"
1315 King St, Alexandria, VA 22314","
snapfitness.com","
(703) 299-9499",,,38.8171204,-77.1201535,kids fitness programs,22301
Revolutionary Fitness,"
1315 King St, Alexandria, VA 22314","
snapfitness.com","
(703) 299-9499",,,38.8171204,-77.1201535,kids fitness programs,22301
F45 Training Old Town Alexandria,"
1315 King St, Alexandria, VA 22314","
snapfitness.com","
(703) 299-9499",,,38.8171204,-77.1201535,kids fitness programs,22301
USPTO Fitness Center,"
1315 King St, Alexandria, VA 22314","
snapfitness.com","
(703) 299-9499",,,38.8171204,-77.1201535,kids fitness programs,22301
Pure Barre,"
1315 King St, Alexandria, VA 22314","
snapfitness.com","
(703) 299-9499",,,38.8171204,-77.1201535,kids fitness programs,22301
FO Fitness,"
1315 King St, Alexandria, VA 22314","
snapfitness.com","
(703) 299-9499",,,38.8171204,-77.1201535,kids fitness programs,22301
Orangetheory Fitness,"
1315 King St, Alexandria, VA 22314","
snapfitness.com","
(703) 299-9499",,,38.8171204,-77.1201535,kids fitness programs,22301
Battle Fitness,"
1315 King St, Alexandria, VA 22314","
snapfitness.com","
(703) 299-9499",,,38.8171204,-77.1201535,kids fitness programs,22301
River's Edge Yoga & Movement Center,"
1315 King St, Alexandria, VA 22314","
snapfitness.com","
(703) 299-9499",,,38.8171204,-77.1201535,kids fitness programs,22301
Ready Set Gymnastics,,"
readysetgymnastics.com","
(571) 207-6676",,,38.8398665,-76.9774668,kids fitness programs,22301
Barcroft Community Center,"
4200 S Four Mile Run Dr, Arlington, VA 22206","
arlingtonva.us","
(703) 228-0701",,,38.8505519,-77.1738617,sports classes for kids,22302
Minnie Howard Aquatics Facility,"
4200 S Four Mile Run Dr, Arlington, VA 22206","
arlingtonva.us","
(703) 228-0701",,,38.8505519,-77.1738617,sports classes for kids,22302
Arthur Murray Dance Studio of Alexandria,"
4200 S Four Mile Run Dr, Arlington, VA 22206","
arlingtonva.us","
(703) 228-0701",,,38.8505519,-77.1738617,sports classes for kids,22302
Darcio Lira Jiu Jitsu,"
4200 S Four Mile Run Dr, Arlington, VA 22206","
arlingtonva.us","
(703) 228-0701",,,38.8505519,-77.1738617,sports classes for kids,22302
Angel Park Basketball Court,"
Alexandria, VA 22314",,,,,38.8505374,-77.1738617,sports programs for kids,22302
Parklawn Pool,"
Alexandria, VA 22314",,,,,38.8505374,-77.1738617,sports programs for kids,22302
MiKiDo,"
Alexandria, VA 22314",,,,,38.8505374,-77.1738617,sports programs for kids,22302
Capstone Performance Training - Bailey's Crossroads,"
3431 Carlin Springs Rd Suite E, Falls Church, VA 22041","
capstoneperformancetraining.com","
(703) 249-9957",,,38.850523,-77.1738618,sports training for kids,22302
The Swim Farm LLC,"
3431 Carlin Springs Rd Suite E, Falls Church, VA 22041","
capstoneperformancetraining.com","
(703) 249-9957",,,38.850523,-77.1738618,sports training for kids,22302
Lifestyle Fitness,"
3431 Carlin Springs Rd Suite E, Falls Church, VA 22041","
capstoneperformancetraining.com","
(703) 249-9957",,,38.850523,-77.1738618,sports training for kids,22302
MMA and Sports Rehab,"
3431 Carlin Springs Rd Suite E, Falls Church, VA 22041","
capstoneperformancetraining.com","
(703) 249-9957",,,38.850523,-77.1738618,sports training for kids,22302
EvolveAll - Martial Arts and Training Studio,"
3431 Carlin Springs Rd Suite E, Falls Church, VA 22041","
capstoneperformancetraining.com","
(703) 249-9957",,,38.850523,-77.1738618,sports training for kids,22302
Crossfit Kingstowne,"
3431 Carlin Springs Rd Suite E, Falls Church, VA 22041","
capstoneperformancetraining.com","
(703) 249-9957",,,38.850523,-77.1738618,sports training for kids,22302
Capstone Performance Training - Falls Church,"
3431 Carlin Springs Rd Suite E, Falls Church, VA 22041","
capstoneperformancetraining.com","
(703) 249-9957",,,38.850523,-77.1738618,sports training for kids,22302
DCStreetHockey,,,,,,38.8868454,-77.3727099,youth sports programs,22302
Hammond Upper Fields,"
4646 Seminary Rd, Alexandria, VA 22304","
alexandriava.gov",,,,38.8868454,-77.3727099,youth sports programs,22302
Arlington Food Assistance Center (AFAC),"
4646 Seminary Rd, Alexandria, VA 22304","
alexandriava.gov",,,,38.8868454,-77.3727099,youth sports programs,22302
E60 Fitness,"
4646 Seminary Rd, Alexandria, VA 22304","
alexandriava.gov",,,,38.8868454,-77.3727099,youth sports programs,22302
Jennie Dean Park,"
2708 S Nelson St, Arlington, VA 22206","
afac.org","
(703) 845-8486",,,38.8868454,-77.3727099,youth sports programs,22302
Barcroft Park,"
2708 S Nelson St, Arlington, VA 22206","
afac.org","
(703) 845-8486",,,38.8868454,-77.3727099,youth sports programs,22302
StretchLab,"
4200 S Four Mile Run Dr, Arlington, VA 22206","
arlingtonva.us","
(703) 228-6525",,,38.8868454,-77.3727099,youth sports programs,22302
Sports Plus-Carmen Don,"
4200 S Four Mile Run Dr, Arlington, VA 22206","
arlingtonva.us","
(703) 228-6525",,,38.8868454,-77.3727099,youth sports programs,22302
RxWellness Spine & Health - Alexandria,"
5130 Duke St # 5, Alexandria, VA 22304","
sportsplusbowling.com","
(703) 751-4255",,,38.8868454,-77.3727099,youth sports programs,22302
"Lacrosse Unlimited of Alexandria, VA","
5130 Duke St # 5, Alexandria, VA 22304","
sportsplusbowling.com","
(703) 751-4255",,,38.8868454,-77.3727099,youth sports programs,22302
Springfield South County Youth Club (SYC),"
5130 Duke St # 5, Alexandria, VA 22304","
sportsplusbowling.com","
(703) 751-4255",,,38.7954904,-77.5305393,youth sports programs,22302
PACS Urgent Care Alexandria VA,"
8704 Morrissette Dr, Springfield, VA 22152","
sycva.com","
(703) 339-3796",,,38.7954904,-77.5305393,youth sports programs,22302
Braddock Road Youth Club,"
8704 Morrissette Dr, Springfield, VA 22152","
sycva.com","
(703) 339-3796",,,38.7954904,-77.5305393,youth sports programs,22302
Northern Virginia Community College - Alexandria Campus,"
8704 Morrissette Dr, Springfield, VA 22152","
sycva.com","
(703) 339-3796",,,38.7954904,-77.5305393,youth sports programs,22302
CrossFit Adaptation,"
8704 Morrissette Dr, Springfield, VA 22152","
sycva.com","
(703) 339-3796",,,38.7954904,-77.5305393,youth sports programs,22302
Arlington Soccer Association,,,,,,38.8324674,-77.1311176,kids sports academy,22302
American Sport Karate,,,,,,38.877094,-77.1966481,kids sports academy,22302
Ignite Baseball LLC,"
5130 Wilson Blvd, Arlington, VA 22205","
ignitebaseball.org","
(571) 749-5636",,,38.877094,-77.1966481,kids sports academy,22302
ADC All Starz - All Star Cheerleading,"
5130 Wilson Blvd, Arlington, VA 22205","
ignitebaseball.org","
(571) 749-5636",,,38.877094,-77.1966481,kids sports academy,22302
Big Blue Swim School,"
5130 Wilson Blvd, Arlington, VA 22205","
ignitebaseball.org","
(571) 749-5636",,,38.877094,-77.1966481,kids sports academy,22302
Golf Galaxy Performance Center,"
3441 Carlin Springs Rd, Falls Church, VA 22041","
adcallstarz.com","
(703) 291-8221",,,38.877094,-77.1966481,kids sports academy,22302
US Tae Kwon Do College - Bailey's Crossroads,"
3441 Carlin Springs Rd, Falls Church, VA 22041","
adcallstarz.com","
(703) 291-8221",,,38.877094,-77.1966481,kids sports academy,22302
ELEVATE MMA,"
3441 Carlin Springs Rd, Falls Church, VA 22041","
adcallstarz.com","
(703) 291-8221",,,38.877094,-77.1966481,kids sports academy,22302
Chris Collins Dance Studio,"
6138b Arlington Blvd, Falls Church, VA 22044","
elevate-mma.com","
(703) 350-8371",,,38.877094,-77.1966481,kids sports academy,22302
MedStar Capitals Iceplex,"
6138b Arlington Blvd, Falls Church, VA 22044","
elevate-mma.com","
(703) 350-8371",,,38.877094,-77.1966481,kids sports academy,22302
Pentagon Mixed Martial Arts,"
6138b Arlington Blvd, Falls Church, VA 22044","
elevate-mma.com","
(703) 350-8371",,,38.877094,-77.1966481,kids sports academy,22302
Go West Tennis,"
6138b Arlington Blvd, Falls Church, VA 22044","
elevate-mma.com","
(703) 350-8371",,,38.877094,-77.1966481,kids sports academy,22302
Arlington Forest Club,"
1041 S Edgewood St, Arlington, VA 22204","
pentagonmma.com","
(703) 521-1000",,,38.8619206,-77.1580205,kids sports academy,22302
Alpha Arts Academy,"
1041 S Edgewood St, Arlington, VA 22204","
pentagonmma.com","
(703) 521-1000",,,38.8619206,-77.1580205,kids sports academy,22302
YMCA Arlington Woodmont Gymnastics Center,"
1041 S Edgewood St, Arlington, VA 22204","
pentagonmma.com","
(703) 521-1000",,,38.8619206,-77.1580205,kids sports academy,22302
ANNANDALE BOYS & GIRLS CLUB,"
1041 S Edgewood St, Arlington, VA 22204","
pentagonmma.com","
(703) 521-1000",,,38.8619206,-77.1580205,kids sports academy,22302
SwimBox,"
1041 S Edgewood St, Arlington, VA 22204","
pentagonmma.com","
(703) 521-1000",,,38.8619206,-77.1580205,kids sports academy,22302
Capitol Martial Arts Academy,"
1041 S Edgewood St, Arlington, VA 22204","
pentagonmma.com","
(703) 521-1000",,,38.8619206,-77.1580205,kids sports academy,22302
Monarca in Flight,"
2422 N Fillmore St, Arlington, VA 22207","
ymcadc.org","
(703) 527-4966",,,38.8619206,-77.1580205,kids sports academy,22302
British Swim School at Onelife Fitness - Falls Church,"
2422 N Fillmore St, Arlington, VA 22207","
ymcadc.org","
(703) 527-4966",,,38.8619206,-77.1580205,kids sports academy,22302
Layth Home Chess,"
2422 N Fillmore St, Arlington, VA 22207","
ymcadc.org","
(703) 527-4966",,,38.8619206,-77.1580205,kids sports academy,22302
U.S. Tae Kwon Do College,"
2422 N Fillmore St, Arlington, VA 22207","
ymcadc.org","
(703) 527-4966",,,38.8619206,-77.1580205,kids sports academy,22302
LPRC-Tennis,"
2422 N Fillmore St, Arlington, VA 22207","
ymcadc.org","
(703) 527-4966",,,38.8738641,-77.2305409,kids sports academy,22302
Urban Boxing Arlington,"
3701 Fairfax Dr, Arlington, VA 22203","
urbanboxingarlington.com","
(571) 312-0488",,,38.8831477,-77.1766443,kids sports academy,22302
District Martial Arts | MMA Gym,"
3701 Fairfax Dr, Arlington, VA 22203","
urbanboxingarlington.com","
(571) 312-0488",,,38.8831477,-77.1766443,kids sports academy,22302
BalletNova Center for Dance,"
3701 Fairfax Dr, Arlington, VA 22203","
urbanboxingarlington.com","
(571) 312-0488",,,38.8831477,-77.1766443,kids sports academy,22302
Arlington YMCA Tennis & Squash Center,"
3701 Fairfax Dr, Arlington, VA 22203","
urbanboxingarlington.com","
(571) 312-0488",,,38.8831477,-77.1766443,kids sports academy,22302
Gracie Jiu-Jitsu Alexandria,"
3701 Fairfax Dr, Arlington, VA 22203","
urbanboxingarlington.com","
(571) 312-0488",,,38.8831477,-77.1766443,kids sports academy,22302
Alexandria City High School,"
3701 Fairfax Dr, Arlington, VA 22203","
urbanboxingarlington.com","
(571) 312-0488",,,38.8831477,-77.1766443,kids sports academy,22302
Sleepy Hollow Recreation Association,,,,,,38.8241444,-77.157193,sports camp for kids,22302
Tiny Troops Soccer - Fort Belvoir/Alexandria,,,,,,38.8241444,-77.157193,sports camp for kids,22302
The Little Gym of Arlington,,,,,,38.846245,-77.2483108,sports camp for kids,22302
Arlington Mill Community Center,,,,,,38.846245,-77.2483108,sports camp for kids,22302
Good Vibes Yoga,,,,,,38.8808293,-77.1587032,after school sports program,22302
Francis C. Hammond Middle School,,,,,,38.8808293,-77.1587032,after school sports program,22302
Respond and Rescue Safety Training,"
2000 Duke St, Alexandria, VA 22314","
respondandrescue.com","
(703) 278-2631",,,38.8275227,-77.1626715,after school sports program,22302
Magellan Tutoring,"
2000 Duke St, Alexandria, VA 22314","
respondandrescue.com","
(703) 278-2631",,,38.8275227,-77.1626715,after school sports program,22302
Arlington Youth Football Club,"
2000 Duke St, Alexandria, VA 22314","
respondandrescue.com","
(703) 278-2631",,,38.8275227,-77.1626715,after school sports program,22302
[solidcore] Old Town Alexandria,"
2000 Duke St, Alexandria, VA 22314","
respondandrescue.com","
(703) 278-2631",,,38.8275227,-77.1626715,after school sports program,22302
Club Pilates,"
686 N St Asaph St, Alexandria, VA 22314","
solidcore.co","
(571) 777-0060",,,38.811411,-77.1166938,after school sports program,22302
Wholistic Hound Academy,"
686 N St Asaph St, Alexandria, VA 22314","
solidcore.co","
(571) 777-0060",,,38.811411,-77.1166938,after school sports program,22302
International Shotokan Karate Association of Northern Virginia,"
18 Roth St, Alexandria, VA 22314","
wholistichound.com","
(703) 962-6335",,,38.811411,-77.1166938,after school sports program,22302
EZ Driving School - Alexandria VA,"
18 Roth St, Alexandria, VA 22314","
wholistichound.com","
(703) 962-6335",,,38.8069113,-77.1531543,after school sports program,22302
Hollin Meadows Swim and Tennis Club,"
2500 Woodlawn Trail, Alexandria, VA 22306","
hollinmeadows.org","
(703) 768-3585",,,38.7519812,-77.1467242,sports classes for kids,22303
RJ Dance Co,"
18 Roth St, Alexandria, VA 22314","
rjdanceco.com","
(202) 417-7463",,,38.806954,-77.153142,sports classes for kids,22303
Dance Studio Lioudmila,"
18 Roth St, Alexandria, VA 22314","
dancestudiolioudmila.com","
(703) 751-8868",,,38.806954,-77.153142,sports classes for kids,22303
Delta Rocks Billiard,"
3210 Duke St UNIT B, Alexandria, VA 22314","
deltarocksbilliard.com","
(571) 312-7177",,,38.806954,-77.153142,sports classes for kids,22303
barre3,"
715 Duke St, Alexandria, VA 22314","
barre3.com","
(703) 888-1908",,,38.806954,-77.153142,sports classes for kids,22303
School for Swans,"
430 S Fairfax St, Alexandria, VA 22314","
schoolforswans.com","
(703) 338-1330",,,38.8000758,-77.1152988,sports classes for kids,22303
Clermont Park,"
4100 Franconia Rd, Alexandria, VA 22310",,"
(703) 746-4343",,,38.7923497,-77.1753073,sports programs for kids,22303
DMV Iron Gym,"
5426 Eisenhower Ave, Alexandria, VA 22304","
dmvirongym.com",,,,38.7923497,-77.1753073,sports programs for kids,22303
Hybla Valley Community Center,"
7950 Audubon Ave, Alexandria, VA 22306","
fairfaxcounty.gov","
(703) 324-9270",,,38.7420845,-77.163888,sports programs for kids,22303
South County Teen Center Gym,"
8333 Richmond Hwy, Alexandria, VA 22309","
fairfaxcounty.gov","
(703) 704-6234",,,38.7420845,-77.163888,sports programs for kids,22303
Alexandria Fit Body Boot Camp,"
6937-B Telegraph Rd, Alexandria, VA 22310","
fitbodybootcamp.com","
(571) 402-8880",,,38.74207,-77.163888,sports training for kids,22303
After School Karate,"
6700 Richmond Hwy #7, Alexandria, VA 22306","
afterschooltkd.com","
(703) 919-9838",,,38.74207,-77.163888,sports training for kids,22303
Meghan E Gray,"
Mt Vernon RECenter, 2017 Belle View Blvd, Alexandria, VA 22307","
meghanegray.com",,,,38.74207,-77.163888,sports training for kids,22303
GOLFTEC Alexandria,"
1506 Belle View Blvd Suite A, Alexandria, VA 22307","
golftec.com","
(571) 384-1660",,,38.74207,-77.163888,sports training for kids,22303
SP8 Ball Training,"
7409 Lockport Pl, Lorton, VA 22079","
sp8balltraining.com","
(703) 887-3986",,,38.7179918,-77.2707956,sports training for kids,22303
"""The Cage"" for Alexandria Reds","
80 S Early St, Alexandria, VA 22304","
alexandriaredsbaseball.com",,,,38.7178689,-77.3944058,youth sports programs,22303
Evolution 360 Volleyball Club,"
6601 Telegraph Rd, Alexandria, VA 22310","
evolutionvolleyball.net",,,,38.7178689,-77.3944058,youth sports programs,22303
West Potomac High School Stadium,"
6624 Quander Rd, Alexandria, VA 22307",,,,,38.7178689,-77.3944058,youth sports programs,22303
Belle Haven Country Club,"
6023 Fort Hunt Rd, Alexandria, VA 22307","
bellehavencc.com","
(703) 329-1448",,,38.7178689,-77.3944058,youth sports programs,22303
Soma Yoga Healing Center,"
2560 Huntington Ave Suite 404, Alexandria, VA 22303","
somayogahealing.com","
(201) 602-1265",,,38.7178689,-77.3944058,youth sports programs,22303
Franconia Park,"
6601 Telegraph Rd, Alexandria, VA 22310","
fairfaxcounty.gov","
(703) 922-9841",,,38.7178689,-77.3944058,youth sports programs,22303
"Pivot PT - Alexandria (Beacon of Groveton), an Athletico company","
6856 Richmond Highway Beacon at Groveton, Alexandria, VA 22306","
athletico.com","
(571) 348-1201",,,38.7178689,-77.3944058,youth sports programs,22303
Momentum3,,"
momentum-3.com","
(703) 980-0335",,,38.804821,-77.5253576,youth sports programs,22303
Solutions Physical Therapy & Sports Medicine,"
225 Reinekers Ln Ste GR 4, Alexandria, VA 22314","
solutionsphysicaltherapy.com","
(703) 289-0410",,,38.8048942,-77.3484326,youth sports programs,22303
Just Dance,"
1606 Belle View Blvd, Alexandria, VA 22307","
5678justdance.com","
(703) 768-6249",,,38.8048942,-77.3484326,youth sports programs,22303
Metropolitan School of the Arts,"
5775 Barclay Dr, Alexandria, VA 22315","
metropolitanarts.org","
(703) 339-0444",,,38.8046627,-77.3484334,kids sports academy,22303
Ohn Top Martial Arts - Mount Vernon,"
8630-A Richmond Hwy, Alexandria, VA 22309","
ohntopblackbelt.com","
(703) 704-9000",,,38.8046627,-77.3484334,kids sports academy,22303
George Washington Rec Center,"
8426 Old Mt Vernon Rd, Alexandria, VA 22309","
fairfaxcounty.gov","
(703) 780-8894",,,38.8046627,-77.3484334,kids sports academy,22303
Muneer Chess and Tennis Club (MCTC),"
7550 Thomas Grant Dr, Alexandria, VA 22315","
mctc.games","
(703) 672-0129",,,38.8046627,-77.3484334,kids sports academy,22303
Dancensations Dance Center,"
7572 Telegraph Rd, Alexandria, VA 22315","
dancensationsdancecenter.com","
(703) 719-9315",,,38.8046627,-77.3484334,kids sports academy,22303
Metropolitan Elite Gymnastics & Athletics-DC,"
7954 Angleton Ct, Lorton, VA 22079","
megadcgymnastics.com","
(703) 372-2922",,,38.8046627,-77.3484334,kids sports academy,22303
Pack Leader Help,"
3401 Sunny View Dr, Alexandria, VA 22309","
packleaderhelp.com","
(571) 570-3395",,,38.8046627,-77.3484334,kids sports academy,22303
Big Blue Swim School,"
7202 Old Keene Mill Rd, Springfield, VA 22150","
bigblueswimschool.com","
(571) 866-9101",,,38.7791709,-77.4790525,kids sports academy,22303
Aqua-Tots Swim School Barcroft Plaza,"
6349 Columbia Pike, Falls Church, VA 22041","
aqua-tots.com","
(703) 719-4456",,,38.7791709,-77.4790525,kids sports academy,22303
CRCS Camp Crusader | Summer Camp,"
6811 Beulah St, Alexandria, VA 22310","
campcrusader.org","
(703) 971-8004",,,38.7789394,-77.4790533,sports camp for kids,22303
"Mount Vernon Park Association, Inc.","
8042 Fairfax Rd, Alexandria, VA 22308","
mtvpa.com","
(703) 765-3688",,,38.7789394,-77.4790533,sports camp for kids,22303
Gum Springs Community Center,"
8100 Fordson Rd, Alexandria, VA 22306","
fairfaxcounty.gov","
(703) 360-6088",,,38.7789394,-77.4790533,sports camp for kids,22303
Manassas KinderCare,"
10496 Sudley Manor Dr, Manassas, VA 20109","
kindercare.com","
(703) 368-5599",,,38.788946,-77.7989671,sports camp for kids,22303
Elite M.A. Center - Kingstowne,"
6457 Old Beulah St, Alexandria, VA 22315","
emacenter.com","
(703) 971-8560",,,38.7421552,-77.4509997,sports camp for kids,22303
Edutainment Learning Center,"
9300 Livingston Rd suite b-100, Fort Washington, MD 20744","
edutainmentlearningcenter.com","
(301) 292-8588",,,38.762095,-77.2828968,sports camp for kids,22303
Charles Drew Community Center,,,,,,38.7993779,-77.1419662,sports summer camp,22303
Bryant Alternative Learning Center,,,,,,38.7642237,-77.1521197,after school sports program,22303
Old Town Martial Arts,,,,,,38.7642237,-77.1521197,after school sports program,22303
FIT 4 Polers,,,,,,38.7642237,-77.1521197,after school sports program,22303
YogaSix South Alexandria,"
1011 King St, Alexandria, VA 22314","
oldtownmartialarts.org","
(703) 828-8440",,,38.7642237,-77.1521197,after school sports program,22303
Lalita Method,"
1011 King St, Alexandria, VA 22314","
oldtownmartialarts.org","
(703) 828-8440",,,38.7642237,-77.1521197,after school sports program,22303
Club Pilates Hybla Valley,"
1011 King St, Alexandria, VA 22314","
oldtownmartialarts.org","
(703) 828-8440",,,38.8154125,-77.1146642,after school sports program,22303
Sand and Steel Fitness: Personal Training & CrossFit Gym,"
7702 Suite B Richmond Hwy, Alexandria, VA 22306","
clubpilates.com","
(301) 792-1555",,,38.7493794,-77.1572761,after school sports program,22303
Results Fitness,"
7770 Richmond Hwy ste c, Alexandria, VA 22306","
resultsgymalexandria.com","
(703) 360-1400",,,38.7493649,-77.1572761,kids fitness programs,22303
Snap Fitness Alexandria,"
7770 Richmond Hwy ste c, Alexandria, VA 22306","
resultsgymalexandria.com","
(703) 360-1400",,,38.7493649,-77.1572761,kids fitness programs,22303
Lincolnia Park Recreational Club,"
6501 Montrose St, Alexandria, VA 22312","
lincolniapark.org","
(703) 941-9676",,,38.8142134,-77.2335334,sports classes for kids,22304
Get Air Trampoline Park,"
6501 Montrose St, Alexandria, VA 22312","
lincolniapark.org","
(703) 941-9676",,,38.8142134,-77.2335334,sports classes for kids,22304
Bren Mar Swimming Pool,"
6501 Montrose St, Alexandria, VA 22312","
lincolniapark.org","
(703) 941-9676",,,38.8142134,-77.2335334,sports classes for kids,22304
Audrey Moore Rec Center,"
8100 Braddock Rd, Annandale, VA 22003","
fairfaxcounty.gov","
(703) 321-7081",,,38.8170368,-77.5124557,sports programs for kids,22304
The St. James,"
8100 Braddock Rd, Annandale, VA 22003","
fairfaxcounty.gov","
(703) 321-7081",,,38.8170368,-77.5124557,sports programs for kids,22304
Stevenson Park,"
8100 Braddock Rd, Annandale, VA 22003","
fairfaxcounty.gov","
(703) 321-7081",,,38.8170368,-77.5124557,sports programs for kids,22304
Annandale Sports Center,"
6728 Industrial Rd, Springfield, VA 22151","
abgc.org","
(703) 750-1751",,,38.7987554,-77.2493077,youth sports programs,22304
CH Fitness & Performance,"
6728 Industrial Rd, Springfield, VA 22151","
abgc.org","
(703) 750-1751",,,38.7987554,-77.2493077,youth sports programs,22304
LA Fitness,"
6728 Industrial Rd, Springfield, VA 22151","
abgc.org","
(703) 750-1751",,,38.7987554,-77.2493077,youth sports programs,22304
Bowl America Shirley,"
6728 Industrial Rd, Springfield, VA 22151","
abgc.org","
(703) 750-1751",,,38.7987554,-77.2493077,youth sports programs,22304
Project Journey Personal and Group Training,"
6728 Industrial Rd, Springfield, VA 22151","
abgc.org","
(703) 750-1751",,,38.8191373,-77.2121654,youth sports programs,22304
Sky Zone Trampoline Park,,,,,,38.8191228,-77.2121654,kids sports academy,22304
KIDS FIRST Swim School - Springfield,"
5325 Port Royal Rd, Springfield, VA 22151","
skyzone.com","
(571) 549-1975",,,38.8056115,-77.2872284,kids sports academy,22304
Six Blades Jiu Jitsu NOVA,"
5325 Port Royal Rd, Springfield, VA 22151","
skyzone.com","
(571) 549-1975",,,38.8056115,-77.2872284,kids sports academy,22304
SportJudo,"
5325 Port Royal Rd, Springfield, VA 22151","
skyzone.com","
(571) 549-1975",,,38.8056115,-77.2872284,kids sports academy,22304
Team America Football Club,"
5325 Port Royal Rd, Springfield, VA 22151","
skyzone.com","
(571) 549-1975",,,38.8056115,-77.2872284,kids sports academy,22304
Yamasaki Academy Springfield,"
5325 Port Royal Rd, Springfield, VA 22151","
skyzone.com","
(571) 549-1975",,,38.8056115,-77.2872284,kids sports academy,22304
Grove Point Park Field 4,"
5325 Port Royal Rd, Springfield, VA 22151","
skyzone.com","
(571) 549-1975",,,38.8011615,-77.2508073,kids sports academy,22304
Eagle Tae Kwon Do,"
5325 Port Royal Rd, Springfield, VA 22151","
skyzone.com","
(571) 549-1975",,,38.8011615,-77.2508073,kids sports academy,22304
Aquatic Adventures Scuba Academy,"
5325 Port Royal Rd, Springfield, VA 22151","
skyzone.com","
(571) 549-1975",,,38.8011615,-77.2508073,kids sports academy,22304
RAMP Optimal Performance and Wellness,"
5325 Port Royal Rd, Springfield, VA 22151","
skyzone.com","
(571) 549-1975",,,38.8011615,-77.2508073,kids sports academy,22304
Z's Boxing Gym,"
5325 Port Royal Rd, Springfield, VA 22151","
skyzone.com","
(571) 549-1975",,,38.8011615,-77.2508073,kids sports academy,22304
Kha's Karate School,"
5325 Port Royal Rd, Springfield, VA 22151","
skyzone.com","
(571) 549-1975",,,38.8011615,-77.2508073,kids sports academy,22304
Fairfax Gymnastics Academy,"
6960-V Bradlick Shopping Center, Annandale, VA 22003","
eagle-tkd.com","
(571) 278-7162",,,38.8011615,-77.2508073,kids sports academy,22304
Lotus Thai Boxing,"
6960-V Bradlick Shopping Center, Annandale, VA 22003","
eagle-tkd.com","
(571) 278-7162",,,38.8011615,-77.2508073,kids sports academy,22304
Springfield Swimming Club,"
6960-V Bradlick Shopping Center, Annandale, VA 22003","
eagle-tkd.com","
(571) 278-7162",,,38.8011615,-77.2508073,kids sports academy,22304
Shadow Combatives & Self-Defense,"
6960-V Bradlick Shopping Center, Annandale, VA 22003","
eagle-tkd.com","
(571) 278-7162",,,38.8011615,-77.2508073,kids sports academy,22304
Tiny Chefs,"
6100 Franconia Rd STE D, Alexandria, VA 22310","
tinychefs.com","
(301) 841-7395",,,38.8010385,-77.3744175,sports camp for kids,22304
Scramble Alexandria,"
5412 Eisenhower Ave, Alexandria, VA 22304","
goscramble.com","
(703) 665-1343",,,38.8010385,-77.3744175,sports camp for kids,22304
USTC Martial Arts & Child Care Center,"
6118 Franconia Rd #205, Alexandria, VA 22310","
ustcmartialarts.com","
(202) 854-1530",,,38.8010385,-77.3744175,sports camp for kids,22304
Winkler Botanical Preserve,"
5400 Roanoke Ave, Alexandria, VA 22311","
novaparks.com","
(703) 344-0444",,,38.800807,-77.3744183,sports summer camp,22304
27 Fit Fitness Center,"
5249 Duke St Suite LLA, Alexandria, VA 22304","
27fithblspa.com","
(703) 717-9647",,,38.8005755,-77.3744192,after school sports program,22304
Valor Academy Gym,"
5249 Duke St Suite LLA, Alexandria, VA 22304","
27fithblspa.com","
(703) 717-9647",,,38.8005755,-77.3744192,after school sports program,22304
VXN Workout DMV,"
5249 Duke St Suite LLA, Alexandria, VA 22304","
27fithblspa.com","
(703) 717-9647",,,38.8005755,-77.3744192,after school sports program,22304
Respond and Rescue,"
5249 Duke St Suite LLA, Alexandria, VA 22304","
27fithblspa.com","
(703) 717-9647",,,38.8005755,-77.3744192,after school sports program,22304
Virginia Dojo - Alexandria Karate Dojo,"
5249 Duke St Suite LLA, Alexandria, VA 22304","
27fithblspa.com","
(703) 717-9647",,,38.8005755,-77.3744192,after school sports program,22304
Playground,"
2859 Fort Scott Dr, Arlington, VA 22202",,,,,38.8212935,-77.1304572,sports classes for kids,22305
Gunston Park,"
1401 28th St S, Arlington, VA 22206","
arlingtonva.us","
(703) 228-6525",,,38.821279,-77.1304573,sports programs for kids,22305
Urban Boxing National Landing,"
1401 28th St S, Arlington, VA 22206","
arlingtonva.us","
(703) 228-6525",,,38.821279,-77.1304573,sports programs for kids,22305
Lucky Strike Arlington,"
1401 28th St S, Arlington, VA 22206","
arlingtonva.us","
(703) 228-6525",,,38.821279,-77.1304573,sports programs for kids,22305
Movement Crystal City,,,,,,38.8212645,-77.1304573,sports training for kids,22305
Long Bridge Aquatics & Fitness Center,,,,,,38.8704035,-77.1153635,sports training for kids,22305
Road Runner Sports,,,,,,38.8704035,-77.1153635,sports training for kids,22305
Independence Day Ball Dance Camp LLC,,,,,,38.8704035,-77.1153635,sports training for kids,22305
The Burn Factory,,,,,,38.8704035,-77.1153635,sports training for kids,22305
Gunston Bubble,"
2700 S Lang St, Arlington, VA 22206","
arlingtonva.us",,,,38.8612547,-77.1489292,youth sports programs,22305
Soccer Post Arlington (previously Soccer Kicks),"
2700 S Lang St, Arlington, VA 22206","
soccerpost.com","
(703) 202-0021",,,38.8741044,-77.2119723,youth sports programs,22305
i9 Sports Washington D.C./Arlington,"
6019 Wilson Blvd, Arlington, VA 22205","
soccerpost.com","
(703) 202-0021",,,38.8741044,-77.2119723,youth sports programs,22305
AVA Magic Field Hockey Club,"
6019 Wilson Blvd, Arlington, VA 22205","
soccerpost.com","
(703) 202-0021",,,38.8741044,-77.2119723,youth sports programs,22305
Next Level Basketball Training,"
8305 Merrifield Ave Suite F, Fairfax, VA 22031","
nxtlevelbball.com","
(703) 313-1201",,,38.877512,-77.5205531,kids sports academy,22305
"Veritas Collegiate Academy, National Landing Campus","
935 23rd St S, Arlington, VA 22202","
veritascollegiateacademydc.com","
(866) 564-4233",,,38.877512,-77.5205531,kids sports academy,22305
Masi Sports Academy,"
935 23rd St S, Arlington, VA 22202","
veritascollegiateacademydc.com","
(866) 564-4233",,,38.853503,-77.3509986,kids sports academy,22305
DG Tennis,"
2101 8th St S, Arlington, VA 22204","
dgtennisprogram.com",,,,38.853503,-77.3509986,kids sports academy,22305
Barry Farm Recreation Center,"
1230 Sumner Rd SE, Washington, DC 20020","
dpr.dc.gov","
(202) 442-5420",,,38.8532714,-77.3509994,sports camp for kids,22305
Lubber Run Community Center,,,,,,38.8152118,-77.1346298,sports summer camp,22305
Fort Scott Pickleball Coaching,"
Ft Scott Park, 2800 Fort Scott Dr, Arlington, VA 22202","
teachme.to","
(703) 965-5504",,,38.8733845,-77.309703,after school sports program,22305
Onelife Fitness - Crystal Park,"
Ft Scott Park, 2800 Fort Scott Dr, Arlington, VA 22202","
teachme.to","
(703) 965-5504",,,38.8733845,-77.309703,after school sports program,22305
Core Wellness & Physical Therapy,"
Ft Scott Park, 2800 Fort Scott Dr, Arlington, VA 22202","
teachme.to","
(703) 965-5504",,,38.8733845,-77.309703,after school sports program,22305
Grace Episcopal School,"
Ft Scott Park, 2800 Fort Scott Dr, Arlington, VA 22202","
teachme.to","
(703) 965-5504",,,38.8733845,-77.309703,after school sports program,22305
Maria Teresa's Babies Early Enrichment Center,"
Ft Scott Park, 2800 Fort Scott Dr, Arlington, VA 22202","
teachme.to","
(703) 965-5504",,,38.8733845,-77.309703,after school sports program,22305
The Barre ALX,"
825 23rd St S, Arlington, VA 22202","
mariateresasbabies.com","
(703) 979-2229",,,38.8733845,-77.309703,after school sports program,22305
Westpost Outdoor Ice Skating formerly Pentagon Row,"
825 23rd St S, Arlington, VA 22202","
mariateresasbabies.com","
(703) 979-2229",,,38.8733845,-77.309703,after school sports program,22305
[solidcore] Crystal City,"
825 23rd St S, Arlington, VA 22202","
mariateresasbabies.com","
(703) 979-2229",,,38.8733845,-77.309703,after school sports program,22305
MY Fitness,,,,,,38.7980322,-77.1338244,kids fitness programs,22305
Brazen Fitness,,,,,,38.7980322,-77.1338244,kids fitness programs,22305
Pure Barre,,,,,,38.8637768,-77.121229,kids fitness programs,22305
StarFit Studio,"
520 12th St S, Arlington, VA 22202","
purebarre.com","
(703) 553-3500",,,38.8637768,-77.121229,kids fitness programs,22305
Hayfield Farm Swim Club,,,,,,38.7972608,-77.1355731,sports classes for kids,22306
Studio One of Alexandria,"
7820 Hayfield Rd, Alexandria, VA 22315","
hayfieldpool.com","
(703) 971-9837",,,38.7451379,-77.2051915,sports classes for kids,22306
Elevate,"
8382 Terminal Rd Unit E, Lorton, VA 22079","
elevatesportstraining.com","
(703) 314-1688",,,38.730609,-77.4826564,sports programs for kids,22306
FC Training Grounds,,,,,,38.7303776,-77.4826572,sports training for kids,22306
Woodlawn Little League,"
5320 Pole Rd, Alexandria, VA 22309","
woodlawnll.org",,,,38.7301462,-77.4826581,youth sports programs,22306
Metropolitan Baseball Academy,"
7029 Newington Rd, Lorton, VA 22079","
metrobaseballacademy.com","
(703) 339-6893",,,38.7296835,-77.4826597,sports camp for kids,22306
Youth Center Fort Belvoir,"
7029 Newington Rd, Lorton, VA 22079","
metrobaseballacademy.com","
(703) 339-6893",,,38.7296835,-77.4826597,sports camp for kids,22306
A Child's Place At Hollin Hall,"
1500 Shenandoah Rd, Alexandria, VA 22308","
hollinhall.com","
(703) 765-8811",,,38.7296835,-77.4826597,sports camp for kids,22306
Inspira Dance,"
1500 Shenandoah Rd, Alexandria, VA 22308","
hollinhall.com","
(703) 765-8811",,,38.7296835,-77.4826597,sports camp for kids,22306
Vertex Labs Academy - Ninja Warrior and STEM Northern Virginia,"
7406b Lockport Pl, Lorton, VA 22079","
vla.ninja","
(571) 488-4639",,,38.7294521,-77.4826606,sports summer camp,22306
Top Caliber Lacrosse,"
7406b Lockport Pl, Lorton, VA 22079","
vla.ninja","
(571) 488-4639",,,38.7294521,-77.4826606,sports summer camp,22306
Cameron Run Regional Park,"
7406b Lockport Pl, Lorton, VA 22079","
vla.ninja","
(571) 488-4639",,,38.7294521,-77.4826606,sports summer camp,22306
D1 Performance LLC,"
3553 Drews Ct, Alexandria, VA 22309","
d1performancetraining.com","
(202) 570-3331",,,38.7731434,-77.1372962,after school sports program,22306
Bryant High School,"
2709 Popkins Ln #42, Alexandria, VA 22306","
bryanths.fcps.edu","
(703) 660-2001",,,38.7731434,-77.1372962,after school sports program,22306
Club Pilates,"
2709 Popkins Ln #42, Alexandria, VA 22306","
bryanths.fcps.edu","
(703) 660-2001",,,38.7731434,-77.1372962,after school sports program,22306
Markham School Age Center,"
5810 Kingstowne Towne Ctr D110, Alexandria, VA 22315","
clubpilates.com","
(571) 347-7174",,,38.773611,-77.2061501,after school sports program,22306
Orangetheory Fitness,"
7716 Richmond Hwy Ste A, Alexandria, VA 22306","
orangetheory.com","
(703) 342-0968",,,38.7483554,-77.1570089,kids fitness programs,22306
Pure Barre,"
7716 Richmond Hwy Ste A, Alexandria, VA 22306","
orangetheory.com","
(703) 342-0968",,,38.7483554,-77.1570089,kids fitness programs,22306
FIT4MOM SouthWest NoVa,"
7716 Richmond Hwy Ste A, Alexandria, VA 22306","
orangetheory.com","
(703) 342-0968",,,38.7483554,-77.1570089,kids fitness programs,22306
LA Fitness,"
7716 Richmond Hwy Ste A, Alexandria, VA 22306","
orangetheory.com","
(703) 342-0968",,,38.7483554,-77.1570089,kids fitness programs,22306
Orangetheory Fitness,"
7716 Richmond Hwy Ste A, Alexandria, VA 22306","
orangetheory.com","
(703) 342-0968",,,38.7743362,-77.2463014,kids fitness programs,22306
New Day CrossFit,"
7716 Richmond Hwy Ste A, Alexandria, VA 22306","
orangetheory.com","
(703) 342-0968",,,38.7743362,-77.2463014,kids fitness programs,22306
Jess Purtell Yoga,"
6825 Hill Park Dr, Lorton, VA 22079","
newdaycrossfit.com","
(571) 497-4582",,,38.7743362,-77.2463014,kids fitness programs,22306
Potomac Kempo - Kingstowne,"
6825 Hill Park Dr, Lorton, VA 22079","
newdaycrossfit.com","
(571) 497-4582",,,38.7743362,-77.2463014,kids fitness programs,22306
My Gym Children's Fitness Center,"
6825 Hill Park Dr, Lorton, VA 22079","
newdaycrossfit.com","
(571) 497-4582",,,38.7743362,-77.2463014,kids fitness programs,22306
NOVA Kids In Motion,"
9566 Burke Rd, Burke, VA 22015","
mygym.com","
(703) 425-5327",,,38.7958189,-77.3446925,kids fitness programs,22306
LA Fitness,"
9566 Burke Rd, Burke, VA 22015","
mygym.com","
(703) 425-5327",,,38.7958189,-77.3446925,kids fitness programs,22306
SafeSplash Swim School - Alexandria - Kingstowne,"
5508 Franconia Rd, Alexandria, VA 22310","
safesplash.com","
(703) 665-1800",,,38.7850987,-77.2739261,sports classes for kids,22307
Trek Bicycle Alexandria South,"
5508 Franconia Rd, Alexandria, VA 22310","
safesplash.com","
(703) 665-1800",,,38.7850987,-77.2739261,sports classes for kids,22307
Mount Vernon District Park,"
6801 Fort Hunt Rd, Alexandria, VA 22307","
fairfaxcounty.gov","
(703) 768-3224",,,38.7850408,-77.2739263,sports programs for kids,22307
Ice Hockey Lessons with Coach Tommy,"
2017 Belle View Blvd, Alexandria, VA 22307",,"
(301) 512-4241",,,38.7850408,-77.2739263,sports programs for kids,22307
West Potomac High School,"
6500 Quander Rd, Alexandria, VA 22307","
westpotomachs.fcps.edu","
(703) 718-2500",,,38.7849251,-77.2739267,youth sports programs,22307
Burke Athletic Club,"
6500 Quander Rd, Alexandria, VA 22307","
westpotomachs.fcps.edu","
(703) 718-2500",,,38.7849251,-77.2739267,youth sports programs,22307
Jones Point Park,"
Burke, VA 22015",,,,,38.7942325,-77.4165345,youth sports programs,22307
Sport Clips Haircuts of Alexandria,"
Burke, VA 22015",,,,,38.7942325,-77.4165345,youth sports programs,22307
Goodwill of Greater Washington Retail Store,"
7732B Richmond Hwy, Alexandria, VA 22306","
sportclips.com","
(571) 481-4444",,,38.7480728,-77.2278608,youth sports programs,22307
Tucker Road Athletic Complex,,,,,,38.7479571,-77.2278612,sports camp for kids,22307
Indian Queen Recreation Center,"
9551 Fort Foote Rd, Fort Washington, MD 20744","
pgparks.com","
(301) 839-9597",,,38.7844721,-77.1220033,sports summer camp,22307
Southern Regional Technology and Recreation Complex,"
9551 Fort Foote Rd, Fort Washington, MD 20744","
pgparks.com","
(301) 839-9597",,,38.7844721,-77.1220033,sports summer camp,22307
Music Together Vivo!,"
1300 Collingwood Rd, Alexandria, VA 22308","
musictogethervivo.com","
(571) 348-4815",,,38.7905989,-77.1767746,sports classes for kids,22308
Martin Luther King Jr Park & Pool,,,,,,38.790541,-77.1767749,sports programs for kids,22308
Fort Hunt Park,"
8115 Fordson Rd, Community, VA 22306","
fairfaxcounty.gov","
(703) 324-8732",,,38.790541,-77.1767749,sports programs for kids,22308
Sandburg Middle School,"
8428 Fort Hunt Rd, Alexandria, VA 22308","
sandburgms.fcps.edu","
(703) 799-6100",,,38.7904253,-77.1767753,youth sports programs,22308
Village Hardware,"
7934 Fort Hunt Rd, Alexandria, VA 22308","
hardwarestore.com","
(703) 765-1555",,,38.7904253,-77.1767753,youth sports programs,22308
"Potomac Paws, LLC","
7934 Fort Hunt Rd, Alexandria, VA 22308","
hardwarestore.com","
(703) 765-1555",,,38.7904253,-77.1767753,youth sports programs,22308
Rodriguez Chiropractic & Wellness Center,"
7934 Fort Hunt Rd, Alexandria, VA 22308","
chiropractic-wellness-center-llc.square.site","
(571) 255-8333",,,38.7904253,-77.1767753,youth sports programs,22308
Mount Vernon High School,"
7686 Richmond Hwy Suite 115, Alexandria, VA 22306","
chiropractic-wellness-center-llc.square.site","
(571) 255-8333",,,38.7904253,-77.1767753,youth sports programs,22308
Central Springfield Little League,"
7686 Richmond Hwy Suite 115, Alexandria, VA 22306","
csll.org",,,,38.7904253,-77.1767753,youth sports programs,22308
Black Belt Academy,"
12788 Old Fort Rd, Fort Washington, MD 20744","
blackbeltacademys.com","
(301) 292-6242",,,38.7116989,-77.1322683,kids sports academy,22308
"Mid-Atlantic Sports Academy, LLC (MASA)",,"
masasport.com","
(301) 215-2275",,,39.016018,-77.2502676,kids sports academy,22308
STB Training Center,"
7209 Lockport Pl, Lorton, VA 22079","
stbtrainingcenter.com","
(703) 672-0078",,,38.7155117,-77.3362517,kids sports academy,22308
Fullah Academy,,"
fullahacademy.com","
(202) 643-6636",,,38.7637305,-77.1351215,kids sports academy,22308
Whitman Middle School,,"
fullahacademy.com","
(202) 643-6636",,,38.7637305,-77.1351215,kids sports academy,22308
Ultimate Basketball Training,"
2500 Parkers Ln, Alexandria, VA 22306","
whitmanms.fcps.edu","
(703) 660-2400",,,38.7415863,-77.2184375,kids sports academy,22308
Kid's Choice Sport & Fun Center,"
13000 Sport and Health Dr, Woodbridge, VA 22192","
kidschoicesportandfuncenter.com","
(703) 940-3700",,,38.6704091,-77.4008018,kids sports academy,22308
Fort Belvoir Outdoor Recreation,,,,,,38.6699176,-77.6480503,sports camp for kids,22308
Fort Washington United,,,,,,38.6699176,-77.6480503,sports camp for kids,22308
Travel Camp,"
10200 Johnston Rd, Fort Belvoir, VA 22060","
belvoir.armymwr.com",,,,38.6699176,-77.6480503,sports camp for kids,22308
Fort Hunt Pilates,,,,,,38.7839544,-77.190445,after school sports program,22308
RockBox Fitness Franconia,,,,,,38.7856687,-77.185385,kids fitness programs,22308
Fit Kids Fitness Kids LLC,,,,,,38.7649461,-77.2966774,kids fitness programs,22308
Foundation Fitness of Annandale,"
7013 Manchester Blvd suite 30, Franconia, VA 22310","
rockboxfitness.com","
(703) 343-0204",,,38.7649461,-77.2966774,kids fitness programs,22308
Specker Field House,,,,,,38.8306608,-77.6162281,sports classes for kids,22309
Connolly Outdoor Pool Complex,"
5500 Schulz Cir #20, Fort Belvoir, VA 22060","
belvoir.armymwr.com","
(703) 780-0193",,,38.8306608,-77.6162281,sports classes for kids,22309
Grist Mill Park,"
4320 Mount Vernon Memorial Hwy, Alexandria, VA 22309","
fairfaxcounty.gov","
(703) 324-7329",,,38.8297344,-77.6162314,sports programs for kids,22309
Fort Belvoir Community Center,"
4320 Mount Vernon Memorial Hwy, Alexandria, VA 22309","
fairfaxcounty.gov","
(703) 324-7329",,,38.8297344,-77.6162314,sports programs for kids,22309
Fort Belvoir Bowling Center,"
4320 Mount Vernon Memorial Hwy, Alexandria, VA 22309","
fairfaxcounty.gov","
(703) 324-7329",,,38.8297344,-77.6162314,sports programs for kids,22309
South Post Child Development Center,"
10300 Taylor Rd, Fort Belvoir, VA 22060","
belvoir.armymwr.com","
(703) 805-3714",,,38.8297344,-77.6162314,sports programs for kids,22309
Chessie’s Trail,"
10300 Taylor Rd, Fort Belvoir, VA 22060","
belvoir.armymwr.com","
(703) 805-3714",,,38.8297344,-77.6162314,sports programs for kids,22309
Manchester Lakes Park,"
10300 Taylor Rd, Fort Belvoir, VA 22060","
belvoir.armymwr.com","
(703) 805-3714",,,38.8297344,-77.6162314,sports programs for kids,22309
Capital Podiatry Associates,"
10300 Taylor Rd, Fort Belvoir, VA 22060","
belvoir.armymwr.com","
(703) 805-3714",,,38.8297344,-77.6162314,sports programs for kids,22309
Hooes Road Park,"
7233 Hooes Rd, Springfield, VA 22150","
fairfaxcounty.gov","
(703) 324-8702",,,38.7639133,-77.3375156,youth sports programs,22309
2nd Ave,"
8750 Richmond Hwy, Engleside, VA 22309","
stores.savers.com","
(703) 347-7900",,,38.7639133,-77.3375156,youth sports programs,22309
Mount Vernon Country Club,"
5111 Old Mill Rd, Alexandria, VA 22309","
mountvernoncc.org","
(703) 780-8700",,,38.7639133,-77.3375156,youth sports programs,22309
South Run Recreation Center,"
7550 Reservation Dr, Springfield, VA 22153","
fairfaxcounty.gov","
(703) 866-0566",,,38.7476957,-77.4187849,sports camp for kids,22309
Pullen Field,,,,,,38.7472039,-77.6660333,sports summer camp,22309
JoAnn Blanks Child Development Center,,,,,,38.7472039,-77.6660333,sports summer camp,22309
U.S. ARMY MWR,"
9637 Belvoir Rd, Fort Belvoir, VA 22060",,"
(703) 805-3081",,,38.7472039,-77.6660333,sports summer camp,22309
Kingstowne Snyder Fitness Center,"
6450 S Van Dorn St, Alexandria, VA 22315","
kingstowne.org","
(703) 719-7909",,,38.7775948,-77.2804435,kids fitness programs,22309
DMV PRO TRAINERS,"
5909 Highdale Cir Unit M, Alexandria, VA 22310","
dmvprotrainers.com","
(703) 992-4423",,,38.7903159,-77.2108891,sports training for kids,22310
Soccer-Pass,"
Rolling Rd, Springfield, VA 22152","
soccer-pass.com","
(571) 781-2925",,,38.778794,-77.3051116,youth sports programs,22310
Academy for the Martial Arts,"
7702a Backlick Rd, Springfield, VA 22150","
amakix.com","
(571) 545-1312",,,38.778671,-77.4287218,kids sports academy,22310
Hayfield Secondary School,"
7702a Backlick Rd, Springfield, VA 22150","
amakix.com","
(571) 545-1312",,,38.778671,-77.4287218,kids sports academy,22310
Browne Academy and Drobots: Drone | Tech | Robotics | Coding Summer Camps For Kids,,,,,,38.7784396,-77.4287227,sports camp for kids,22310
SSSAS and Drobots: Drone | Tech | Robotics | Coding Summer Camps For Kids,,,,,,38.7784396,-77.4287227,sports camp for kids,22310
Lango Kids Northern Virginia,,,,,,38.7784396,-77.4287227,sports camp for kids,22310
YogaSix Kingstowne,,,,,,38.7779766,-77.4287243,after school sports program,22310
Thomas Edison High School,"
5920 Kingstowne Towne Ctr Suite 100, Alexandria, VA 22315","
yogasix.com","
(571) 388-3685",,,38.7779766,-77.4287243,after school sports program,22310
Mark Twain Middle School,"
5920 Kingstowne Towne Ctr Suite 100, Alexandria, VA 22315","
yogasix.com","
(571) 388-3685",,,38.7779766,-77.4287243,after school sports program,22310
Pediatric Associates of Alexandria,"
5920 Kingstowne Towne Ctr Suite 100, Alexandria, VA 22315","
yogasix.com","
(571) 388-3685",,,38.7779766,-77.4287243,after school sports program,22310
Anytime Fitness,,,,,,38.7777452,-77.4287252,kids fitness programs,22310
Chakaboom Fitness,,,,,,38.7777452,-77.4287252,kids fitness programs,22310
Making Fit Life | Women's Fitness & Nutrition Coaching,"
6635 Deer Gap Ct, Franconia, VA 22310","
makingfitlife.com","
(703) 839-2268",,,38.7777452,-77.4287252,kids fitness programs,22310
Anytime Fitness,"
6635 Deer Gap Ct, Franconia, VA 22310","
makingfitlife.com","
(703) 839-2268",,,38.7777452,-77.4287252,kids fitness programs,22310
Cerdafied Dance Studios,"
6635 Deer Gap Ct, Franconia, VA 22310","
makingfitlife.com","
(703) 839-2268",,,38.7777452,-77.4287252,kids fitness programs,22310
Netflex Kids,"
6635 Deer Gap Ct, Franconia, VA 22310","
makingfitlife.com","
(703) 839-2268",,,38.7777452,-77.4287252,kids fitness programs,22310
Tots with Tempo @ Kingstowne's Snyder Fitness Center,"
6635 Deer Gap Ct, Franconia, VA 22310","
makingfitlife.com","
(703) 839-2268",,,38.7777452,-77.4287252,kids fitness programs,22310
National Integrative Wellness and Resource Center,"
6635 Deer Gap Ct, Franconia, VA 22310","
makingfitlife.com","
(703) 839-2268",,,38.7777452,-77.4287252,kids fitness programs,22310
Dowden Terrace Park,,,,,,38.8093856,-77.148739,sports classes for kids,22311
Doyle's Outpost,"
4620A Kenmore Ave, Alexandria, VA 22304","
doylesoutpost.com","
(571) 551-2080",,,38.8408728,-77.1998322,sports programs for kids,22311
"Peak Performance Training, LLC",,,,,,38.8408584,-77.1998323,sports training for kids,22311
Arlington Aerials,,,,,,38.8775123,-77.3042599,sports training for kids,22311
Inova Sports Performance powered by Healthy Baller,,,,,,38.8505704,-77.1741472,sports training for kids,22311
Planet Fitness,,,,,,38.8610603,-77.2970188,sports training for kids,22311
DICK'S Sporting Goods,"
4620 Kenmore Ave, Alexandria, VA 22304","
planetfitness.com","
(703) 212-0123",,,38.82951,-77.1810778,sports training for kids,22311
Fit-Nez,"
4620 Kenmore Ave, Alexandria, VA 22304","
planetfitness.com","
(703) 212-0123",,,38.82951,-77.1810778,sports training for kids,22311
Champions Premier | Elite Soccer Training,"
4620 Kenmore Ave, Alexandria, VA 22304","
planetfitness.com","
(703) 212-0123",,,38.82951,-77.1810778,sports training for kids,22311
"STRIKELAB – Falls Church, VA","
4620 Kenmore Ave, Alexandria, VA 22304","
planetfitness.com","
(703) 212-0123",,,38.82951,-77.1810778,sports training for kids,22311
ALL Pediatrics of Alexandria,"
1500 N Beauregard St Suite 200, Alexandria, VA 22311","
allpeds.com","
(703) 436-1200",,,38.8736788,-77.3540206,youth sports programs,22311
Alliance Physical Therapy,"
4660 Kenmore Ave #400A, Alexandria, VA 22304","
alliancephysicaltherapyva.com","
(703) 751-1008",,,38.8736788,-77.3540206,youth sports programs,22311
Providence Rec Center,"
4660 Kenmore Ave #400A, Alexandria, VA 22304","
alliancephysicaltherapyva.com","
(703) 751-1008",,,38.8736788,-77.3540206,youth sports programs,22311
REI,"
4660 Kenmore Ave #400A, Alexandria, VA 22304","
alliancephysicaltherapyva.com","
(703) 751-1008",,,38.8736788,-77.3540206,youth sports programs,22311
"Sue Park, MD","
4660 Kenmore Ave #400A, Alexandria, VA 22304","
alliancephysicaltherapyva.com","
(703) 751-1008",,,38.8736788,-77.3540206,youth sports programs,22311
Lil' Kickers DMV,"
3509 Carlin Springs Rd, Bailey's Crossroads, VA 22041","
rei.com","
(703) 379-9400",,,38.8736788,-77.3540206,youth sports programs,22311
Wakefield High School,"
1325 S Dinwiddie St, Arlington, VA 22206","
wakefield.apsva.us","
(703) 228-6700",,,38.8736788,-77.3540206,youth sports programs,22311
The Player Progression Academy (PPA),"
1342 Florida Ave NW, Washington, DC 20008","
ppateam.com",,,,38.8734472,-77.3540214,kids sports academy,22311
Sterner's Tae Kwon Do Academy,"
1342 Florida Ave NW, Washington, DC 20008","
ppateam.com",,,,38.969625,-77.6625521,kids sports academy,22311
Goldfish Swim School - Falls Church,"
396 Elden St, Herndon, VA 20170","
sternerstkd.com","
(703) 668-0670",,,38.969625,-77.6625521,kids sports academy,22311
Forever Dancing Ballroom,"
396 Elden St, Herndon, VA 20170","
sternerstkd.com","
(703) 668-0670",,,38.969625,-77.6625521,kids sports academy,22311
Department of Parks and Recreation - Athletic and Facility Services Division,"
300 N Park Dr, Arlington, VA 22203","
arlingtonva.us","
(703) 228-4747",,,38.8470976,-77.415445,sports camp for kids,22311
Glasgow Middle School,"
4101 Fairfax Pkwy, Lincolnia, VA 22312","
glasgowms.fcps.edu","
(703) 813-8700",,,38.8137538,-77.1492433,after school sports program,22311
Minnie H. Peyton Community Center at Bailey’s (Bailey's Community Center),,,,,,38.8020303,-77.1900052,kids fitness programs,22311
Patrick Henry Playground,"
5920-A Summers Ln, Falls Church, VA 22041","
fairfaxcounty.gov","
(703) 931-7027",,,38.8020303,-77.1900052,kids fitness programs,22311
The Goddard School of Alexandria - West,"
5920-A Summers Ln, Falls Church, VA 22041","
fairfaxcounty.gov","
(703) 931-7027",,,38.8020303,-77.1900052,kids fitness programs,22311
Jabs Boxing and Fitness,,,,,,38.8119437,-77.1981589,sports training for kids,22312
KAZAXE,,,,,,38.8119437,-77.1981589,sports training for kids,22312
The Sharpening Dude LLC,,,,,,38.7286503,-77.4408828,youth sports programs,22312
Aqua-Tots Swim School Falls Church,"
1104b W Broad St, Falls Church, VA 22046","
aqua-tots.com","
(571) 356-9985",,,38.7284189,-77.4408836,kids sports academy,22312
Elite Fencing Academy,"
5401B Port Royal Rd, Springfield, VA 22151","
elitefencingacademy.com","
(703) 827-3285",,,38.7281876,-77.4408844,sports camp for kids,22312
Sleepy Hollow Bath & Racquet (SHBR),"
3516 Sleepy Hollow Rd, Falls Church, VA 22044","
shbr.org","
(703) 241-9731",,,38.7279562,-77.4408853,sports summer camp,22312
YSL Hapmudo Studio,"
7036 Columbia Pike, Annandale, VA 22003","
hapmudova.com","
(703) 750-3330",,,38.7279562,-77.4408853,sports summer camp,22312
Rising Sol Hot Yoga,"
400 N Henry St, Alexandria, VA 22314","
risingsolyoga.com","
(703) 261-4453",,,38.7980105,-77.1839857,sports classes for kids,22313
532YOGA,"
400 N Henry St, Alexandria, VA 22314","
risingsolyoga.com","
(703) 261-4453",,,38.7980105,-77.1839857,sports classes for kids,22313
Conte's Bike Shop,"
400 N Henry St, Alexandria, VA 22314","
risingsolyoga.com","
(703) 261-4453",,,38.7980105,-77.1839857,sports classes for kids,22313
OrthoVirginia Alexandria,"
1100 King St, Alexandria, VA 22314","
contebikes.com","
(571) 482-7701",,,38.7980105,-77.1839857,sports classes for kids,22313
Fort Foote Recreation Center,"
8300 Fort Foote Rd, Fort Washington, MD 20744","
pgparks.com","
(301) 699-2400",,,38.7979526,-77.183986,sports programs for kids,22313
The Basilica of Saint Mary,"
8300 Fort Foote Rd, Fort Washington, MD 20744","
pgparks.com","
(301) 699-2400",,,38.7979526,-77.183986,sports programs for kids,22313
Oronoco Bay Park,"
8300 Fort Foote Rd, Fort Washington, MD 20744","
pgparks.com","
(301) 699-2400",,,38.7979526,-77.183986,sports programs for kids,22313
fibre space,"
8300 Fort Foote Rd, Fort Washington, MD 20744","
pgparks.com","
(301) 699-2400",,,38.7979526,-77.183986,sports programs for kids,22313
Athleta,"
1319 Prince St, Alexandria, VA 22314","
fibrespace.com","
(703) 664-0344",,,38.7979526,-77.183986,sports programs for kids,22313
Old Town Farmers' Market,"
1319 Prince St, Alexandria, VA 22314","
fibrespace.com","
(703) 664-0344",,,38.7979526,-77.183986,sports programs for kids,22313
Training Ground,"
Wilson Blvd side, 850 N Randolph St UNIT 101, Arlington, VA 22203","
traininggroundarlington.com","
(571) 858-5451",,,38.8803531,-77.2538399,sports training for kids,22313
DMOSSFITNESS,"
Wilson Blvd side, 850 N Randolph St UNIT 101, Arlington, VA 22203","
traininggroundarlington.com","
(571) 858-5451",,,38.8803531,-77.2538399,sports training for kids,22313
O'Shaughnessy's Sports bar & Pub,,,,,,38.8802952,-77.2538401,youth sports programs,22313
"i9 Sports Central and Northern Fairfax, VA","
1324 King St, Alexandria, VA 22314",,"
(703) 566-0780",,,38.8802952,-77.2538401,youth sports programs,22313
AMC Hoffman Center 22,"
1324 King St, Alexandria, VA 22314",,"
(703) 566-0780",,,38.8802952,-77.2538401,youth sports programs,22313
West Marine,"
601 S Patrick St, Alexandria, VA 22314","
westmarine.com","
(703) 549-7020",,,38.8801794,-77.2538405,sports camp for kids,22313
9Round Fitness,,,,,,38.8800636,-77.2538409,after school sports program,22313
PIES Fitness Yoga Studio,"
123 N Pitt St, Alexandria, VA 22314","
9round.com","
(703) 910-0885",,,38.8800636,-77.2538409,after school sports program,22313
Refresh Alexandria,"
123 N Pitt St, Alexandria, VA 22314","
9round.com","
(703) 910-0885",,,38.8800636,-77.2538409,after school sports program,22313
Alexandria City Public Schools,"
123 N Pitt St, Alexandria, VA 22314","
9round.com","
(703) 910-0885",,,38.8800636,-77.2538409,after school sports program,22313
Jefferson-Houston PreK-8 IB School,"
123 N Pitt St, Alexandria, VA 22314","
9round.com","
(703) 910-0885",,,38.8800636,-77.2538409,after school sports program,22313
Educational Connections,"
1501 Cameron St, Alexandria, VA 22314","
jh.acps.k12.va.us","
(703) 706-4400",,,38.8800636,-77.2538409,after school sports program,22313
Ford's Landing Park,"
1501 Cameron St, Alexandria, VA 22314","
jh.acps.k12.va.us","
(703) 706-4400",,,38.8800636,-77.2538409,after school sports program,22313
Old Town Pilates,"
1501 Cameron St, Alexandria, VA 22314","
jh.acps.k12.va.us","
(703) 706-4400",,,38.8800636,-77.2538409,after school sports program,22313
Team Coalition,"
1501 Cameron St, Alexandria, VA 22314","
jh.acps.k12.va.us","
(703) 706-4400",,,38.8800636,-77.2538409,after school sports program,22313
Overtime Athletics DMV,"
1501 Cameron St, Alexandria, VA 22314","
jh.acps.k12.va.us","
(703) 706-4400",,,38.8800636,-77.2538409,after school sports program,22313
The Nellis Group,"
1501 Cameron St, Alexandria, VA 22314","
jh.acps.k12.va.us","
(703) 706-4400",,,38.8800636,-77.2538409,after school sports program,22313
Kiddie Academy of Alexandria,,,,,,38.8800057,-77.2538411,kids fitness programs,22313
Capitol Contours,,,,,,38.8800057,-77.2538411,kids fitness programs,22313
The Physical Therapy Zone (Alexandria),,,,,,38.8115104,-77.1177964,youth sports programs,22314
Kidcreate Studio - Alexandria,,,,,,38.8114815,-77.1177965,sports camp for kids,22314
Campagna Kids Program,,,,,,38.8114815,-77.1177965,sports camp for kids,22314
Alexandria Academy of Fine Arts and Sciences; Little One Academy,"
530 S St Asaph St, Alexandria, VA 22314",,"
(703) 836-3696",,,38.8114815,-77.1177965,sports camp for kids,22314
Kids Fishing Club Summer Camp,"
530 S St Asaph St, Alexandria, VA 22314",,"
(703) 836-3696",,,38.8114815,-77.1177965,sports camp for kids,22314
Campagna Center,"
530 S St Asaph St, Alexandria, VA 22314",,"
(703) 836-3696",,,38.8114815,-77.1177965,sports camp for kids,22314
Pump It Up Alexandria Kids Birthday and More,"
530 S St Asaph St, Alexandria, VA 22314",,"
(703) 836-3696",,,38.8114815,-77.1177965,sports camp for kids,22314
Childtime of Alexandria,"
530 S St Asaph St, Alexandria, VA 22314",,"
(703) 836-3696",,,38.8114815,-77.1177965,sports camp for kids,22314
Little Theatre of Alexandria,"
530 S St Asaph St, Alexandria, VA 22314",,"
(703) 836-3696",,,38.8114815,-77.1177965,sports camp for kids,22314
Northeast Stars Montessori Preschool,"
530 S St Asaph St, Alexandria, VA 22314",,"
(703) 836-3696",,,38.8114815,-77.1177965,sports camp for kids,22314
Huntington Community Center,"
530 S St Asaph St, Alexandria, VA 22314",,"
(703) 836-3696",,,38.8114815,-77.1177965,sports camp for kids,22314
Celebree School of Alexandria,"
530 S St Asaph St, Alexandria, VA 22314",,"
(703) 836-3696",,,38.8114815,-77.1177965,sports camp for kids,22314
PedalHeads-Arlington,"
530 S St Asaph St, Alexandria, VA 22314",,"
(703) 836-3696",,,38.8114815,-77.1177965,sports camp for kids,22314
Klub Kid LLC,"
530 S St Asaph St, Alexandria, VA 22314",,"
(703) 836-3696",,,38.8114815,-77.1177965,sports camp for kids,22314
Code Ninjas Alexandria,"
530 S St Asaph St, Alexandria, VA 22314",,"
(703) 836-3696",,,38.868101,-77.1810278,sports camp for kids,22314
FIT4MOM Alexandria,,,,,,38.8065479,-77.1177963,kids fitness programs,22314
MADabolic Alexandria,"
704 N Washington St, Alexandria, VA 22314","
madabolic.com","
(571) 470-7053",,,38.8065479,-77.1177963,kids fitness programs,22314
Get Fit Studio,"
704 N Washington St, Alexandria, VA 22314","
madabolic.com","
(571) 470-7053",,,38.8065479,-77.1177963,kids fitness programs,22314
Impact Your Fitness,"
704 N Washington St, Alexandria, VA 22314","
madabolic.com","
(571) 470-7053",,,38.8065479,-77.1177963,kids fitness programs,22314
Fitness Together,"
704 N Washington St, Alexandria, VA 22314","
madabolic.com","
(571) 470-7053",,,38.8065479,-77.1177963,kids fitness programs,22314
Alloy Personal Training Old Town,"
704 N Washington St, Alexandria, VA 22314","
madabolic.com","
(571) 470-7053",,,38.8065479,-77.1177963,kids fitness programs,22314
Monument Volleyball,"
8253 Backlick Rd, Newington, VA 22122","
monumentvolleyball.com","
(703) 618-2601",,,38.7314063,-77.260819,sports camp for kids,22315
Fairfax Academy Elite,,,,,,38.7313918,-77.260819,sports summer camp,22315
Prep Academy Sport System,"
7721 Fullerton Rd, Springfield, VA 22153",,"
(703) 455-7737",,,38.836945,-77.4256774,after school sports program,22315
ART of Dance LLC,"
101 Duke St, Alexandria, VA 22314","
artofdanceculpeper.com","
(540) 827-7173",,,38.8022924,-77.1851252,sports classes for kids,22320
Warriors Athletics,"
2261 Oxon Run Dr, Temple Hills, MD 20748","
sofccwarriors.com","
(301) 630-3733",,,38.8421427,-77.1118482,sports classes for kids,22320
Fitness Center I,"
130 McChord St, Washington, DC 20032",,"
(202) 284-3034",,,38.8421427,-77.1118482,sports classes for kids,22320
First Class Sports Academy,"
4802 Stamp Rd, Temple Hills, MD 20748",,"
(301) 379-0563",,,38.8420848,-77.1118484,sports programs for kids,22320
Ready-Set-Sports,"
2700 Neabsco Common Pl Suite #101, Woodbridge, VA 22191","
ready-set-sports.com","
(703) 795-2574",,,38.6238275,-77.4360777,sports programs for kids,22320
Play Footy Inc.,"
1380 Monroe St NW #319, Washington, DC 20010","
dcxiproject.com","
(202) 505-7530",,,38.9312574,-77.1765221,sports programs for kids,22320
Victory Youth Center,"
4275 4th St SE, Washington, DC 20032",,"
(202) 562-7590",,,38.8236099,-77.14423,sports programs for kids,22320
Legends Sports,"
3607-C Chain Bridge Rd, Fairfax, VA 22030","
playlegends.com","
(703) 255-5165",,,38.857235,-77.4511706,sports programs for kids,22320
Kidball,"
10809 Hob Nail Ct, Potomac, MD 20854","
kidball.org","
(301) 983-0543",,,39.0328083,-77.3185222,sports programs for kids,22320
MetroBall Youth Outreach,"
100 N St NW, Washington, DC 20001","
metroball.org","
(240) 832-9351",,,38.9067026,-77.1572962,sports programs for kids,22320
Leveling the Playing Field - Greater Washington,"
8845 Monard Dr, Silver Spring, MD 20910","
levelingtheplayingfield.org","
(301) 364-4073",,,39.0009774,-77.2023554,sports programs for kids,22320
Belin Sport & Fitness,"
1271 5th St NE, Washington, DC 20002",,"
(202) 702-7126",,,39.0009774,-77.2023554,sports programs for kids,22320
Pure Motion Athletics,"
8474 Tyco Rd Suite E, Vienna, VA 22182","
puremotion-athletics.com","
(703) 989-1571",,,38.9327722,-77.8147812,sports training for kids,22320
Elite Athlete Training Services,"
4980 Boiling Brook Pkwy, Rockville, MD 20852","
eliteathletetraining.com","
(240) 498-9647",,,38.9327722,-77.8147812,sports training for kids,22320
Kaizen MMA Falls Church,"
2190 Pimmit Dr K - L, Falls Church, VA 22043","
kzmma.com","
(703) 734-5425",,,38.9327722,-77.8147812,sports training for kids,22320
Adventist HealthCare Sports Performance Institute,"
1800-H1-A, Rockville Pike, Rockville, MD 20852","
adventisthealthcare.com","
(240) 292-4458",,,38.9327722,-77.8147812,sports training for kids,22320
DC Strength & Nutrition,"
1209 10th St NW rear entrance, Washington, DC 20001","
bcstrengthtraining.com","
(570) 419-8462",,,38.9327722,-77.8147812,sports training for kids,22320
KIDSUNITED Fairfax,"
9579b Braddock Rd, Fairfax, VA 22032","
kidsunited.com","
(703) 424-9127",,,38.9318451,-77.8147845,youth sports programs,22320
SYA Sports Park,"
6626 Bull Run Post Office Rd, Centreville, VA 20120","
syasportspark.org","
(703) 815-3362",,,38.8447716,-78.09273,youth sports programs,22320
SYA Sports (Southwestern Youth Association),"
5950 Centreville Crest Ln, Centreville, VA 20121","
syasports.org","
(703) 815-3362",,,38.8447716,-78.09273,youth sports programs,22320
Oxon Hill Soccer Club,,"
oxonhillsoccerclub.com","
(571) 477-6798",,,38.7848036,-77.5453912,youth sports programs,22320
Headfirst Companies,"
1400 16th St NW Suite 720, Washington, DC 20036","
headfirstcamps.com","
(202) 625-1921",,,38.9090396,-77.1091776,sports camp for kids,22320
Ferebee Hope Rec Center,"
700 Yuma St SE, Washington, DC 20032","
dpr.dc.gov","
(202) 788-2279",,,38.8323186,-77.0689373,sports camp for kids,22320
Just Us Nation Basketball,"
2260 Alice Ave Activity Center, Oxon Hill, MD 20745","
justusnationbball.org","
(240) 437-4979",,,38.8323186,-77.0689373,sports camp for kids,22320
Headfirst Summer Camps at St. Albans Campus,"
3101 Wisconsin Ave, Washington, DC 20016","
headfirstcamps.com","
(202) 625-1921",,,38.9283627,-77.143967,sports camp for kids,22320
It's Sumnertime Kids Fit Life Enrichment Tips,"
1701 Enterprise Rd, Mitchellville, MD 20721","
itssumnertime.com","
(301) 704-8495",,,38.9136846,-76.870195,sports camp for kids,22320
Camp Greenway,"
8328 Georgetown Pike, McLean, VA 22102","
madeira.org","
(703) 556-8234",,,38.972871,-77.3048638,sports camp for kids,22320
ESF Summer Camps at The Academy of The Holy Cross,"
4920 Strathmore Ave, Kensington, MD 20895","
esfcamps.com","
(301) 493-2525",,,39.0315132,-77.1714639,sports camp for kids,22320
S E Tennis & Learning Center,"
701 Mississippi Ave SE, Washington, DC 20032","
dpr.dc.gov","
(202) 645-6242",,,38.8378258,-77.0670674,sports camp for kids,22320
kidovation Stage,"
3415 8th St NE, Washington, DC 20017","
kidovationstage.com","
(202) 660-1185",,,38.9321647,-77.0667978,sports camp for kids,22320
TIC Summer Camp - Virginia,"
@ The Langley School, 1411 Balls Hill Rd, McLean, VA 22101","
ticcamp.com","
(703) 876-2868",,,38.9335239,-77.2689135,sports camp for kids,22320
Koa Sports League,"
9200 Corporate Blvd Suite 320, Rockville, MD 20850","
koasports.org","
(301) 229-7529",,,39.1073782,-77.2629389,sports camp for kids,22320
Takoma Sports Camp,"
7500 Maple Ave, Takoma Park, MD 20912","
takomasportscamps.org","
(301) 891-7290",,,38.9816268,-77.0827329,sports camp for kids,22320
Shan's Jumping Gymnasium,"
4931 Beech Rd, Temple Hills, MD 20748","
shansjumpinggymnasium.com","
(202) 864-9709",,,38.8227513,-77.009042,sports camp for kids,22320
Camp Under the Stars,"
5000 Scenic Dr, Dumfries, VA 22025","
underthestarsinc.org","
(571) 406-3031",,,38.563052,-77.4329142,sports camp for kids,22320
King Greenleaf Recreation Center,"
201 N St SW, Washington, DC 20024","
dpr.dc.gov","
(202) 645-7454",,,38.563052,-77.4329142,sports camp for kids,22320
Focus Summer Camp,"
22570 Markey Ct #108, Sterling, VA 20166","
focuscamp.org","
(703) 574-0161",,,38.9920372,-78.0270773,sports summer camp,22320
Camp Highroad,"
21164 Steptoe Hill Rd, Middleburg, VA 20117","
camphighroad.org","
(540) 687-6262",,,38.9920372,-78.0270773,sports summer camp,22320
ROCKDEEP,,"
rockdeep.com",,,,46.423669,-130.5194908,sports summer camp,22320
Game Camp Nation,"
13460 Sunrise Valley Dr, Herndon, VA 20171","
gamecamp.com","
(888) 663-9633",,,38.9578888,-77.9878977,sports summer camp,22320
The Council on Standards for International Educational Travel (CSIET),"
1800 Diagonal Rd Suite 600, Alexandria, VA 22314","
csiet.org","
(703) 739-9050",,,38.8054695,-77.6370753,sports summer camp,22320
Camp Varsity,"
1344 Beamers Head Rd, Madison, VA 22727","
campvarsity.net","
(540) 923-4922",,,38.4283142,-78.8580016,sports summer camp,22320
Motus Crucis Parkour Academy,"
1508 Okie St NE, Washington, DC 20002","
motuscrucisparkour.com",,,,38.9155516,-77.5589674,sports summer camp,22320
Summer At The Ridge,"
2012 International Pkwy, Fredericksburg, VA 22406","
summerattheridge.org",,,,38.3637483,-78.0823984,sports summer camp,22320
Sports Vision,"
118 E Main St STE 203, Front Royal, VA 22630","
sportsvisioncamps.com","
(540) 252-0727",,,38.918049,-78.7689602,sports summer camp,22320
SAPT: Strength and Performance Training,"
3170 Draper Dr Unit 9-10, Fairfax, VA 22031","
saptstrength.com","
(703) 865-8010",,,38.8662787,-77.8587119,sports summer camp,22320
Alexandria Aces,,"
alexandria-aces.ueniweb.com",,,,38.8662787,-77.8587119,sports summer camp,22320
Knights of Columbus Day Camp,"
9450 Cherry Hill Rd, College Park, MD 20740","
kofccamp.wordpress.com",,,,39.0205626,-77.517322,sports summer camp,22320
Perfect Performance NOVA,"
8524A Tyco Rd, Vienna, VA 22182","
perfect-performancenova.com","
(571) 378-0078",,,38.9330226,-77.3846211,after school sports program,22320
KIDSUNITED South Riding,"
43063 Peacock Market Plaza, South Riding, VA 20152","
kidsunited.com","
(703) 939-9493",,,38.9143642,-77.6576313,after school sports program,22320
BASH Boxing - Alexandria,"
2409 Mandeville Ln, Alexandria, VA 22332","
bash-boxing.com","
(703) 559-7357",,,38.8029248,-77.2153544,after school sports program,22320
RECLEAGUES,"
2121 Eisenhower Ave, Alexandria, VA 22314",,"
(703) 822-9800",,,38.8029248,-77.2153544,after school sports program,22320
Prince William Athletic Center,"
13000 Sport and Health Dr, Woodbridge, VA 22192","
kidschoicesportandfuncenter.com","
(703) 940-3700",,,38.6706698,-77.4006172,after school sports program,22320
Orangetheory Fitness,"
3624 King St, Alexandria, VA 22302","
orangetheory.com","
(703) 771-3800",,,38.6701783,-77.6478657,kids fitness programs,22320
Life Time,"
9602 Main St, Fairfax, VA 22031","
lifetime.life","
(703) 323-8700",,,38.6701783,-77.6478657,kids fitness programs,22320
OneStrong Training,,"
onestrongtraining.com","
(703) 798-8113",,,38.6701783,-77.6478657,kids fitness programs,22320
Alexandria Ballroom,"
18 Roth St, Alexandria, VA 22314","
alexandriaballroom.com","
(443) 517-9575",,,38.7987255,-77.1307921,sports classes for kids,22331
Cecilia Villalobos - DC Salsa Queen,"
18th Roth St, Alexandria, VA 22304","
dcsalsaqueen.com","
(703) 597-7192",,,38.7986821,-77.1307923,youth sports programs,22331
Eisenhower East KinderCare,"
2472 Mandeville Ln, Alexandria, VA 22332","
kindercare.com","
(703) 960-5437",,,38.7986531,-77.1307924,sports camp for kids,22331
UpCycle Creative Reuse Center,"
2397 S Dove St, Alexandria, VA 22314","
upcyclecrc.org","
(703) 861-8705",,,38.7986531,-77.1307924,sports camp for kids,22331
Pozez JCC Beth El Early Childhood Learning Center,"
3830 Seminary Rd, Alexandria, VA 22304","
thej.org","
(703) 537-3084",,,38.820789,-77.1683048,sports camp for kids,22331
ChildSpace Learning Center,"
2721 Mt Vernon Ave, Alexandria, VA 22301","
mychildspace.com","
(571) 429-3082",,,38.8299881,-77.1312198,sports camp for kids,22331
Browne Academy,"
5917 Telegraph Rd, Alexandria, VA 22310","
browneacademy.org","
(703) 960-3000",,,38.8299881,-77.1312198,sports camp for kids,22331
Burgundy Farm Country Day School,"
3700 Burgundy Rd, Alexandria, VA 22303","
burgundyfarm.org","
(703) 960-3431",,,38.7978162,-77.1668503,sports camp for kids,22331
Burgundy farm summer day camp,"
QWX3+GC, Rose Hill, VA 22303",,,,,38.7978162,-77.1668503,sports camp for kids,22331
Creative Play School,"
100 E Windsor Ave, Alexandria, VA 22301","
creativeplayschool.biz","
(703) 836-7090",,,38.7978162,-77.1668503,sports camp for kids,22331
Lead By Example Tae Kwon Do,"
3223 Duke St B2, Alexandria, VA 22314","
leadbyexampletaekwondo.com","
(703) 823-2200",,,38.7978017,-77.1668503,sports summer camp,22331
Bishop Ireton High School,"
201 Cambridge Rd, Alexandria, VA 22314","
bishopireton.org","
(703) 751-7606",,,38.7978017,-77.1668503,sports summer camp,22331
Bullis Summer Programs,"
10601 Falls Rd, Potomac, MD 20854","
bullis.org","
(301) 983-5741",,,39.028211,-77.2714518,sports summer camp,22331
Adventures on The Hill Summer Camp - Takoma,"
7005 Piney Branch Rd NW, Washington, DC 20012","
summercampdc.com","
(202) 688-1580",,,38.9755392,-77.0928217,sports summer camp,22331
St. Stephen's and St. Agnes Upper School,"
1000 St Stephens Rd, Alexandria, VA 22304","
sssas.org","
(703) 212-2700",,,38.8178183,-77.1732455,sports summer camp,22331
Great Waves Waterpark,"
4001 Eisenhower Ave, Alexandria, VA 22304","
novaparks.com","
(703) 960-0767",,,38.8178183,-77.1732455,sports summer camp,22331
Hummel Bowl,"
Stadium Dr, Alexandria, VA 22304","
episcopalhighschool.org","
(703) 933-3000",,,38.8178038,-77.1732455,after school sports program,22331
Capstone Soccer,"
2830 Fallfax Dr, Falls Church, VA 22042","
capstonesoccer.com","
(703) 914-3548",,,38.8757695,-77.2808653,after school sports program,22331
Dance Factory,"
18 Roth St, Alexandria, VA 22314","
dancefactory.com","
(703) 459-4370",,,38.8068736,-77.153142,after school sports program,22331
Elevate Sports Training,"
136A Maple Ave W, Vienna, VA 22180","
est-va.com",,,,38.9006079,-77.3382882,sports training for kids,22332
Vienna Youth Inc,"
2915 Hunter Mill Rd, Oakton, VA 22124","
vyi.org",,,,38.9004848,-77.4618984,youth sports programs,22332
NACTM Soccer Academy,"
712 H St NE Suite 1458, Washington, DC 20002",,"
(833) 725-3338",,,38.8737963,-77.2159958,sports camp for kids,22332
Leaders In Training Summer Camp LLC,"
4901 Tesla Dr, Bowie, MD 20715","
leadersintrainingsummercamp.com","
(786) 374-9527",,,38.9565215,-76.9978909,sports summer camp,22332
Valley Mill Camp,"
15101 Seneca Rd, Darnestown, MD 20874","
valleymill.com","
(301) 948-0220",,,39.0818854,-77.6034095,sports summer camp,22332
YMCA Camp Letts,"
4003 Camp Letts Rd, Edgewater, MD 21037","
ymcadc.org","
(410) 919-1410",,,38.8893928,-76.8177337,sports summer camp,22332
Camp Sonshine,"
16819 New Hampshire Ave, Silver Spring, MD 20905","
campsonshine.org","
(301) 835-2267",,,39.1324577,-77.280281,sports summer camp,22332
Her Flex Fitness,"
7794 Marlboro Pike, Forestville, MD 20747","
herflexfitness.net","
(804) 845-1236",,,38.844119,-76.944302,kids fitness programs,22332
James K Polk Elementary School Mini-Pitches,"
5000 Polk Ave, Alexandria, VA 22304","
acps.k12.va.us",,,,38.8222389,-77.1902542,sports classes for kids,22333
Evolution Basketball - Merrifield,"
2940B Prosperity Ave, Fairfax, VA 22031","
evobball.com",,,,38.8716599,-77.3109161,sports programs for kids,22333
Next Level Basketball Training,"
8305 Merrifield Ave Suite F, Fairfax, VA 22031","
nxtlevelbball.com","
(703) 313-1201",,,38.8715368,-77.4345263,sports training for kids,22333
C4 Explosive Sports Training,"
9501 Discovery Blvd Unit 155, Manassas, VA 20109","
c4strong.com","
(571) 379-7955",,,38.7500968,-77.8163086,sports training for kids,22333
MJX Mental Fitness,"
13000 Sport and Health Dr, Woodbridge, VA 22192","
mjxgirls4ever.com","
(571) 319-6550",,,38.7481287,-78.3109166,youth sports programs,22333
"i9 Sports Manassas, Woodbridge, Dumfries, VA",,"
i9sports.com","
(703) 910-8033",,,38.7481287,-78.3109166,youth sports programs,22333
"i9 Sports Stafford, South/West Prince William, Central Fauquier, VA",,"
i9sports.com","
(540) 317-0924",,,38.7481287,-78.3109166,youth sports programs,22333
All Sport Kids Academy,"
740 MD-3, Gambrills, MD 21054","
athleticperformanceinc.com","
(410) 923-2100",,,38.7444242,-78.3109299,kids sports academy,22333
Aspire Afterschool Learning,"
909 S Dinwiddie St, Arlington, VA 22204","
aspireafterschool.org","
(703) 379-6488",,,38.856241,-77.4005465,sports camp for kids,22333
Kids In Motion Summer Camp LLC,"
7953 A Central Ave, Capitol Heights, MD 20743","
kidsinmotionsummercamp.com","
(786) 991-7629",,,38.8887718,-77.156028,sports camp for kids,22333
Bailey's Childcare and Learning Center Alexandria,"
6399 Little River Turnpike, Alexandria, VA 22312","
baileyslearningcenter.com","
(703) 942-8081",,,38.8191669,-77.4397036,sports camp for kids,22333
Moonlit Wings Productions,,"
moonlitwings.org","
(202) 567-7469",,,38.8191669,-77.4397036,sports camp for kids,22333
Bush Hill Day School,"
4916 Franconia Rd, Alexandria, VA 22310","
bushhill.org","
(703) 922-9185",,,38.8191669,-77.4397036,sports camp for kids,22333
Northern Virginia Academy of Early Learning - Lincolnia Campus,"
6396 Lincolnia Rd, Alexandria, VA 22312","
novaearlylearning.com","
(571) 619-8559",,,38.8191669,-77.4397036,sports camp for kids,22333
CAMP KIDZ,"
2960 Technology Pl, Waldorf, MD 20601",,"
(310) 736-2788",,,38.6309706,-77.2014679,sports camp for kids,22333
Bailey's Childcare and Learning Center Falls Church,"
3701 S George Mason Dr C2-N, Falls Church, VA 22041","
baileyslearningcenter.com","
(703) 310-4150",,,38.8437982,-77.4027941,sports camp for kids,22333
Springfield Academy,"
5236 Backlick Rd, Springfield, VA 22151","
springfieldacademy.org","
(703) 256-3773",,,38.8437982,-77.4027941,sports camp for kids,22333
DC Fray,"
951 V St NE, Washington, DC 20018","
dcfray.com","
(202) 290-1969",,,38.8435666,-77.4027949,sports summer camp,22333
"Super, Awesome & Amazing","
6805 Industrial Rd, Springfield, VA 22151","
superawesomeandamazing.com","
(703) 705-9548",,,38.8435666,-77.4027949,sports summer camp,22333
Sportrock Climbing Guides,"
5308 Eisenhower Ave, Alexandria, VA 22304","
sportrock.com",,,,38.843335,-77.4027958,after school sports program,22333
Functional Fitness VA,"
2840 Graham Rd, Falls Church, VA 22042","
functionalfitnessva.com","
(703) 241-2156",,,38.8431035,-77.4027966,kids fitness programs,22333
KidStrong Fairfax,"
9540 Main St #8, Fairfax, VA 22031","
fairfax.kidstrong.com","
(571) 354-7709",,,38.8429012,-77.5619061,kids fitness programs,22333
Empower Fitness,"
9693 Main St, Fairfax, VA 22031","
empowerfitnessva.com","
(703) 868-7268",,,38.8429012,-77.5619061,kids fitness programs,22333
The Hive MMA & Wrestling,"
4401 Fair Lakes Ct, Fairfax, VA 22033","
hivemmafitness.com","
(703) 996-9722",,,38.8429012,-77.5619061,kids fitness programs,22333
Therapeutic Recreation Center,"
1108 Jefferson St, Alexandria, VA 22314","
alexandriava.gov","
(703) 746-5422",,,38.8084453,-77.1163327,sports programs for kids,22334
District Sports Center,"
6064 Farrington Ave, Alexandria, VA 22304",,"
(202) 415-0880",,,38.7988916,-77.2124185,sports programs for kids,22334
StarFit Studio,"
2433 N Harrison St Suite LL-10, Arlington, VA 22207","
starfitstudio.com","
(703) 822-0050",,,38.7987686,-77.3360287,sports training for kids,22334
"ThetaGold Fitness, LLC","
1331 Maryland Ave SW #515, Washington, DC 20024","
thetagoldfitness.com","
(202) 718-8412",,,38.7987686,-77.3360287,sports training for kids,22334
CrossFit Invictus - Washington DC,"
1525 Half St SW, Washington, DC 20024","
invictuswashingtondc.com","
(202) 878-0898",,,38.7987686,-77.3360287,sports training for kids,22334
Fitness Together,"
3222 N St NW, Washington, DC 20007","
fitnesstogether.com","
(202) 625-8484",,,38.7987686,-77.3360287,sports training for kids,22334
Alpha Sports Training,"
7550 Reservation Drive Fieldhouse, Springfield, VA 22153",,"
(571) 207-7635",,,38.7496068,-77.56227,sports training for kids,22334
Oriental Sports Academy,"
5799 Burke Centre Pkwy, Burke Centre, VA 22015","
orientalsportsacademy.com","
(703) 864-3187",,,38.7496068,-77.56227,sports training for kids,22334
Dale City Sports Club,"
14732 Birchdale Ave, Dale City, VA 22193","
dalecitysportsclub.org","
(703) 670-6921",,,38.7476387,-78.056878,youth sports programs,22334
Tucker Road Community Center,"
1771 Tucker Rd, Fort Washington, MD 20744","
pgparks.com","
(301) 248-4404",,,38.8737963,-77.2159958,sports camp for kids,22334
Old Town Montessori School,"
112 S Columbus St, Alexandria, VA 22314","
aqotms.com","
(703) 684-7323",,,38.8737963,-77.2159958,sports camp for kids,22334
Potomac Crescent Waldorf School,"
424 N Washington St, Alexandria, VA 22314","
potomacwaldorf.org","
(703) 486-1309",,,38.8737963,-77.2159958,sports camp for kids,22334
The Linder Academy,"
607 S Washington St, Alexandria, VA 22314","
thelinderacademy.com","
(703) 647-9354",,,38.8737963,-77.2159958,sports camp for kids,22334
Hooray Art,"
7908 Fort Hunt Rd, Fort Hunt, VA 22308","
hoorayartstudio.com",,,,38.8737963,-77.2159958,sports camp for kids,22334
TK Sports Camp,,"
tksportscamp.com","
(301) 580-8155",,,39.0867455,-77.6122461,sports summer camp,22334
The Arena for Leadership & Development,,"
arenaleadership.com","
(443) 822-3033",,,39.0867455,-77.6122461,sports summer camp,22334
"Identity Hybrid, LLC",,"
identityhybrid.com","
(202) 681-0856",,,38.859795,-77.4154581,sports summer camp,22334
National Harbor Marina,"
168 National Plaza, Oxon Hill, MD 20745","
nationalharbormarinadc.com","
(301) 749-1582",,,38.859795,-77.4154581,sports summer camp,22334
Violet Soccer Camps LLC,,"
violetsoccercamps.com","
(240) 565-1198",,,40.7813047,-74.2655095,sports summer camp,22334
Summer Camp Alexandria!,"
6020 Richmond Hwy, Alexandria, VA 22306",,"
(703) 317-9660",,,38.7866797,-77.357834,sports summer camp,22334
UFC GYM Alexandria,"
305 Hooffs Run Dr, Alexandria, VA 22314",,"
(571) 317-1600",,,38.7864482,-77.3578348,after school sports program,22334
American Tukong Martial Arts Academy,"
6319 Richmond Hwy, Alexandria, VA 22306",,"
(703) 919-9838",,,38.7864482,-77.3578348,after school sports program,22334
Halo Fitness Experience,"
10400 Premier Ct suite e, Burke, VA 22015","
halofitnessexperience.com","
(571) 655-5554",,,38.7983999,-77.4491843,kids fitness programs,22334
Tumbles Fairfax,"
10621 Braddock Rd Suite E, Fairfax, VA 22032","
fairfax.tumbles.net","
(703) 828-5097",,,38.7983999,-77.4491843,kids fitness programs,22334
