name,address,website,phone_number,latitude,longitude,keyword,searched_zipcode,category
Instaswim,,"
instaswimusa.com","
(888) 610-2656",31.824929,-151.265898,kids swimming lessons,22159,
Hall+Swim+Academy,,"
hallswimacademy.com","
(305) 469-5500",31.824929,-151.265898,kids swimming lessons,22159,
Propel+Swim+Academy,"
43160 Amberwood Plaza, South Riding, VA 20152","
propelswimacademy.com","
(703) 544-1992",38.9238917,-114.4239493,kids swimming lessons,22159,
Pwcs+Aquatics+Center,"
13833 Dumfries Rd Door #25, Manassas, VA 20112","
pwcsaquatics.com","
(571) 374-6333",38.9238917,-114.4239493,kids swimming lessons,22159,
Swimming+Lesson+Club+Usa,,"
swimlessonclubusa.com","
(904) 612-2105",46.423669,-166.8567711,kids swimming lessons,22159,
Swimkids+Swim+School+ +Leesburg,"
681 Potomac Station Dr, Leesburg, VA 20176","
swimkids.us","
(703) 962-7946",39.0996526,-114.4404552,kids swimming lessons,22159,
Maureen%27S+Swim+Academy,"
8143 Honeybee Ln, Tampa, FL 33635","
maureenswim.com","
(813) 855-0491",39.0996526,-114.4404552,kids swimming lessons,22159,
Aqua Tots+Swim+School+Lexington Hamburg,"
2300 Sir Barton Way, Lexington, KY 40509","
aqua-tots.com","
(859) 475-1205",39.0996526,-114.4404552,kids swimming lessons,22159,
Brookland+Swim+Academy,"
5719 Kansas Ave NW, Washington, DC 20011","
brooklandswimacademy.com","
(202) 413-5964",39.0996526,-114.4404552,kids swimming lessons,22159,
British+Swim+School+At+Kleinlife,"
10100 Jamison Ave, Philadelphia, PA 19116","
britishswimschool.com","
(215) 422-3338",39.0996526,-114.4404552,kids swimming lessons,22159,
The+Harcum+Fitness+%26+Aquatic+Center,"
2227 Taylor Park Dr, Reynoldsburg, OH 43068","
lec.org","
(614) 501-1461",39.0996526,-114.4404552,kids swimming lessons,22159,
British+Swim+School+At+The+Harcum+Fitness+%26+Aquatic+Center,"
2227 Taylor Park Dr, Reynoldsburg, OH 43068","
britishswimschool.com","
(614) 467-4187",39.0996526,-114.4404552,kids swimming lessons,22159,
Brookland+Swim+Academy,"
125 Michigan Ave NE, Washington, DC 20017","
brooklandswimacademy.com","
(202) 413-5964",39.0996526,-114.4404552,kids swimming lessons,22159,
Aqua Tots+Swim+School+Lexington,"
220 Ruccio Way Ste. 150, Lexington, KY 40503","
aqua-tots.com","
(859) 712-0271",39.0996526,-114.4404552,kids swimming lessons,22159,
Swimtastic+Swim+School+ +Omaha+%28Northwest%29,"
2920 N 118th St, Omaha, NE 68164","
swimtastic.com","
(402) 496-7946",41.2852516,-133.013359,kids swimming lessons,22159,
Smallwood+Village+Swim+Club,"
1019 Stone Ave, Waldorf, MD 20602","
smallwoodswimclub.com","
(301) 645-7392",38.6030306,-113.8279663,kids swimming lessons,22159,
Big+Blue+Swim+School,"
6406 N Interstate 35 Frontage Rd Suite 2800, Austin, TX 78752","
bigblueswimschool.com","
(512) 910-2199",30.324004,-134.6220668,kids swimming lessons,22159,
British+Swim+School+At+24+Hour+Fitness+Ocean+Ave.+Sport+San+Francisco,"
1850 Ocean Ave, San Francisco, CA 94112","
britishswimschool.com","
(650) 777-5544",37.7253822,-159.376112,kids swimming lessons,22159,
Swimrva,"
5050 Ridgedale Pkwy, Richmond, VA 23234","
swimrichmond.org","
(804) 271-8271",37.4494649,-114.406782,kids swimming lessons,22159,
La+Petite+Baleen+Swim+School,"
Raley’s Towne Centre, 600, Rohnert Park, CA 94928","
swimlpb.com","
(866) 896-3603",38.3458651,-159.6192165,kids swimming lessons,22159,
Machine+Performance+Center,"
204 Mill St NE D, Vienna, VA 22180","
machineperformancecenter.com","
(703) 281-2104",38.9042247,-114.1800183,kids swimming lessons,22159,
Waterworks+Swim+School+San+Francisco,"
3201 20th Ave, San Francisco, CA 94132","
waterworksswim.com","
(408) 279-1700",37.7297281,-159.3905952,kids swimming lessons,22159,
Morgan+Swim+School,"
7508 W Broad St, Henrico, VA 23294","
aqua-tots.com","
(804) 740-1185",37.7297281,-159.3905952,kids swimming lessons,22159,
Tayyebiswims,,"
tayyebiswims.com","
(516) 387-4553",37.7297281,-159.3905952,kids swimming lessons,22159,
Swimming+Lesson+Club+Usa,,,"
(904) 612-2105",37.7297281,-159.3905952,kids swimming lessons,22159,
Collegiate+School+Aquatic+Center,"
5050 Ridgedale Pkwy, Richmond, VA 23234","
swimrichmond.org",,37.7297281,-159.3905952,kids swimming lessons,22159,
Swim+School+Of+Austin,"
1001 W Anderson Ln., Austin, TX 78757","
swimschoolaustin.com","
(512) 623-9410",37.7297281,-159.3905952,kids swimming lessons,22159,
Big+Blue+Swim+School,"
6112-A Arlington Blvd, Seven Corners, VA 22044","
bigblueswimschool.com","
(571) 786-8102",37.7297281,-159.3905952,kids swimming lessons,22159,
British+Swim+School+Of+La+Fitness+ +Johns+Creek,"
11720 Medlock Bridge Rd, Duluth, GA 30097","
britishswimschool.com","
(770) 400-9663",37.7297281,-159.3905952,kids swimming lessons,22159,
British+Swim+School+At+La+Fitness+ +Severn,"
7858-A Quarterfield Rd, Severn, MD 21144","
britishswimschool.com","
(410) 695-6200",37.7297281,-159.3905952,kids swimming lessons,22159,
Aqua Tots+Swim+School+Cypress,"
26341 Northwest Fwy, Cypress, TX 77429","
aqua-tots.com","
(281) 310-5777",37.7297281,-159.3905952,kids swimming lessons,22159,
Goldfish+Swim+School+ +Alexandria,"
3155-B Duke St, Alexandria, VA 22314","
goldfishswimschool.com","
(703) 844-2818",37.7297281,-159.3905952,kids swimming lessons,22159,
Swimrva+ +Meadowbrook,"
3700 Cogbill Rd, Richmond, VA 23234","
swimrichmond.org","
(804) 271-8271",37.7297281,-159.3905952,kids swimming lessons,22159,
Goldfish+Swim+School+ +Ashburn,"
21140 Ashburn Crossing Dr Ste 115, Ashburn, VA 20147","
goldfishswimschool.com","
(703) 420-7643",37.7297281,-159.3905952,kids swimming lessons,22159,
Aqua Tots+Swim+School+Henrico Richmond,"
7508 W Broad St, Henrico, VA 23294","
aqua-tots.com","
(804) 740-1185",37.7297281,-159.3905952,kids swimming lessons,22159,
Florida+Swim+Company,,"
floridaswimcompany.com","
(833) 235-7946",37.7297281,-159.3905952,kids swimming lessons,22159,
Kids+First+Swim+School+ +Waldorf,"
3307 Crain Hwy, Waldorf, MD 20603","
kidsfirstswimschools.com","
(301) 638-7946",37.7297281,-159.3905952,kids swimming lessons,22159,
Kids+First+Swim+School+ +Springfield,"
5238 Port Royal Rd, Springfield, VA 22151","
kidsfirstnova.com","
(703) 321-7946",37.7297281,-159.3905952,kids swimming lessons,22159,
British+Swim+School+Of+La+Fitness+ +Sugar+Hill,"
6025 Cumming Hwy NE, Sugar Hill, GA 30518","
britishswimschool.com","
(770) 400-9663",37.7297281,-159.3905952,kids swimming lessons,22159,
British+Swim+School+At+Onelife+Fitness+ +Falls+Church,"
1000 E Broad St, Falls Church, VA 22046","
britishswimschool.com","
(202) 988-3825",37.7297281,-159.3905952,kids swimming lessons,22159,
Aqua Tots+Swim+School+Spring%2Fklein,"
6935 Cypresswood Dr, Spring, TX 77379","
aqua-tots.com","
(832) 720-6339",37.7297281,-159.3905952,kids swimming lessons,22159,
British+Swim+School,"
2916 Festival Way, Waldorf, MD 20601","
britishswimschool.com","
(301) 597-1700",37.7297281,-159.3905952,kids swimming lessons,22159,
British+Swim+School+Of+Hudson+Waterfront,,"
britishswimschool.com","
(201) 676-3630",37.7297281,-159.3905952,kids swimming lessons,22159,
Swimrva+ +North,"
319 N Wilkinson Rd, Richmond, VA 23227","
swimrichmond.org","
(804) 271-8271",37.7297281,-159.3905952,kids swimming lessons,22159,
British+Swim+School+Of+Dupage Kane,,"
britishswimschool.com","
(630) 333-9382",37.7297281,-159.3905952,kids swimming lessons,22159,
Splish+Splash+Swim+School+Llc,,"
splishsplashswimschool.com","
(213) 479-1132",37.7297281,-159.3905952,kids swimming lessons,22159,
British+Swim+School+Of+Brooklyn+Queens,,"
britishswimschool.com","
(718) 576-1870",37.7297281,-159.3905952,kids swimming lessons,22159,
British+Swim+School+Of+Staten+Island,,"
britishswimschool.com","
(718) 576-1870",37.7297281,-159.3905952,kids swimming lessons,22159,
Sf+Swimming,,"
sfswimming.com","
(267) 370-7050",37.7297281,-159.3905952,kids swimming lessons,22159,
Everythingswim,,"
everythingswimco.lpages.co","
(202) 827-6571",37.7297281,-159.3905952,kids swimming lessons,22159,
Aqua+School,,"
aquaschool.us","
(754) 217-5028",37.7297281,-159.3905952,kids swimming lessons,22159,
"You+Can+Learn+To+Swim,+Llc",,"
youcanlearntoswim.com","
(336) 794-6637",37.7297281,-159.3905952,kids swimming lessons,22159,
Swim+With+Mr.+Blue,,"
swimwithmrblue.com","
(954) 956-9955",37.7297281,-159.3905952,kids swimming lessons,22159,
British+Swim+School+Of+Patapsco+Valley,,"
britishswimschool.com","
(410) 695-6200",37.7297281,-159.3905952,kids swimming lessons,22159,
Seattle+Swim+Academy,,"
seattleswimacademy.com",,37.7297281,-159.3905952,kids swimming lessons,22159,
British+Swim+School+Of+Northern+East+Bay,,"
britishswimschool.com","
(925) 399-0450",37.7297281,-159.3905952,kids swimming lessons,22159,
British+Swim+School+Of+Flatirons,,"
britishswimschool.com","
(303) 495-3333",37.7297281,-159.3905952,kids swimming lessons,22159,
Kleinlife,"
10100 Jamison Ave, Philadelphia, PA 19116","
kleinlife.org","
(215) 698-7300",37.7297281,-159.3905952,kids swimming lessons,22159,
Swimsavvy+Academy,,"
swimsavvyacademy.com",,37.7297281,-159.3905952,kids swimming lessons,22159,
Lilly%27S+Bluefin+Aquatics,,"
lillysbluefinaquatics.com","
(213) 446-1734",37.7297281,-159.3905952,kids swimming lessons,22159,
The+Swim+Whisperers+Academy,,"
theswimwhisperersacademy.com","
(815) 451-7774",37.7297281,-159.3905952,kids swimming lessons,22159,
Swim+Life,,"
myswimlife.com","
(407) 878-4352",37.7297281,-159.3905952,kids swimming lessons,22159,
Northside+Fitness,,"
northsideswimacademy.com","
(678) 208-3629",37.7297281,-159.3905952,kids swimming lessons,22159,
British+Swim+School+Of+North+East+Atlanta,,"
britishswimschool.com","
(770) 400-9663",37.7297281,-159.3905952,kids swimming lessons,22159,
British+Swim+School+Manhattan,,"
britishswimschool.com","
(212) 466-6622",37.7297281,-159.3905952,kids swimming lessons,22159,
Little+Swimmers+Academy,,,"
(863) 224-6393",37.7297281,-159.3905952,kids swimming lessons,22159,
Fintastic+Swimming+With+Kylie,,"
fintasticswimming.com","
(970) 531-2703",37.7297281,-159.3905952,kids swimming lessons,22159,
Connect+The+Dots+Swim,,"
connectthedotsswim.com",,37.7297281,-159.3905952,kids swimming lessons,22159,
British+Swim+School+Of+Greater+Philadelphia+ +South+Jersey,,"
britishswimschool.com","
(856) 302-0555",37.7297281,-159.3905952,kids swimming lessons,22159,
Swim+To+Ethan,,"
swimtoethan.com","
(310) 462-8755",37.7297281,-159.3905952,kids swimming lessons,22159,
Aquatico+Swim+Lessons,,,"
(832) 736-7094",37.7297281,-159.3905952,kids swimming lessons,22159,
British+Swim+Academy,,"
britishswimacademy.com","
(424) 272-1030",37.7297281,-159.3905952,kids swimming lessons,22159,
24+Hour+Fitness,"
6345 Commerce Blvd, Rohnert Park, CA 94928","
24hourfitness.com","
(707) 536-0048",37.7297281,-159.3905952,kids swimming lessons,22159,
New+York+Aquatics+Club,,,"
(347) 417-3335",37.7297281,-159.3905952,kids swimming lessons,22159,
British+Swim+School+Of+Southwest+Broward,,"
britishswimschool.com","
(954) 828-2881",37.7297281,-159.3905952,kids swimming lessons,22159,
Swimfit+Llc,,"
swimfitllc.com","
(404) 788-8544",37.7297281,-159.3905952,kids swimming lessons,22159,
Swimming+Lessons,,,,37.7297281,-159.3905952,kids swimming lessons,22159,
Nickbswimming,,,"
(907) 419-8836",37.7297281,-159.3905952,kids swimming lessons,22159,
Pool+Shark+Swim+Academy,,,"
(678) 793-9224",37.7297281,-159.3905952,kids swimming lessons,22159,
Joy+Swim+School+Dmv,,"
joyswimschool.com","
(512) 826-8429",37.7297281,-159.3905952,kids swimming lessons,22159,
Gwinnett+Swim,"
5396 Lanier Islands Pkwy, Buford, GA 30518","
gwinnettswim.com","
(404) 590-7946",37.7297281,-159.3905952,indoor swim lessons for kids,22159,
Worden+Aquatics,"
801 Percy Warner Blvd, Nashville, TN 37205","
wordenaquatics.com","
(615) 241-1179",37.7297281,-159.3905952,indoor swim lessons for kids,22159,
Waterworks+Aquatics+Carlsbad,"
2704 Gateway Rd, Carlsbad, CA 92009","
waterworksswim.com","
(760) 603-9400",37.7297281,-159.3905952,indoor swim lessons for kids,22159,
Waterworks+Aquatics,"
8980 Barrons Blvd, Highlands Ranch, CO 80129","
waterworksswim.com","
(720) 344-7700",37.7297281,-159.3905952,indoor swim lessons for kids,22159,
Waterworks+Aquatics+Irvine,"
25 Waterworks Way, Irvine, CA 92618","
waterworksswim.com","
(949) 450-0777",37.7297281,-159.3905952,indoor swim lessons for kids,22159,
Gwinnett+Aquatics,"
2800 Quinbery Dr, Snellville, GA 30039","
gwinnettaquatics.com","
(678) 902-6856",37.7297281,-159.3905952,indoor swim lessons for kids,22159,
Waterworks+Aquatics+San+Jose,"
1120 S Bascom Ave, San Jose, CA 95128","
waterworksswim.com","
(408) 279-1700",37.7297281,-159.3905952,indoor swim lessons for kids,22159,
Swimlabs+Montgomery+County,"
353 Muddy Branch Rd, Gaithersburg, MD 20878","
swimlabs.com","
(240) 801-4518",37.7297281,-159.3905952,indoor swim lessons for kids,22159,
Weaquatics,"
Chinquapin Park Recreation Center, 3210 King St, Alexandria, VA 22302","
weaquatics.com","
(202) 656-8423",37.7297281,-159.3905952,indoor swim lessons for kids,22159,
Waterworks+Swim+School+La+Verne,"
1275 Foothill Blvd, La Verne, CA 91750","
waterworksswim.com","
(626) 836-1200",37.7297281,-159.3905952,indoor swim lessons for kids,22159,
British+Swim+School+Of+La+Fitness+Austin+ +Slaughter+Ln,"
1824 W Slaughter Ln, Austin, TX 78748","
britishswimschool.com","
(512) 763-7946",37.7297281,-159.3905952,indoor swim lessons for kids,22159,
Collins+Hill+Park+Aquatic+Center,"
2200 Collins Hill Rd, Lawrenceville, GA 30043","
gwinnettcounty.com","
(770) 237-5647",37.7297281,-159.3905952,indoor swim lessons for kids,22159,
British+Swim+School+Of+24+Hour+Fitness%2F+Austin+ +Nw,"
10616 Research Blvd, Austin, TX 78759","
britishswimschool.com","
(512) 763-7946",37.7297281,-159.3905952,indoor swim lessons for kids,22159,
British+Swim+School+At+24 Hour+Fitness+ +Hancock+Center,"
1000 E 41st St, Austin, TX 78751","
britishswimschool.com","
(512) 763-7946",37.7297281,-159.3905952,indoor swim lessons for kids,22159,
Poolskool+Usa+ +Swim+School,,"
poolskoolusa.com","
(352) 394-3040",37.7297281,-159.3905952,indoor swim lessons for kids,22159,
Aqua Tots+Swim+School+Winston Salem,"
5047 Country Club Rd, Winston-Salem, NC 27104","
aqua-tots.com","
(336) 792-2957",37.7297281,-159.3905952,indoor swim lessons for kids,22159,
Floaty+Swim+School,,"
floatyswimschool.com","
(818) 253-4791",37.7297281,-159.3905952,indoor swim lessons for kids,22159,
British+Swim+School+Of+Austin,,"
britishswimschool.com","
(512) 763-7946",37.7297281,-159.3905952,indoor swim lessons for kids,22159,
24+Hour+Fitness,"
1000 E 41st St, Austin, TX 78751","
24hourfitness.com","
(512) 458-2424",37.7297281,-159.3905952,indoor swim lessons for kids,22159,
The+Linc,"
6406 N Interstate 35 Frontage Rd, Austin, TX 78752",,"
(512) 482-5501",37.7297281,-159.3905952,indoor swim lessons for kids,22159,
Avantis+Swimming+Academy,,"
activityhero.com","
(347) 380-8777",37.7297281,-159.3905952,indoor swim lessons for kids,22159,
Aquatics+Academy,,"
aquaticsacademy.com","
(973) 406-7261",37.7297281,-159.3905952,indoor swim lessons for kids,22159,
Aqua+Warriors+Llc,,"
aquaawarriors.wixsite.com","
(646) 808-9123",37.7297281,-159.3905952,indoor swim lessons for kids,22159,
Aquaskills+Llc+Office+Address,,"
aquaskills.com","
(646) 724-7024",37.7297281,-159.3905952,indoor swim lessons for kids,22159,
Aquamobile+ +At Home+Swim+Lessons,,"
aquamobileswim.com","
(717) 287-9998",37.7297281,-159.3905952,indoor swim lessons for kids,22159,
Swimcoachnyc,,"
swimcoachnyc.com",,37.7297281,-159.3905952,indoor swim lessons for kids,22159,
British+Swim+School+At+24+Hour+Fitness+Rohnert+Park+Super+Sport,"
6345 Commerce Blvd Club # 815, Rohnert Park, CA 94928","
britishswimschool.com","
(650) 777-5544",37.7297281,-159.3905952,indoor swim lessons for kids,22159,
Brooklyn+Swim+Center,"
2057 Linden Blvd, Brooklyn, NY 11207","
brooklynswim.com",,37.7297281,-159.3905952,indoor swim lessons for kids,22159,
Swimkids+Swim+School+ +Gainesville,"
13555 Wellington Center Cir #109, Gainesville, VA 20155","
swimkids.us","
(571) 261-7946",37.7297281,-159.3905952,swimming classes for kids,22159,
Little+Dipper+Aquatic+Center,"
2525 Stanwell Dr # 250, Concord, CA 94520","
littledipperaquaticcenter.com","
(925) 798-3170",37.7297281,-159.3905952,swimming classes for kids,22159,
British+Swim+School+Of+Cloppers+Mill+Village+%E2%80%93+Germantown,"
18050 Mateny Rd, Germantown, MD 20874","
britishswimschool.com","
(833) 486-3250",37.7297281,-159.3905952,swimming classes for kids,22159,
British+Swim+School+At+City+Sports+Club+%E2%80%93+Richmond,"
4100 Klose Way, Richmond, CA 94806","
britishswimschool.com","
(925) 399-0450",37.7297281,-159.3905952,swimming classes for kids,22159,
Clarke+Memorial+Swim+Center,"
1750 Heather Dr, Walnut Creek, CA 94598","
walnut-creek.org","
(925) 943-5856",37.7297281,-159.3905952,swimming classes for kids,22159,
British+Swim+School+At+Rockville+At+College+Plaza,"
15120 Frederick Rd, Rockville, MD 20850","
britishswimschool.com","
(833) 486-3250",37.7297281,-159.3905952,swimming classes for kids,22159,
Brentwood+Family+Aquatic+Complex,"
195 Griffith Ln, Brentwood, CA 94513","
brentwoodca.gov","
(925) 516-5430",37.7297281,-159.3905952,swimming classes for kids,22159,
Irvin+Deutscher+Family+Ymca,"
350 Civic Dr, Pleasant Hill, CA 94523","
ymcaeastbay.org","
(925) 687-8900",37.7297281,-159.3905952,swimming classes for kids,22159,
Swimming+School+Miami,,"
swimmingschoolmiami.com","
(305) 710-7707",37.7297281,-159.3905952,swimming classes for kids,22159,
City+Sports+Club,"
4100 Klose Way, Richmond, CA 94806","
citysportsfitness.com","
(510) 210-8291",37.7297281,-159.3905952,swimming classes for kids,22159,
La+Fitness,"
2916 Festival Way, Waldorf, MD 20601","
lafitness.com","
(240) 530-8102",37.7297281,-159.3905952,swimming classes for kids,22159,
Letswim,"
42065 Berkley Hl Ter, Aldie, VA 20105","
letswim.com","
(703) 717-3411",37.7297281,-159.3905952,youth swimming programs,22159,
All+Sports+For+All+People+Of+Camp+Olympia,"
237 7th Ave, Brooklyn, NY 11215","
allsportsforallpeople.net","
(718) 748-7084",37.7297281,-159.3905952,youth swimming programs,22159,
Ny+Sports+4+Kids+William+T.+Harris+School,"
320 W 21st St, New York, NY 10011","
nysports4kids.com","
(646) 340-7313",37.7297281,-159.3905952,youth swimming programs,22159,
Buckeye+Swim+Team,"
888 E Dublin Granville Rd, Columbus, OH 43229","
buckeyeswimming.com","
(740) 324-7946",37.7297281,-159.3905952,youth swimming programs,22159,
Parkway+Swimming+Club,"
7480 Center Pkwy, Sacramento, CA 95823",,"
(916) 422-1486",37.7297281,-159.3905952,youth swimming programs,22159,
Buckeye+Swim+School,"
168 E Olentangy St, Powell, OH 43065","
buckeyeswimming.com","
(740) 324-7946",37.7297281,-159.3905952,youth swimming programs,22159,
United+Swim+School,"
22131 Rothwood Rd suite 201, Spring, TX 77389","
unitedswim.net","
(832) 422-2720",37.7297281,-159.3905952,youth swimming programs,22159,
Swemschool,"
114 E Ponce de Leon Ave, Decatur, GA 30030","
swemschool.com","
(678) 247-4599",37.7297281,-159.3905952,youth swimming programs,22159,
Swim+Atlanta+Sugarloaf,"
4850 Sugarloaf Pkwy #702, Lawrenceville, GA 30044","
swimatlanta.com","
(678) 442-7946",37.7297281,-159.3905952,youth swimming programs,22159,
San+Francisco+Seals+Swim+Team,"
1900 Geary Blvd, San Francisco, CA 94115","
sfsealsswimteam.com","
(415) 212-8821",37.7297281,-159.3905952,youth swimming programs,22159,
Capital+Splash+Swim+Academy,"
1921 8th St NW, Washington, DC 20001","
capitalsplash.org","
(202) 455-5633",37.7297281,-159.3905952,youth swimming programs,22159,
Step+Into+Swim,"
4775 Granby Cir, Colorado Springs, CO 80919","
stepintoswim.org","
(703) 838-0083",37.7297281,-159.3905952,youth swimming programs,22159,
Dc+Ranch+Village+Health+Club+%26+Spa,"
18501 N Thompson Peak Pkwy, Scottsdale, AZ 85255","
villageclubs.com","
(480) 502-8844",37.7297281,-159.3905952,youth swimming programs,22159,
Camelback+Village+Racquet+%26+Health+Club,"
4444 E Camelback Rd, Phoenix, AZ 85018","
villageclubs.com","
(602) 840-6412",37.7297281,-159.3905952,youth swimming programs,22159,
Boys+%26+Girls+Clubs+Of+San+Francisco+ +Don+Fisher+Clubhouse,"
380 Fulton St, San Francisco, CA 94102","
kidsclub.org","
(415) 221-6100",37.7297281,-159.3905952,youth swimming programs,22159,
Apple+Swim,,,"
(929) 777-1227",37.7297281,-159.3905952,youth swimming programs,22159,
Gainey+Village+Health+Club+%26+Spa,"
7477 E Doubletree Ranch Rd, Scottsdale, AZ 85258","
villageclubs.com","
(480) 609-6979",37.7297281,-159.3905952,youth swimming programs,22159,
Nj+Sea+Dragons+Swim+Club,,"
njseadragons.com","
(862) 391-0463",37.7297281,-159.3905952,youth swimming programs,22159,
Lakeshore+Foundation,"
4000 Ridgeway Dr, Birmingham, AL 35209","
lakeshore.org","
(205) 313-7400",37.7297281,-159.3905952,youth swimming programs,22159,
Camp+Mendocino,"
PO BOX 1790, Fort Bragg, CA 95437","
campmendocino.org","
(415) 757-6690",37.7297281,-159.3905952,youth swimming programs,22159,
Cc+Swim+Academy,,"
ccswimacademy.my.canva.site","
(310) 614-0573",37.7297281,-159.3905952,youth swimming programs,22159,
Myactivechild.Com,,"
hamptonroads.myactivechild.com",,37.7297281,-159.3905952,youth swimming programs,22159,
"Youth+Aquatics,+Inc.",,"
youthaquatics.com","
(617) 860-2203",37.7297281,-159.3905952,youth swimming programs,22159,
"Youth+Aquatics,+Inc","
400 Soldiers Fld Rd, Boston, MA 02134","
youthaquatics.com","
(617) 860-2203",37.7297281,-159.3905952,youth swimming programs,22159,
Swimful+Kids+School,,,"
(305) 244-7252",37.7297281,-159.3905952,water safety classes for kids,22159,
Aquasafe+Swim+School,"
4550 La Jolla Village Dr, San Diego, CA 92121","
aquasafeswimming.com","
(619) 531-8888",37.7297281,-159.3905952,water safety classes for kids,22159,
Aquatic+Safety+Inc,"
7261 Piute Creek Dr, Corona, CA 92881","
aquaticsafetyinc.org",,37.7297281,-159.3905952,water safety classes for kids,22159,
Safesplash+Swim+School+ +Ellicott+City,"
8450 Baltimore National Pike Suite 145, Ellicott City, MD 21043","
safesplash.com","
(410) 618-3932",37.7297281,-159.3905952,water safety classes for kids,22159,
Hillsboro,"
7410 NE Imbrie Dr, Hillsboro, OR 97124","
safesplash.com","
(971) 512-0314",37.7297281,-159.3905952,water safety classes for kids,22159,
Safesplash+Swim+School+ +Natomas,"
4710 Natomas Blvd #100, Sacramento, CA 95835","
safesplash.com","
(916) 287-1259",37.7297281,-159.3905952,water safety classes for kids,22159,
Safesplash+Swim+School+ +Sacramento+Land+Park,"
3580 Crocker Dr, Sacramento, CA 95818","
safesplash.com","
(916) 250-1596",37.7297281,-159.3905952,water safety classes for kids,22159,
Safesplash+Swim+School+%2B+Swimlabs+ +Sawmill+South,"
2990 Hayden Rd, Columbus, OH 43235","
safesplash.com","
(614) 333-1300",37.7297281,-159.3905952,water safety classes for kids,22159,
Aquatic+Safety+Institute,"
504 Walnut Creek Dr, Goldsboro, NC 27534","
aquaticsafetyinstitute.com","
(251) 709-4549",37.7297281,-159.3905952,water safety classes for kids,22159,
Safesplash+Swim+School+ +Elk+Grove,"
2260 Longport Ct, Elk Grove, CA 95758","
safesplash.com","
(916) 550-3200",37.7297281,-159.3905952,water safety classes for kids,22159,
Safesplash+Swim+School+ +Atlanta+%28Vinings%29,"
2859 Paces Ferry Rd SE STE 100, Atlanta, GA 30339","
theswimrevolution.com","
(404) 354-1180",37.7297281,-159.3905952,water safety classes for kids,22159,
Safesplash+%2B+Swimlabs+Swim+School+ +Knoxville+%28Cedar+Bluff%29,"
120 N Peters Rd, Knoxville, TN 37923","
safesplash.com","
(865) 263-1800",37.7297281,-159.3905952,water safety classes for kids,22159,
North+Natomas+Aquatic+Complex,"
2601 New Market Dr, Sacramento, CA 95835","
cityofsacramento.gov","
(916) 808-2306",37.7297281,-159.3905952,water safety classes for kids,22159,
Aqua Tots+Swim+School+North+Mcallen,"
5800 N 10th St, McAllen, TX 78504","
aqua-tots.com","
(956) 687-7946",37.7297281,-159.3905952,water safety classes for kids,22159,
First+Stroke+Aquatics,,"
firststrokeaquatics.com","
(877) 843-6562",37.7297281,-159.3905952,water safety classes for kids,22159,
Aqua Tots+Swim+School+South+Mcallen,"
4901 W Expy 83, McAllen, TX 78503","
aqua-tots.com","
(956) 687-7946",37.7297281,-159.3905952,water safety classes for kids,22159,
Swim+Safe+Now,,"
swimsafenow.com",,37.7297281,-159.3905952,water safety classes for kids,22159,
Swim+Express,,"
swimexpressfl.com","
(954) 247-1219",37.7297281,-159.3905952,water safety classes for kids,22159,
Aquasafe+Swim+School,,"
aquasafeswimmingschool.com","
(954) 673-2339",37.7297281,-159.3905952,water safety classes for kids,22159,
Swim+Safely+With+Sydney,,"
swimsafelywithsydney.com","
(754) 900-9345",37.7297281,-159.3905952,water safety classes for kids,22159,
Starfish+Infant+Aquatics+Survival+Swim+Lessons,,"
starfishinfantaquatics.com","
(850) 591-1737",37.7297281,-159.3905952,water safety classes for kids,22159,
Sea+Star+Isr+ +Infant+Swimming+Resource+Instructor,,"
seastarisr.com",,37.7297281,-159.3905952,water safety classes for kids,22159,
Sunsational+Swim+School,"
3052 Clairemont Dr, San Diego, CA 92109","
sunsationalswimschool.com","
(858) 256-7870",37.7297281,-159.3905952,private swim lessons for kids,22159,
Sunsational+Swim+School+ +Private+Swim+Lessons+At+Home+ +Lifeguard+Service,,"
sunsationalswimschool.com","
(888) 788-2140",37.7297281,-159.3905952,private swim lessons for kids,22159,
Aqua+Elite+Coaching,,"
aquaelitecoaching.com","
(303) 847-9871",37.7297281,-159.3905952,private swim lessons for kids,22159,
Steve+Wallen+Swim+School,"
10608 Industrial Ave #150, Roseville, CA 95678","
wallenswim.com","
(916) 794-7977",37.7297281,-159.3905952,private swim lessons for kids,22159,
Steve+Wallen+Swim+School,"
1230 Glenhaven Ct #100, El Dorado Hills, CA 95762","
wallenswim.com","
(916) 939-7075",37.7297281,-159.3905952,private swim lessons for kids,22159,
Woody%27S+Private+Swim+Instruction,,"
woodysprivateswim.com","
(510) 328-3772",37.7297281,-159.3905952,private swim lessons for kids,22159,
Swim4Life+Open+Water+Ready,,"
swim4lifecolorado.com",,37.7297281,-159.3905952,private swim lessons for kids,22159,
West+Gwinnett+Park+%26+Aquatic+Center,"
4488 Peachtree Industrial Blvd, Norcross, GA 30071","
gwinnettcounty.com","
(678) 407-8801",37.7297281,-159.3905952,aquatic center for kids,22159,
"Water+World+Swim,+Llc",,"
waterworldswim.com","
(415) 617-5209",37.7297281,-159.3905952,aquatic center for kids,22159,
Elk+Grove+Aquatics+Center,"
9701 Big Horn Blvd, Elk Grove, CA 95757","
yourcsd.com","
(916) 405-5600",37.7297281,-159.3905952,aquatic center for kids,22159,
Mcmurtrey+Aquatic+Center,"
1325 Q St Suite 200, Bakersfield, CA 93301","
bakersfieldcity.us","
(661) 852-7430",37.7297281,-159.3905952,aquatic center for kids,22159,
Barbara+Morse+Wackford+Community+%26+Aquatic+Complex,"
9014 Bruceville Rd, Elk Grove, CA 95758","
yourcsd.com","
(916) 405-5600",37.7297281,-159.3905952,aquatic center for kids,22159,
British+Swim+School+Of+San+Francisco+Bay+Area,,"
britishswimschool.com","
(650) 777-5544",37.7297281,-159.3905952,swim academy for kids,22159,
Swimscool+Llc,,"
helloswimscool.com","
(310) 384-1898",37.7297281,-159.3905952,swim academy for kids,22159,
The+Swim+Academy+Of+So+Cal,,"
theswimacademyca.com","
(805) 558-1459",37.7297281,-159.3905952,swim academy for kids,22159,
Survival+Swim+With+Kim,,"
survivalswimwithkim.com","
(805) 620-7177",37.7297281,-159.3905952,swim academy for kids,22159,
24+Hour+Fitness,"
1850 Ocean Ave, San Francisco, CA 94112","
24hourfitness.com","
(415) 334-1400",37.7297281,-159.3905952,swim academy for kids,22159,
Private+Swim+Lessons Starfish+Swim+Academy,,"
starfishswimacademy.net","
(562) 900-4645",37.7297281,-159.3905952,swim academy for kids,22159,
Swim+With+Shai,,,"
(954) 336-6076",37.7297281,-159.3905952,swim academy for kids,22159,
Swimright+Anywhere,,"
swimrightacademy.com","
(323) 433-1810",37.7297281,-159.3905952,swim academy for kids,22159,
Swim+Lessons+Co. +Orange,,,"
(714) 860-8940",37.7297281,-159.3905952,swim academy for kids,22159,
Swimwithswimdy,,"
swimwithswimdy.com","
(858) 699-6653",37.7297281,-159.3905952,learn to swim for kids,22159,
Sun+Fun+Swimmers,,"
sunfunswimmers.com","
(310) 971-7115",37.7297281,-159.3905952,learn to swim for kids,22159,
Get+In+%26+Swim,,"
getinandswim.com",,37.7297281,-159.3905952,learn to swim for kids,22159,
Swim+With+Sam,,"
getinandswim.com",,37.7297281,-159.3905952,learn to swim for kids,22159,
All+Star+Swim+School,"
5800 Camino Tassajara, Pleasanton, CA 94588","
allstarswimschool.com","
(925) 967-0900",37.7297281,-159.3905952,learn to swim for kids,22159,
Richmond+Swim+Center,"
5800 Camino Tassajara, Pleasanton, CA 94588","
allstarswimschool.com","
(925) 967-0900",37.7297281,-159.3905952,learn to swim for kids,22159,
Richmond+Plunge,"
5800 Camino Tassajara, Pleasanton, CA 94588","
allstarswimschool.com","
(925) 967-0900",37.7297281,-159.3905952,learn to swim for kids,22159,
Swimming+With,"
5800 Camino Tassajara, Pleasanton, CA 94588","
allstarswimschool.com","
(925) 967-0900",37.7297281,-159.3905952,learn to swim for kids,22159,
Swimvice,,"
swimmingwith.org","
(425) 765-3087",37.7297281,-159.3905952,learn to swim for kids,22159,
Arizona+Infant+Swim,,"
swimmingwith.org","
(425) 765-3087",37.7297281,-159.3905952,learn to swim for kids,22159,
Swim+Lessons,,"
tortugaswimlessons.com","
(435) 720-0652",37.7297281,-159.3905952,learn to swim for kids,22159,
Aquasplash+Swim+Academy,,"
aquasplashaz.org","
(480) 978-5159",37.7297281,-159.3905952,learn to swim for kids,22159,
Swim+Safe+Utah,,"
swimsafeutah.com","
(502) 257-3941",37.7297281,-159.3905952,learn to swim for kids,22159,
British+Swim+School+Of+The+Valley,,"
britishswimschool.com","
(480) 536-8359",37.7297281,-159.3905952,learn to swim for kids,22159,
Odyssey+Open+Water+Swimming,,"
odysseyopenwater.com",,37.7297281,-159.3905952,youth swim team,22159,
Wolverine+Aquatics+Club,,"
odysseyopenwater.com",,37.7297281,-159.3905952,youth swim team,22159,
Life+Time+Northern+California+Swim+Team,"
1435 E Roseville Pkwy, Roseville, CA 95661","
teamunify.com","
(916) 472-2023",37.7297281,-159.3905952,youth swim team,22159,
"Wind+N+Sea+Swim+Team,+Inc","
1435 E Roseville Pkwy, Roseville, CA 95661","
teamunify.com","
(916) 472-2023",37.7297281,-159.3905952,youth swim team,22159,
Sierra+Marlin+Swim+Team,"
1200 Riley St, Folsom, CA 95630",,,37.7297281,-159.3905952,youth swim team,22159,
California+Capital+Aquatics,"
1200 Riley St, Folsom, CA 95630",,,37.7297281,-159.3905952,youth swim team,22159,
Coggan+Family+Aquatic+Complex,"
800 Nautilus St, La Jolla, CA 92037","
cogganaquatics.org","
(858) 456-0945",37.7297281,-159.3905952,youth swim team,22159,
Bend+Swim+Club+Inc,"
800 Nautilus St, La Jolla, CA 92037","
cogganaquatics.org","
(858) 456-0945",37.7297281,-159.3905952,youth swim team,22159,
La+Petite+Baleen+Swim+Schools,"
933 Old Mason St, San Francisco, CA 94129","
swimlpb.com","
(415) 653-0491",37.7297281,-159.3905952,youth swim team,22159,
Sava+Pool,"
933 Old Mason St, San Francisco, CA 94129","
swimlpb.com","
(415) 653-0491",37.7297281,-159.3905952,youth swim team,22159,
Garfield+Pool,"
933 Old Mason St, San Francisco, CA 94129","
swimlpb.com","
(415) 653-0491",37.7297281,-159.3905952,youth swim team,22159,
Aim+Swim+Academy,,"
aimswimacademy.com",,37.7297281,-159.3905952,youth swim team,22159,
Coach+Eugene%27S+Swim+Lessons,,"
swimwitheugene.com","
(216) 534-5121",37.7297281,-159.3905952,youth swim team,22159,
East+Valley+Swim+Team,,"
eastvalleyswimteam.com","
(928) 719-0055",37.7297281,-159.3905952,youth swim team,22159,
Jump+In+Swim+Academy+ +Bellevue,"
601 143rd Ave NE, Bellevue, WA 98007","
jumpinswimacademy.com","
(425) 539-7100",47.615903,-159.0637136,kids swimming lessons,22160,
Bellevue+Aquatic+Center,"
601 143rd Ave NE, Bellevue, WA 98007","
parks.bellevuewa.gov","
(425) 452-4444",47.615903,-159.0637136,kids swimming lessons,22160,
Redmond+Pool,"
17535 NE 104th St, Redmond, WA 98052","
redmond.gov","
(425) 883-4422",47.615903,-159.0637136,kids swimming lessons,22160,
Goldfish+Swim+School+ +Algonquin,"
718 S Randall Rd, Algonquin, IL 60102","
goldfishswimschool.com","
(224) 385-0470",42.1653371,-125.2531746,kids swimming lessons,22160,
"Goldfish+Swim+School+Franchising,+Llc","
718 S Randall Rd, Algonquin, IL 60102","
goldfishswimschool.com","
(224) 385-0470",42.1653371,-125.2531746,kids swimming lessons,22160,
Foss+Swim+School+ +South+Barrington,"
100 W Higgins Rd J-10, South Barrington, IL 60010","
fossswimschool.com","
(847) 844-1818",42.1653371,-125.2531746,kids swimming lessons,22160,
Community+Education,"
6100 195th St W, Farmington, MN 55024","
farmington.k12.mn.us","
(651) 460-3200",42.1653371,-125.2531746,kids swimming lessons,22160,
Ashley+Reiser+Aquatics,"
39850 N Long Dr, Antioch, IL 60002","
weebly.com","
(224) 733-6044",42.1653371,-125.2531746,kids swimming lessons,22160,
Sunshine+Swim+%26+Fitness+Center,"
9360 Elk Grove Florin Rd #4, Elk Grove, CA 95624","
sunshineswimcenter.com","
(916) 685-7462",38.4166619,-158.2867526,indoor swim lessons for kids,22160,
Goldfish+Swim+School+ +West+Omaha,"
2502 S 133rd Plaza #102, Omaha, NE 68144","
goldfishswimschool.com","
(402) 313-8764",41.235379,-133.0367769,indoor swim lessons for kids,22160,
Waterworks+Swim+School+Antioch,"
5001 Lone Tree Wy, Antioch, CA 94531","
waterworksswim.com","
(408) 279-1700",37.9627913,-158.672079,indoor swim lessons for kids,22160,
Waterworks+Swim+School+Riverside,"
3437 Arlington Ave, Riverside, CA 92506","
waterworksswim.com","
(949) 450-0777",37.9627913,-158.672079,indoor swim lessons for kids,22160,
Elk+Grove+Kids+Camp,"
9360 Elk Grove Florin Rd # 3, Elk Grove, CA 95624","
elkgrovekidscamp.com","
(916) 513-7015",37.9627913,-158.672079,indoor swim lessons for kids,22160,
British+Swim+School+Of+Downtown+Chicago,,"
britishswimschool.com","
(708) 613-5179",41.973145,-124.6526325,indoor swim lessons for kids,22160,
City+Sports+Club,"
5001 Lone Tree Wy, Antioch, CA 94531","
citysportsfitness.com","
(925) 732-9488",37.9627987,-158.6720854,indoor swim lessons for kids,22160,
Indy+Aquatic+Masters,,"
indyaquaticmasters.com","
(317) 537-7946",39.7797845,-123.0468125,indoor swim lessons for kids,22160,
Aqua Tots+Swim+School+North+Indianapolis,,"
indyaquaticmasters.com","
(317) 537-7946",39.7797845,-123.0468125,indoor swim lessons for kids,22160,
Swimsters+ +Donna+Carver,,"
swimsters.com","
(615) 707-7946",39.7797845,-123.0468125,indoor swim lessons for kids,22160,
"Goldfish+Swim+School+ +Nicholasville+Rd.,+Lexington","
2520 Nicholasville Rd Suite 30, Lexington, KY 40503","
goldfishswimschool.com","
(859) 295-6013",39.7797845,-123.0468125,indoor swim lessons for kids,22160,
Goldfish+Swim+School+ +Anderson,"
8253 Beechmont Ave, Cincinnati, OH 45255","
goldfishswimschool.com","
(513) 813-5534",39.7797845,-123.0468125,indoor swim lessons for kids,22160,
Slv+Swim+Center,"
9050 CA-9, Ben Lomond, CA 95005","
slvswimcenter.com","
(831) 278-0139",37.0853286,-159.0031325,swimming classes for kids,22160,
Castro+Valley+Swim+Center,"
Castro Valley, CA 94546","
haywardrec.org",,37.0853286,-159.0031325,swimming classes for kids,22160,
Cougar+Swim+School,"
7105 Hwy 9, Felton, CA 95018","
cougarswimschool.com","
(831) 239-4228",37.0853286,-159.0031325,swimming classes for kids,22160,
Swimright+Academy,"
5870 W Olympic Blvd, Los Angeles, CA 90036","
swimrightacademy.com","
(323) 525-0323",37.0853286,-159.0031325,swimming classes for kids,22160,
Aqua Tots+Swim+School+Otay+Ranch,"
2015 Birch Rd, Chula Vista, CA 91915","
aqua-tots.com","
(619) 332-0200",37.0853286,-159.0031325,swimming classes for kids,22160,
Ooltewah+Swim+Center,"
6849 Mountain View Rd, Ooltewah, TN 37363",,"
(423) 617-1541",35.1093457,-121.966103,swimming classes for kids,22160,
Aqua Tots+Swim+School+Chandler,"
6849 Mountain View Rd, Ooltewah, TN 37363",,"
(423) 617-1541",35.1093457,-121.966103,swimming classes for kids,22160,
Kathryn%27S+Swim+School+Llc,,"
kathrynsswimschool.com","
(513) 833-6047",35.1093457,-121.966103,swimming classes for kids,22160,
Monty%27S+Steakhouse,"
5371 CA-27, Woodland Hills, CA 91364","
montysprimesteakhouse.com","
(818) 716-9736",35.1093457,-121.966103,swimming classes for kids,22160,
The+Villas+At+Woodland+Hills,"
5371 CA-27, Woodland Hills, CA 91364","
montysprimesteakhouse.com","
(818) 716-9736",35.1093457,-121.966103,swimming classes for kids,22160,
British+Swim+School+Of+Macomb Utica,,"
britishswimschool.com","
(947) 218-3200",35.1093457,-121.966103,swimming classes for kids,22160,
Swimmers+Elite,,"
swimmerselite.com","
(678) 343-7086",35.1093457,-121.966103,swimming classes for kids,22160,
Swim+Pro+Of+Miami+Llc,,"
swimproofmiami.com","
(786) 925-6600",35.1093457,-121.966103,swimming classes for kids,22160,
British+Swim+School+Of+North+Columbus,,"
britishswimschool.com","
(614) 545-6350",35.1093457,-121.966103,swimming classes for kids,22160,
Goldfish+Swim+School+ +Greenwood,"
1675 W Smith Valley Rd, Greenwood, IN 46142","
goldfishswimschool.com","
(317) 458-2947",35.1093457,-121.966103,youth swimming programs,22160,
Dynamo+Swim+Center,"
1675 W Smith Valley Rd, Greenwood, IN 46142","
goldfishswimschool.com","
(317) 458-2947",35.1093457,-121.966103,youth swimming programs,22160,
Swim+Academy+At+Little+Rock+Athletic+Club,"
4610 Sam Peck Rd b, Little Rock, AR 72223","
lrac.com","
(501) 225-3600",35.1093457,-121.966103,youth swimming programs,22160,
Buckhead+Aquatics,"
Unnamed Road, Atlanta, GA 30327","
buckheadaquatics.com",,35.1093457,-121.966103,youth swimming programs,22160,
Mary+T+Meagher+Aquatic+Center,"
Unnamed Road, Atlanta, GA 30327","
buckheadaquatics.com",,35.1093457,-121.966103,youth swimming programs,22160,
Dynamo+Swim+School,"
Unnamed Road, Atlanta, GA 30327","
buckheadaquatics.com",,35.1093457,-121.966103,youth swimming programs,22160,
Lakeside+Seahawks+Swim+Team,"
Unnamed Road, Atlanta, GA 30327","
buckheadaquatics.com",,35.1093457,-121.966103,youth swimming programs,22160,
Little+Rock+Athletic+Club,"
Unnamed Road, Atlanta, GA 30327","
buckheadaquatics.com",,35.1093457,-121.966103,youth swimming programs,22160,
Oakhurst+Pool,"
Unnamed Road, Atlanta, GA 30327","
buckheadaquatics.com",,35.1093457,-121.966103,youth swimming programs,22160,
Flagstaff+Athletic+Club+East,"
Unnamed Road, Atlanta, GA 30327","
buckheadaquatics.com",,35.1093457,-121.966103,youth swimming programs,22160,
Dynamo+Swim+School,"
Unnamed Road, Atlanta, GA 30327","
buckheadaquatics.com",,35.1093457,-121.966103,youth swimming programs,22160,
Flagstaff+Athletic+Club,"
Unnamed Road, Atlanta, GA 30327","
buckheadaquatics.com",,35.1093457,-121.966103,youth swimming programs,22160,
Citywide+Aquatics,"
Unnamed Road, Atlanta, GA 30327","
buckheadaquatics.com",,35.1093457,-121.966103,youth swimming programs,22160,
Echo+Park+Pool,"
Unnamed Road, Atlanta, GA 30327","
buckheadaquatics.com",,35.1093457,-121.966103,youth swimming programs,22160,
Club+Greenwood,"
Unnamed Road, Atlanta, GA 30327","
buckheadaquatics.com",,35.1093457,-121.966103,youth swimming programs,22160,
Bell+Road+Ymca,"
1419 Colton St, Los Angeles, CA 90026","
laparks.org","
(213) 481-2640",35.1093457,-121.966103,youth swimming programs,22160,
South+Park+Country+Club,"
1419 Colton St, Los Angeles, CA 90026","
laparks.org","
(213) 481-2640",35.1093457,-121.966103,youth swimming programs,22160,
Ualr+Swimming+Pool+Entrance,"
1419 Colton St, Los Angeles, CA 90026","
laparks.org","
(213) 481-2640",35.1093457,-121.966103,youth swimming programs,22160,
Sunsational+Swim+School+ +Private+Swim+Lessons,,"
sunsationalswimschool.com","
(213) 286-5483",35.1093457,-121.966103,water safety classes for kids,22160,
Water+Otter+Swim+School,,"
waterotters.com","
(818) 693-3113",35.1093457,-121.966103,water safety classes for kids,22160,
Matt+Griffin+Ymca,"
3595 S 188th St, SeaTac, WA 98188","
seattleymca.org","
(206) 244-5880",35.1093457,-121.966103,water safety classes for kids,22160,
Waterworks+Swim+School+Diamond+Bar,"
3595 S 188th St, SeaTac, WA 98188","
seattleymca.org","
(206) 244-5880",35.1093457,-121.966103,water safety classes for kids,22160,
Phoenix+Swim+Academy,"
19901 Yorba Linda Blvd A1, Yorba Linda, CA 92886","
yorbalindaswimlessons.com","
(714) 621-5454",35.1093457,-121.966103,water safety classes for kids,22160,
Waterworks+Swim+School+Yorba+Linda,"
19901 Yorba Linda Blvd A1, Yorba Linda, CA 92886","
yorbalindaswimlessons.com","
(714) 621-5454",35.1093457,-121.966103,water safety classes for kids,22160,
Safesplash+Swim+School+ +Yorba+Linda,"
19901 Yorba Linda Blvd A1, Yorba Linda, CA 92886","
yorbalindaswimlessons.com","
(714) 621-5454",35.1093457,-121.966103,water safety classes for kids,22160,
Swimsessions.Com+ +Kids+At Home+Private+Swim+Lessons+With+Coach+Mya,"
19901 Yorba Linda Blvd A1, Yorba Linda, CA 92886","
yorbalindaswimlessons.com","
(714) 621-5454",35.1093457,-121.966103,water safety classes for kids,22160,
Shark+Swim+Lessons,"
19901 Yorba Linda Blvd A1, Yorba Linda, CA 92886","
yorbalindaswimlessons.com","
(714) 621-5454",35.1093457,-121.966103,water safety classes for kids,22160,
Aqua+Docs+Swim,,"
aquatdocs.com","
(818) 903-1262",35.1093457,-121.966103,water safety classes for kids,22160,
Class+Aquatics,,"
aquatdocs.com","
(818) 903-1262",35.1093457,-121.966103,water safety classes for kids,22160,
Bridgewater+Swim+Academy,"
161 Country Estates Cir #3, Reno, NV 89511","
bridgewaterswimacademy.com","
(775) 440-3705",35.1093457,-121.966103,private swim lessons for kids,22160,
Waterfit+Aquatics,,"
murrietaswim.com","
(951) 239-2393",35.1093457,-121.966103,aquatic center for kids,22160,
Your+Life+Aquatic,,"
murrietaswim.com","
(951) 239-2393",35.1093457,-121.966103,aquatic center for kids,22160,
Kino+Aquatic+Center,"
848 N Horne, Mesa, AZ 85203","
mesaaz.gov","
(480) 644-2376",35.1093457,-121.966103,aquatic center for kids,22160,
Elk+Grove+Aquatics+Club,"
848 N Horne, Mesa, AZ 85203","
mesaaz.gov","
(480) 644-2376",35.1093457,-121.966103,aquatic center for kids,22160,
Jerry+Fox+Swim+Center,"
9950 Elk Grove Florin Rd, Elk Grove, CA 95624","
yourcsd.com","
(916) 405-5600",35.1093457,-121.966103,aquatic center for kids,22160,
Beverly+Hills+Aquatics,"
241 S Moreno Dr, Beverly Hills, CA 90212","
beverlyhills.org","
(310) 285-6820",35.1093457,-121.966103,aquatic center for kids,22160,
Garden+Grove+Aquatics,,"
ggaquatics.org","
(657) 204-6864",35.1093457,-121.966103,aquatic center for kids,22160,
British+Swim+School+Of+Seattle,,"
britishswimschool.com","
(425) 318-7390",35.1093457,-121.966103,swim academy for kids,22160,
Swimright+Academy,,"
britishswimschool.com","
(425) 318-7390",35.1093457,-121.966103,swim academy for kids,22160,
Sunsational+Swim+School+ +At Home+Swim+Lessons,,"
sunsationalswimschool.com","
(858) 356-4635",35.1093457,-121.966103,learn to swim for kids,22160,
Swimobile+Swim+School:+Bay+Area,,"
sunsationalswimschool.com","
(858) 356-4635",35.1093457,-121.966103,learn to swim for kids,22160,
Bay+Swim,,,"
(415) 320-6740",35.1093457,-121.966103,learn to swim for kids,22160,
Big+Arms+Swimmers+ +Sunnyvale,,,"
(408) 418-7112",35.1093457,-121.966103,learn to swim for kids,22160,
Simple+Swim+With+Hugh,,"
simpleswimwithhugh.com","
(510) 603-6120",35.1093457,-121.966103,learn to swim for kids,22160,
Sunsational+Swim+School+ +At Home+Swim+Lessons,,"
sunsationalswimschool.com","
(916) 333-7210",35.1093457,-121.966103,learn to swim for kids,22160,
Bay+Area+Swim+Coach,,"
bayareaswimcoach.com","
(415) 335-6922",35.1093457,-121.966103,learn to swim for kids,22160,
Montana+Swim+Academy+At+Holiday+Inn+Express+%26+Suites+Great+Falls,,"
bayareaswimcoach.com","
(415) 335-6922",35.1093457,-121.966103,learn to swim for kids,22160,
Aquamari+Swimming,,"
msha.ke","
(925) 348-6637",35.1093457,-121.966103,learn to swim for kids,22160,
Oaklantis,,"
msha.ke","
(925) 348-6637",35.1093457,-121.966103,learn to swim for kids,22160,
California+Swim+Expert,,,"
(408) 332-3623",35.1093457,-121.966103,learn to swim for kids,22160,
Evergreen+Aquatic+Center,"
606 SW 116th St, Seattle, WA 98146","
evergreenpools.org","
(206) 588-2297",35.1093457,-121.966103,youth swim team,22160,
Fremont+Swim+Team,"
606 SW 116th St, Seattle, WA 98146","
evergreenpools.org","
(206) 588-2297",35.1093457,-121.966103,youth swim team,22160,
Orca+Swim+Team,"
1122 E Pike St, Seattle, WA 98122","
orcaswimteam.org","
(206) 691-8943",35.1093457,-121.966103,youth swim team,22160,
Pacific+North+West+Swimming,"
420 E Main St, Auburn, WA 98002","
pns.org","
(253) 852-0680",35.1093457,-121.966103,youth swim team,22160,
Brentwood+Seawolves,,"
brentwoodseawolves.com",,35.1093457,-121.966103,youth swim team,22160,
Premier+Swim+Academy,"
7827 Haven Ave, Rancho Cucamonga, CA 91730","
premierswimacademy.com","
(909) 509-5700",34.1116868,-154.4894987,kids swimming lessons,22161,
Evolution+Swim+Academy+Mission+Viejo,"
23854 Via Fabricante Unit G4, Mission Viejo, CA 92691","
evolutionswim.com","
(949) 388-4545",34.1116868,-154.4894987,kids swimming lessons,22161,
Evolution+Swim+Academy+Rancho+Mission+Viejo,"
28206 Airoso St, Mission Viejo, CA 92694","
evolutionswim.com","
(949) 388-4545",34.1116868,-154.4894987,kids swimming lessons,22161,
Aqua+Wave+Swim+School,"
27025 Burbank, Lake Forest, CA 92610","
aquawaveswim.com","
(949) 455-2535",34.1116868,-154.4894987,kids swimming lessons,22161,
Blue+Buoy+Family+Swim+School,"
1702 Nisson Rd, Tustin, CA 92780","
bluebuoy.com","
(714) 832-8910",34.1116868,-154.4894987,kids swimming lessons,22161,
Goldfish+Swim+School+ +Ladera+Ranch,"
27592 Antonio Pkwy Building F, Ladera Ranch, CA 92694","
goldfishswimschool.com","
(949) 919-5422",34.1116868,-154.4894987,kids swimming lessons,22161,
Premier+Aquatic+Services,"
6 Journey #200, Aliso Viejo, CA 92656","
swimoc.com","
(949) 716-3333",34.1116868,-154.4894987,kids swimming lessons,22161,
Evolution+Swim+Academy+Ladera+Ranch,"
28192 O'Neill Dr, Ladera Ranch, CA 92694","
evolutionswim.com","
(949) 388-4545",34.1116868,-154.4894987,kids swimming lessons,22161,
Swimlabs+Swim+School+ +Orange+County,"
20918 Bake Pkwy #100, Lake Forest, CA 92630","
swimlabs.com","
(949) 716-6370",34.1116868,-154.4894987,kids swimming lessons,22161,
Sea+Otter+Swim+Lessons,"
6151 Brace Rd, Loomis, CA 95650","
seaotterswim.com","
(916) 660-9492",34.1116868,-154.4894987,kids swimming lessons,22161,
Goldfish+Swim+School+ +Aliso+Viejo,"
24381 El Toro Rd, Laguna Woods, CA 92637","
goldfishswimschool.com","
(949) 575-8083",34.1116868,-154.4894987,kids swimming lessons,22161,
Safesplash+Swim+School Buena+Park,"
8430 On the Mall, Buena Park, CA 90620","
safesplash.com","
(714) 509-0652",34.1116868,-154.4894987,kids swimming lessons,22161,
Mission+Viejo+Nadadores+Swim+School,"
27474 Casta Del Sol, Mission Viejo, CA 92692","
mvnswimschool.org","
(949) 380-2550",34.1116868,-154.4894987,kids swimming lessons,22161,
Mission+Viejo+Nadadores,"
27474 Casta Del Sol, Mission Viejo, CA 92692","
missionviejonadadores.org","
(949) 380-2552",34.1116868,-154.4894987,kids swimming lessons,22161,
Mission+Viejo+Family+Ymca,"
27341 Trabuco Cir, Mission Viejo, CA 92692","
ymcaoc.org","
(949) 859-9622",34.1116868,-154.4894987,kids swimming lessons,22161,
Clubsport+Aliso+Viejo+Health+And+Fitness+Gym,"
50 Enterprise, Aliso Viejo, CA 92656","
clubsports.com","
(949) 643-6700",34.1116868,-154.4894987,kids swimming lessons,22161,
Swim+With+Mike+Arentz,,"
swimwithmikearentz.com","
(714) 624-6453",34.1116868,-154.4894987,kids swimming lessons,22161,
Fox%27S+Surf+N+Swim,,,"
(949) 290-1761",34.1116868,-154.4894987,kids swimming lessons,22161,
Premier+Swim+Academy+%28At+The+Aliso+Viejo+Aquatic+Center%29,"
29 Santa Barbara Dr, Aliso Viejo, CA 92656","
premierswimacademy.com","
(949) 716-3333",34.1116868,-154.4894987,kids swimming lessons,22161,
Aqua Tots+Swim+School+Anaheim,"
3150 W Lincoln Ave, Anaheim, CA 92801","
aqua-tots.com","
(714) 430-8333",35.5588279,-122.3561983,indoor swim lessons for kids,22161,
Swim+Synergy,"
Sitio Caliente, Carlsbad, CA 92009","
swimsynergy.com","
(800) 913-5633",35.5588279,-122.3561983,indoor swim lessons for kids,22161,
Anderson%E2%80%99S+Swim+School,"
541 Oceana Blvd, Pacifica, CA 94044","
andersonswim.com","
(650) 355-3050",37.6482457,-127.104615,indoor swim lessons for kids,22161,
Big+Arms+Swimmers+ +Mountain+View,,,"
(650) 390-6877",37.5893932,-127.1048356,swimming classes for kids,22161,
Aqua Tots+Swim+School+Roseville,"
1850 Douglas Blvd, Roseville, CA 95661","
aqua-tots.com","
(916) 277-9002",37.5893932,-127.1048356,swimming classes for kids,22161,
Maaquatics,"
1317 Butterfield Rd, San Anselmo, CA 94960","
maaquatics.com","
(415) 234-1056",37.5893932,-127.1048356,swimming classes for kids,22161,
Rollingwood+Ymca,"
9373 Winding Oak Dr, Fair Oaks, CA 95628","
ymcasuperiorcal.org","
(916) 988-1727",37.5893932,-127.1048356,swimming classes for kids,22161,
Sacramento+Central+Ymca,"
2021 W St, Sacramento, CA 95818","
ymcasuperiorcal.org","
(916) 452-9622",37.5893932,-127.1048356,swimming classes for kids,22161,
Gold+Country+Ymca,"
350 Race St, Grass Valley, CA 95945","
ymcasuperiorcal.org","
(530) 274-4739",37.5893932,-127.1048356,swimming classes for kids,22161,
Susan+Roy+Swimming+Lessons,,"
susanroyswimming.com","
(650) 967-3351",37.5893932,-127.1048356,swimming classes for kids,22161,
Ymca+Of+Superior+California+Association+Offices,"
1926 V St, Sacramento, CA 95818","
ymcasuperiorcal.org","
(916) 452-9622",37.5893932,-127.1048356,swimming classes for kids,22161,
Swimco.Net+Swimming+With+Lisa,,,"
(510) 846-5059",37.5893932,-127.1048356,swimming classes for kids,22161,
Aqua+Babies+Isr,,"
aquababiesisr.com","
(650) 922-9812",37.5893932,-127.1048356,swimming classes for kids,22161,
Swim2Me+Private+Lessons,,"
swim2melessons.com",,37.5893932,-127.1048356,swimming classes for kids,22161,
Missjeanswimming,,,"
(530) 673-7663",37.5893932,-127.1048356,swimming classes for kids,22161,
Rincon+Swim+School,,"
rinconswim.com",,37.5893932,-127.1048356,swimming classes for kids,22161,
Aqua Tots+Swim+School+Tustin,,"
rinconswim.com",,37.5893932,-127.1048356,swimming classes for kids,22161,
Mr.+Jordan+Swims,,"
mrjordanswims.com","
(661) 230-9349",37.5893932,-127.1048356,swimming classes for kids,22161,
Swim+With+Kearst,,"
swimwithkearst.com","
(661) 347-6060",37.5893932,-127.1048356,swimming classes for kids,22161,
Miss+Tiff+Swims,,"
misstiffswims.com",,37.5893932,-127.1048356,swimming classes for kids,22161,
Carson+Swim+School,"
801 E 18th St, Antioch, CA 94509","
carsonswimschool.com","
(925) 755-2782",37.5893932,-127.1048356,swimming classes for kids,22161,
British+Swim+School+At+24+Hour+Fitness+ +Brentwood+Super Sport+Gym,"
5961 Lone Tree Wy, Brentwood, CA 94513","
britishswimschool.com","
(925) 658-5598",37.5893932,-127.1048356,youth swimming programs,22161,
Isr+With+Oona,,"
isrwithoona.com","
(408) 444-0200",37.5893932,-127.1048356,youth swimming programs,22161,
Broadstone+Sports+Club,"
820 Halidon Way, Folsom, CA 95630","
sparetimesportsclubs.com","
(916) 461-9188",37.5893932,-127.1048356,youth swimming programs,22161,
Rio+Del+Oro+Sports+Club,"
119 Scripps Dr, Sacramento, CA 95825","
sparetimesportsclubs.com","
(916) 696-8790",37.5893932,-127.1048356,youth swimming programs,22161,
Triton+Aquatics+Club+%7C+Water+Polo+%26+Swimming,,"
tritonaquatics.org","
(925) 231-0426",37.5893932,-127.1048356,youth swimming programs,22161,
Delta+Babies+Isr,,"
deltababiesisr.com","
(209) 224-4175",37.5893932,-127.1048356,youth swimming programs,22161,
East+Sac+Isr,,"
eastsacisr.com",,37.5893932,-127.1048356,youth swimming programs,22161,
Kimswim+Infant+%26+Toddler+Water+Safety,,,"
(209) 608-1943",37.5893932,-127.1048356,youth swimming programs,22161,
Aquanauts+Swim+School,,,"
(916) 521-7145",37.5893932,-127.1048356,water safety classes for kids,22161,
The+Swim+Pro,"
at Diver Dan's, 2245 El Camino Real, Santa Clara, CA 95050","
theswimpro.com","
(408) 359-7946",37.5893932,-127.1048356,water safety classes for kids,22161,
Sherman+Swim+School,"
1075 Carol Ln, Lafayette, CA 94549","
shermanswim.com","
(925) 283-2100",37.5893932,-127.1048356,water safety classes for kids,22161,
Safe+Aquatics,"
14587 Brookhill Rd, Madera, CA 93636","
safeaquatics.com","
(559) 545-6465",37.5893932,-127.1048356,water safety classes for kids,22161,
Water+Safe+Swim+Lodi,,"
watersafeswim.com","
(209) 712-7117",37.5893932,-127.1048356,water safety classes for kids,22161,
Swim+Foundations,,"
swimfoundations.com","
(530) 638-0486",37.5893932,-127.1048356,water safety classes for kids,22161,
My+Home+Swim+Lessons,,"
myhomeswimlessons.com","
(650) 440-9424",37.5893932,-127.1048356,water safety classes for kids,22161,
Self+Rescue+Swim,,"
selfrescueswim.com","
(661) 599-9619",37.5893932,-127.1048356,water safety classes for kids,22161,
"Aquatic+Safety+Instruction,+Llc","
10241 Hadley Ave, Northridge, CA 91324","
aquaticsafetyinstruction.com","
(818) 363-0221",37.5893932,-127.1048356,water safety classes for kids,22161,
Happy+Swimmers+Usa,"
711 CA-1 #416, Huntington Beach, CA 92648","
happyswimmers.com","
(866) 530-4117",37.5893932,-127.1048356,private swim lessons for kids,22161,
Laguna+Niguel+Swim+Lessons+By+Premier,"
29751 Crown Valley Pkwy, Laguna Niguel, CA 92677","
cityoflagunaniguel.org","
(949) 716-3333",37.5893932,-127.1048356,private swim lessons for kids,22161,
Sunsational+Swim+School+ +At Home+Swim+Lessons,,"
sunsationalswimschool.com","
(714) 242-8254",37.5893932,-127.1048356,private swim lessons for kids,22161,
Sunsational+Swim+School+ +At Home+Swim+Lessons,,"
sunsationalswimschool.com","
(909) 285-2294",37.5893932,-127.1048356,private swim lessons for kids,22161,
Valley+View+High+School+Swimming+Pool,"
13135 Nason St, Moreno Valley, CA 92555",,,37.5893932,-127.1048356,private swim lessons for kids,22161,
Orange+County+Swim+Academy,,"
ocswimacademy.com","
(949) 414-8326",37.5893932,-127.1048356,private swim lessons for kids,22161,
Swim+And+Survive,,"
swimandsurvivesocal.com",,37.5893932,-127.1048356,private swim lessons for kids,22161,
Swimsation+Swim+School+ +Lessons+At+Your+Pool,,"
swimsationswimschool.com","
(858) 264-6452",37.5893932,-127.1048356,private swim lessons for kids,22161,
Mobile+Swim+Lessons+ +In+The+Privacy+Of+Your+Home+Or+Community+Pool,,,"
(909) 224-0085",37.5893932,-127.1048356,private swim lessons for kids,22161,
Private+Swim+Lessons,,,"
(512) 317-6387",37.5893932,-127.1048356,private swim lessons for kids,22161,
Safesplash+Swim+School+ +Roseville,"
336 N Sunrise Ave, Roseville, CA 95661","
safesplash.com","
(916) 314-0566",37.5893932,-127.1048356,private swim lessons for kids,22161,
Moreno+Valley+Aquatics,"
13135 Nason St, Moreno Valley, CA 92555",,,37.5893932,-127.1048356,private swim lessons for kids,22161,
Roseville+Aquatics+Complex,"
3051 Woodcreek Oaks Blvd, Roseville, CA 95747","
roseville.ca.us","
(916) 774-5262",37.5893932,-127.1048356,private swim lessons for kids,22161,
San+Bruno+Recreation+And+Aquatic+Center,"
251 City Park Way, San Bruno, CA 94066","
sanbruno.ca.gov","
(650) 616-7180",37.5893932,-127.1048356,aquatic center for kids,22161,
The+Silliman+Activity+And+Family+Aquatic+Center,"
6800 Mowry Ave, Newark, CA 94560","
newark.org","
(510) 578-4620",37.5893932,-127.1048356,aquatic center for kids,22161,
Placerville+Aquatic+Center,"
3071 Benham St, Placerville, CA 95667","
cityofplacerville.org","
(530) 642-5232",37.5893932,-127.1048356,aquatic center for kids,22161,
Dougherty+Valley+Aquatic+Center,"
10550 Albion Rd, San Ramon, CA 94582","
sanramon.ca.gov","
(925) 973-3335",37.5893932,-127.1048356,aquatic center for kids,22161,
Avery+Aquatic+Center,"
235 Sam McDonald Mall, Stanford, CA 94305","
gostanford.com","
(650) 498-0756",37.5893932,-127.1048356,aquatic center for kids,22161,
San+Ramon+Olympic+Pool+%26+Aquatic+Center,"
9900 Broadmoor Dr, San Ramon, CA 94583","
sanramon.ca.gov","
(925) 973-3240",37.5893932,-127.1048356,aquatic center for kids,22161,
Gora+Aquatic+Center,"
630 Chabolla Ave, Galt, CA 95632","
cityofgalt.org","
(209) 744-9544",37.5893932,-127.1048356,aquatic center for kids,22161,
Morgan+Hill+Aquatics+Center,"
16200 Condit Rd, Morgan Hill, CA 95037","
ca-morganhill2.civicplus.com","
(408) 782-2134",37.5893932,-127.1048356,aquatic center for kids,22161,
California+Sports+Center+Swim+Complex,"
1283 Sunnyvale Saratoga Rd, Sunnyvale, CA 94087","
sunnyvale.ca.gov",,37.5893932,-127.1048356,aquatic center for kids,22161,
Pat+O%27Brien+Community+Center+%26+Christine+Thompson+Aquatic+Center,"
8025 Waterman Rd, Sacramento, CA 95829","
southgaterecandpark.net","
(916) 526-0234",37.5893932,-127.1048356,aquatic center for kids,22161,
Aquatics+Complex+At+Allan+Witt+Park,"
1741 W Texas St, Fairfield, CA 94533","
fairfield.ca.gov","
(707) 399-1999",37.5893932,-127.1048356,aquatic center for kids,22161,
Phillip+West+Aquatic+Center,"
100 Benton Way, American Canyon, CA 94503","
americancanyon.gov","
(707) 648-7275",37.5893932,-127.1048356,aquatic center for kids,22161,
Pat+Granucci+Aquatics+Center,"
450 E Mayes St, Dixon, CA 95620","
cityofdixonca.gov","
(707) 678-7441",37.5893932,-127.1048356,aquatic center for kids,22161,
American+River+College+Aquatic+Center,"
North Highlands, CA 95841","
arcbeavers.com",,37.5893932,-127.1048356,aquatic center for kids,22161,
Sierra+College+Aquatics+Complex,"
5100 Sierra College Blvd, Rocklin, CA 95677","
sierracollege.edu",,37.5893932,-127.1048356,aquatic center for kids,22161,
San+Leandro+Family+Aquatic+Center,"
14900 Zelma St, San Leandro, CA 94579","
sanleandro.org","
(510) 577-7966",37.5893932,-127.1048356,aquatic center for kids,22161,
Soda+Aquatic+Center,"
300 Moraga Rd, Moraga, CA 94556","
acalanes.k12.ca.us",,37.5893932,-127.1048356,aquatic center for kids,22161,
Albany+Aquatic+Center,"
1311 Portland Ave, Albany, CA 94706","
albanyaquaticcenter.com","
(510) 559-6640",37.5893932,-127.1048356,aquatic center for kids,22161,
Pleasant+Hill+Aquatics,"
468 Boyd Rd, Pleasant Hill, CA 94523","
pleasanthillaquatics.com","
(925) 932-9595",37.5893932,-127.1048356,aquatic center for kids,22161,
West+Valley+College+Aquatics+Center,"
Saratoga, CA 95070",,"
(408) 741-2017",37.5893932,-127.1048356,aquatic center for kids,22161,
Burlingame+Aquatic+Club,"
1 Mangini Way, Burlingame, CA 94010","
burlingameaquatics.com","
(650) 558-2881",37.5893932,-127.1048356,aquatic center for kids,22161,
Diablo+Aquatics,"
10 Tennis Club Dr, Blackhawk, CA 94506","
diabloaquatics.com","
(925) 263-2975",37.5893932,-127.1048356,aquatic center for kids,22161,
Ohana+Aquatics,"
12000 Campus Dr, Oakland, CA 94619","
ohanaaquatics.com","
(510) 759-2782",37.5893932,-127.1048356,aquatic center for kids,22161,
Tuli+Mem+Aquatics+Center+And+Park,"
17257 Yolo Ave, Esparto, CA 95627","
tulimempark.com","
(530) 787-5145",37.5893932,-127.1048356,aquatic center for kids,22161,
Orinda+Aquatics,"
300 Moraga Rd, Moraga, CA 94556","
teamunify.com",,37.5893932,-127.1048356,aquatic center for kids,22161,
Spieker+Aquatics+Complex,"
2301 Bancroft Way, Berkeley, CA 94704","
recwell.berkeley.edu","
(510) 643-8038",37.5893932,-127.1048356,aquatic center for kids,22161,
El+Cerrito+Swim+Center,"
7007 Moeser Ln, El Cerrito, CA 94530","
el-cerrito.org","
(510) 559-7011",37.5893932,-127.1048356,aquatic center for kids,22161,
Miwok+Aquatic+And+Fitness+Center,"
1800 Ignacio Blvd, Novato, CA 94949","
marin.edu","
(628) 234-8107",37.5893932,-127.1048356,aquatic center for kids,22161,
Legends+Aquatic+Center,"
2214 Bancroft Way, Berkeley, CA 94704","
calbears.com",,37.5893932,-127.1048356,aquatic center for kids,22161,
Hamilton+Aquatic+Center+%28Indoor+Pool%29,"
1900 Geary Blvd, San Francisco, CA 94115","
sfrecpark.org","
(415) 292-2008",37.5893932,-127.1048356,aquatic center for kids,22161,
Aquatics+%26+Fitness+Center,"
180 Camino Alto, Mill Valley, CA 94941","
millvalleyrecreation.org","
(415) 383-1370",37.5893932,-127.1048356,aquatic center for kids,22161,
Pomeroy+Recreation+%26+Rehabilitation+Center,"
Janet Pomeroy Center, 207 Skyline Blvd, San Francisco, CA 94132","
prrcsf.org","
(415) 665-4241",37.5893932,-127.1048356,aquatic center for kids,22161,
Public+Swimming+Pool,"
300 California St, Rio Vista, CA 94571","
riovistasharks.com","
(707) 374-5211",37.5893932,-127.1048356,aquatic center for kids,22161,
North+Bay+Aquatics,"
700 Miller Ave, Mill Valley, CA 94941","
northbayaquatics.org","
(415) 435-2169",37.5893932,-127.1048356,aquatic center for kids,22161,
Ac+Swim+Club,"
25 Golden Hinde Blvd, San Rafael, CA 94903","
acswimclub.com","
(415) 479-9131",37.5893932,-127.1048356,aquatic center for kids,22161,
Oasis+Pool,"
40500 Paseo Padre Pkwy, Fremont, CA 94538","
goaquaadventure.com","
(510) 494-4426",37.5893932,-127.1048356,aquatic center for kids,22161,
Brisbane+Community+Pool,"
2 Solano St, Brisbane, CA 94005","
brisbaneca.org","
(415) 657-4321",37.5893932,-127.1048356,aquatic center for kids,22161,
American+Swim+Academy,"
2650 Shadelands Dr Suite C, Walnut Creek, CA 94598","
americanswimacademy.com","
(925) 452-7946",37.5893932,-127.1048356,swim academy for kids,22161,
American+Swim+Academy,"
6948 Sierra Ct, Dublin, CA 94568","
americanswimacademy.com","
(925) 479-7946",37.5893932,-127.1048356,swim academy for kids,22161,
American+Swim+Academy,"
4150 Technology Pl, Fremont, CA 94538","
americanswimacademy.com","
(510) 657-7946",37.5893932,-127.1048356,swim academy for kids,22161,
Canyon+Swim+School,"
21 Campbell Ln, El Sobrante, CA 94803","
canyonswimschool.com","
(510) 223-4600",37.5893932,-127.1048356,swim academy for kids,22161,
Swim,"
3109 Cafeto Dr, Walnut Creek, CA 94598","
oakgroveswim.com","
(925) 395-6995",37.5893932,-127.1048356,swim academy for kids,22161,
Elite+Swim+Academy+Llc,,"
eliteswimacademyca.com","
(650) 713-8082",37.5893932,-127.1048356,swim academy for kids,22161,
British+Swim+School+Of+Tri Valley Castro+Valley,,"
britishswimschool.com","
(925) 394-4177",37.5893932,-127.1048356,swim academy for kids,22161,
British+Swim+School+Of+Santa+Cruz Almaden,,"
britishswimschool.com","
(408) 647-1531",37.5893932,-127.1048356,swim academy for kids,22161,
Swim+America+Forevers+Aquatics,"
1800 Ignacio Blvd, Novato, CA 94949",,"
(415) 892-2269",37.5893932,-127.1048356,learn to swim for kids,22161,
Blackhawk+Swim+Team,"
1098 Eagle Nest Pl, Danville, CA 94506","
hoxswim.com","
(415) 793-5718",37.5893932,-127.1048356,youth swim team,22161,
Highlands+Swim+Club,"
41900 Palm Ave, Fremont, CA 94539","
highlandsswimclub.org","
(510) 438-9949",37.5893932,-127.1048356,youth swim team,22161,
Walnut+Heights+Swim+Club,"
60 Vallecito Ln, Walnut Creek, CA 94596","
walnutheightsswimclub.com","
(925) 932-9300",37.5893932,-127.1048356,youth swim team,22161,
Elk+Grove+Piranhas,"
9014 Bruceville Rd, Elk Grove, CA 95758","
elkgrovepiranhas.com","
(916) 405-5600",37.5893932,-127.1048356,youth swim team,22161,
Clovis+Swim+Club+@+Clovis+West+Pool,"
1044 E Cole Ave, Fresno, CA 93720","
teamunify.com","
(559) 327-9233",37.5893932,-127.1048356,youth swim team,22161,
Nike+Swim+Camps,"
1010 B St, San Rafael, CA 94901","
ussportscamps.com","
(800) 645-3226",37.5893932,-127.1048356,youth swim team,22161,
Clovis+West+Aquatics,"
""A"" Building, 1070 E Teague Ave, Fresno, CA 93720","
cloviswestaquatics.com","
(559) 327-2031",37.5893932,-127.1048356,youth swim team,22161,
I+Am+Me+Mentors+Swim+Instruction,"
680 Hubbard Ave, Santa Clara, CA 95051","
iammementorsswim.com","
(408) 462-2480",37.5893932,-127.1048356,youth swim team,22161,
Vienna+Aquatic+Club,,,,38.8755794,-77.2973126,kids swimming lessons,22180,
Machine+Aquatics+Llc,"
204 Mill St NE D, Vienna, VA 22180","
machineaquatics.com","
(703) 281-1500",38.8833158,-77.4074738,kids swimming lessons,22180,
Goldfish+Swim+School+ +Falls+Church,"
7395 Lee Hwy Suite K, Falls Church, VA 22042","
goldfishswimschool.com","
(703) 215-4593",38.8833158,-77.4074738,kids swimming lessons,22180,
Aqua Tots+Swim+School+Falls+Church,"
1104b W Broad St, Falls Church, VA 22046","
aqua-tots.com","
(571) 356-9985",38.893286,-77.3311231,kids swimming lessons,22180,
Dunn+Loring+Swim+Club%E2%80%8B,"
8326 Cottage St, Vienna, VA 22180","
dlsc.net","
(703) 560-9873",38.893286,-77.3311231,kids swimming lessons,22180,
Big+Blue+Swim+School,"
9658 Main St, Fairfax, VA 22031","
bigblueswimschool.com","
(571) 357-2858",38.8431009,-77.4200674,kids swimming lessons,22180,
Vienna+Woods+Swim+%26+Tennis+Club,"
129 Harmony Dr SW, Vienna, VA 22180","
viennawoods.org","
(703) 938-4218",38.8431009,-77.4200674,kids swimming lessons,22180,
Cardinal+Hill+Swim+And+Racquet+Club,"
9117 Westerholme Way, Vienna, VA 22182","
chsrc.com","
(703) 938-0858",38.8431009,-77.4200674,kids swimming lessons,22180,
York+Swim+Club,"
1600 Lupine Den Ct, Vienna, VA 22182","
yorkswim.com","
(571) 384-2352",38.8431009,-77.4200674,kids swimming lessons,22180,
Spring+Hill+Rec+Center,"
1239 Spring Hill Rd, McLean, VA 22102","
fairfaxcounty.gov","
(703) 827-0989",38.9424136,-77.3726991,kids swimming lessons,22180,
Nation%27S+Capital+Swim+Club,"
8101 Wolftrap Rd, Vienna, VA 22182","
ncapswim.com",,38.9424136,-77.3726991,kids swimming lessons,22180,
Mantua+Hills+Swim+Club,"
9330 Pentland Pl, Fairfax, VA 22031","
mantuastc.org","
(703) 273-5363",38.9424136,-77.3726991,kids swimming lessons,22180,
Onelife+Fitness+ +Tysons,"
8250 Greensboro Dr, McLean, VA 22102","
onelifefitness.com","
(703) 442-9150",38.9424136,-77.3726991,kids swimming lessons,22180,
Vienna+Community+Center,"
120 Cherry St SE, Vienna, VA 22180","
viennava.gov","
(703) 255-6360",38.9424136,-77.3726991,kids swimming lessons,22180,
Swimbox,"
5183B Langston Blvd., Arlington, VA 22207","
theswimbox.com","
(703) 904-6340",38.8966556,-77.2775442,kids swimming lessons,22180,
Mosby+Woods+Pool,"
3136 Fair Woods Pkwy, Fairfax, VA 22030","
mosbywoodspool.com","
(703) 544-1983",38.8701162,-77.4406698,kids swimming lessons,22180,
American+Lifeguard+Association,"
8300 Boone Blvd 5th floor, Vienna, VA 22182","
americanlifeguard.com","
(703) 761-6750",38.8701162,-77.4406698,kids swimming lessons,22180,
Providence+Rec+Center,"
7525 Marc Dr, Falls Church, VA 22042","
fairfaxcounty.gov","
(703) 698-1351",38.861766,-77.3549936,kids swimming lessons,22180,
High+Point+Pool+Inc,"
6840 Woodland Dr, Falls Church, VA 22046","
highpointpool-fc.com","
(703) 241-9386",38.861766,-77.3549936,kids swimming lessons,22180,
Woodley+Pool,"
7421 Camp Alger Ave, Falls Church, VA 22042","
woodleypool.org",,38.861766,-77.3549936,kids swimming lessons,22180,
Westwood+Country+Club,"
800 Maple Ave E, Vienna, VA 22180","
westwoodcc.com","
(703) 938-2300",38.861766,-77.3549936,kids swimming lessons,22180,
Tuckahoe+Recreation+Club,"
1814 Great Falls St, McLean, VA 22101","
tuckahoe.net","
(703) 356-1205",38.861766,-77.3549936,kids swimming lessons,22180,
"Poplar+Heights+Recreation+Association,+A+Swim+And+Tennis+Club","
2463 Buckelew Dr, Falls Church, VA 22046","
poplarheights.org","
(703) 237-7946",38.861766,-77.3549936,kids swimming lessons,22180,
Lee Graham+Swimming+Pool,"
7319 Lee Hwy, Falls Church, VA 22042","
lgpool.org","
(703) 560-1430",38.861766,-77.3549936,kids swimming lessons,22180,
The+Swim+Farm+Llc,"
5200 Yorktown Blvd, Arlington, VA 22207","
theswimfarm.com","
(703) 424-4551",38.861766,-77.3549936,kids swimming lessons,22180,
Hamlet+Swim+%26+Tennis+Club,"
8209 Dunsinane Ct, McLean, VA 22102","
hamletpool.org","
(703) 893-7255",38.861766,-77.3549936,kids swimming lessons,22180,
Jim+Scott+%28Providence%29+Community+Center,"
3001 Vaden Dr, Fairfax, VA 22031","
fairfaxcounty.gov","
(703) 865-0520",38.861766,-77.3549936,kids swimming lessons,22180,
Oakton+Swim+%26+Racquet+Club,"
11714 Flemish Mill Ct, Oakton, VA 22124","
osrc.us","
(703) 620-9800",38.861766,-77.3549936,kids swimming lessons,22180,
Diventures,"
510 Mill St NE, Vienna, VA 22180","
diventures.com","
(703) 263-0427",38.861766,-77.3549936,kids swimming lessons,22180,
Onelife+Fitness+ +Mclean,"
1800 Old Meadow Rd, McLean, VA 22102","
onelifefitness.com","
(703) 556-6550",38.861766,-77.3549936,kids swimming lessons,22180,
Forest+Hollow+Swim+Inc,"
4330 Old Columbia Pike, Annandale, VA 22003","
foresthollow.com","
(703) 750-9737",38.861766,-77.3549936,kids swimming lessons,22180,
Oakmont+Rec+Center,"
3200 Jermantown Rd, Oakton, VA 22124","
fairfaxcounty.gov","
(703) 281-6501",38.861766,-77.3549936,kids swimming lessons,22180,
Mclean+Swim+%26+Tennis+Association,"
1700 Margie Dr, McLean, VA 22101","
mcleanswimandtennis.org","
(703) 821-9317",38.861766,-77.3549936,kids swimming lessons,22180,
Kent+Gardens+Recreation+Club,"
1906 Westmoreland St, McLean, VA 22101","
kentgardens.org","
(703) 893-7573",38.861766,-77.3549936,kids swimming lessons,22180,
Born+2+Dance+Studio+ +Vienna,"
262 Cedar Ln SE, Vienna, VA 22180","
born2dancestudio.com","
(703) 852-3522",38.861766,-77.3549936,kids swimming lessons,22180,
Dominion+Dive+Club,"
510 Mill St NE, Vienna, VA 22180",,"
(703) 938-0176",38.861766,-77.3549936,kids swimming lessons,22180,
Pozez+Jewish+Community+Center+Of+Northern+Virginia,"
8900 Little River Turnpike, Fairfax, VA 22031","
thej.org","
(703) 323-0880",38.861766,-77.3549936,kids swimming lessons,22180,
Childtime+Magic,"
310 Dominion Rd NE, Vienna, VA 22180","
childtimemagic.com","
(844) 310-0175",38.861766,-77.3549936,kids swimming lessons,22180,
Sleepy+Hollow+Recreation+Association,"
3538 Sleepy Hollow Rd, Falls Church, VA 22041","
shrasharks.org","
(703) 941-0456",38.861766,-77.3549936,kids swimming lessons,22180,
Aquatic+And+Fitness+Center,"
4520 Patriot Cir, Fairfax, VA 22030","
recreation.gmu.edu","
(703) 993-3939",38.861766,-77.3549936,kids swimming lessons,22180,
Big+Blue+Swim+School,"
13015 Lee Jackson Memorial Hwy Service Rd, Fairfax, VA 22033","
bigblueswimschool.com","
(571) 773-7559",38.861766,-77.3549936,kids swimming lessons,22180,
Norman+Swimming+Llc,"
1301 N Quincy St, Arlington, VA 22201","
normanswimming.com","
(703) 598-8593",38.861766,-77.3549936,kids swimming lessons,22180,
The+Swim+Farm+Llc,"
1325 S Dinwiddie St, Arlington, VA 22204","
theswimfarm.com","
(703) 424-4551",38.861766,-77.3549936,kids swimming lessons,22180,
Life+Time,"
9602 Main St, Fairfax, VA 22031","
lifetime.life","
(703) 323-8700",38.861766,-77.3549936,kids swimming lessons,22180,
Spring+Hill+District+Park,"
1239 Spring Hill Rd, McLean, VA 22102","
fairfaxcounty.gov","
(703) 827-0989",38.861766,-77.3549936,kids swimming lessons,22180,
The+Swim+Farm+Llc,"
1301 N Quincy St, Arlington, VA 22201","
theswimfarm.com","
(703) 424-4551",38.861766,-77.3549936,kids swimming lessons,22180,
Mclean+Racquet+%26+Health+Club,"
1472 Chain Bridge Rd, McLean, VA 22101","
mcleanrhclub.com","
(703) 356-3300",38.861766,-77.3549936,kids swimming lessons,22180,
Harmonia+School+Of+Music+%26+Art,"
204-F Mill St NE, Vienna, VA 22180","
harmoniaschool.org","
(703) 938-7301",38.861766,-77.3549936,kids swimming lessons,22180,
Perfect+Performance+Nova,"
8524A Tyco Rd, Vienna, VA 22182","
perfect-performancenova.com","
(571) 378-0078",38.861766,-77.3549936,kids swimming lessons,22180,
Rong+Kungfu,"
2301 Gallows Rd, Dunn Loring, VA 22027","
rongskungfuacademy.com","
(510) 365-1494",38.861766,-77.3549936,kids swimming lessons,22180,
North+Springfield+Swim+Club,"
5604 Earlehurst St, Springfield, VA 22151","
ns-sc.org","
(703) 256-4686",38.861766,-77.3549936,kids swimming lessons,22180,
Kings+Ridge+Swim+Club,"
4850 Gainsborough Dr, Fairfax, VA 22032","
krswim.org","
(703) 323-1811",38.861766,-77.3549936,kids swimming lessons,22180,
Aqua Tots+Swim+School+Centreville,"
6319 Multiplex Dr, Centreville, VA 20121","
aqua-tots.com","
(703) 260-9222",38.861766,-77.3549936,kids swimming lessons,22180,
Big+Blue+Swim+School,"
7202 Old Keene Mill Rd, Springfield, VA 22150","
bigblueswimschool.com","
(571) 866-9101",38.861766,-77.3549936,kids swimming lessons,22180,
Lake+Audubon+Pool+%28Reston+Association%29,"
2070 Twin Branches Rd, Reston, VA 20190","
reston.org","
(703) 860-3080",38.861766,-77.3549936,kids swimming lessons,22180,
Ymca+Fairfax+County+Reston,"
12196 Sunset Hills Rd, Reston, VA 20190","
ymcadc.org","
(703) 742-8800",38.861766,-77.3549936,kids swimming lessons,22180,
Incourage+Martial+Arts,"
3013 Nutley St, Fairfax, VA 22031","
incouragemartialarts.com","
(571) 778-0521",38.861766,-77.3549936,kids swimming lessons,22180,
Kidstrong+Fairfax,"
9540 Main St #8, Fairfax, VA 22031","
fairfax.kidstrong.com","
(571) 354-7709",38.861766,-77.3549936,kids swimming lessons,22180,
Overlee+Community+Association+Inc,"
6030 Lee Hwy, Arlington, VA 22205","
overlee.org","
(703) 532-7819",38.861766,-77.3549936,kids swimming lessons,22180,
Safesplash+Swim+School+ +Sterling,"
21800 Towncenter Plz, Sterling, VA 20164","
safesplash.com","
(703) 214-7281",38.861766,-77.3549936,kids swimming lessons,22180,
Fox+Mill+Woods+Swim+%26+Tennis,"
2634A Black Fir Ct, Reston, VA 20191","
fmwst.com","
(703) 860-0628",38.861766,-77.3549936,kids swimming lessons,22180,
Fairfax+Ice+Arena,"
3779 Pickett Road, Fairfax, VA 22031","
fairfaxicearena.com","
(703) 323-1132",38.861766,-77.3549936,kids swimming lessons,22180,
North+Shore+Pool+%28Reston+Association%29,"
11515 N Shore Dr, Reston, VA 20190","
reston.org","
(703) 689-4091",38.861766,-77.3549936,kids swimming lessons,22180,
Chesterbrook+Swim+%26+Tennis+Club,"
1812 Kirby Rd, McLean, VA 22101","
chesterbrookclub.com","
(703) 356-4471",38.861766,-77.3549936,kids swimming lessons,22180,
La+Fitness,"
8190 Strawberry Ln, Falls Church, VA 22042","
lafitness.com","
(571) 423-0155",38.861766,-77.3549936,kids swimming lessons,22180,
Pozez+Jcc+Early+Childhood+Learning+Center,"
8900 Little River Turnpike, Fairfax, VA 22031","
thej.org","
(703) 537-3086",38.861766,-77.3549936,kids swimming lessons,22180,
Glade+Pool+%28Reston+Association%29,"
11550 Glade Dr, Reston, VA 20191",,"
(703) 476-5732",38.861766,-77.3549936,kids swimming lessons,22180,
Life+Time,"
1757 Business Center Dr, Reston, VA 20190","
lifetime.life","
(571) 512-3500",38.861766,-77.3549936,kids swimming lessons,22180,
Nottoway+Park,"
9537 Courthouse Rd, Vienna, VA 22181","
fairfaxcounty.gov","
(703) 324-8702",38.861766,-77.3549936,kids swimming lessons,22180,
Somerset+Olde+Creek+Pool+%26+Rec+Club,"
9705 Laurel St, Fairfax, VA 22032","
socpool.com","
(703) 323-9872",38.861766,-77.3549936,indoor swim lessons for kids,22180,
Goldfish+Swim+School+ +Reston,"
12340 Pinecrest Rd, Reston, VA 20191","
goldfishswimschool.com","
(703) 420-4727",38.861766,-77.3549936,indoor swim lessons for kids,22180,
Sunsational+Swim+School,,"
sunsationalswimschool.com","
(301) 235-2661",38.861766,-77.3549936,indoor swim lessons for kids,22180,
Highlands+Swim+%26+Tennis+Club,"
1515 Bryan Branch Rd, McLean, VA 22101","
highlandsswim.org","
(703) 821-9893",38.861766,-77.3549936,indoor swim lessons for kids,22180,
Big+Blue+Swim+School,"
22000 Dulles Retail Plaza, Dulles, VA 20166","
bigblueswimschool.com","
(571) 773-7562",38.861766,-77.3549936,indoor swim lessons for kids,22180,
British+Swim+School+At+Onelife+Fitness+ +Sterling,"
46262 Cranston St, Sterling, VA 20165","
britishswimschool.com","
(571) 446-3772",38.861766,-77.3549936,indoor swim lessons for kids,22180,
Jazzie+Pools+Spas+%26+Fitness,"
900 S Washington St, Falls Church, VA 22046","
jazziepools.net","
(703) 532-0242",38.861766,-77.3549936,indoor swim lessons for kids,22180,
Aqua Tots+Swim+School+Sterling,"
45591 Dulles Eastern Plaza, Sterling, VA 20166","
aqua-tots.com","
(571) 520-2201",38.861766,-77.3549936,indoor swim lessons for kids,22180,
Newbridge+Pool+%28Reston+Association%29,"
11768 Golf Course Square, Reston, VA 20191","
reston.org","
(703) 476-1301",38.861766,-77.3549936,indoor swim lessons for kids,22180,
Onelife+Fitness+ +Falls+Church,"
1000 E Broad St, Falls Church, VA 22042","
onelifefitness.com","
(571) 533-3608",38.861766,-77.3549936,indoor swim lessons for kids,22180,
Herndon+Community+Center,"
814 Ferndale Ave, Herndon, VA 20170","
herndon-va.gov","
(703) 787-7300",38.861766,-77.3549936,indoor swim lessons for kids,22180,
Reston+Community+Center,"
2310 Colts Neck Rd, Reston, VA 20191","
restoncommunitycenter.com","
(703) 476-4500",38.861766,-77.3549936,indoor swim lessons for kids,22180,
Worldgate+Athletic+Club,"
13037 Worldgate Dr, Herndon, VA 20170","
worldgateathleticclubandspa.com","
(571) 440-7400",38.861766,-77.3549936,indoor swim lessons for kids,22180,
Swimkids+Swim+School+ +Woodbridge,"
14531 Potomac Mills Rd, Woodbridge, VA 22192","
swimkids.us","
(703) 396-7946",38.861766,-77.3549936,indoor swim lessons for kids,22180,
Aqua Tots+Swim+School+Leesburg,"
510 Fort Evans Rd NE, Leesburg, VA 20176","
aqua-tots.com","
(571) 267-2195",38.861766,-77.3549936,indoor swim lessons for kids,22180,
South+Run+Recreation+Center,"
7550 Reservation Dr, Springfield, VA 22153","
fairfaxcounty.gov","
(703) 866-0566",38.861766,-77.3549936,indoor swim lessons for kids,22180,
Mohican+Swim+Club,"
7117 Macarthur Blvd, Bethesda, MD 20816","
mohicanpool.org","
(301) 229-4953",38.861766,-77.3549936,indoor swim lessons for kids,22180,
Moons+Aquatics+Club,"
99 Adams St, Manassas Park, VA 20111","
moonsaquaticsclub.com","
(703) 343-0905",38.861766,-77.3549936,indoor swim lessons for kids,22180,
Goldfish+Swim+School+ +Lake+Ridge,"
12479 Dillingham Square, Lake Ridge, VA 22192","
goldfishswimschool.com","
(571) 341-7181",38.861766,-77.3549936,indoor swim lessons for kids,22180,
Hunter+Mill+Swim+%26+Racquet+Club,"
10339 Brittenford Dr, Vienna, VA 22182","
hmsrc.org","
(703) 262-0033",38.861766,-77.3549936,swimming classes for kids,22180,
Leslie%27S+Pool+Supplies,"
412 Maple Ave E Ste 1, Vienna, VA 22180","
lesliespool.com","
(703) 938-4753",38.861766,-77.3549936,swimming classes for kids,22180,
Closed+ +British+Swim+School+Of+Courtyard+Marriott+ +Dunn+Loring%2Fvienna,"
2722 Gallows Rd, Vienna, VA 22180","
britishswimschool.com","
(833) 486-3250",38.861766,-77.3549936,swimming classes for kids,22180,
Aqua Tots+Swim+School+Barcroft+Plaza,"
6349 Columbia Pike, Falls Church, VA 22041","
aqua-tots.com","
(703) 719-4456",38.861766,-77.3549936,swimming classes for kids,22180,
Tysons+Training+%26+Technology+Center+%28T3%29,"
2055 Chain Bridge Rd, Tysons, VA 22182","
vatire.com","
(855) 425-3677",38.861766,-77.3549936,water safety classes for kids,22180,
Kaizen+Mma+Vienna,"
124 Branch Rd SE, Vienna, VA 22180","
kzmma.com","
(703) 281-5425",38.861766,-77.3549936,water safety classes for kids,22180,
Aquatic+Adventures+Scuba+Academy,"
5408 Port Royal Rd STE C, Springfield, VA 22151","
aquaticadventuresva.com","
(703) 619-1500",38.861766,-77.3549936,water safety classes for kids,22180,
Cub+Run+Rec+Center,"
4630 Stonecroft Blvd, Chantilly, VA 20151","
fairfaxcounty.gov","
(703) 817-9407",38.861766,-77.3549936,water safety classes for kids,22180,
Happy+Hours+Child+Care+Center,"
325 Nutley St NW, Vienna, VA 22180",,"
(703) 281-6618",38.861766,-77.3549936,water safety classes for kids,22180,
Safesplash+Swim+School+ +Alexandria+ +Kingstowne,"
5508 Franconia Rd, Alexandria, VA 22310","
safesplash.com","
(703) 665-1800",38.861766,-77.3549936,water safety classes for kids,22180,
Burke+Racquet+%26+Swim+Club,"
6001 Burke Commons Rd, Burke Centre, VA 22015","
burkeracquet.com","
(703) 250-1299",38.861766,-77.3549936,water safety classes for kids,22180,
British+Swim+School,"
3940 Centerview Dr, Chantilly, VA 20151","
britishswimschool.com","
(703) 951-3097",38.861766,-77.3549936,water safety classes for kids,22180,
Rei,"
8209 Watson St, McLean, VA 22102","
rei.com","
(703) 506-1938",38.861766,-77.3549936,water safety classes for kids,22180,
Aqua Tots+Swim+School+South+Riding,"
25401 Eastern Marketplace Plaza Ste. 195, Chantilly, VA 20152","
aqua-tots.com","
(703) 291-4640",38.861766,-77.3549936,water safety classes for kids,22180,
British+Swim+School+Of+Bull+Run Gainesville,"
8025 Sudley Rd, Manassas, VA 20109","
britishswimschool.com","
(571) 303-0170",38.861766,-77.3549936,water safety classes for kids,22180,
Trek+Bicycle+Vienna,"
224 Maple Ave E, Vienna, VA 22180","
trekbikes.com","
(703) 281-2004",38.861766,-77.3549936,water safety classes for kids,22180,
Goldfish+Swim+School+ +Rockville,"
1701 Rockville Pike, Rockville, MD 20852","
goldfishswimschool.com","
(301) 640-5592",38.861766,-77.3549936,water safety classes for kids,22180,
Kids+First+Swim+School+ +Bethesda,"
4888 Boiling Brook Pkwy, Rockville, MD 20852","
kidsfirstswimschools.com","
(301) 984-7946",38.861766,-77.3549936,water safety classes for kids,22180,
Thai+Wellness+Center,"
407 Church St NE STE D, Vienna, VA 22180","
thaiwellnesscenterva.com","
(571) 758-7372",38.861766,-77.3549936,water safety classes for kids,22180,
Sport+Fair+Inc,"
5010 Langston Blvd., Arlington, VA 22207","
sportfairusa.com","
(703) 524-9500",38.861766,-77.3549936,water safety classes for kids,22180,
Franconia+Rec+Center,"
6601 Telegraph Rd, Alexandria, VA 22310","
fairfaxcounty.gov","
(703) 922-9841",38.861766,-77.3549936,water safety classes for kids,22180,
British+Swim+School+Of+Loudoun,,"
britishswimschool.com","
(571) 446-3772",38.861766,-77.3549936,water safety classes for kids,22180,
Jolly+Yolly+Kids+Indoor+Playground,"
11001 Main St suite d 2nd floor, Fairfax, VA 22030","
jollyyollykids.com","
(703) 259-1166",38.861766,-77.3549936,water safety classes for kids,22180,
Pr+Run+%26+Walk,"
111 Maple Ave W, Vienna, VA 22180","
prrunandwalk.com","
(703) 790-3338",38.861766,-77.3549936,water safety classes for kids,22180,
Conte%27S+Bike+Shop,"
204 Mill St NE, Vienna, VA 22180","
contebikes.com","
(703) 280-2248",38.861766,-77.3549936,water safety classes for kids,22180,
Chinn+Aquatics+%26+Fitness+Center,"
13025 Chinn Park Dr, Woodbridge, VA 22192","
pwcva.gov","
(703) 792-8600",38.861766,-77.3549936,water safety classes for kids,22180,
Goldfish+Swim+School+ +Gaithersburg,"
801 Center Point Way, Gaithersburg, MD 20878","
goldfishswimschool.com","
(301) 417-5183",38.861766,-77.3549936,water safety classes for kids,22180,
Hope+Advanced+Veterinary+Center,"
140 Park St, Vienna, VA 22180","
hopecentervet.com","
(571) 307-5958",38.861766,-77.3549936,water safety classes for kids,22180,
Michaels,"
Maple Avenue Shopping Center, 311 Maple Ave E, Vienna, VA 22180","
locations.michaels.com","
(703) 255-4970",38.861766,-77.3549936,water safety classes for kids,22180,
Fins+Swimming,"
Swim Club, Rockville, MD 20852","
finsswimming.com","
(301) 841-6099",38.861766,-77.3549936,water safety classes for kids,22180,
Bikes@Vienna,"
128A Church St NW, Vienna, VA 22180","
bikesatvienna.com","
(703) 938-8900",38.861766,-77.3549936,water safety classes for kids,22180,
Lake+Fairfax+Park,"
1400 Lake Fairfax Dr, Reston, VA 20190","
fairfaxcounty.gov","
(703) 471-5414",38.861766,-77.3549936,water safety classes for kids,22180,
Hudson+Valley+Swim+Gaithersburg,"
314 Copley Pl, Gaithersburg, MD 20878","
gaithersburg.hvswim.com","
(301) 901-0922",38.861766,-77.3549936,water safety classes for kids,22180,
Tysons+Corner+Department+Of+Motor+Vehicles,"
1968 Gallows Rd, Vienna, VA 22182","
dmv.virginia.gov","
(804) 497-7100",38.861766,-77.3549936,water safety classes for kids,22180,
Virginia+Tire+%26+Auto+Of+Vienna,"
141 Maple Ave W, Vienna, VA 22180","
vatire.com","
(703) 537-5192",38.861766,-77.3549936,water safety classes for kids,22180,
Goldfish+Swim+School+ +Silver+Spring,"
11800 Tech Rd, Silver Spring, MD 20904","
goldfishswimschool.com","
(240) 621-1305",38.861766,-77.3549936,water safety classes for kids,22180,
Ace+Of+Vienna,"
264 Cedar Ln SE, Vienna, VA 22180","
acehardware.com","
(703) 936-0881",38.861766,-77.3549936,water safety classes for kids,22180,
Springfield+Swimming+Club,"
7400 Highland St, Springfield, VA 22150","
swimspringfield.org","
(703) 451-9700",38.861766,-77.3549936,private swim lessons for kids,22180,
Nova+Strong+Personal+Training+%26+Fitness,"
3170 Draper Dr Unit 9, Fairfax, VA 22031","
getnovastrong.com","
(703) 552-5464",38.861766,-77.3549936,private swim lessons for kids,22180,
Hunt+Valley+Swim+Club,"
7100 Sydenstricker Rd, Springfield, VA 22152","
huntvalleyswimclub.org","
(703) 451-9137",38.861766,-77.3549936,private swim lessons for kids,22180,
Central+Park+Aquatic+Center%2F+Occoquan+Swim+Academy,"
10371 Central Park Dr, Manassas, VA 20110","
swimoccs.org","
(703) 393-2632",38.861766,-77.3549936,private swim lessons for kids,22180,
Freedom+Aquatic+%26+Fitness+Center,"
9100 Freedom Center Blvd, Manassas, VA 20110","
freedom-center.com","
(703) 993-8444",38.861766,-77.3549936,aquatic center for kids,22180,
Warrenton+Aquatic+And+Recreation+Facility,"
800 Waterloo Rd, Warrenton, VA 20186","
warrentonva.gov","
(540) 349-2520",38.861766,-77.3549936,aquatic center for kids,22180,
Yorktown+Aquatics+Center,"
Parking lot, 5200 Yorktown Blvd, Arlington, VA 22207","
apsva.us","
(703) 228-8754",38.861766,-77.3549936,aquatic center for kids,22180,
Warrenton+Aquatic+Center,"
800 Waterloo Rd, Warrenton, VA 20186","
warrentonva.gov","
(540) 349-2520",38.861766,-77.3549936,aquatic center for kids,22180,
Splashdown+Waterpark,"
7500 Ben Lomond Park Rd, Manassas, VA 20109","
splashdownwaterpark.com","
(703) 792-8200",38.861766,-77.3549936,aquatic center for kids,22180,
Urbanna+Swim+Club,"
8030 Urbanna Rd, Manassas, VA 20109","
urbannaswimclub.org","
(703) 361-3233",38.861766,-77.3549936,aquatic center for kids,22180,
Stonewall+Park+Pool,"
8351 Stonewall Rd, Manassas, VA 20110","
manassasva.gov","
(703) 369-6137",38.861766,-77.3549936,aquatic center for kids,22180,
Waterworks+Waterpark,"
5301 Dale Blvd, Dale City, VA 22193","
waterworkswaterpark.com","
(703) 792-8415",38.861766,-77.3549936,aquatic center for kids,22180,
Washington Liberty+Aquatics+Center,"
1301 N Quincy St, Arlington, VA 22201","
apsva.us","
(703) 228-6262",38.861766,-77.3549936,aquatic center for kids,22180,
Bull+Run+Regional+Park,"
7700 Bull Run Dr, Centreville, VA 20121","
novaparks.com","
(703) 631-0550",38.861766,-77.3549936,aquatic center for kids,22180,
Wakefield+Aquatics+Center,"
1325 S Dinwiddie St, Arlington, VA 22204","
apsva.us","
(703) 228-2395",38.861766,-77.3549936,aquatic center for kids,22180,
Round+Hill+Indoor+Aquatic+Center,"
17010 Evening Star Dr, Round Hill, VA 20141","
loudoun.gov","
(571) 258-3562",38.861766,-77.3549936,aquatic center for kids,22180,
Long+Bridge+Aquatics+%26+Fitness+Center,"
333 Long Bridge Drive, Arlington, VA 22202","
arlingtonva.us","
(703) 228-3338",38.861766,-77.3549936,aquatic center for kids,22180,
Skate+N%27+Fun+Zone,"
7878 Sudley Rd, Manassas, VA 20109","
skatenfunzone.com","
(703) 361-7465",38.861766,-77.3549936,aquatic center for kids,22180,
Chinquapin+Park+Recreation+Center+%26+Aquatics+Facility,"
3210 King St, Alexandria, VA 22302","
alexandriava.gov","
(703) 746-5553",38.861766,-77.3549936,aquatic center for kids,22180,
Minnie+Howard+Aquatics+Facility,"
3795 W Braddock Rd, Alexandria, VA 22302","
alexandriava.gov","
(703) 746-5479",38.861766,-77.3549936,aquatic center for kids,22180,
Bull+Run+Campground,"
7700 Bull Run Dr, Centreville, VA 20121","
novaparks.com","
(703) 631-0550",38.861766,-77.3549936,aquatic center for kids,22180,
Shouse+Village+Community+Center,"
1432 Towlston Rd, Vienna, VA 22182","
shousevillage.org","
(703) 938-0171",38.861766,-77.3549936,aquatic center for kids,22180,
Lakevale+Estates+Community+Center,"
2554 Oak Valley Dr, Vienna, VA 22181","
lakevale.org","
(703) 242-1521",38.861766,-77.3549936,aquatic center for kids,22180,
Wakefield+Chapel+Recreation+Association+Pool,"
4627 Holborn Ave, Annandale, VA 22003","
wakefieldchapelrec.org","
(703) 323-8303",38.861766,-77.3549936,aquatic center for kids,22180,
Swim+Club,"
13998 Parkeast Cir, Chantilly, VA 20151",,"
(703) 803-9641",38.861766,-77.3549936,aquatic center for kids,22180,
Canterbury+Woods+Swim+Club,"
5101 Southampton Dr, Annandale, VA 22003","
canterburywoodspool.com","
(703) 323-1646",38.861766,-77.3549936,aquatic center for kids,22180,
Reef+Escape,"
11147 Main St, Fairfax, VA 22030","
reefescapeaquarium.com","
(703) 261-6996",38.861766,-77.3549936,aquatic center for kids,22180,
Brookfield+Swim+Club,"
13615 Pennsboro Dr, Chantilly, VA 20151","
brookfieldswimclub.com","
(571) 969-7946",38.861766,-77.3549936,aquatic center for kids,22180,
Signal+Hill+Park,"
9300 Signal View Dr, Manassas Park, VA 20111","
manassasparkcommunitycenter.com","
(703) 335-8872",38.861766,-77.3549936,aquatic center for kids,22180,
Century+Oaks+Community+Pool,"
12705 Misty Creek Ln, Fairfax, VA 22033",,,38.861766,-77.3549936,aquatic center for kids,22180,
Hillwood+Camping+Park,"
14280 Gardner Mnr Pl, Gainesville, VA 20155","
com.s3-us-west-2.amazonaws.com","
(703) 754-6105",38.861766,-77.3549936,aquatic center for kids,22180,
Holmes+Run+Acres+Recreation+Association,"
3451 Gallows Rd, Falls Church, VA 22042","
holmesrunpool.org","
(703) 560-2750",38.861766,-77.3549936,swim academy for kids,22180,
Annandale+Swim+%26+Tennis+Club,"
7530 Little River Turnpike, Annandale, VA 22003","
ast22003.org","
(703) 354-4272",38.861766,-77.3549936,swim academy for kids,22180,
Lakeview+Swim+Club,"
5352 Gainsborough Dr, Fairfax, VA 22032","
lakeviewmarlins.com","
(703) 323-9510",38.861766,-77.3549936,swim academy for kids,22180,
Country+Club+Hills+Recreation+Corporation,"
3622 Old Post Rd, Fairfax, VA 22030","
cchpool.com","
(703) 591-6114",38.861766,-77.3549936,swim academy for kids,22180,
Rolling+Hills+Swim+Club,"
8301 Carrleigh Pkwy, Springfield, VA 22152","
rollinghillsswimclub.org","
(703) 451-5303",38.861766,-77.3549936,swim academy for kids,22180,
Hydra+Aquatics,"
1814 Great Falls St, McLean, VA 22101","
swimhydra.com",,38.861766,-77.3549936,swim academy for kids,22180,
Fairfax+Swimming+Pool,"
4200 Roberts Rd, Fairfax, VA 22032","
fairfaxpool.com","
(703) 691-8166",38.861766,-77.3549936,swim academy for kids,22180,
Kids+First+Swim+School+ +Manassas,"
10298 Festival Ln, Manassas, VA 20109","
kidsfirstswim.com","
(571) 535-3200",38.861766,-77.3549936,swim academy for kids,22180,
Safesplash+Swim+School+ +Friendship+Heights,"
4300 Military Rd NW, Washington, DC 20015","
safesplash.com","
(202) 963-0833",38.861766,-77.3549936,swim academy for kids,22180,
Commonwealth+Swim+Club,"
9800 Commonwealth Blvd, Fairfax, VA 22032","
commonwealthswimclub.org","
(703) 323-6020",38.861766,-77.3549936,youth swim team,22180,
Villa+Aquatic+Club+Inc,"
4299 Andes Dr, Fairfax, VA 22030","
villaaquatic.com","
(703) 591-9447",38.8466428,-77.9073421,kids swimming lessons,22181,
Ridge+Heights+Pool+%28Reston+Association%29,"
11400 Ridge Heights Rd, Reston, VA 20191","
reston.org","
(703) 476-7084",38.8466428,-77.9073421,kids swimming lessons,22181,
Lake+Thoreau+Pool+%28Reston+Association%29,"
2040 Upper Lake Dr, Reston, VA 20191",,,38.8466428,-77.9073421,kids swimming lessons,22181,
Dogwood+Pool+%28Reston+Association%29,"
2460 Green Range Dr, Reston, VA 20191","
reston.org","
(703) 476-5717",38.8466428,-77.9073421,kids swimming lessons,22181,
Hunters+Woods+Pool+%28Reston+Association%29,"
2501 Reston Pkwy, Reston, VA 20191",,"
(703) 391-2187",38.8466428,-77.9073421,kids swimming lessons,22181,
Tall+Oaks+Pool+%28Reston+Association%29,"
12025 N Shore Dr, Reston, VA 20190",,"
(703) 435-1072",38.8466428,-77.9073421,kids swimming lessons,22181,
Pennywise+Thrift+Shop,"
214 Dominion Rd NE, Vienna, VA 22180","
holycomforter.com","
(703) 938-7062",38.8466428,-77.9073421,kids swimming lessons,22181,
Sapt:+Strength+And+Performance+Training,"
3170 Draper Dr Unit 9-10, Fairfax, VA 22031","
saptstrength.com","
(703) 865-8010",38.8466428,-77.9073421,kids swimming lessons,22181,
Long+Branch+Swim+%26+Racquet+Club,"
9100 Burnetta Dr, Annandale, VA 22003",,,38.8466428,-77.9073421,kids swimming lessons,22181,
Virginia+Hills+Swim+Club,"
6500 Virginia Hills Pool Dr, Alexandria, VA 22306","
vahillspool.com","
(703) 329-2360",38.8466428,-77.9073421,kids swimming lessons,22181,
Brandywine+Swim+Club,"
9537 Helenwood Dr, Fairfax, VA 22032","
brandywinepool.com","
(703) 323-1109",38.8224944,-77.4196242,youth swimming programs,22181,
Fairfax+Station+Swim+%26+Tennis+Club,"
6203 Old Arrington Ln, Fairfax Station, VA 22039","
fsstc.com","
(703) 250-7665",38.8224944,-77.4196242,youth swimming programs,22181,
Army+Navy+Country+Club+ +Fairfax,"
3315 Blenheim Blvd, Fairfax, VA 22030","
ancc.org","
(703) 359-5825",38.8224944,-77.4196242,youth swimming programs,22181,
South+Run+Swim+%26+Racquet+Club,"
9908 S Park Cir, Fairfax Station, VA 22039","
southrunswim.com","
(703) 455-5848",38.8224944,-77.4196242,youth swimming programs,22181,
Hammerzone+Sports,"
9709 Fairfax Blvd, Fairfax, VA 22030","
hammerzonesports.com","
(571) 307-5888",38.8224944,-77.4196242,youth swimming programs,22181,
Saratoga+Recreation+Group,"
8070 Edinburgh Dr, Springfield, VA 22153","
saratogapoolva.com","
(703) 455-5400",38.8224944,-77.4196242,youth swimming programs,22181,
Diventures,"
1007A Ruritan Circle, Sterling, VA 20164","
shorturl.at","
(703) 421-3483",38.8224944,-77.4196242,water safety classes for kids,22181,
Campaign+Pay+It+Forward,"
Admin Office ONLY, 9893 Georgetown Pike Suite 105, Great Falls, VA 22066","
campaignpayitforward.com",,38.8224944,-77.4196242,water safety classes for kids,22181,
Weaquatics,"
901 6th St SW, Washington, DC 20024","
weaquatics.com","
(202) 656-8423",38.8224944,-77.4196242,water safety classes for kids,22181,
Celebree+School+Of+Reston,"
11109 Sunset Hills Rd, Reston, VA 20190","
celebree.com","
(703) 349-3002",38.8224944,-77.4196242,water safety classes for kids,22181,
Baby+Toddler+%26+Preschool+Land,"
10400 Fairfax Village Dr, Fairfax, VA 22031","
babytoddlerpreschool.com","
(703) 279-7188",38.8224944,-77.4196242,water safety classes for kids,22181,
British+Swim+School+At+Aloft+Dulles+Airport+North+ +Ashburn,"
22390 Flagstaff Plaza, Ashburn, VA 20148","
britishswimschool.com","
(571) 446-3772",38.8224944,-77.4196242,private swim lessons for kids,22181,
Letswim+At+One+Loudoun+Community+Center+Pool,"
44605 Russell Branch Pkwy, Ashburn, VA 20147","
letswim.com","
(703) 717-3411",38.8224944,-77.4196242,private swim lessons for kids,22181,
Onelife+Fitness+ +Reston,"
11445 Isaac Newton Square S, Reston, VA 20190","
onelifefitness.com","
(703) 904-7600",38.8224944,-77.4196242,private swim lessons for kids,22181,
Uplands+Pool+%28Reston+Association%29,"
11032 Ring Rd, Reston, VA 20190","
aquaticsconnect.com","
(703) 435-2586",38.8224944,-77.4196242,aquatic center for kids,22181,
Shadowood+Pool+%28Reston+Association%29,"
2201 Springwood Dr, Reston, VA 20191","
reston.org","
(571) 751-6196",38.8224944,-77.4196242,aquatic center for kids,22181,
Life+Champ+Martial+Arts+Of+Reston,"
11160 South Lakes Dr, Reston, VA 20191","
hellokarate.com","
(703) 860-5555",38.8224944,-77.4196242,swim academy for kids,22181,
Silver+Knights+Chess+Academy,"
11160 South Lakes Dr, Reston, VA 20191","
hellokarate.com","
(703) 860-5555",38.8224944,-77.4196242,swim academy for kids,22181,
Hunters+Creek+Swim+%26+Racquet+Club,"
417 Queens Row St, Herndon, VA 20172","
hunterscreekpool.com","
(703) 437-9866",38.8224944,-77.4196242,youth swim team,22181,
Fox+Mill+Estates+Swim+And+Tennis+Club,"
2720 Viking Dr, Herndon, VA 20171","
foxmillpool.wordpress.com","
(703) 860-5540",38.8224944,-77.4196242,youth swim team,22181,
Great+Falls+Swim+And+Tennis,"
761 Walker Rd, Great Falls, VA 22066","
gfsandt.com","
(703) 759-3299",38.8224944,-77.4196242,youth swim team,22181,
The+Fish,"
1340 Old Chain Bridge Rd, McLean, VA 22101","
teamunify.com","
(703) 870-8664",38.8224944,-77.4196242,youth swim team,22181,
Mantua+Marlins,"
1340 Old Chain Bridge Rd, McLean, VA 22101","
teamunify.com","
(703) 870-8664",38.8224944,-77.4196242,youth swim team,22181,
North+Hills+Pool+%28Reston+Association%29,"
1325 N Village Rd, Reston, VA 20194",,"
(703) 435-6769",38.9838544,-78.4946449,kids swimming lessons,22182,
Lake+Newport+Pool+%28Reston+Association%29,"
1325 N Village Rd, Reston, VA 20194",,"
(703) 435-6769",38.9838544,-78.4946449,kids swimming lessons,22182,
Water+Mine+Family+Swimmin%27+Hole,"
1325 N Village Rd, Reston, VA 20194",,"
(703) 435-6769",38.9838544,-78.4946449,kids swimming lessons,22182,
River+Falls+Community+Center,"
7915 Horseshoe Ln, Potomac, MD 20854","
riverfalls.org","
(301) 299-6280",38.8890098,-77.4302571,indoor swim lessons for kids,22182,
Claude+Moore+Recreation+%26+Community+Center,"
46105 Loudoun Park Ln, Sterling, VA 20164","
loudoun.gov","
(571) 258-3600",39.0126282,-77.6928507,aquatic center for kids,22182,
Takoma+Aquatic+Center,"
46105 Loudoun Park Ln, Sterling, VA 20164","
loudoun.gov","
(571) 258-3600",39.0126282,-77.6928507,aquatic center for kids,22182,
Westlakes+Community+Center,"
46105 Loudoun Park Ln, Sterling, VA 20164","
loudoun.gov","
(571) 258-3600",39.0126282,-77.6928507,aquatic center for kids,22182,
Hayfield+Farm+Swim+Club,"
20903 Serenity Ct, Sterling, VA 20165","
cascadesva.com","
(571) 434-9810",39.0126282,-77.6928507,aquatic center for kids,22182,
Golf+Course+Island+Pool+%28Reston+Association%29,"
20903 Serenity Ct, Sterling, VA 20165","
cascadesva.com","
(571) 434-9810",39.0126282,-77.6928507,aquatic center for kids,22182,
Upton+Hill+Regional+Park,"
20903 Serenity Ct, Sterling, VA 20165","
cascadesva.com","
(571) 434-9810",39.0126282,-77.6928507,aquatic center for kids,22182,
Germantown+Indoor+Swim+Center,"
18000 Central Park Cir, Boyds, MD 20841","
montgomerycountymd.gov","
(240) 777-6830",39.0126282,-77.6928507,aquatic center for kids,22182,
Mc+Lean+Old+Fire+House+Center,"
18000 Central Park Cir, Boyds, MD 20841","
montgomerycountymd.gov","
(240) 777-6830",39.0126282,-77.6928507,aquatic center for kids,22182,
Langley+Swim+And+Tennis+Club,"
728 Live Oak Dr, McLean, VA 22101","
langleyclub.org","
(571) 318-9731",38.961298,-77.4790903,swim academy for kids,22182,
Metro+Swim+Shop,"
11215 Lee Hwy Service Rd suite k, Fairfax, VA 22030","
metroswimshop.com","
(703) 865-4230",38.850129,-77.9110088,indoor swim lessons for kids,22183,
Lake+Ridge+Community+Swim+Club,"
12640 Harbor Dr, Woodbridge, VA 22192","
swimlakeridge.com","
(703) 490-5658",38.850129,-77.9110088,indoor swim lessons for kids,22183,
Oak+Chase+Swim+%26+Racquet,"
8580 Oak Chase Cir, Fairfax Station, VA 22039","
crosspointeva.org","
(703) 690-3525",38.850129,-77.9110088,indoor swim lessons for kids,22183,
The+Oak+Ridge+Swim+Club,"
12803 Dusty Willow Rd, Manassas, VA 20112","
theorsc.com","
(703) 791-5577",38.850129,-77.9110088,indoor swim lessons for kids,22183,
Ale Topia+Swim+School,"
1658 Silver Hill Dr, Tysons, VA 22102",,,38.850129,-77.9110088,indoor swim lessons for kids,22183,
Edsall+Park+Swim+Club+Inc,"
5505 Montgomery St, Springfield, VA 22151","
edsallparkswimclub.com","
(703) 941-1609",38.850129,-77.9110088,indoor swim lessons for kids,22183,
Herndon+Recreation+Pool,"
1114 Monroe St, Herndon, VA 20170","
herndonswims.com","
(703) 707-0726",38.8482759,-77.9110155,youth swimming programs,22183,
Fair+Oaks+Pool,"
3720 Charles Stewart Dr, Fairfax, VA 22033","
fairoaksrec.com","
(703) 758-1980",38.8454964,-77.9110255,aquatic center for kids,22183,
A.V.+Symington+Aquatics+Center,"
80 Ida Lee Dr NW, Leesburg, VA 20176","
leesburgva.gov","
(703) 779-5390",38.8454964,-77.9110255,aquatic center for kids,22183,
South+Riding+Center+Pool,"
42420 Unicorn Dr, South Riding, VA 20152","
southriding.net","
(703) 327-5648",38.8454964,-77.9110255,aquatic center for kids,22183,
Ocean+Dunes+Waterpark,"
6060 Wilson Blvd, Arlington, VA 22205","
novaparks.com","
(703) 534-3437",38.8454964,-77.9110255,aquatic center for kids,22183,
Kennedy+Shriver+Aquatic+Center,"
5900 Executive Blvd, Rockville, MD 20852","
montgomerycountymd.gov","
(240) 777-8070",38.8454964,-77.9110255,aquatic center for kids,22183,
Zembiec+Pool,"
1555 Southgate Road, Bldg. 11, Arlington, VA 22214","
hendersonhall.usmc-mccs.org","
(703) 693-7351",38.8454964,-77.9110255,aquatic center for kids,22183,
Little+Falls+Swimming+Club,"
5205 Little Falls Dr, Bethesda, MD 20816","
littlefallsswimmingclub.com","
(301) 718-2469",38.9582336,-78.2531493,kids swimming lessons,22185,
Onelife+Fitness+ +Fairfax,"
12300 Price Clb Plz, Fairfax, VA 22030","
onelifefitness.com","
(703) 828-3422",38.8468191,-77.6608455,indoor swim lessons for kids,22185,
Faircrest+Cyclones,"
5401 Calamint Ct, Centreville, VA 20120","
swimfaircrest.com",,38.8463559,-77.6608472,youth swimming programs,22185,
Safesplash+Swim+School+ +Tysons+Corner,"
Inside Hilton Mclean, 7920 Jones Branch Dr, McLean, VA 22102","
safesplash.com","
(571) 933-8242",38.9264629,-77.5043863,water safety classes for kids,22185,
Safesplash+Swim+School+ +Chantilly,"
Inside Hilton Mclean, 7920 Jones Branch Dr, McLean, VA 22102","
safesplash.com","
(571) 933-8242",38.9264629,-77.5043863,water safety classes for kids,22185,
Mcnair+Farms+Community+Center,"
2491 McNair Farms Dr, Herndon, VA 20171","
mcnairfarmslb2.com","
(703) 713-6111",38.8948875,-77.7169608,aquatic center for kids,22185,
Victory+Lakes+Swimming+Pool,"
2491 McNair Farms Dr, Herndon, VA 20171","
mcnairfarmslb2.com","
(703) 713-6111",38.8948875,-77.7169608,aquatic center for kids,22185,
Meadows+Pool,"
42920 Center St, Chantilly, VA 20152","
southriding.net",,38.8948875,-77.7169608,aquatic center for kids,22185,
Kirkpatrick+Farms+Pool,"
42920 Center St, Chantilly, VA 20152","
southriding.net",,38.8948875,-77.7169608,aquatic center for kids,22185,
Dominion+Valley+Swimming+Pool,"
42920 Center St, Chantilly, VA 20152","
southriding.net",,38.8948875,-77.7169608,aquatic center for kids,22185,
Rutherford+Area+Swim+Club,,,,38.8948875,-77.7169608,swim academy for kids,22185,
Sideburn+Run+Recreation+Association,"
4609 Marley Rd, Fairfax, VA 22032","
rutherfordpool.org","
(703) 978-9853",38.8948875,-77.7169608,swim academy for kids,22185,
Greenbriar+Pool+Club,"
4609 Marley Rd, Fairfax, VA 22032","
rutherfordpool.org","
(703) 978-9853",38.8948875,-77.7169608,swim academy for kids,22185,
Burke+Station+Swim+Club,"
5820 Ridge Ford Dr, Burke, VA 22015","
burkestationswimclub.com","
(703) 912-9720",38.8948875,-77.7169608,youth swim team,22185,
Parliament+Pool+Association,"
8510 Parliament Dr, Springfield, VA 22151","
parliament-pool.com","
(703) 978-5522",38.8948875,-77.7169608,youth swim team,22185,
Parrotfish+Swim+School,"
13570 Lynn St, Woodbridge, VA 22191","
parrotfishswimschool.com","
(703) 999-0196",38.6958314,-77.5096826,kids swimming lessons,22199,
Oakwood+Pool,"
12619 Oakwood Dr, Woodbridge, VA 22192","
lakeridgeva.com","
(703) 494-9724",38.6958314,-77.5096826,kids swimming lessons,22199,
Laurel+Hill+Community+Center,"
8380 Laurel Crest Dr, Lorton, VA 22079","
laurel-hill.org","
(703) 493-8961",38.6958314,-77.5096826,kids swimming lessons,22199,
Edgewood+Pool,"
12498 McIntire Dr, Lake Ridge, VA 22192","
lakeridgeva.com","
(703) 490-6299",38.6958314,-77.5096826,kids swimming lessons,22199,
Westridge+Swim+%26+Racquet+Club,"
12764 Quarterhorse Ln, Woodbridge, VA 22192","
westridgeva.org","
(703) 590-1600",38.6958314,-77.5096826,kids swimming lessons,22199,
Dale+City+Frogs,"
14731 Birchdale Ave, Woodbridge, VA 22193","
dalecityfrogs.com",,38.6958314,-77.5096826,kids swimming lessons,22199,
Reids+Prospect Swimming+Pool,"
12700 Stone Lined Cir, Woodbridge, VA 22192",,"
(571) 285-1288",38.6958314,-77.5096826,kids swimming lessons,22199,
Kid%27S+Choice+Sport+%26+Fun+Center,"
13000 Sport and Health Dr, Woodbridge, VA 22192","
kidschoicesportandfuncenter.com","
(703) 940-3700",38.6958314,-77.5096826,kids swimming lessons,22199,
Hammill+Mill+Pool,"
1721 Carter Ln, Woodbridge, VA 22191","
pwcva.gov","
(703) 491-1074",38.6958314,-77.5096826,kids swimming lessons,22199,
Veterans+Community+Pool,"
14300 Veterans Dr, Woodbridge, VA 22191","
pwcva.gov","
(703) 792-8794",38.6958314,-77.5096826,kids swimming lessons,22199,
Princeton+Woods+Swim+%26+Racquet,"
17000 Naples Ln, Dumfries, VA 22026",,"
(703) 221-7269",38.6958314,-77.5096826,kids swimming lessons,22199,
Onelife+Fitness+ +Woodbridge,"
2401 Rock Bridge Ct, Woodbridge, VA 22191","
onelifefitness.com","
(703) 897-0200",38.6958314,-77.5096826,kids swimming lessons,22199,
Crosspointe+Swim+%26+Racquet,"
8275 Glen Eagles Ln, Fairfax Station, VA 22039","
crosspointeva.org","
(703) 690-2321",38.6958314,-77.5096826,kids swimming lessons,22199,
Hammill+Mill+Park,"
1721 Carter Ln, Woodbridge, VA 22191","
pwcva.gov","
(703) 491-1074",38.6958314,-77.5096826,kids swimming lessons,22199,
Harbor+Drive+Wellness+Park,"
13030 Harbor Dr, Lake Ridge, VA 22192","
pwcva.gov","
(703) 792-7060",38.6958314,-77.5096826,kids swimming lessons,22199,
Gold%27S+Gym+ +Lorton,"
13030 Harbor Dr, Lake Ridge, VA 22192","
pwcva.gov","
(703) 792-7060",38.6958314,-77.5096826,kids swimming lessons,22199,
Learning+Paths+Academy+Occoquan,"
1511 Old Bridge Rd, Woodbridge, VA 22192","
learningpathsacademy.com","
(540) 530-4243",38.6958314,-77.5096826,kids swimming lessons,22199,
Veterans+Memorial+Park,"
14300 Veterans Dr, Woodbridge, VA 22191","
pwcva.gov","
(703) 792-8794",38.6958314,-77.5096826,kids swimming lessons,22199,
"Method+Gym+ +Dale+City,+Va","
4176 Dale Blvd, Woodbridge, VA 22193","
methodgym.com","
(703) 680-0772",38.6958314,-77.5096826,kids swimming lessons,22199,
British+Swim+School,"
4176 Dale Blvd, Woodbridge, VA 22193","
methodgym.com","
(703) 680-0772",38.6958314,-77.5096826,kids swimming lessons,22199,
Pirate%27S+Cove+Waterpark,"
6501 Pohick Bay Dr, Lorton, VA 22079","
novaparks.com","
(703) 339-6102",38.6958314,-77.5096826,kids swimming lessons,22199,
Sharron+Baucom+Dale+City+Recreation+Center,"
14300 Minnieville Rd, Dale City, VA 22193","
pwcva.gov","
(703) 792-8650",38.6956001,-77.5096834,indoor swim lessons for kids,22199,
Southlake+Recreation+Association,"
5070 Higgins Dr, Montclair, VA 22025",,"
(855) 477-2267",38.614006,-77.6493759,indoor swim lessons for kids,22199,
Birchdale+Recreation+Center,"
14730 Birchdale Ave, Dale City, VA 22193","
pwcva.gov","
(703) 670-5178",38.6130813,-77.6493792,aquatic center for kids,22199,
Ridgewood+Pool,"
12396 Oakwood Dr, Lake Ridge, VA 22192","
lakeridgeva.com","
(703) 494-2838",38.6130813,-77.6493792,aquatic center for kids,22199,
Lake+Ridge+Association+Spray+Ground,"
3850 Hartlake St, Woodbridge, VA 22193","
lakeridgeva.com","
(703) 590-5757",38.6130813,-77.6493792,aquatic center for kids,22199,
Birchdale+Community+Pool,"
14730 Birchdale Ave, Dale City, VA 22193","
pwcva.gov","
(703) 670-5178",38.6130813,-77.6493792,aquatic center for kids,22199,
Port+Potomac+Pool,"
16201 Navigation Dr, Woodbridge, VA 22191","
portpotomachoa.com",,38.6130813,-77.6493792,aquatic center for kids,22199,
Westridge+Swimming+Pool,"
Charles Pearre Cir, Lake Ridge, VA 22192","
westridgeva.org","
(703) 730-3975",38.6130813,-77.6493792,aquatic center for kids,22199,
Markham%27S+Grant+Pool,"
15501 Mendoza Ln, Woodbridge, VA 22191",,,38.6130813,-77.6493792,aquatic center for kids,22199,
Veterans+Community+Center,"
14300 Featherstone Rd, Woodbridge, VA 22191",,,38.6130813,-77.6493792,aquatic center for kids,22199,
Walden+Glen+Swim+%26+Racquet+Club,"
6126 Harmon Pl, West Springfield, VA 22152","
waldenglenpool.org","
(703) 451-9503",38.6130813,-77.6493792,swim academy for kids,22199,
Knights+Of+Columbus+Swimming+Pool,"
5115 Little Falls Rd, Arlington, VA 22207","
columbusclubpools.com","
(703) 536-9656",38.8623858,-77.2475318,kids swimming lessons,22213,
City+Of+Falls+Church+Community+Center,"
223 Little Falls St, Falls Church, VA 22046","
fallschurchva.gov","
(703) 248-5077",38.8861012,-77.3159377,kids swimming lessons,22213,
Sleepy+Hollow+Bath+%26+Racquet+%28Shbr%29,"
3516 Sleepy Hollow Rd, Falls Church, VA 22044","
shbr.org","
(703) 241-9731",38.8861012,-77.3159377,kids swimming lessons,22213,
Dominion+Hills+Area+Recreation,"
6000 Wilson Blvd, Arlington, VA 22205","
dominionhills.org","
(703) 533-7550",38.8859275,-77.3159383,youth swimming programs,22213,
Arlington+Forest+Club,"
5401 N Carlin Springs Rd, Arlington, VA 22203","
arlingtonforestclub.org","
(703) 527-1782",38.8859275,-77.3159383,youth swimming programs,22213,
Capstone+Performance+Training+ +Falls+Church,"
444 W Broad St ste b, Falls Church, VA 22046","
capstoneperformancetraining.com","
(703) 914-3591",38.8859275,-77.3159383,youth swimming programs,22213,
Scramble+Falls+Church,"
130 E Fairfax St, Falls Church, VA 22046","
goscramble.com","
(703) 665-1343",38.8858696,-77.3159385,water safety classes for kids,22213,
Casual+Adventure+Outfitters,"
3451 Washington Blvd, Arlington, VA 22201","
casualadventure.com","
(703) 527-0600",38.8858696,-77.3159385,water safety classes for kids,22213,
Legitswim+Llc,"
3451 Washington Blvd, Arlington, VA 22201","
casualadventure.com","
(703) 527-0600",38.8858696,-77.3159385,water safety classes for kids,22213,
Glen+Forest+Community+Pool,"
3300 Kaywood Pl, Falls Church, VA 22041","
gfcpool.org","
(703) 379-4228",38.8857537,-77.3159389,aquatic center for kids,22213,
