name,address,website,has_website,phone_number,business_type,reviews_count,reviews_average,latitude,longitude,keyword,category,searched_zipcode,email_1,email_2,email_3,all_emails,facebook,instagram,email_found,scrape_status
"Shake Shack Dallas, Uptown","2500 N Pearl St, Dallas, TX 75201",https://shakeshack.com,Yes,(214) 983-1023,,765.0,2.0,32.7934617,-96.8211527,quick service restaurant,Food & Restaurant,75201,,,,,,,No,no_contact_found
The Exchange Food Hall,"211 S Akard St, Dallas, TX 75202",https://theexchangehall.com,Yes,(214) 464-8101,,366.0,1.0,32.7794769,-96.8177616,quick service restaurant,Food & Restaurant,75201,,,,,https://www.facebook.com/exchangehall,https://www.instagram.com/theexchangehall/,No,no_contact_found
Talkinspoon by Guest365,"1716 Young St Suite 125, Dallas, TX 75201",https://talkinspoon.com,Yes,(469) 604-5351,,2.0,16.0,32.7794769,-96.8177616,quick service restaurant,Food & Restaurant,75201,,,,,,https://www.instagram.com/talkinspoon/,No,no_contact_found
All Day,"420 S Ervay St UNIT 100, Dallas, TX 75201",https://allday.com,Yes,(877) 720-1324,,1.0,3.0,32.7794769,-96.8177616,quick service restaurant,Food & Restaurant,75201,,,,,,,No,no_contact_found
Chop House Burger Dallas,"1501 Main St, Dallas, TX 75201",https://chophouseburger.com,Yes,(214) 741-2747,,310.0,2.0,32.7794769,-96.8177616,quick service restaurant,Food & Restaurant,75201,,,,,https://www.facebook.com/ChopHouseBurger,http://instagram.com/chophouseburger,No,no_contact_found
Power House Cafe,"601 N Akard St, Dallas, TX 75201",https://powerhouse.cafe,Yes,(214) 871-7126,,8.0,7.0,32.7794769,-96.8177616,quick service restaurant,Food & Restaurant,75201,,,,,,,No,no_contact_found
Chick-fil-A,"1401 Elm St Ste 220, Dallas, TX 75202",https://chick-fil-a.com,Yes,(214) 748-4520,,334.0,1.0,32.7794769,-96.8177616,quick service restaurant,Food & Restaurant,75201,,,,,,,No,no_contact_found
Primo Tacos and Hot Dogs,"300 N Akard St #110, Dallas, TX 75201",https://primotacosandhotdogs.square.site,Yes,(469) 547-2047,,8.0,22.0,32.7794769,-96.8177616,quick service restaurant,Food & Restaurant,75201,,,,,,,No,no_contact_found
Eloisas kitchen,"16 Woodall Rodgers Fwy, Dallas, TX 75201",https://eloisaskitchen.com,Yes,(469) 251-3536,,2.0,29.0,32.7794769,-96.8177616,quick service restaurant,Food & Restaurant,75201,eloisa@eloisaskitchen.com,,,eloisa@eloisaskitchen.com,,https://www.instagram.com/eloisitas/,Yes,found_homepage
Williams Chicken,"407 N Lamar St, Dallas, TX 75202",https://williamschicken.com,Yes,(469) 941-4891,,8.0,36.0,32.7794769,-96.8177616,quick service restaurant,Food & Restaurant,75201,,,,,,,No,no_contact_found
Uno Mas Tex Mex,"1525 Main St, Dallas, TX 75201",https://unomastexmex.com,Yes,,,471.0,5.0,32.7794769,-96.8177616,quick service restaurant,Food & Restaurant,75201,downtowndallas@unomastexmex.com,,,downtowndallas@unomastexmex.com,,https://www.instagram.com/unomastexmex/,Yes,found_subpage
Potbelly,"2222 McKinney Ave, Dallas, TX 75201",https://potbelly.com,Yes,(214) 303-1007,,1.0,30.0,32.7933716,-96.8201553,quick service restaurant,Food & Restaurant,75201,,,,,,,No,no_contact_found
Snap Kitchen - Uptown,"2222 McKinney Ave STE 110, Dallas, TX 75201",https://snapkitchen.com,Yes,(469) 206-3460,,1.0,19.0,32.7933716,-96.8201553,quick service restaurant,Food & Restaurant,75201,,,,,,https://www.instagram.com/snapkitchen/,No,no_contact_found
Mendocino Farms,"2000 Ross Ave, Dallas, TX 75201",https://mendocinofarms.com,Yes,(214) 379-1490,,8.0,25.0,32.7933716,-96.8201553,quick service restaurant,Food & Restaurant,75201,,,,,,,No,no_contact_found
McDonalds,"1000 Commerce St, Dallas, TX 75202",https://mcdonalds.com,Yes,(469) 227-8533,,248.0,5.0,32.778673,-96.8210514,quick service restaurant,Food & Restaurant,75201,franchising@us.mcd.com,,,franchising@us.mcd.com,https://www.facebook.com/McDonalds/,https://www.instagram.com/wearegolden/,Yes,found_subpage
Salata,"1700 Pacific Ave Suite No. C105, Dallas, TX 75201",https://salata.com,Yes,(214) 855-9898,,4.0,3.0,32.778673,-96.8210514,quick service restaurant,Food & Restaurant,75201,contact@salata.com,,,contact@salata.com,https://www.facebook.com/SalataSalads,https://instagram.com/salatasalads,Yes,found_homepage
Lubys Culinary at Courts Cafe,"500 Elm St, Dallas, TX 75202",https://lubyscs.com,Yes,,,1.0,9.0,32.778673,-96.8210514,quick service restaurant,Food & Restaurant,75201,culinaryservices@lubyscs.com,,,culinaryservices@lubyscs.com,,,Yes,found_homepage
Smashburger,"2222 McKinney Ave, Dallas, TX 75201",https://smashburger.com,Yes,(469) 341-3394,,306.0,1.0,32.7934937,-96.8201175,quick service restaurant,Food & Restaurant,75201,,,,,https://www.facebook.com/smashburger,https://www.instagram.com/smashburger/,No,no_contact_found
Freebirds World Burrito,"2222 McKinney Ave, Dallas, TX 75201",https://smashburger.com,Yes,(469) 341-3394,,306.0,1.0,32.7934937,-96.8201175,quick service restaurant,Food & Restaurant,75201,,,,,https://www.facebook.com/smashburger,https://www.instagram.com/smashburger/,No,no_contact_found
The Woolworth,"1520 Elm St #201, Dallas, TX 75201",https://thewoolworthdallas.com,Yes,(214) 814-0588,,392.0,8.0,32.7934937,-96.8201175,quick service restaurant,Food & Restaurant,75201,info@thewoolworthdallas.com,,,info@thewoolworthdallas.com,https://www.facebook.com/TheWoolworth/,https://www.instagram.com/thewoolworth/,Yes,found_homepage
Overeasy,"1914 Commerce St, Dallas, TX 75201",https://overeasydallas.com,Yes,(469) 320-8998,,4.0,70.0,32.7934937,-96.8201175,quick service restaurant,Food & Restaurant,75201,khunter@sunwestpr.com,,,khunter@sunwestpr.com,https://www.facebook.com/OvereasyDallas/,https://www.instagram.com/overeasydallas/,Yes,found_subpage
Hops & Hens,"665 S Lamar St, Dallas, TX 75202",https://omnihotels.com,Yes,(214) 979-4512,,0.0,44.0,32.7754503,-96.8216108,quick service restaurant,Food & Restaurant,75201,,,,,,,No,no_contact_found
"Moudis (Bagels, Deli, and Mediterranean)","1700 Pacific Ave Ste C107, Dallas, TX 75201",https://instagram.com,Yes,,,0.0,35.0,32.7754503,-96.8216108,quick service restaurant,Food & Restaurant,75201,,,,,,,No,no_contact_found
everbowl,"200 Crescent Ct Suite 60, Dallas, TX 75201",https://everbowl.com,Yes,(972) 925-9025,,3.0,30.0,32.7936538,-96.8219323,quick service restaurant,Food & Restaurant,75201,,,,,https://www.facebook.com/everbowl,https://www.instagram.com/everbowlcraftsuperfood/,No,no_contact_found
Pei Wei Asian Kitchen,"2222 McKinney Ave Suite 100, Dallas, TX 75201",https://peiwei.com,Yes,(214) 965-0007,,378.0,1.0,32.7936538,-96.8219323,quick service restaurant,Food & Restaurant,75201,,,,,,,No,no_contact_found
Grandy's,"901 Main St Suite C106A, Dallas, TX 75202",https://grandys.com,Yes,(214) 655-2677,,7.0,5.0,32.7802567,-96.8215582,quick service restaurant,Food & Restaurant,75201,scott_wilson@grandys.com,,,scott_wilson@grandys.com,https://www.facebook.com/grandys,,Yes,found_subpage
St. Paul Cafe,"1707 San Jacinto St, Dallas, TX 75201",https://firstdallas.org,Yes,(214) 969-7753,,1.0,19.0,32.7802567,-96.8215582,quick service restaurant,Food & Restaurant,75201,info@firstdallas.org,press@firstdallas.org,customerservice@ptv.org,info@firstdallas.org | press@firstdallas.org | customerservice@ptv.org,http://www.facebook.com/fbcdallas,https://instagram.com/firstdallas/,Yes,found_homepage
Corner Bakery Cafe,"301 N Market St Ste 100, Dallas, TX 75202",https://cornerbakerycafe.com,Yes,(214) 651-8650,,8.0,94.0,32.7802567,-96.8215582,quick service restaurant,Food & Restaurant,75201,press@cornerbakerycafe.com,,,press@cornerbakerycafe.com,https://www.facebook.com/cornerbakerycafe,https://www.instagram.com/cornerbakery/,Yes,found_subpage
Bowl and Burger,"301 N Market St Ste 100, Dallas, TX 75202",https://cornerbakerycafe.com,Yes,(214) 651-8650,,8.0,94.0,32.7802567,-96.8215582,quick service restaurant,Food & Restaurant,75201,press@cornerbakerycafe.com,,,press@cornerbakerycafe.com,https://www.facebook.com/cornerbakerycafe,https://www.instagram.com/cornerbakery/,Yes,found_subpage
Poblanos Cafe,"1700 Pacific Ave C-103, Dallas, TX 75201",https://poblanoscafe.com,Yes,(214) 220-1114,,9.0,4.0,32.7802567,-96.8215582,quick service restaurant,Food & Restaurant,75201,info@poblanoscafe.com,,,info@poblanoscafe.com,https://www.facebook.com/,,Yes,found_subpage
Campisi's,"1520 Elm St #111, Dallas, TX 75201",https://campisis.us,Yes,(214) 752-0141,,160.0,2.0,32.7802567,-96.8215582,quick service restaurant,Food & Restaurant,75201,cater@campisis.us,,,cater@campisis.us,https://www.facebook.com/CampisisRestaurants,https://www.instagram.com/campisisrestaurants/,Yes,found_homepage
Salsa Limn,"411 N Akard St, Dallas, TX 75201",https://salsalimon.com,Yes,(972) 803-4388,,534.0,1.0,32.7802567,-96.8215582,quick service restaurant,Food & Restaurant,75201,contact@salsalimon.com,feedback@salsalimon.com,,contact@salsalimon.com | feedback@salsalimon.com,https://www.facebook.com/salsalimon/,https://www.instagram.com/salsalimon,Yes,found_homepage
Press Box Grill,"SW Corner of Elm and, 1623 Main Street, N Ervay St #101, Dallas, TX 75201",https://pressboxgrill.com,Yes,(214) 747-8226,,634.0,1.0,32.7802567,-96.8215582,quick service restaurant,Food & Restaurant,75201,,,,,,,No,no_contact_found
BBQ DNA,"211 N Ervay St Ste 110, Dallas, TX 75201",https://bbq-dna.com,Yes,(214) 702-1388,,6.0,20.0,32.7802567,-96.8215582,quick service restaurant,Food & Restaurant,75201,info@bbqdna.com,,,info@bbqdna.com,,,Yes,found_homepage
Kuai Asian Kitchen,"325 North St. Paul Street C9, Dallas, TX 75201",https://kuaidumplings.com,Yes,(972) 789-1199,,2.0,10.0,32.7802567,-96.8215582,quick service restaurant,Food & Restaurant,75201,,,,,https://www.facebook.com/75976889992,https://www.instagram.com/kuaiasiankitchen,No,no_contact_found
The Henry,"2301 N Akard St Suite 250, Dallas, TX 75201",https://thehenryrestaurant.com,Yes,(972) 677-9560,,404.0,3.0,32.7802567,-96.8215582,quick service restaurant,Food & Restaurant,75201,,,,,https://www.facebook.com/TheHenryRestaurant,https://www.instagram.com/thehenryrestaurant,No,no_contact_found
Ascension Coffee - Crescent Court,"200 Crescent Ct #40, Dallas, TX 75201",https://ascension.coffee,Yes,(469) 941-4542,,5.0,73.0,32.7802567,-96.8215582,quick service restaurant,Food & Restaurant,75201,,,,,https://www.facebook.com/AscensionCoffee/,https://www.instagram.com/ascensioncoffee/,No,no_contact_found
Carmine's Pizza Downtown,"2006 San Jacinto St #100, Dallas, TX 75201",https://carminespizzadallas.com,Yes,(214) 520-6000,,2.0,99.0,32.7802567,-96.8215582,quick service restaurant,Food & Restaurant,75201,,,,,https://www.facebook.com/carminespizzadowntown,https://www.instagram.com/carminespizzadowntown/,No,no_contact_found
La Parada,"2000 Woodall Rodgers Fwy, Dallas, TX 75201",https://laparadaonthepark.com,Yes,(214) 531-6062,,9.0,3.0,32.7802567,-96.8215582,quick service restaurant,Food & Restaurant,75201,,,,,https://www.facebook.com/MiCocinaTexmex,https://www.instagram.com/micocina/,No,no_contact_found
Sandoitchi,"1604 Main St Suite 110, Dallas, TX 75201",https://sandoitchi.com,Yes,,,0.0,21.0,32.7802567,-96.8215582,quick service restaurant,Food & Restaurant,75201,order@sandoitchi.menu,,,order@sandoitchi.menu,,https://www.instagram.com/sando.itchi,Yes,found_homepage
McDonald's,"700 N Pearl St, Dallas, TX 75201",https://mcdonalds.com,Yes,(214) 999-1170,,0.0,17.0,32.7802567,-96.8215582,quick service restaurant,Food & Restaurant,75201,franchising@us.mcd.com,,,franchising@us.mcd.com,https://www.facebook.com/McDonalds/,https://www.instagram.com/wearegolden/,Yes,found_subpage
The Operators Club,"2019 N Lamar St Suite 100, Dallas, TX 75202",https://operatorsclub.com,Yes,(469) 389-2121,,2.0,73.0,32.7802567,-96.8215582,quick service restaurant,Food & Restaurant,75201,,,,,,,No,no_contact_found
Namak Indian Cuisine,"1700 Pacific Ave, opp to starbucks, C101, on, S Ervay St side, Dallas, TX 75201",https://namakdallas.com,Yes,(972) 982-2006,,589.0,10.0,32.7802567,-96.8215582,quick service restaurant,Food & Restaurant,75201,,,,,,,No,no_contact_found
The Bar on the Park,"1700 Pacific Ave, opp to starbucks, C101, on, S Ervay St side, Dallas, TX 75201",https://namakdallas.com,Yes,(972) 982-2006,,589.0,10.0,32.7802567,-96.8215582,quick service restaurant,Food & Restaurant,75201,,,,,,,No,no_contact_found
Caf OLIVIA,"2200 Ross Ave suite 100, Dallas, TX 75201",https://cafeoliviatx.com,Yes,(214) 238-6216,,9.0,6.0,32.7802567,-96.8215582,quick service restaurant,Food & Restaurant,75201,,,,,https://www.facebook.com/cafeoliviatx,https://www.instagram.com/cafeoliviatx/,No,no_contact_found
Whataburger,"2428 N Haskell Ave., Dallas, TX 75204",https://locations.whataburger.com,Yes,(214) 821-0293,,131.0,5.0,32.7802567,-96.8215582,quick service restaurant,Food & Restaurant,75201,,,,,https://www.facebook.com/whataburger,https://instagram.com/whataburger,No,no_contact_found
crushcraft Thai Eats,"2428 N Haskell Ave., Dallas, TX 75204",https://locations.whataburger.com,Yes,(214) 821-0293,,131.0,5.0,32.7802567,-96.8215582,quick service restaurant,Food & Restaurant,75201,,,,,https://www.facebook.com/whataburger,https://instagram.com/whataburger,No,no_contact_found
ASTRA Kitchen + Lounge,"1717 Leonard St, Dallas, TX 75201",https://astradallas.com,Yes,(972) 629-0924,,4.0,53.0,32.7802567,-96.8215582,quick service restaurant,Food & Restaurant,75201,info@astradallas.com,,,info@astradallas.com,https://www.facebook.com/astradfw/,https://www.instagram.com/astradfw,Yes,found_subpage
The Conservatory,"400 Crescent Ct, Dallas, TX 75201",https://crescentcourt.com,Yes,(214) 871-3240,,8.0,1.0,32.7802567,-96.8215582,quick service restaurant,Food & Restaurant,75201,,,,,,,No,no_contact_found
Haywire,"1920 McKinney Ave Ste 100, Dallas, TX 75201",https://haywirerestaurant.com,Yes,(469) 501-5522,,951.0,1.0,32.7802567,-96.8215582,quick service restaurant,Food & Restaurant,75201,,,,,https://www.facebook.com/haywirerestaurant,https://www.instagram.com/haywirerestaurants/,No,no_contact_found
MIXT Salads,"1920 McKinney Ave Ste 100, Dallas, TX 75201",https://haywirerestaurant.com,Yes,(469) 501-5522,,951.0,1.0,32.7802567,-96.8215582,quick service restaurant,Food & Restaurant,75201,,,,,https://www.facebook.com/haywirerestaurant,https://www.instagram.com/haywirerestaurants/,No,no_contact_found
Fond,"1601 Elm St suite 110, Dallas, TX 75201",https://fond-dallas.com,Yes,(972) 803-6045,,3.0,12.0,32.7802567,-96.8215582,quick service restaurant,Food & Restaurant,75201,filler@godaddy.com,,,filler@godaddy.com,https://www.facebook.com/profile.php?id=100095127563521,https://www.instagram.com/fonddallas,Yes,found_homepage
Yolk - One Arts Plaza,"1722 Routh St #132, Dallas, TX 75201",https://eatyolk.com,Yes,(214) 855-9655,,208.0,2.0,32.7802567,-96.8215582,quick service restaurant,Food & Restaurant,75201,info@eatyolk.com,,,info@eatyolk.com,https://www.facebook.com/EatYolk,http://instagram.com/eatyolk#,Yes,found_homepage
Abe's Flavor Flave (Food Truck),"1722 Routh St #132, Dallas, TX 75201",https://eatyolk.com,Yes,(214) 855-9655,,208.0,2.0,32.7802567,-96.8215582,quick service restaurant,Food & Restaurant,75201,info@eatyolk.com,,,info@eatyolk.com,https://www.facebook.com/EatYolk,http://instagram.com/eatyolk#,Yes,found_homepage
La Stella Cucina Verace,"2330 Flora St #150, Dallas, TX 75201",https://lastellatx.com,Yes,(469) 663-7800,,538.0,2.0,32.7802567,-96.8215582,quick service restaurant,Food & Restaurant,75201,management@lastellatx.com,,,management@lastellatx.com,https://www.facebook.com/LaStellaDallas/,https://www.instagram.com/lastelladallas/,Yes,found_homepage
Subway,"Food Court, 1700 Pacific Ave Suite C104, Dallas, TX 75201",https://restaurants.subway.com,Yes,(214) 965-9499,,2.0,2.0,32.7802567,-96.8215582,quick service restaurant,Food & Restaurant,75201,,,,,,,No,no_contact_found
Broadway Pizza,"Food Court, 1700 Pacific Ave Suite C104, Dallas, TX 75201",https://restaurants.subway.com,Yes,(214) 965-9499,,2.0,2.0,32.7802567,-96.8215582,quick service restaurant,Food & Restaurant,75201,,,,,,,No,no_contact_found
Mason's Famous Lobster Rolls,"2301 N Akard St Suite 260, Dallas, TX 75201",https://masonslobster.com,Yes,(972) 209-8235,,1.0,21.0,32.7802567,-96.8215582,quick service restaurant,Food & Restaurant,75201,,,,,,,No,no_contact_found
ELOTE Co. Mexican Snacks,"1952 N Harwood St, Dallas, TX 75201",https://mexicansnaks.com,Yes,,,5.0,1.0,32.7802567,-96.8215582,quick service restaurant,Food & Restaurant,75201,,,,,,,No,no_contact_found
Starship Bagel,"1520 Elm St #107, Dallas, TX 75201",https://starshipbagel.com,Yes,(469) 772-9606,,7.0,37.0,32.7802567,-96.8215582,quick service restaurant,Food & Restaurant,75201,,,,,,,No,no_contact_found
45 Oaks Cafe and Catering,"1520 Elm St #107, Dallas, TX 75201",https://starshipbagel.com,Yes,(469) 772-9606,,7.0,37.0,32.7802567,-96.8215582,quick service restaurant,Food & Restaurant,75201,,,,,,,No,no_contact_found
Black Tap Craft Burgers & Beer - Dallas,"2475 Victory Park Ln Ste 120, Dallas, TX 75219",https://blacktap.com,Yes,(469) 341-8288,,170.0,1.0,32.7886084,-96.8457531,burger restaurant,Food & Restaurant,75201,,,,,,,No,no_contact_found
Hopdoddy Burger Bar,"3227 McKinney Ave #102, Dallas, TX 75204",https://hopdoddy.com,Yes,(214) 871-2337,,542.0,2.0,32.7886084,-96.8457531,burger restaurant,Food & Restaurant,75201,,,,,https://www.facebook.com/hopdoddy,https://www.instagram.com/hopdoddy/,No,no_contact_found
Twisted Root Burger Co.,"2615 Commerce St, Dallas, TX 75226",https://twistedrootburgerco.com,Yes,(214) 741-7668,,465.0,3.0,32.7830071,-96.8215523,burger restaurant,Food & Restaurant,75201,,,,,https://www.facebook.com/TwistedRoot/,https://www.instagram.com/twistedrootburger/,No,no_contact_found
Speed Burgers and More,"1201 Main St, Dallas, TX 75202",https://facebook.com,Yes,(469) 914-0141,,6.0,7.0,32.7830071,-96.8215523,burger restaurant,Food & Restaurant,75201,,,,,,,No,no_contact_found
Easy Slider - The Exchange Hall,"211 S Akard St, Dallas, TX 75202",https://easyslidertexas.com,Yes,,,1.0,3.0,32.7830071,-96.8215523,burger restaurant,Food & Restaurant,75201,info@easyslidertexas.com,,,info@easyslidertexas.com,https://www.facebook.com/people/Easy-Slider/100063592390037/,https://www.instagram.com/easyslidertx/?hl=en,Yes,found_homepage
MrBeast Burger,"1700 Pacific Ave c111, Dallas, TX 75201",https://mrbeastburger.com,Yes,(877) 232-7898,,,,32.7830071,-96.8215523,burger restaurant,Food & Restaurant,75201,,,,,,,No,no_contact_found
Sky Rocket Burger-Dallas,"111 S Hall St, Dallas, TX 75226",https://skyrocketburger.com,Yes,(469) 577-9573,,84.0,1.0,32.7842307,-96.8149115,burger restaurant,Food & Restaurant,75201,,,,,https://facebook.com/Sky-Rocket-Burger-1388740504572269/,https://www.instagram.com/skyrocketburgers/,No,no_contact_found
Rodeo Goat,"1926 Market Center Blvd, Dallas, TX 75207",https://rodeogoat.com,Yes,(214) 741-4628,,431.0,8.0,32.7972052,-96.8599638,burger restaurant,Food & Restaurant,75201,,,,,,,No,no_contact_found
NADC Burger,"2908 McKinney Ave, Dallas, TX 75204",https://nadcburger.com,Yes,(855) 328-6232,,1.0,13.0,32.7934617,-96.8391772,burger restaurant,Food & Restaurant,75201,,,,,https://www.facebook.com/nadcburger/,http://instagram.com/nadcburger,No,no_contact_found
Angry Dog,"2726 Commerce St, Dallas, TX 75226",https://angrydog.com,Yes,(214) 741-4406,,816.0,2.0,32.7828864,-96.8196082,burger restaurant,Food & Restaurant,75201,,,,,,,No,no_contact_found
Village Burger Bar,"3699 McKinney Ave C-325, Dallas, TX 75204",https://villageburgerbar.com,Yes,(214) 443-9998,,538.0,1.0,32.7901512,-96.8395294,burger restaurant,Food & Restaurant,75201,,,,,,,No,no_contact_found
Sloane's Corner,"2001 Ross Ave Suite 125, Dallas, TX 75201",https://sloanescorner.com,Yes,(214) 484-1395,,5.0,50.0,32.7901512,-96.8395294,burger restaurant,Food & Restaurant,75201,,,,,,,No,no_contact_found
In Good Company,"2001 Ross Ave Suite 125, Dallas, TX 75201",https://sloanescorner.com,Yes,(214) 484-1395,,5.0,50.0,32.7901512,-96.8395294,burger restaurant,Food & Restaurant,75201,,,,,,,No,no_contact_found
Maple & Motor,"4810 Maple Ave, Dallas, TX 75219",https://mapleandmotor.com,Yes,(214) 522-4400,,547.0,3.0,32.8151984,-96.863112,burger restaurant,Food & Restaurant,75201,catering@mapleandmotor.com,info@mapleandmotor.com,,catering@mapleandmotor.com | info@mapleandmotor.com,http://www.facebook.com/mapleandmotor,,Yes,found_homepage
Okie Dokie Smash Burgers,"3510 Ross Ave ste 100, Dallas, TX 75204",https://oomikitchen.com,Yes,(469) 372-0396,,,,32.7962347,-96.8236499,burger restaurant,Food & Restaurant,75201,info@oomikitchen.com,,,info@oomikitchen.com,https://www.facebook.com/oomikitchen,https://www.instagram.com/oomikitchen/,Yes,found_homepage
Doc B's Restaurant,"2021 McKinney Ave #190, Dallas, TX 75201",https://docbsrestaurant.com,Yes,(469) 998-2330,,7.0,95.0,32.7962347,-96.8236499,burger restaurant,Food & Restaurant,75201,,,,,,,No,no_contact_found
Hunky's Old Fashioned Hamburgers - Cedar Springs,"3930 Cedar Springs Rd, Dallas, TX 75219",https://hunkys.com,Yes,(214) 522-1212,,399.0,2.0,32.8110311,-96.8468568,burger restaurant,Food & Restaurant,75201,,,,,https://www.facebook.com/,https://www.instagram.com/,No,no_contact_found
CHADENIS DALLAS,"3930 Cedar Springs Rd, Dallas, TX 75219",https://hunkys.com,Yes,(214) 522-1212,,399.0,2.0,32.8110311,-96.8468568,burger restaurant,Food & Restaurant,75201,,,,,https://www.facebook.com/,https://www.instagram.com/,No,no_contact_found
Yardbird Table & Bar,"2121 N Pearl St St 170, Dallas, TX 75201",https://runchickenrun.com,Yes,(469) 208-2441,,504.0,2.0,32.8110311,-96.8468568,burger restaurant,Food & Restaurant,75201,,,,,https://www.facebook.com/YardbirdRestaurants,https://www.instagram.com/yardbirdrestaurants/,No,no_contact_found
Rodeo Bar,"2121 N Pearl St St 170, Dallas, TX 75201",https://runchickenrun.com,Yes,(469) 208-2441,,504.0,2.0,32.8110311,-96.8468568,burger restaurant,Food & Restaurant,75201,,,,,https://www.facebook.com/YardbirdRestaurants,https://www.instagram.com/yardbirdrestaurants/,No,no_contact_found
MIRADOR,"1608 Elm St, Dallas, TX 75201",https://mirador-dallas.com,Yes,(214) 945-8200,,1.0,27.0,32.779983,-96.8429636,burger restaurant,Food & Restaurant,75201,,,,,,,No,no_contact_found
Chip's Old Fashioned Hamburgers,"1605 N Beckley Ave, Dallas, TX 75208",https://thebestburgerever.com,Yes,(214) 434-1084,,9.0,74.0,32.7641744,-96.8593567,burger restaurant,Food & Restaurant,75201,,,,,,,No,no_contact_found
Herby's Burgers,"2109 S Edgefield Ave, Dallas, TX 75224",https://cash.app,Yes,(214) 613-6966,,3.0,39.0,32.7896889,-96.8376006,burger restaurant,Food & Restaurant,75201,,,,,,,No,no_contact_found
Chet's Dallas,"208 N Market St, Dallas, TX 75202",https://chetsdallas.com,Yes,(214) 613-6500,,981.0,2.0,32.7896889,-96.8376006,burger restaurant,Food & Restaurant,75201,,,,,,,No,no_contact_found
Susan's Burgers N More,"2226 Irving Blvd, Dallas, TX 75207",https://susansburgernmore.com,Yes,(469) 206-9950,,9.0,37.0,32.7896889,-96.8376006,burger restaurant,Food & Restaurant,75201,susansburgernmore@gmail.com,susansburgersnmore@gmail.com,,susansburgernmore@gmail.com | susansburgersnmore@gmail.com,https://www.facebook.com/susanshamburgers/,,Yes,found_homepage
CBD Provisions,"1530 Main St STE 100, Dallas, TX 75201",https://thejouledallas.com,Yes,(214) 261-4500,,329.0,1.0,32.7896889,-96.8376006,burger restaurant,Food & Restaurant,75201,,,,,https://www.facebook.com/TheJouleHotel/,https://www.instagram.com/thejouledallas,No,no_contact_found
Burger Schmurger,"718 N Buckner Blvd, Dallas, TX 75218",https://burgerschmurger.com,Yes,(214) 272-3343,,4.0,47.0,32.7896889,-96.8376006,burger restaurant,Food & Restaurant,75201,info@burgerschmurger.com,,,info@burgerschmurger.com,https://www.facebook.com/burgerschmurger,https://www.instagram.com/burger_schmurger,Yes,found_homepage
Harwood Tavern,"333 S Harwood St, Dallas, TX 75201",https://harwoodtaverndallas.com,Yes,(469) 899-7904,,9.0,71.0,32.7896889,-96.8376006,burger restaurant,Food & Restaurant,75201,,,,,https://www.facebook.com/HarwoodTavern,https://www.instagram.com/harwoodtavern/,No,no_contact_found
Moxies Dallas Uptown Restaurant,"333 S Harwood St, Dallas, TX 75201",https://harwoodtaverndallas.com,Yes,(469) 899-7904,,9.0,71.0,32.7896889,-96.8376006,burger restaurant,Food & Restaurant,75201,,,,,https://www.facebook.com/HarwoodTavern,https://www.instagram.com/harwoodtavern/,No,no_contact_found
Harvey B's,"4506 Columbia Ave #100, Dallas, TX 75226",https://harveybs.com,Yes,(469) 334-0980,,34.0,1.0,32.7896889,-96.8376006,burger restaurant,Food & Restaurant,75201,,,,,//facebook.com/HarveyBsBurgers,,No,no_contact_found
National Anthem,"2130 Commerce St 2nd Floor, Dallas, TX 75201",https://nationalanthemdtx.com,Yes,(469) 677-6166,,6.0,35.0,32.7896889,-96.8376006,burger restaurant,Food & Restaurant,75201,,,,,,https://www.instagram.com/nationalanthemdtx/,No,no_contact_found
Wing Bucket,"2130 Commerce St 2nd Floor, Dallas, TX 75201",https://nationalanthemdtx.com,Yes,(469) 677-6166,,6.0,35.0,32.7896889,-96.8376006,burger restaurant,Food & Restaurant,75201,,,,,,https://www.instagram.com/nationalanthemdtx/,No,no_contact_found
Pacheco Taco N Burger,"1315 S Ervay St, Dallas, TX 75215",https://m.facebook.com,Yes,(972) 375-7960,,3.0,36.0,32.7896889,-96.8376006,burger restaurant,Food & Restaurant,75201,,,,,,,No,no_contact_found
JG's Old Fashioned Hamburgers,"12101 Greenville Ave #109, Dallas, TX 75243",https://jgsburgers.com,Yes,(972) 644-8628,,641.0,2.0,32.7896889,-96.8376006,burger restaurant,Food & Restaurant,75201,,,,,,,No,no_contact_found
STK Steakhouse,"12101 Greenville Ave #109, Dallas, TX 75243",https://jgsburgers.com,Yes,(972) 644-8628,,641.0,2.0,32.7896889,-96.8376006,burger restaurant,Food & Restaurant,75201,,,,,,,No,no_contact_found
The Crafty Irishman,"1800 Main St, Dallas, TX 75201",https://thecraftyirishman.com,Yes,(972) 707-7589,,675.0,2.0,32.7896889,-96.8376006,burger restaurant,Food & Restaurant,75201,,,,,,,No,no_contact_found
Best Burger Barn,"1800 Main St, Dallas, TX 75201",https://thecraftyirishman.com,Yes,(972) 707-7589,,675.0,2.0,32.7896889,-96.8376006,burger restaurant,Food & Restaurant,75201,,,,,,,No,no_contact_found
Sams Burger House Catering,"3883 Turtle Creek Blvd, Dallas, TX 75219",https://samsburgerhousecatering.com,Yes,(214) 315-5518,,,,32.7896889,-96.8376006,burger restaurant,Food & Restaurant,75201,sambakri@msn.com,,,sambakri@msn.com,,,Yes,found_homepage
Good Luck Chicken Hamburger And Sea Food,"2642 S Malcolm X Blvd, Dallas, TX 75215",https://goodluckchicken.com,Yes,(214) 421-5024,,5.0,52.0,32.7896889,-96.8376006,burger restaurant,Food & Restaurant,75201,,,,,,,No,no_contact_found
Hopdoddy Burger Bar,"2642 S Malcolm X Blvd, Dallas, TX 75215",https://goodluckchicken.com,Yes,(214) 421-5024,,5.0,52.0,32.7896889,-96.8376006,burger restaurant,Food & Restaurant,75201,,,,,,,No,no_contact_found
Brass Ram,"2130 Commerce St 2nd Floor, Dallas, TX 75201",https://brassram.com,Yes,(469) 677-6170,,8.0,29.0,32.7896889,-96.8376006,burger restaurant,Food & Restaurant,75201,,,,,,https://www.instagram.com/brassramdtx/,No,no_contact_found
Saint Ann Restaurant & Bar,"2130 Commerce St 2nd Floor, Dallas, TX 75201",https://brassram.com,Yes,(469) 677-6170,,8.0,29.0,32.7896889,-96.8376006,burger restaurant,Food & Restaurant,75201,,,,,,https://www.instagram.com/brassramdtx/,No,no_contact_found
Wulf Burger,"5331 E Mockingbird Ln #125, Dallas, TX 75206",https://wulfburgers.com,Yes,(469) 972-7989,,6.0,86.0,32.7896889,-96.8376006,burger restaurant,Food & Restaurant,75201,support@wulfburgers.com,,,support@wulfburgers.com,https://facebook.com/Wulfburger/,https://www.instagram.com/wulfburgers/,Yes,found_homepage
Country Burger,"5331 E Mockingbird Ln #125, Dallas, TX 75206",https://wulfburgers.com,Yes,(469) 972-7989,,6.0,86.0,32.7896889,-96.8376006,burger restaurant,Food & Restaurant,75201,support@wulfburgers.com,,,support@wulfburgers.com,https://facebook.com/Wulfburger/,https://www.instagram.com/wulfburgers/,Yes,found_homepage
Frankie's Downtown,"1303 Main St, Dallas, TX 75202",https://frankiesbar.com,Yes,(214) 741-1919,,138.0,3.0,32.7896889,-96.8376006,burger restaurant,Food & Restaurant,75201,,,,,,,No,no_contact_found
Hunky's Old Fashioned Hamburgers - Bishop Arts,"1520 Elm St #201, Dallas, TX 75201",https://thewoolworthdallas.com,Yes,(214) 814-0588,,392.0,8.0,32.7896889,-96.8376006,burger restaurant,Food & Restaurant,75201,info@thewoolworthdallas.com,,,info@thewoolworthdallas.com,https://www.facebook.com/TheWoolworth/,https://www.instagram.com/thewoolworth/,Yes,found_homepage
Sixty Vines,"2000 Ross Ave Unit 190, Dallas, TX 75201",https://freebirds.com,Yes,(214) 271-9387,,2.0,24.0,32.7896889,-96.8376006,burger restaurant,Food & Restaurant,75201,,,,,,,No,no_contact_found
Big Deal Burger,"Big Deal Burger, 4610 N Central Expy, Dallas, TX 75206",https://bigdealburgerco.com,Yes,(214) 370-4550,,3.0,2.0,32.7896889,-96.8376006,burger restaurant,Food & Restaurant,75201,,,,,https://www.facebook.com/BigDealBurgerCo,https://www.instagram.com/bigdealburgerco/,No,no_contact_found
High Fives,"1804 McMillan Ave, Dallas, TX 75206",https://burgerschmurger.com,Yes,,,8.0,19.0,32.7896889,-96.8376006,burger restaurant,Food & Restaurant,75201,info@burgerschmurger.com,,,info@burgerschmurger.com,https://www.facebook.com/burgerschmurger,https://www.instagram.com/burger_schmurger,Yes,found_homepage
Roy G's,"4001 Cedar Springs Rd, Dallas, TX 75219",https://roygs.com,Yes,(214) 272-7127,,4.0,49.0,32.7896889,-96.8376006,burger restaurant,Food & Restaurant,75201,,,,,,,No,no_contact_found
Keller's Hamburgers,"300 N Akard St #110, Dallas, TX 75201",https://primotacosandhotdogs.square.site,Yes,(469) 547-2047,,8.0,22.0,32.7896889,-96.8376006,burger restaurant,Food & Restaurant,75201,,,,,,,No,no_contact_found
Son of a Butcher,"2026 Greenville Ave, Dallas, TX 75206",https://sobsliders.com,Yes,(469) 862-8780,,9.0,89.0,32.7896889,-96.8376006,burger restaurant,Food & Restaurant,75201,,,,,https://www.facebook.com/SOBGreenville,https://www.instagram.com/sobsliders/,No,no_contact_found
Burger House,"2026 Greenville Ave, Dallas, TX 75206",https://sobsliders.com,Yes,(469) 862-8780,,9.0,89.0,32.7896889,-96.8376006,burger restaurant,Food & Restaurant,75201,,,,,https://www.facebook.com/SOBGreenville,https://www.instagram.com/sobsliders/,No,no_contact_found
The Owners Box,"555 S Lamar St, Dallas, TX 75202",https://omnihotels.com,Yes,(214) 652-4805,,0.0,61.0,32.7896889,-96.8376006,burger restaurant,Food & Restaurant,75201,,,,,,,No,no_contact_found
Social Chicken,"700 N Pearl St Ste FC2, Dallas, TX 75201",https://socialchicken.site,Yes,(214) 393-4464,,1.0,5.0,32.7863255,-96.8056697,chicken sandwich shop,Food & Restaurant,75201,socialchicken.central@gmail.com,,,socialchicken.central@gmail.com,,,Yes,found_subpage
Social Chicken,"1700 Pacific Ave, Dallas, TX 75201",https://socialchicken.site,Yes,(469) 202-9969,,,,32.7870464,-96.8167838,chicken sandwich shop,Food & Restaurant,75201,socialchicken.central@gmail.com,,,socialchicken.central@gmail.com,,,Yes,found_subpage
Juju's Chicken Tenders,"211 S Akard St, Dallas, TX 75202",https://jujuschicken.com,Yes,,,1.0,3.0,32.7870464,-96.8167838,chicken sandwich shop,Food & Restaurant,75201,,,,,,,No,no_contact_found
Wava Halal Grill,"211 S Akard St, Dallas, TX 75202",https://jujuschicken.com,Yes,,,1.0,3.0,32.7870464,-96.8167838,chicken sandwich shop,Food & Restaurant,75201,,,,,,,No,no_contact_found
The Artisan Craft Kitchen,"2330 Flora St #200, Dallas, TX 75201",https://theartisandallas.com,Yes,(214) 270-1490,,5.0,10.0,32.7870464,-96.8167838,chicken sandwich shop,Food & Restaurant,75201,info@theartisandallas.com,,,info@theartisandallas.com,https://www.facebook.com/TheArtisanDallas/?ref=br_rs,https://www.instagram.com/theartisandallas/,Yes,found_homepage
Rise Southern Biscuits & Righteous Chicken - Dallas Victory Park,"2414 Victory Park Ln, Dallas, TX 75219",https://risebiscuitschicken.com,Yes,(972) 431-0246,,1.0,45.0,32.7879484,-96.8272036,chicken sandwich shop,Food & Restaurant,75201,,,,,,,No,no_contact_found
Shawarma Press - Dallas Arts District,"2000 Ross Ave #180, Dallas, TX 75201",https://shawarmapress.com,Yes,(972) 863-8467,,7.0,13.0,32.782608,-96.8133854,chicken sandwich shop,Food & Restaurant,75201,,,,,,,No,no_contact_found
Gus's World Famous Fried Chicken,"2904 Commerce St, Dallas, TX 75226",https://gusfriedchicken.com,Yes,(469) 709-8294,,37.0,1.0,32.7832758,-96.7995852,chicken sandwich shop,Food & Restaurant,75201,communications@gusfriedchicken.com,,,communications@gusfriedchicken.com,,https://instagram.com,Yes,found_subpage
Lucky's Hot Chicken,"4505 Gaston Ave, Dallas, TX 75246",https://luckyshotchicken.com,Yes,(214) 443-7927,,135.0,2.0,32.7970935,-96.7916966,chicken sandwich shop,Food & Restaurant,75201,,,,,https://www.facebook.com/LuckysHotChicken/,https://www.instagram.com/luckyshotchicken/,No,no_contact_found
Bucket and Rope,"600 S Harwood St, Dallas, TX 75201",https://bucketandrope.com,Yes,(469) 866-3343,,2.0,24.0,32.7970935,-96.7916966,chicken sandwich shop,Food & Restaurant,75201,,,,,,https://www.instagram.com/wix,No,no_contact_found
Jason's Deli,"1409 Main St, Dallas, TX 75202",https://jasonsdeli.com,Yes,(214) 672-9340,,1.0,46.0,32.7754503,-96.8216108,chicken sandwich shop,Food & Restaurant,75201,,,,,,,No,no_contact_found
Brick & Bones,"2651 Commerce St, Dallas, TX 75226",https://bricknbones.com,Yes,(469) 914-6776,,4.0,85.0,32.7754503,-96.8216108,chicken sandwich shop,Food & Restaurant,75201,manager@bricknbones.com,,,manager@bricknbones.com,https://www.facebook.com/BrickandBonesDeepEllum,https://www.instagram.com/brickandbonesdallas/,Yes,found_homepage
Cindi's NY Deli & Restaurant,"306 S Houston St, Dallas, TX 75202",https://cindisnydeli.com,Yes,(214) 744-4745,,783.0,1.0,32.7770885,-96.8250566,chicken sandwich shop,Food & Restaurant,75201,,,,,https://www.facebook.com/CindisDeli,https://www.instagram.com/CindisDeli,No,no_contact_found
East Hampton Sandwich Co.,"200 Crescent Ct Suite 100, Dallas, TX 75201",https://ehsandwich.com,Yes,(214) 698-5108,,2.0,13.0,32.7934784,-96.8217777,chicken sandwich shop,Food & Restaurant,75201,,,,,,,No,no_contact_found
Hattie B's Hot Chicken,"3827 Lemmon Ave, Dallas, TX 75219",https://hattieb.com,Yes,(469) 425-8100,,591.0,1.0,32.7934784,-96.8217777,chicken sandwich shop,Food & Restaurant,75201,amy@hattieb.com,,,amy@hattieb.com,https://www.facebook.com/HattieBsHotChicken,https://www.instagram.com/hattiebs/,Yes,found_homepage
The Hampton Social - Dallas,"1520 Main St, Dallas, TX 75201",https://thehamptonsocial.com,Yes,(469) 498-9890,,528.0,3.0,32.7826573,-96.8088169,chicken sandwich shop,Food & Restaurant,75201,,,,,,,No,no_contact_found
Moak's Family Texas BBQ,"1520 Main St, Dallas, TX 75201",https://thehamptonsocial.com,Yes,(469) 498-9890,,528.0,3.0,32.7826573,-96.8088169,chicken sandwich shop,Food & Restaurant,75201,,,,,,,No,no_contact_found
Wingstop,"800 N Harwood St Suite 100, Dallas, TX 75201",https://wingstop.com,Yes,(469) 608-8535,,2.0,19.0,32.7826573,-96.8088169,chicken sandwich shop,Food & Restaurant,75201,,,,,,,No,no_contact_found
Mike's Chicken,"1717 Leonard St, Dallas, TX 75201",https://astradallas.com,Yes,(972) 629-0924,,4.0,53.0,32.7895023,-96.8145767,chicken sandwich shop,Food & Restaurant,75201,info@astradallas.com,,,info@astradallas.com,https://www.facebook.com/astradfw/,https://www.instagram.com/astradfw,Yes,found_subpage
Kitchen + Kocktails,"1933 Elm St, Dallas, TX 75201",https://kitchenkocktailsusa.com,Yes,(469) 472-5445,,239.0,19.0,32.7895023,-96.8145767,chicken sandwich shop,Food & Restaurant,75201,,,,,,,No,no_contact_found
Potbelly,"1201 Elm St Ste LL09, Dallas, TX 75270",https://potbelly.com,Yes,(214) 573-8727,,6.0,6.0,32.7895023,-96.8145767,chicken sandwich shop,Food & Restaurant,75201,,,,,,,No,no_contact_found
Corner Bakery Cafe,"600 N Pearl St Ste S100, Dallas, TX 75201",https://cornerbakerycafe.com,Yes,(214) 969-0507,,5.0,16.0,32.7895023,-96.8145767,chicken sandwich shop,Food & Restaurant,75201,press@cornerbakerycafe.com,,,press@cornerbakerycafe.com,https://www.facebook.com/cornerbakerycafe,https://www.instagram.com/cornerbakery/,Yes,found_subpage
Grilled Cheese Society,"1914 Commerce St, Dallas, TX 75201",https://grilledcheesesociety.com,Yes,(888) 663-7270,,0.0,1.0,32.7895023,-96.8145767,chicken sandwich shop,Food & Restaurant,75201,,,,,https://www.facebook.com/istudiosg,https://www.instagram.com/istudiosg/,No,no_contact_found
The Playwright Irish Pub,"1722 Routh St STE 102, Dallas, TX 75201",https://playwrightdallaspub.com,Yes,(214) 272-7316,,5.0,61.0,32.7895023,-96.8145767,chicken sandwich shop,Food & Restaurant,75201,,,,,,,No,no_contact_found
Sammy's Bar-B-Q,"2126 Leonard St, Dallas, TX 75201",https://sammysbarbeque.com,Yes,(214) 880-9064,,1.0,64.0,32.7895023,-96.8145767,chicken sandwich shop,Food & Restaurant,75201,sammysbarbecue@gmail.com,,,sammysbarbecue@gmail.com,https://www.facebook.com/sammystexasbbq,https://www.instagram.com/sammysbbqdallastx/,Yes,found_homepage
CiboDivino Centro,"2001 Bryan St #100, Dallas, TX 75201",https://cibodivinomkt.com,Yes,(214) 214-8466,,0.0,4.0,32.7895023,-96.8145767,chicken sandwich shop,Food & Restaurant,75201,info@cibodivinomkt.com,,,info@cibodivinomkt.com,https://www.facebook.com/pages/CiboDivino-Marketplace/1509983099248858,https://instagram.com/cibodivinomkt/,Yes,found_homepage
Bad Chicken,"5014 Ross Ave, Dallas, TX 75206",https://badchicken.com,Yes,(469) 206-0237,,528.0,2.0,32.7895023,-96.8145767,chicken sandwich shop,Food & Restaurant,75201,admin@badchicken.com,,,admin@badchicken.com,,https://www.instagram.com/badchickenrestaurant/,Yes,found_homepage
Chicken Guy! Dallas,"SW Corner of Elm and, 1623 Main Street, N Ervay St #101, Dallas, TX 75201",https://pressboxgrill.com,Yes,(214) 747-8226,,634.0,1.0,32.7895023,-96.8145767,chicken sandwich shop,Food & Restaurant,75201,,,,,,,No,no_contact_found
The Nodding Donkey,"2900 Thomas Ave, Dallas, TX 75204",https://thenoddingdonkey.com,Yes,(214) 922-8898,,1.0,68.0,32.7895023,-96.8145767,chicken sandwich shop,Food & Restaurant,75201,,,,,https://www.facebook.com/NoddingDonkey.Uptown,https://www.instagram.com/thenoddingdonkey/,No,no_contact_found
Toasty Pita,"2900 Thomas Ave, Dallas, TX 75204",https://thenoddingdonkey.com,Yes,(214) 922-8898,,1.0,68.0,32.7895023,-96.8145767,chicken sandwich shop,Food & Restaurant,75201,,,,,https://www.facebook.com/NoddingDonkey.Uptown,https://www.instagram.com/thenoddingdonkey/,No,no_contact_found
Snappy Salads Harwood,"717 N Harwood St, Dallas, TX 75201",https://snappysalads.com,Yes,(214) 748-7627,,5.0,21.0,32.7895023,-96.8145767,chicken sandwich shop,Food & Restaurant,75201,catering@snappysalads.com,,,catering@snappysalads.com,https://www.facebook.com/SnappySalads,https://www.instagram.com/snappysalads/,Yes,found_homepage
Caribbean Cabana,"300 N Akard St #110, Dallas, TX 75201",https://primotacosandhotdogs.square.site,Yes,(469) 547-2047,,8.0,22.0,32.7895023,-96.8145767,chicken sandwich shop,Food & Restaurant,75201,,,,,,,No,no_contact_found
Miriam Cocina Latina,"2015 Woodall Rodgers Fwy, Dallas, TX 75201",https://miriamcocina.com,Yes,(214) 855-5275,,241.0,1.0,32.7895023,-96.8145767,chicken sandwich shop,Food & Restaurant,75201,,,,,https://www.facebook.com/miriamcocinadallas,https://www.instagram.com/miriamcocinalatina/,No,no_contact_found
Parterre,"1601 Elm St Ste 120, Dallas, TX 75201",https://parterredallas.com,Yes,(945) 209-0709,,1.0,40.0,32.7895023,-96.8145767,chicken sandwich shop,Food & Restaurant,75201,hello@parterredallas.com,,,hello@parterredallas.com,,https://www.instagram.com/parterredallas/?hl=en,Yes,found_homepage
Jimmy John's,"2817 Howell St #220, Dallas, TX 75204",https://locations.jimmyjohns.com,Yes,(214) 720-3800,,3.0,14.0,32.7895023,-96.8145767,chicken sandwich shop,Food & Restaurant,75201,,,,,https://www.facebook.com/jimmyjohns/,https://www.instagram.com/jimmyjohns/,No,no_contact_found
Louisiana Famous Fried Chicken,"460 N Lamar St Suite 200, Dallas, TX 75202",https://louisianafriedchickenhq.com,Yes,(214) 434-1474,,2.0,14.0,32.7815458,-96.8407277,fried chicken restaurant,Food & Restaurant,75201,admin@louisianafriedchickenhq.com,,,admin@louisianafriedchickenhq.com,https://www.facebook.com/LFChicken,,Yes,found_homepage
Louisiana Fried Chicken & Seafood,"124 S Carroll Ave, Dallas, TX 75226",https://louisianafriedchickenhq.com,Yes,(214) 821-5930,,3.0,72.0,32.7913899,-96.8028127,fried chicken restaurant,Food & Restaurant,75201,admin@louisianafriedchickenhq.com,,,admin@louisianafriedchickenhq.com,https://www.facebook.com/LFChicken,,Yes,found_homepage
Street's Fine Chicken,"3857 Cedar Springs Rd, Dallas, TX 75219",https://streetsfinechicken.com,Yes,(469) 917-7140,,697.0,2.0,32.7876235,-96.8347581,fried chicken restaurant,Food & Restaurant,75201,,,,,,,No,no_contact_found
Big Guys Chicken & Rice,"2614 Elm St, Dallas, TX 75226",https://orderbigguyschickenandrice.com,Yes,(214) 810-1955,,2.0,89.0,32.7876235,-96.8347581,fried chicken restaurant,Food & Restaurant,75201,,,,,,,No,no_contact_found
Hawkers Asian Street Food,"2800 Main St, Dallas, TX 75226",https://eathawkers.com,Yes,(214) 271-8111,,649.0,3.0,32.780591,-96.8347514,fried chicken restaurant,Food & Restaurant,75201,info@eathawkers.com,,,info@eathawkers.com,http://facebook.com/eathawkers,http://instagram.com/eathawkers,Yes,found_homepage
Freshnez at Klyde Warren Park,"6 Woodall Rodgers Fwy, Dallas, TX 75201",https://freshnezkitchen.com,Yes,(833) 888-3639,,0.0,1.0,32.780591,-96.8347514,fried chicken restaurant,Food & Restaurant,75201,20orders@freshnezkitchen.com,orders@freshnezkitchen.com,,20orders@freshnezkitchen.com | orders@freshnezkitchen.com,,,Yes,found_homepage
Little Ruby's Dallas,"2305 Cedar Springs Rd suite 150, Dallas, TX 75201",https://rubyscafe.com,Yes,(945) 468-2966,,6.0,8.0,32.780591,-96.8347514,fried chicken restaurant,Food & Restaurant,75201,,,,,https://www.facebook.com/littlerubyscafe/,https://www.instagram.com/rubyscafe/?hl=en,No,no_contact_found
Wing Bucket,"2642 Elm St, Dallas, TX 75226",https://wingbucket.com,Yes,(469) 620-2190,,1.0,33.0,32.780591,-96.8347514,fried chicken restaurant,Food & Restaurant,75201,,,,,,,No,no_contact_found
Chicken N Things,"2011 Botham Jean Blvd, Dallas, TX 75215",https://chicken-n-things.com,Yes,(214) 421-0045,,81.0,1.0,32.7892021,-96.8416346,fried chicken restaurant,Food & Restaurant,75201,,,,,,,No,no_contact_found
Church's Texas Chicken,"4210 Gaston Ave, Dallas, TX 75246",https://locations.churchs.com,Yes,(214) 823-2856,,4.0,86.0,32.7892021,-96.8416346,fried chicken restaurant,Food & Restaurant,75201,,,,,https://www.facebook.com/churchschicken,https://www.instagram.com/churchschicken/,No,no_contact_found
Ka-Tip Thai Street Food,"1011 S Pearl Expy #190, Dallas, TX 75201",https://katipthaidallas.com,Yes,(214) 238-2232,,1.0,41.0,32.7892021,-96.8416346,fried chicken restaurant,Food & Restaurant,75201,eat@katipthaidallas.com,,,eat@katipthaidallas.com,https://www.facebook.com/1837961973199537,https://www.instagram.com/katipthaistreetfood,Yes,found_homepage
Pecan Lodge,"2500 N Pearl St, Dallas, TX 75201",https://shakeshack.com,Yes,(214) 983-1023,,765.0,2.0,32.7892021,-96.8416346,fried chicken restaurant,Food & Restaurant,75201,,,,,,,No,no_contact_found
Bucky Moonshine's,"2912 Elm St, Dallas, TX 75226",https://buckymoonshines.shop,Yes,(214) 748-6901,,652.0,1.0,32.7892021,-96.8416346,fried chicken restaurant,Food & Restaurant,75201,,,,,,,No,no_contact_found
Bubba's Cooks Country - Dallas,"2912 Elm St, Dallas, TX 75226",https://buckymoonshines.shop,Yes,(214) 748-6901,,652.0,1.0,32.7892021,-96.8416346,fried chicken restaurant,Food & Restaurant,75201,,,,,,,No,no_contact_found
Dakota's Steakhouse,"600 N Akard St, Dallas, TX 75201",https://dakotasrestaurant.com,Yes,(214) 740-4001,,243.0,2.0,32.7892021,-96.8416346,fried chicken restaurant,Food & Restaurant,75201,,,,,,,No,no_contact_found
Eighteen~O~One Restaurant,"1801 N Griffin St, Dallas, TX 75202",https://dwazoo.com,Yes,(214) 720-2224,,9.0,2.0,32.7892021,-96.8416346,fried chicken restaurant,Food & Restaurant,75201,info@dwazoo.com,groups@dwazoo.com,media@dwazoo.com,info@dwazoo.com | groups@dwazoo.com | media@dwazoo.com,https://facebook.com/dallasWorldAquarium/,https://www.instagram.com/officialdwazoo/,Yes,found_subpage
AllGood Cafe,"2934 Main St, Dallas, TX 75226",https://allgood-cafe.com,Yes,(469) 251-7706,,860.0,1.0,32.7892021,-96.8416346,fried chicken restaurant,Food & Restaurant,75201,,,,,,,No,no_contact_found
Texas Spice,"2726 Commerce St, Dallas, TX 75226",https://angrydog.com,Yes,(214) 741-4406,,816.0,2.0,32.7892021,-96.8416346,fried chicken restaurant,Food & Restaurant,75201,,,,,,,No,no_contact_found
Sky Blossom Rooftop Bistro Bar,"SW Corner of Elm and, 1623 Main Street, N Ervay St #101, Dallas, TX 75201",https://pressboxgrill.com,Yes,(214) 747-8226,,634.0,1.0,32.7892021,-96.8416346,fried chicken restaurant,Food & Restaurant,75201,,,,,,,No,no_contact_found
Bread Winners Cafe & Bakery,"3301 McKinney Ave, Dallas, TX 75204",https://breadwinnerscafe.com,Yes,(214) 556-1334,,986.0,2.0,32.7892021,-96.8416346,fried chicken restaurant,Food & Restaurant,75201,info@breadwinnerscafe.com,,,info@breadwinnerscafe.com,https://www.facebook.com/BreadWinnersCafe/,https://www.instagram.com/breadwinnerscafe/,Yes,found_homepage
Louisiana Famous Fried Chicken,"3301 McKinney Ave, Dallas, TX 75204",https://breadwinnerscafe.com,Yes,(214) 556-1334,,986.0,2.0,32.7892021,-96.8416346,fried chicken restaurant,Food & Restaurant,75201,info@breadwinnerscafe.com,,,info@breadwinnerscafe.com,https://www.facebook.com/BreadWinnersCafe/,https://www.instagram.com/breadwinnerscafe/,Yes,found_homepage
St. Pete's Dancing Marlin,"2730 Commerce St, Dallas, TX 75226",https://stpetesdancingmarlin.com,Yes,(214) 698-1511,,1.0,72.0,32.7892021,-96.8416346,fried chicken restaurant,Food & Restaurant,75201,,,,,https://www.facebook.com/theDancingMarlin/,https://www.instagram.com/stpetes_dancingmarlin/,No,no_contact_found
Fearing's Restaurant,"2730 Commerce St, Dallas, TX 75226",https://stpetesdancingmarlin.com,Yes,(214) 698-1511,,1.0,72.0,32.7892021,-96.8416346,fried chicken restaurant,Food & Restaurant,75201,,,,,https://www.facebook.com/theDancingMarlin/,https://www.instagram.com/stpetes_dancingmarlin/,No,no_contact_found
Rex's Seafood and Market,"1201 Main St, Dallas, TX 75202",https://facebook.com,Yes,(469) 914-0141,,6.0,7.0,32.7892021,-96.8416346,fried chicken restaurant,Food & Restaurant,75201,,,,,,,No,no_contact_found
Dragonfly,"1201 Main St, Dallas, TX 75202",https://facebook.com,Yes,(469) 914-0141,,6.0,7.0,32.7892021,-96.8416346,fried chicken restaurant,Food & Restaurant,75201,,,,,,,No,no_contact_found
Cowboy Chicken,"5315 Greenville Ave #125, Dallas, TX 75206",https://cowboychicken.com,Yes,(214) 234-0505,,453.0,1.0,32.7892021,-96.8416346,fried chicken restaurant,Food & Restaurant,75201,,,,,https://www.facebook.com/cowboychicken/,https://www.instagram.com/cowboychicken/,No,no_contact_found
Wings World MLK,"2310 Martin Luther King Jr Blvd #101, Dallas, TX 75215",https://wingsworldfood.com,Yes,(972) 913-4092,,8.0,46.0,32.7842449,-96.8209035,hot wings restaurant,Food & Restaurant,75201,,,,,https://www.facebook.com/WingsWorldTX,http://www.instagram.com/thewingsworld,No,no_contact_found
Hooters,"2201 N Lamar St, Dallas, TX 75201",https://hooters.com,Yes,(214) 979-9464,,568.0,3.0,32.7845906,-96.8445532,hot wings restaurant,Food & Restaurant,75201,,,,,,,No,no_contact_found
Buffalo Wild Wings,"4140 Lemmon Ave Suite 176, Dallas, TX 75219",https://buffalowildwings.com,Yes,(214) 520-7067,,760.0,1.0,32.8124257,-96.8427766,hot wings restaurant,Food & Restaurant,75201,,,,,,,No,no_contact_found
Valley Wings Dallas,"7989 Belt Line Rd # 110, Dallas, TX 75248",https://zingmyorder.com,Yes,(214) 305-6085,,5.0,31.0,32.7905545,-96.8372348,hot wings restaurant,Food & Restaurant,75201,support@zingmyorder.com,,,support@zingmyorder.com,https://www.facebook.com/,https://www.instagram.com/,Yes,found_subpage
Wing Boss,"4610 N Central Expy, Dallas, TX 75206",https://wingboss.com,Yes,(214) 370-4550,,2.0,3.0,32.7905545,-96.8372348,hot wings restaurant,Food & Restaurant,75201,,,,,https://www.facebook.com/WingBossCo,https://www.instagram.com/wingbossco/,No,no_contact_found
Hurtado Barbecue Dallas,"900 S Harwood St, Dallas, TX 75201",https://hurtadobbq.com,Yes,(214) 556-8136,,1.0,82.0,32.7905545,-96.8372348,hot wings restaurant,Food & Restaurant,75201,,,,,https://www.facebook.com/HurtadoBBQ/,https://www.instagram.com/hurtadobbq/,No,no_contact_found
City Tavern | Dallas Soccer Bar,"1514 Elm St, Dallas, TX 75201",https://citytaverndowntown.com,Yes,(972) 629-9300,,9.0,90.0,32.7905545,-96.8372348,hot wings restaurant,Food & Restaurant,75201,info@citytaverndowntown.com,,,info@citytaverndowntown.com,https://www.facebook.com/120176575742,https://www.instagram.com/citytaverndfw,Yes,found_homepage
oomi Kitchen,"3510 Ross Ave ste 100, Dallas, TX 75204",https://oomikitchen.com,Yes,(469) 372-0396,,1.0,60.0,32.7905545,-96.8372348,hot wings restaurant,Food & Restaurant,75201,,,,,,,No,no_contact_found
Southern Classic Daiquiri Factory,"3030 Ross Ave, Dallas, TX 75204",https://southernclassicdaiquirifactory.com,Yes,(469) 862-3113,,759.0,3.0,32.7905545,-96.8372348,hot wings restaurant,Food & Restaurant,75201,southernclassicdf@gmail.com,,,southernclassicdf@gmail.com,https://www.facebook.com/classicdaiq1/,https://www.instagram.com/daiquirifactory/,Yes,found_homepage
Zio Al's Pizza & Pasta - Cedar Springs,"3851 Cedar Springs Rd, Dallas, TX 75219",https://zioals.com,Yes,(469) 677-0016,,276.0,1.0,32.7905545,-96.8372348,hot wings restaurant,Food & Restaurant,75201,,,,,,,No,no_contact_found
Pizzati | Pizza  Pasta  Wings & More,"4032 Cedar Springs Rd, Dallas, TX 75219",https://pizzatiusa.com,Yes,(972) 863-8603,,6.0,28.0,32.7905545,-96.8372348,hot wings restaurant,Food & Restaurant,75201,info@pizzatiusa.com,,,info@pizzatiusa.com,https://www.facebook.com/profile.php?id=100086653952795,https://www.instagram.com/pizzati_dallas/,Yes,found_homepage
bbbop Seoul Kitchen,"828 W Davis St, Dallas, TX 75208",https://bbbop.com,Yes,(469) 248-3702,,253.0,1.0,32.7905545,-96.8372348,hot wings restaurant,Food & Restaurant,75201,,,,,,,No,no_contact_found
Phat Matt's Hot Wings,"2451 W Ledbetter Dr, Dallas, TX 75233",https://phatmattshotwingsandfish.com,Yes,(214) 333-9464,,5.0,51.0,32.7905545,-96.8372348,hot wings restaurant,Food & Restaurant,75201,,,,,,,No,no_contact_found
Chop Sports Victory Park,"3030 Nowitzki Way, Dallas, TX 75219",https://chopsportsvictorypark.com,Yes,(972) 707-0181,,4.0,34.0,32.7905545,-96.8372348,hot wings restaurant,Food & Restaurant,75201,,,,,,,No,no_contact_found
i Fratelli Pizza Downtown Dallas,"3030 Nowitzki Way, Dallas, TX 75219",https://chopsportsvictorypark.com,Yes,(972) 707-0181,,4.0,34.0,32.7905545,-96.8372348,hot wings restaurant,Food & Restaurant,75201,,,,,,,No,no_contact_found
Bryan Street Tavern,"100 Crescent Ct, Dallas, TX 75201",https://moxies.com,Yes,(469) 687-0050,,7.0,3.0,32.7905545,-96.8372348,hot wings restaurant,Food & Restaurant,75201,marketing@moxies.ca,guestrelations@moxies.ca,t4@moxies.ca,marketing@moxies.ca | guestrelations@moxies.ca | t4@moxies.ca | donations@moxies.ca | info@moxies.ca,https://www.facebook.com/MoxiesOfficial,https://www.instagram.com/moxiescanada/,Yes,found_subpage
America's Best Wings,"100 Crescent Ct, Dallas, TX 75201",https://moxies.com,Yes,(469) 687-0050,,7.0,3.0,32.7905545,-96.8372348,hot wings restaurant,Food & Restaurant,75201,marketing@moxies.ca,guestrelations@moxies.ca,t4@moxies.ca,marketing@moxies.ca | guestrelations@moxies.ca | t4@moxies.ca | donations@moxies.ca | info@moxies.ca,https://www.facebook.com/MoxiesOfficial,https://www.instagram.com/moxiescanada/,Yes,found_subpage
The Loon,"3028 N Hall St #179, Dallas, TX 75204",https://theloonbar.com,Yes,(214) 303-1151,,6.0,39.0,32.7905545,-96.8372348,hot wings restaurant,Food & Restaurant,75201,theloonbar@gmail.com,,,theloonbar@gmail.com,https://www.facebook.com/TheLoonDallas/,http://instagram.com/theloonuptown,Yes,found_subpage
Hero by HG,"3028 N Hall St #179, Dallas, TX 75204",https://theloonbar.com,Yes,(214) 303-1151,,6.0,39.0,32.7905545,-96.8372348,hot wings restaurant,Food & Restaurant,75201,theloonbar@gmail.com,,,theloonbar@gmail.com,https://www.facebook.com/TheLoonDallas/,http://instagram.com/theloonuptown,Yes,found_subpage
Shivas Bar and Grill,"1001 Ross Ave #132, Dallas, TX 75202",https://shivasbarandgrill.com,Yes,(469) 250-1429,,290.0,17.0,32.7905545,-96.8372348,hot wings restaurant,Food & Restaurant,75201,shivasbarandgrillmkonnekt@gmail.com,,,shivasbarandgrillmkonnekt@gmail.com,https://facebook.com/shivasbarandgrill/,https://instagram.com//shivasbarandgrill,Yes,found_homepage
Y.O. Ranch Steakhouse,"1001 Ross Ave #132, Dallas, TX 75202",https://shivasbarandgrill.com,Yes,(469) 250-1429,,290.0,17.0,32.7905545,-96.8372348,hot wings restaurant,Food & Restaurant,75201,shivasbarandgrillmkonnekt@gmail.com,,,shivasbarandgrillmkonnekt@gmail.com,https://facebook.com/shivasbarandgrill/,https://instagram.com//shivasbarandgrill,Yes,found_homepage
Backyard - Dallas,"505 N Good Latimer Expy, Dallas, TX 75204",https://backyarddallas.com,Yes,(469) 250-0873,,812.0,1.0,32.7905545,-96.8372348,hot wings restaurant,Food & Restaurant,75201,,,,,,,No,no_contact_found
Katy Trail Ice House,"3127 Routh St, Dallas, TX 75201",https://katyicehouse.com,Yes,(214) 468-0600,,783.0,3.0,32.7905545,-96.8372348,hot wings restaurant,Food & Restaurant,75201,,,,,https://www.facebook.com/Katyicehouse,https://www.instagram.com/katytrailicehouse/?hl=en,No,no_contact_found
Family Thais Asian Bistro,"at Pacific on train tracks, 208 N Market St #150, Dallas, TX 75202",https://thaifooddallas.com,Yes,(972) 773-9950,,243.0,1.0,32.7905545,-96.8372348,hot wings restaurant,Food & Restaurant,75201,,,,,,,No,no_contact_found
3Eleven Kitchen and Cocktails,"311 N Market St # 100, Dallas, TX 75202",https://3elevendallas.com,Yes,(214) 744-1423,,542.0,5.0,32.7905545,-96.8372348,hot wings restaurant,Food & Restaurant,75201,filler@godaddy.com,,,filler@godaddy.com,,,Yes,found_homepage
Hot Popped and Twisted,"2500 Victory Ave #302, Dallas, TX 75219",https://americanairlinescenter.com,Yes,(214) 665-4753,,,,32.7905545,-96.8372348,hot wings restaurant,Food & Restaurant,75201,suites@americanairlinescenter.com,platinumseats@americanairlinescenter.com,platinumservices@americanairlinescenter.com,suites@americanairlinescenter.com | platinumseats@americanairlinescenter.com | platinumservices@americanairlinescenter.com | contactlevy@aacntr.com | reservations@americanairlinescenter.com | marketing@americanairlinescenter.com | eventbooking@americanairlinescenter.com | specialevents@americanairlinescenter.com | sponsorship@americanairlinescenter.com | parking@americanairlinescenter.com | aacbox@americanairlinescenter.com,http://facebook.com/insideaacenter,http://instagram.com/aacenter,Yes,found_subpage
Cowtown Dogs,"234 S Riverfront Blvd A, Dallas, TX 75207",https://cowtowndogs.com,Yes,(469) 553-2265,,1.0,3.0,32.7756547,-96.9568961,hot dog stand,General,75201,info@cowtowndogs.com,,,info@cowtowndogs.com,,,Yes,found_subpage
The Best Hot Dog,"1710 Chalk Hill Rd, Dallas, TX 75212",https://facebook.com,Yes,(817) 841-2513,,4.0,3.0,32.7645445,-97.0450091,hot dog stand,General,75201,,,,,,,No,no_contact_found
Smokin Joes Inc,"3014 Throckmorton St, Dallas, TX 75219",https://smokinjoesinc.com,Yes,(972) 877-8577,,0.0,4.0,32.7803311,-96.945883,hot dog stand,General,75201,,,,,,,No,no_contact_found
MUTTS Canine Cantina - Dallas,"2889 Cityplace W Blvd, Dallas, TX 75204",https://muttscantina.com,Yes,(214) 377-8723,,110.0,1.0,32.7803311,-96.945883,hot dog stand,General,75201,,,,,https://www.facebook.com/MuttsCanineCantina/,https://www.instagram.com/https://www.instagram.com/muttscantina/?hl=en,No,no_contact_found
The Taco Stand,"3227 McKinney Ave, Dallas, TX 75204",https://letstaco.com,Yes,(469) 943-2183,,3.0,94.0,32.7803311,-96.945883,hot dog stand,General,75201,hola@letstaco.com,,,hola@letstaco.com,https://www.facebook.com/letstaco,https://www.instagram.com/letstaco_/,Yes,found_subpage
TJ's Dawg House,"in the parking lot from 11am until 2pm, Food Truck at Lowe's in The Richardson Square Mall, 501 S Plano Rd, Richardson, TX 75081",https://facebook.com,Yes,(802) 777-1541,,5.0,32.0,32.9418464,-96.8417927,hot dog stand,General,75201,,,,,,,No,no_contact_found
Lucky Dog Saloon,"2701 Cedar Springs Rd, Dallas, TX 75201",https://luckydogsaloon.dog,Yes,(214) 985-8811,,8.0,11.0,32.7809852,-96.9505657,hot dog stand,General,75201,info@luckydogsaloon.dog,,,info@luckydogsaloon.dog,https://www.facebook.com/LuckyDogDFW,https://www.instagram.com/luckydogsaloon2701,Yes,found_subpage
Mr. Sugar Rush,"909 Dragon St, Dallas, TX 75207",https://mrsugarrush.com,Yes,(469) 458-6888,,384.0,2.0,32.7809852,-96.9505657,hot dog stand,General,75201,,,,,,,No,no_contact_found
Rudolph's Meat Market and Sausage Factory,"2924 Elm St, Dallas, TX 75226",https://rudolphsmarket.com,Yes,(214) 741-1874,,6.0,12.0,32.7809852,-96.9505657,hot dog stand,General,75201,,,,,,,No,no_contact_found
Dallas Farmers Market,"920 S Harwood St, Dallas, TX 75201",https://dallasfarmersmarket.org,Yes,(214) 664-9110,,318.0,10.0,32.7809852,-96.9505657,hot dog stand,General,75201,,,,,,,No,no_contact_found
Sonic Drive-In,"4801 Ross Ave, Dallas, TX 75204",https://sonicdrivein.com,Yes,(469) 778-2433,,867.0,1.0,32.7809852,-96.9505657,hot dog stand,General,75201,,,,,,,No,no_contact_found
The Salty Donut,"2049 N Pearl St, Dallas, TX 75201",https://saltydonut.com,Yes,(469) 530-9639,,9.0,12.0,32.7809852,-96.9505657,hot dog stand,General,75201,donuts@saltydonut.com,social@saltydonut.com,,donuts@saltydonut.com | social@saltydonut.com,https://www.facebook.com/TheSaltyDonut/,https://www.instagram.com/thesaltydonut/,Yes,found_subpage
Sonic Drive-In,"1005 S Riverfront Blvd, Dallas, TX 75207",https://sonicdrivein.com,Yes,(214) 421-0071,,9.0,57.0,32.7809852,-96.9505657,hot dog stand,General,75201,,,,,,,No,no_contact_found
Yummy Pizza (Food Truck),"Klyde Warren Park, 2012 Woodall Rodgers Fwy Suite 403, Dallas, TX 75201",https://yummypizzatruck.com,Yes,(214) 809-8733,,4.0,12.0,32.7809852,-96.9505657,hot dog stand,General,75201,,,,,https://www.facebook.com/YummyFoodTrucks/,,No,no_contact_found
Mi Cocina,"2000 Woodall Rodgers Fwy, Dallas, TX 75201",https://micocina.com,Yes,(214) 531-6061,,119.0,2.0,32.7809852,-96.9505657,hot dog stand,General,75201,,,,,https://www.facebook.com/MiCocinaTexmex,https://www.instagram.com/micocina/,No,no_contact_found
The Berni Bean Coffee Company,"717 N Harwood St Ste 111, Dallas, TX 75201",https://thebernibean.com,Yes,(972) 863-9550,,6.0,36.0,32.7809852,-96.9505657,hot dog stand,General,75201,,,,,https://www.facebook.com/bernibeancoffee,https://www.instagram.com/bernibeancoffee/?hl=en,No,no_contact_found
la Madeleine,"2100 Olive St Suite 150, Dallas, TX 75201",https://lamadeleine.com,Yes,(972) 913-2280,,3.0,14.0,32.7809852,-96.9505657,hot dog stand,General,75201,,,,,,,No,no_contact_found
The Zodiac,"1618 Main St Level Six, Dallas, TX 75201",https://stores.neimanmarcus.com,Yes,(214) 573-5800,,2.0,20.0,32.7809852,-96.9505657,hot dog stand,General,75201,,,,,,,No,no_contact_found
Dickey's Barbecue Pit,"1201 Main St Dallas Ste, Dallas, TX 75202",https://dickeys.com,Yes,(214) 760-2400,,6.0,9.0,32.7809852,-96.9505657,hot dog stand,General,75201,,,,,https://www.facebook.com/dickeysbarbecuepit/,https://www.instagram.com/dickeysbarbecuepit,No,no_contact_found
Ari's Pantry - Downtown,"1800 Main St Suite 124, Dallas, TX 75201",https://arispantry.com,Yes,(972) 707-1150,,8.0,5.0,32.7809852,-96.9505657,hot dog stand,General,75201,,,,,,,No,no_contact_found
Leela's Wine Bar - Uptown,"2355 Olive St #145, Dallas, TX 75201",https://leelas.com,Yes,(469) 505-2103,,4.0,54.0,32.7809852,-96.9505657,hot dog stand,General,75201,marketing@unco.com,,,marketing@unco.com,https://www.facebook.com/leelaswinebar,https://www.instagram.com/leelaswinebar/,Yes,found_homepage
Sassetta,"1530 Main St STE 100, Dallas, TX 75201",https://thejouledallas.com,Yes,(214) 290-7555,,1.0,71.0,32.7809852,-96.9505657,hot dog stand,General,75201,,,,,https://www.facebook.com/TheJouleHotel/,https://www.instagram.com/thejouledallas,No,no_contact_found
Pegasus City Brewery,"1508 Commerce St, Dallas, TX 75201",https://pegasuscitybrewery.com,Yes,(972) 366-7722,,3.0,26.0,32.7809852,-96.9505657,hot dog stand,General,75201,info@pegasuscitybrewery.com,,,info@pegasuscitybrewery.com,https://www.facebook.com/PegasusCityBrewery,https://www.instagram.com/pegasuscitybrewery/,Yes,found_homepage
Burgundy's Local,"2222 McKinney Ave STE 110, Dallas, TX 75201",https://snapkitchen.com,Yes,(469) 206-3460,,1.0,19.0,32.7809852,-96.9505657,hot dog stand,General,75201,,,,,,https://www.instagram.com/snapkitchen/,No,no_contact_found
San Martin Bakery and Restaurant,"3120 McKinney Ave, Dallas, TX 75204",https://sanmartinbakery.us,Yes,(469) 802-6652,,98.0,4.0,32.7809852,-96.9505657,hot dog stand,General,75201,,,,,,,No,no_contact_found
Cold Beer Company,"3600 Main St, Dallas, TX 75226",https://coldbeerco.com,Yes,(214) 952-2068,,0.0,52.0,32.7809852,-96.9505657,hot dog stand,General,75201,info@coldbeerco.com,,,info@coldbeerco.com,,https://www.instagram.com/coldbeerco,Yes,found_homepage
White Rhino Coffee,"2909 Thomas Ave, Dallas, TX 75204",https://whiterhinocoffee.com,Yes,(214) 774-2406,,0.0,50.0,32.7809852,-96.9505657,hot dog stand,General,75201,,,,,https://www.facebook.com/WhiteRhinoC/,https://www.instagram.com/whiterhinocoffee/,No,no_contact_found
Burger King,"801 N Riverfront Blvd, Dallas, TX 75207",https://burgerking.com,Yes,(214) 748-4077,,123.0,1.0,32.778673,-96.8751248,drive through restaurant,Food & Restaurant,75201,,,,,,,No,no_contact_found
Schlotzsky's Deli,"3903 Gaston Ave, Dallas, TX 75246",https://locations.schlotzskys.com,Yes,(214) 954-7558,,284.0,1.0,32.778673,-96.8751248,drive through restaurant,Food & Restaurant,75201,,,,,https://www.facebook.com/Schlotzskys/,https://www.instagram.com/schlotzskys/,No,no_contact_found
McDonald's,"650 N Riverfront Blvd, Dallas, TX 75207",https://mcdonalds.com,Yes,(214) 651-7830,,233.0,2.0,32.778673,-96.8751248,drive through restaurant,Food & Restaurant,75201,franchising@us.mcd.com,,,franchising@us.mcd.com,https://www.facebook.com/McDonalds/,https://www.instagram.com/wearegolden/,Yes,found_subpage
Jack in the Box,"3811 Live Oak St, Dallas, TX 75204",https://locations.jackinthebox.com,Yes,(214) 826-2470,,637.0,1.0,32.778673,-96.8751248,drive through restaurant,Food & Restaurant,75201,,,,,https://www.facebook.com/jackinthebox/,https://www.instagram.com/jackinthebox/,No,no_contact_found
Taco Bell,"2404 N Washington Ave, Dallas, TX 75204",https://locations.tacobell.com,Yes,(214) 821-4866,,445.0,2.0,32.778673,-96.8751248,drive through restaurant,Food & Restaurant,75201,,,,,https://www.facebook.com/tacobell,https://www.instagram.com/tacobell/,No,no_contact_found
Dickey's Barbecue Pit,"2324 McKinney Ave, Dallas, TX 75201",https://dickeys.com,Yes,(469) 248-3149,,6.0,24.0,32.778673,-96.8751248,drive through restaurant,Food & Restaurant,75201,,,,,https://www.facebook.com/dickeysbarbecuepit/,https://www.instagram.com/dickeysbarbecuepit,No,no_contact_found
Starbucks Coffee Company,"2103 N Hall St, Dallas, TX 75204",https://starbucks.com,Yes,(469) 805-8029,,5.0,67.0,32.778673,-96.8751248,drive through restaurant,Food & Restaurant,75201,press@starbucks.com,pressemea@starbucks.com,investorrelations@starbucks.com,press@starbucks.com | pressemea@starbucks.com | investorrelations@starbucks.com | partnerships@starbucks.com,https://facebook.com/starbucks,https://instagram.com/starbucks,Yes,found_subpage
Jack in the Box,"190 Continental Ave, Dallas, TX 75207",https://locations.jackinthebox.com,Yes,(214) 760-9324,,77.0,1.0,32.778673,-96.8751248,drive through restaurant,Food & Restaurant,75201,,,,,https://www.facebook.com/jackinthebox/,https://www.instagram.com/jackinthebox/,No,no_contact_found
Wendy's,"4018 Lemmon Ave, Dallas, TX 75219",https://locations.wendys.com,Yes,(214) 272-0842,,560.0,1.0,32.778673,-96.8751248,drive through restaurant,Food & Restaurant,75201,,,,,https://www.facebook.com/wendys/,https://www.instagram.com/wendys/#,No,no_contact_found
Popeyes Louisiana Kitchen,"4700 Ross Ave, Dallas, TX 75204",https://popeyes.com,Yes,(214) 821-8870,,606.0,1.0,32.778673,-96.8751248,drive through restaurant,Food & Restaurant,75201,,,,,,,No,no_contact_found
Jack in the Box,"4402 Maple Ave, Dallas, TX 75219",https://locations.jackinthebox.com,Yes,(214) 521-2560,,271.0,1.0,32.778673,-96.8751248,drive through restaurant,Food & Restaurant,75201,,,,,https://www.facebook.com/jackinthebox/,https://www.instagram.com/jackinthebox/,No,no_contact_found
McDonald's,"3802 Gaston Ave, Dallas, TX 75246",https://mcdonalds.com,Yes,(214) 827-4021,,879.0,2.0,32.778673,-96.8751248,drive through restaurant,Food & Restaurant,75201,franchising@us.mcd.com,,,franchising@us.mcd.com,https://www.facebook.com/McDonalds/,https://www.instagram.com/wearegolden/,Yes,found_subpage
Andy's Treat Truck,"2012 Woodall Rodgers Fwy, Dallas, TX 75201",https://locations.eatandys.com,Yes,(469) 400-3020,,5.0,5.0,32.778673,-96.8751248,drive through restaurant,Food & Restaurant,75201,,,,,,,No,no_contact_found
Gymkhana Indian Restaurant & Bar,"1408-1410 Main St, Dallas, TX 75202",https://gymkhanadallas.com,Yes,(469) 399-5335,,9.0,20.0,32.778673,-96.8751248,drive through restaurant,Food & Restaurant,75201,,,,,https://www.facebook.com/profile.php?id=61583437289676,https://www.instagram.com/gymkhanaindianrestaurantbar/,No,no_contact_found
Keller's Drive-In,"10554 Harry Hines Blvd, Dallas, TX 75220",https://facebook.com,Yes,(214) 357-3572,,807.0,1.0,32.8689661,-96.9541549,drive through restaurant,Food & Restaurant,75201,,,,,https://www.facebook.com/reg/,https://l.facebook.com/l.php?u=https%3A%2F%2Fwww.instagram.com%2F&h=AT6HqGr6g5W_cIASZPopczRO2uva15r7R0iucZYHhWRnzj9BGAoKE7tI2BBFpw-3mfpQBttIe-HQMNIBPufMKTUlEawN7OBBbhf8TOKdPJigPIbPn-qD7BRrzphuZW1PqDfmqQiBtEFRTliVNMaOrfEwNw,No,no_contact_found
Pollo Regio,"4416 Live Oak St, Dallas, TX 75204",https://polloregio.com,Yes,(214) 782-9055,,857.0,3.0,32.7987945,-96.8486886,drive through restaurant,Food & Restaurant,75201,,,,,,,No,no_contact_found
Fuel City Dallas,"801 S Riverfront Blvd, Dallas, TX 75207",https://fuelcity.com,Yes,(214) 426-0011,,4.0,93.0,32.7987945,-96.8486886,drive through restaurant,Food & Restaurant,75201,,,,,https://www.facebook.com/WeAreFuelCity/,https://www.instagram.com/wearefuelcity/,No,no_contact_found
Popeyes Louisiana Kitchen,"212 Continental Ave, Dallas, TX 75207",https://popeyes.com,Yes,(214) 741-7478,,209.0,1.0,32.783408,-96.8864982,drive through restaurant,Food & Restaurant,75201,,,,,,,No,no_contact_found
Hibachi Street Food,"4321 Live Oak St, Dallas, TX 75204",https://hibachistreetfood.com,Yes,(214) 251-1014,,0.0,3.0,32.7987194,-96.8499615,drive through restaurant,Food & Restaurant,75201,,,,,,,No,no_contact_found
Taco Cabana,"3923 Lemmon Ave, Dallas, TX 75219",https://tacocabana.com,Yes,(214) 522-3770,,855.0,1.0,32.7987194,-96.8499615,drive through restaurant,Food & Restaurant,75201,customercontact@tacocabana.com,,,customercontact@tacocabana.com,https://www.facebook.com/TacoCabana/,https://instagram.com/tacocabana,Yes,found_subpage
McDonald's,"4439 Lemmon Ave, Dallas, TX 75219",https://mcdonalds.com,Yes,(214) 522-0697,,189.0,2.0,32.7963941,-96.9055468,drive through restaurant,Food & Restaurant,75201,franchising@us.mcd.com,,,franchising@us.mcd.com,https://www.facebook.com/McDonalds/,https://www.instagram.com/wearegolden/,Yes,found_subpage
Smoothie King,"3903 Lemmon Ave, Dallas, TX 75219",https://locations.smoothieking.com,Yes,(214) 599-6213,,4.0,85.0,32.7963941,-96.9055468,drive through restaurant,Food & Restaurant,75201,,,,,,,No,no_contact_found
Chick-fil-A,"8008 Cedar Springs Rd, Dallas, TX 75235",https://chick-fil-a.com,Yes,(214) 301-7514,,8.0,4.0,32.8459538,-96.9223406,drive through restaurant,Food & Restaurant,75201,,,,,,,No,no_contact_found
Cowboy's Beer Barn,"908 S Riverfront Blvd, Dallas, TX 75207",https://cowboysbeerbarn.com,Yes,(972) 835-5532,,8.0,16.0,32.7676148,-96.876872,drive through restaurant,Food & Restaurant,75201,info@cowboysbeerbarn.com,,,info@cowboysbeerbarn.com,https://www.facebook.com/cowboysbeerdallas,https://www.instagram.com/cowboysbeerbarn/,Yes,found_homepage
Starbucks Coffee Company,"4025 Gaston Ave, Dallas, TX 75246",https://starbucks.com,Yes,(214) 824-3675,,81.0,1.0,32.7676148,-96.876872,drive through restaurant,Food & Restaurant,75201,press@starbucks.com,pressemea@starbucks.com,investorrelations@starbucks.com,press@starbucks.com | pressemea@starbucks.com | investorrelations@starbucks.com | partnerships@starbucks.com,https://facebook.com/starbucks,https://instagram.com/starbucks,Yes,found_subpage
In-N-Out Burger,"7940 N Central Expy, Dallas, TX 75206",https://locations.in-n-out.com,Yes,(800) 786-1000,,106.0,6.0,32.7676148,-96.876872,drive through restaurant,Food & Restaurant,75201,,,,,https://www.facebook.com/innout,https://www.instagram.com/innout,No,no_contact_found
Taco Bell,"4341 Lemmon Ave, Dallas, TX 75219",https://locations.tacobell.com,Yes,(214) 443-7828,,20.0,1.0,32.7676148,-96.876872,drive through restaurant,Food & Restaurant,75201,,,,,https://www.facebook.com/tacobell,https://www.instagram.com/tacobell/,No,no_contact_found
El Rey Del Grill,"4535 Maple Ave, Dallas, TX 75219",https://elreydelgrill.com,Yes,(214) 559-3668,,0.0,83.0,32.7676148,-96.876872,drive through restaurant,Food & Restaurant,75201,,,,,,,No,no_contact_found
Panera Bread,"4810 Harry Hines Blvd Lot A, Dallas, TX 75235",https://panerabread.com,Yes,(214) 984-3647,,9.0,49.0,32.7676148,-96.876872,drive through restaurant,Food & Restaurant,75201,,,,,,,No,no_contact_found
Starbucks Coffee Company,"2800 Oak Lawn Ave, Dallas, TX 75219",https://starbucks.com,Yes,(214) 219-0369,,7.0,60.0,32.7676148,-96.876872,drive through restaurant,Food & Restaurant,75201,press@starbucks.com,pressemea@starbucks.com,investorrelations@starbucks.com,press@starbucks.com | pressemea@starbucks.com | investorrelations@starbucks.com | partnerships@starbucks.com,https://facebook.com/starbucks,https://instagram.com/starbucks,Yes,found_subpage
In-N-Out Burger,"7909 Lyndon B Johnson Fwy, Dallas, TX 75240",https://locations.in-n-out.com,Yes,(800) 786-1000,,38.0,6.0,32.7676148,-96.876872,drive through restaurant,Food & Restaurant,75201,,,,,https://www.facebook.com/innout,https://www.instagram.com/innout,No,no_contact_found
Peticolas Brewing Company + Taproom / 2026 Soccer Watching Hotspot,"1301 Pace St, Dallas, TX 75207",https://peticolasbrewing.com,Yes,(214) 234-7600,,6.0,62.0,32.7676148,-96.876872,drive through restaurant,Food & Restaurant,75201,,,,,,,No,no_contact_found
Starbucks Coffee Company,"3699 McKinney Ave, Dallas, TX 75204",https://starbucks.com,Yes,(214) 219-1735,,0.0,58.0,32.7676148,-96.876872,drive through restaurant,Food & Restaurant,75201,press@starbucks.com,pressemea@starbucks.com,investorrelations@starbucks.com,press@starbucks.com | pressemea@starbucks.com | investorrelations@starbucks.com | partnerships@starbucks.com,https://facebook.com/starbucks,https://instagram.com/starbucks,Yes,found_subpage
Starbucks Coffee Company,"4744 Maple Ave, Dallas, TX 75219",https://starbucks.com,Yes,(214) 559-4050,,3.0,60.0,32.7676148,-96.876872,drive through restaurant,Food & Restaurant,75201,press@starbucks.com,pressemea@starbucks.com,investorrelations@starbucks.com,press@starbucks.com | pressemea@starbucks.com | investorrelations@starbucks.com | partnerships@starbucks.com,https://facebook.com/starbucks,https://instagram.com/starbucks,Yes,found_subpage
7-Eleven,"1005 S Riverfront Blvd, Dallas, TX 75207",https://7-eleven.com,Yes,(214) 421-4466,,3.0,2.0,32.7676148,-96.876872,drive through restaurant,Food & Restaurant,75201,,,,,https://www.facebook.com/7Eleven,https://www.instagram.com/7eleven/,No,no_contact_found
Starbucks Coffee Company,"4023 Lemmon Ave, Dallas, TX 75219",https://starbucks.com,Yes,(469) 923-0018,,8.0,53.0,32.7676148,-96.876872,drive through restaurant,Food & Restaurant,75201,press@starbucks.com,pressemea@starbucks.com,investorrelations@starbucks.com,press@starbucks.com | pressemea@starbucks.com | investorrelations@starbucks.com | partnerships@starbucks.com,https://facebook.com/starbucks,https://instagram.com/starbucks,Yes,found_subpage
Dairy-Ette,"9785 Ferguson Rd, Dallas, TX 75228",https://dairyette.shop,Yes,(214) 327-9983,,364.0,1.0,32.7676148,-96.876872,drive through restaurant,Food & Restaurant,75201,wherevi.com@gmail.com,,,wherevi.com@gmail.com,,,Yes,found_homepage
Sonic Drive-In,"3710 W Illinois Ave, Dallas, TX 75211",https://sonicdrivein.com,Yes,(214) 339-3232,,134.0,1.0,32.7676148,-96.876872,drive through restaurant,Food & Restaurant,75201,,,,,,,No,no_contact_found
The Dallas World Aquarium,"3710 W Illinois Ave, Dallas, TX 75211",https://sonicdrivein.com,Yes,(214) 339-3232,,134.0,1.0,32.7676148,-96.876872,drive through restaurant,Food & Restaurant,75201,,,,,,,No,no_contact_found
Eatzis Market & Bakery,"3403 Oak Lawn Ave, Dallas, TX 75219",https://eatzis.com,Yes,(214) 526-1515,,639.0,3.0,32.7676148,-96.876872,drive through restaurant,Food & Restaurant,75201,,,,,,,No,no_contact_found
Sonic Drive-In,"8602 S Polk St, Dallas, TX 75232",https://sonicdrivein.com,Yes,(972) 228-0600,,232.0,1.0,32.7676148,-96.876872,drive through restaurant,Food & Restaurant,75201,,,,,,,No,no_contact_found
Shell,"2324 McKinney Ave, Dallas, TX 75201",https://find.shell.com,Yes,(469) 248-3149,,9.0,23.0,32.7676148,-96.876872,drive through restaurant,Food & Restaurant,75201,,,,,,,No,no_contact_found
Fairmont Dallas,"1717 N Akard St, Dallas, TX 75201",https://fairmont.com,Yes,(214) 720-2020,,91.0,6.0,32.7676148,-96.876872,drive through restaurant,Food & Restaurant,75201,,,,,https://www.facebook.com/fairmonthotels/,https://www.instagram.com/fairmonthotels/,No,no_contact_found
Food Truck Connector - Dallas Food Trucks,"2002 Ross Ave, Dallas, TX 75201",https://dallasfoodtruckcatering.com,Yes,(800) 934-6771,,2.0,1.0,32.7884964,-97.3790034,food truck,Food & Restaurant,75201,,,,,,,No,no_contact_found
What's The Flava! (Food Truck),"Dallas, TX 75201",https://instagram.com,Yes,,,7.0,1.0,32.7884964,-97.3790034,food truck,Food & Restaurant,75201,,,,,https://developers.facebook.com/docs/instagram,https://about.instagram.com/,No,no_contact_found
Serious Salads Food Truck,"CBS 11 Food Truck Lane, 2012 Woodall Rodgers Fwy, Dallas, TX 75201",https://serioussalads.com,Yes,(972) 864-7374,,4.0,2.0,32.7884964,-97.3790034,food truck,Food & Restaurant,75201,,,,,https://www.facebook.com/SeriousSaladsDallas/,https://www.instagram.com/serioussaladsdallas/?hl=en,No,no_contact_found
Ruthie's Cafe,"1632 Martin Luther King Jr Blvd suite 100, Dallas, TX 75215",https://ruthiesforgood.com,Yes,(214) 377-7355,,3.0,34.0,32.7884964,-97.3790034,food truck,Food & Restaurant,75201,,,,,,,No,no_contact_found
Cuates (kwa.tes) Kitchen,"3811 Fairmount St, Dallas, TX 75219",https://cuateskitchen.com,Yes,(214) 908-7336,,6.0,42.0,32.7884964,-97.3790034,food truck,Food & Restaurant,75201,cuateskitchen@gmail.com,,,cuateskitchen@gmail.com,https://www.facebook.com/271900036676276,https://www.instagram.com/cuateskitchen,Yes,found_homepage
MLK Food Park,"1611 Martin Luther King Jr Blvd, Dallas, TX 75215",https://betterblock.org,Yes,,,2.0,1.0,32.7884964,-97.3790034,food truck,Food & Restaurant,75201,krista@betterblock.org,,,krista@betterblock.org,https://www.facebook.com/BetterBlock/,https://www.instagram.com/betterblock/,Yes,found_homepage
Tierra a Taza Coffee Cart - DFW Mobile Espresso Bar and Coffee Catering,"1800 N Field St Suite 125, Dallas, TX 75202",https://tatcoffeeco.com,Yes,(817) 918-8884,,3.0,4.0,32.7870529,-97.0872861,mobile food vendor,Food & Restaurant,75201,,,,,https://www.facebook.com/TATCoffeeLife/,https://www.instagram.com/tatcoffeelife,No,no_contact_found
Luiege pizza truck,"4619 E Grand Ave, Dallas, TX 75223",https://luiegepizzatruck.wixsite.com,Yes,(469) 781-1880,,4.0,4.0,32.7870529,-97.0872861,mobile food vendor,Food & Restaurant,75201,,,,,,,No,no_contact_found
Freshnez,"7508 Ambassador Row, Dallas, TX 75247",https://freshnezkitchen.com,Yes,(833) 888-3639,,8.0,38.0,32.7870529,-97.0872861,mobile food vendor,Food & Restaurant,75201,20orders@freshnezkitchen.com,orders@freshnezkitchen.com,,20orders@freshnezkitchen.com | orders@freshnezkitchen.com,,,Yes,found_homepage
FED UP FOOD TRUCKS DALLAS,"4211 S Great Trinity Forest Way, Dallas, TX 75241",https://fedupfoodtrucks.com,Yes,(817) 298-0918,,8.0,1.0,32.7870529,-97.0872861,mobile food vendor,Food & Restaurant,75201,info@fedupfoodtrucks.com,sharandajones@outlook.com,,info@fedupfoodtrucks.com | sharandajones@outlook.com,,,Yes,found_homepage
Craftenders Event Staffing LLC,"Creative Studio, 2346 Victory Park Ln, Dallas, TX 75219",https://thecraftenders.com,Yes,(972) 895-2601,,4.0,16.0,32.7870529,-97.0872861,mobile food vendor,Food & Restaurant,75201,,,,,https://www.facebook.com/craftstaff,https://www.instagram.com/_shakeandstrain_dfw,No,no_contact_found
Dallas Metro Food,"2356 Irving Blvd, Dallas, TX 75207",https://dallasmetrofood.com,Yes,(214) 253-0030,,1.0,1.0,32.7870529,-97.0872861,mobile food vendor,Food & Restaurant,75201,customerservice@dallasmetrofood.com,,,customerservice@dallasmetrofood.com,https://www.facebook.com/profile.php?id=100079248955286,https://www.instagram.com/dallasmetrofood/,Yes,found_homepage
Ace Mart Restaurant Supply,"4004 Ross Ave, Dallas, TX 75204",https://acemart.com,Yes,(214) 442-0720,,4.0,13.0,32.7870529,-97.0872861,mobile food vendor,Food & Restaurant,75201,,,,,,,No,no_contact_found
Dallas Food Truck Association,"17304 Preston Rd Suite 800, Dallas, TX 75252",https://dalfta.org,Yes,(945) 218-6034,,,,32.9866894,-97.0905867,mobile food vendor,Food & Restaurant,75201,,,,,https://www.facebook.com/people/Dallas-Food-Truck-Association/61572376972021/#,https://www.instagram.com/dal_fta/,No,no_contact_found
Empire Fresh Produce,"1804 S Harwood St, Dallas, TX 75215",https://empirefreshproduce.com,Yes,(214) 238-3329,,8.0,2.0,32.7732362,-97.0728132,mobile food vendor,Food & Restaurant,75201,drivera@empirefreshproduce.com,,,drivera@empirefreshproduce.com,https://www.facebook.com/profile.php?id=100063559119842,,Yes,found_homepage
St. Drogo's Coffee Cart | DFW Mobile Espresso Bar,"4301 Bryan St, Dallas, TX 75204",https://saintdrogos.com,Yes,(940) 535-4849,,5.0,2.0,32.7732362,-97.0728132,mobile food vendor,Food & Restaurant,75201,,,,,,,No,no_contact_found
Bread Winners Catering,"3301 McKinney Ave Ste 100, Dallas, TX 75204",https://catering.breadwinnerscafe.com,Yes,(214) 484-6904,,2.0,2.0,32.8046686,-97.0879262,mobile food vendor,Food & Restaurant,75201,,,,,,,No,no_contact_found
The Fud Trailer Dallas,"13657 S Jupiter Rd Ste 103, Dallas, TX 75238",https://thefudtrailer.com,Yes,(346) 234-6659,,7.0,10.0,32.8832817,-96.9722061,mobile food vendor,Food & Restaurant,75201,,,,,https://www.facebook.com/thefudtrailercompany,https://www.instagram.com/thefudtrailercompany/,No,no_contact_found
Truck Yard,"5624 Sears St, Dallas, TX 75206",https://truckyardcommissarykitchen.com,Yes,(877) 447-2967,,145.0,4.0,32.7794769,-97.0881283,mobile food vendor,Food & Restaurant,75201,,,,,,,No,no_contact_found
Tacos Caita,"4321 Live Oak St, Dallas, TX 75204",https://uptown-eats.com,Yes,(214) 497-8636,,0.0,1.0,32.9283389,-97.2957576,mobile food vendor,Food & Restaurant,75201,,,,,,,No,no_contact_found
Lone Star Food Truck And Trailer Distributors,"6451 S Great Trinity Forest Way, Dallas, TX 75217",https://lonestarfoodtrailers.com,Yes,(214) 994-0452,,,,32.9283389,-97.2957576,mobile food vendor,Food & Restaurant,75201,lonestarfoodtruckandtrailers@gmial.com,lonestarfoodtruckandtrailers@gmail.com,,lonestarfoodtruckandtrailers@gmial.com | lonestarfoodtruckandtrailers@gmail.com,,,Yes,found_homepage
Farmers Market,"909 S Pearl Expy, Dallas, TX 75201",https://dallasfarmersmarket.org,Yes,(214) 748-1293,,0.0,9.0,32.9283389,-97.2957576,mobile food vendor,Food & Restaurant,75201,,,,,,,No,no_contact_found
Culinaire International,"8303 Elmbrook Dr, Dallas, TX 75247",https://culinaireintl.com,Yes,(214) 754-1880,,0.0,1.0,32.9283389,-97.2957576,mobile food vendor,Food & Restaurant,75201,,,,,,,No,no_contact_found
Creative Affairs Catering,"4318 Eastside Ave, Dallas, TX 75226",https://creativeaffairscatering.com,Yes,(972) 803-6619,,6.0,1.0,32.9283389,-97.2957576,mobile food vendor,Food & Restaurant,75201,sales@creativeaffairscatering.com,,,sales@creativeaffairscatering.com,https://www.facebook.com/creativeaffairs.catering/#,https://www.instagram.com/creativeaffairscatering/#,Yes,found_homepage
Extreme Mobile Services Inc.,"2202 Manana Dr suite 130, Dallas, TX 75220",https://extrememobileservices.com,Yes,(214) 488-1237,,4.0,4.0,32.9283389,-97.2957576,mobile food vendor,Food & Restaurant,75201,,,,,,,No,no_contact_found
Porch Swing Iced Tea,"123 Taylor St, Dallas, TX 75201",https://porchswingicedtea.com,Yes,(940) 205-3549,,,,32.9283389,-97.2957576,mobile food vendor,Food & Restaurant,75201,brett@porchswingicedtea.com,,,brett@porchswingicedtea.com,https://www.facebook.com/PorchSwingIcedTeaLLC,https://www.instagram.com/porchswingicedtea/,Yes,found_homepage
Gonzalez Food Products Mexsnax,"1610 Fort Worth Ave, Dallas, TX 75208",https://mexsnax.com,Yes,(214) 748-8225,,7.0,2.0,32.9283389,-97.2957576,mobile food vendor,Food & Restaurant,75201,info@mexsnax.com,,,info@mexsnax.com,https://www.facebook.com/mexsnax,https://www.instagram.com/mexsnax/,Yes,found_homepage
Exxon,"2503 Lemmon Ave, Dallas, TX 75204",https://exxon.com,Yes,(214) 824-1202,,0.0,64.0,32.9283389,-97.2957576,mobile food vendor,Food & Restaurant,75201,emrewards@chd.exxonmobilsupport.com,,,emrewards@chd.exxonmobilsupport.com,,,Yes,found_subpage
Pearlie's Southern Kitchen,"1335 Admiral Nimitz Cir NT24F, Dallas, TX 75223",https://pearliessouthernkitchen.com,Yes,(972) 591-6827,,,,32.9283389,-97.2957576,mobile food vendor,Food & Restaurant,75201,,,,,,,No,no_contact_found
Trouvi Cookie Company Weekend Booth At The Dallas Farmers Market,"133 Taylor St, Dallas, TX 75201",https://trouvicookies.com,Yes,(214) 552-8814,,8.0,3.0,32.9283389,-97.2957576,mobile food vendor,Food & Restaurant,75201,info@trouvicookies.com,,,info@trouvicookies.com,https://www.facebook.com/TrouviCookieCo/,,Yes,found_homepage
Tiff's Treats Cookie Delivery,"1001 Ross Ave #120, Dallas, TX 75202",https://cookiedelivery.com,Yes,(214) 720-0500,,9.0,43.0,32.9283389,-97.2957576,mobile food vendor,Food & Restaurant,75201,,,,,https://www.facebook.com/tiffstreats,https://www.instagram.com/tiffstreats/,No,no_contact_found
Amigos Meat Distributors / Dallas,"2525 W Commerce St, Dallas, TX 75212",https://amigosmeat.com,Yes,(214) 272-9948,,1.0,11.0,32.9283389,-97.2957576,mobile food vendor,Food & Restaurant,75201,,,,,https://www.facebook.com/amigosfoodsChi/,https://www.instagram.com/amigosfoods/,No,no_contact_found
CN Catering,"8805 Sovereign Row, Dallas, TX 75247",https://cncatering.com,Yes,(214) 821-2514,,6.0,12.0,32.9283389,-97.2957576,mobile food vendor,Food & Restaurant,75201,info@cncatering.com,,,info@cncatering.com,https://www.facebook.com/CNCateringDallas/,https://www.instagram.com/cncatering/,Yes,found_homepage
City Events Gourmet Food Truck,"8210 S Lancaster Rd, Dallas, TX 75241",https://cityeventsgourmet.com,Yes,(214) 574-8699,,,,32.9283389,-97.2957576,mobile food vendor,Food & Restaurant,75201,,,,,,,No,no_contact_found
Oncor Electric Delivery - Headquarters,"1616 Woodall Rodgers Fwy, Dallas, TX 75202",https://oncor.com,Yes,(888) 313-6862,,6.0,23.0,32.9283389,-97.2957576,mobile food vendor,Food & Restaurant,75201,contactcenter@oncor.com,,,contactcenter@oncor.com,http://facebook.com/oncor,https://www.instagram.com/oncordelivers/,Yes,found_homepage
State Fair of Texas Administration Office,"3921 Martin Luther King Jr Blvd, Dallas, TX 75210",https://bigtex.com,Yes,(214) 565-9931,,3.0,18.0,32.9283389,-97.2957576,mobile food vendor,Food & Restaurant,75201,,,,,,,No,no_contact_found
STAYLYTE INC,"539 W Commerce St #3546, Dallas, TX 75208",https://staylyte.com,Yes,(945) 308-3249,,,,32.9283389,-97.2957576,mobile food vendor,Food & Restaurant,75201,orders@staylyte.com,filler@godaddy.com,,orders@staylyte.com | filler@godaddy.com,https://www.facebook.com/116263198130128,https://www.instagram.com/staylyte?igsh=c2pwb3c3OWgxdW8x&utm_source=qr,Yes,found_homepage
Scardello Artisan Cheese,"911 S Pearl Expy, Dallas, TX 75201",https://scardellocheese.com,Yes,(214) 219-1300,,1.0,4.0,32.9283389,-97.2957576,mobile food vendor,Food & Restaurant,75201,,,,,,,No,no_contact_found
Beyond the Box Catering,"2544 W Commerce St, Dallas, TX 75212",https://foodbeyondthebox.com,Yes,(214) 828-2228,,0.0,11.0,32.9283389,-97.2957576,mobile food vendor,Food & Restaurant,75201,,,,,https://www.facebook.com/BeyondtheBoxCatering/,https://www.instagram.com/beyondthebox_catering/,No,no_contact_found
Mobil,"S Lamar & Powhattan, Dallas, TX 75215",https://exxon.com,Yes,(972) 828-0711,,0.0,39.0,32.9283389,-97.2957576,mobile food vendor,Food & Restaurant,75201,emrewards@chd.exxonmobilsupport.com,,,emrewards@chd.exxonmobilsupport.com,,,Yes,found_subpage
Lone Chimney Mercantile at the Dallas Farmers Market,"920 S Harwood St Suite #116, Dallas, TX 75201",https://lonechimneymercantile.com,Yes,(214) 734-8691,,2.0,1.0,32.9283389,-97.2957576,mobile food vendor,Food & Restaurant,75201,,,,,,,No,no_contact_found
Lakewood Tower Farmers Market,"6301 Gaston Ave, Dallas, TX 75214",https://goodlocalmarkets.org,Yes,(440) 387-1959,,,,32.9283389,-97.2957576,mobile food vendor,Food & Restaurant,75201,info@goodlocalmarkets.org,,,info@goodlocalmarkets.org,https://www.facebook.com/goodlocalmarkets/,https://www.instagram.com/goodlocalmarkets/,Yes,found_homepage
Catering by Chef Richard,"5214 Botham Jean Blvd, Dallas, TX 75215",https://cateringbychefrichard.com,Yes,(972) 704-8100,,,,32.9283389,-97.2957576,mobile food vendor,Food & Restaurant,75201,,,,,,,No,no_contact_found
Bellatrino Pizzeria,"920 S Harwood St #120, Dallas, TX 75201",https://bellatrinopizzeria.com,Yes,(214) 495-1303,,121.0,3.0,32.9283389,-97.2957576,mobile food vendor,Food & Restaurant,75201,john@dallasbestpizza.com,,,john@dallasbestpizza.com,https://www.facebook.com/577830098915501,https://www.instagram.com/bella_trino,Yes,found_homepage
Chef's Little Hut,"G, 1327 Empire Central Dr #260, Dallas, TX 75247",https://chefslittlehut.wixsite.com,Yes,(469) 844-7328,,,,32.9283389,-97.2957576,mobile food vendor,Food & Restaurant,75201,,,,,,,No,no_contact_found
Tony's Neighborhood Food Store,"820 N Fitzhugh Ave, Dallas, TX 75246",https://valero.com,Yes,(214) 572-0406,,2.0,3.0,32.9283389,-97.2957576,mobile food vendor,Food & Restaurant,75201,,,,,,,No,no_contact_found
Exxon,"750 Riverfront Rd, Dallas, TX 75207",https://exxon.com,Yes,(214) 752-4942,,4.0,38.0,32.9283389,-97.2957576,mobile food vendor,Food & Restaurant,75201,emrewards@chd.exxonmobilsupport.com,,,emrewards@chd.exxonmobilsupport.com,,,Yes,found_subpage
Doc Popcorn at the Dallas Convention Center,"650 S Griffin St, Dallas, TX 75202",https://dfwpopcorn.com,Yes,(214) 417-8431,,,,32.9283389,-97.2957576,mobile food vendor,Food & Restaurant,75201,kellie@kcvsi.com,,,kellie@kcvsi.com,https://www.facebook.com/Doc-Popcorn-at-Dallas-Farmers-Market-787491368059514/,https://www.instagram.com/docpopcornatfarmers/,Yes,found_homepage
Premier Hookahs To Go,"5150 Lemmon Ave #1204, Dallas, TX 75209",https://godaddysites.com,Yes,(214) 394-9238,,,,32.9283389,-97.2957576,mobile food vendor,Food & Restaurant,75201,,,,,,,No,no_contact_found
One Uptown,"2619 McKinney Ave, Dallas, TX 75204",https://oneuptown.com,Yes,(214) 814-8564,,8.0,10.0,32.9283389,-97.2957576,mobile food vendor,Food & Restaurant,75201,,,,,https://www.facebook.com/One-Uptown-229006257465731/,https://www.instagram.com/oneuptown/,No,no_contact_found
Dallas Farmers Market Produce Shed,"123 Taylor St, Dallas, TX 75201",https://dallasfarmersmarket.org,Yes,,,1.0,8.0,32.7861308,-96.828101,street food vendor,Food & Restaurant,75201,,,,,,,No,no_contact_found
Main Street Market & Eatery,"3102 Main St, Dallas, TX 75226",https://mainstreetmarketdfw.com,Yes,(972) 685-6000,,4.0,9.0,32.7861308,-96.828101,street food vendor,Food & Restaurant,75201,,,,,,https://www.instagram.com/mainstmarketdfw/,No,no_contact_found
Seasoned Street Food,"921 W Commerce St, Dallas, TX 75208",https://seasonedstreetfood.com,Yes,(972) 469-0206,,4.0,4.0,32.7734831,-96.8732425,street food vendor,Food & Restaurant,75201,,,,,,,No,no_contact_found
Uptown Eats,"4321 Live Oak St, Dallas, TX 75204",https://uptown-eats.com,Yes,,,4.0,12.0,32.7775406,-96.8261125,street food vendor,Food & Restaurant,75201,,,,,,,No,no_contact_found
Incloodie Food Tours Dallas,"325 North St. Paul Street Suite 3100, Dallas, TX 75201",https://incloodiefoodtour.com,Yes,(682) 422-6927,,8.0,20.0,32.7775406,-96.8261125,street food vendor,Food & Restaurant,75201,info@incloodiefoodtour.com,,,info@incloodiefoodtour.com,https://www.facebook.com/incloodiefoodtour,https://www.instagram.com/reel/DHlz0LVJhDO/?igsh=Mm91enBobGw5Y2dq,Yes,found_subpage
Urban Value Corner Store,"2000 Woodall Rodgers Fwy, Dallas, TX 75201",https://micocina.com,Yes,(214) 531-6061,,119.0,2.0,32.7775406,-96.8261125,street food vendor,Food & Restaurant,75201,,,,,https://www.facebook.com/MiCocinaTexmex,https://www.instagram.com/micocina/,No,no_contact_found
Food Nation Cinco Cocinas Food Hall,"4711 Maple Ave, Dallas, TX 75219",https://cincococinas.com,Yes,(469) 917-9003,,1.0,8.0,32.8136364,-96.8618952,street food vendor,Food & Restaurant,75201,,,,,http://facebook.com/squarespace,http://instagram.com/cincococinas,No,no_contact_found
Doc Popcorn at Dallas Farmers Market,"920 S Harwood St Suite 179, Dallas, TX 75201",https://dfmpopcorn.com,Yes,(214) 417-8431,,2.0,5.0,32.777332,-96.8264268,street food vendor,Food & Restaurant,75201,kellie@kcvsi.com,,,kellie@kcvsi.com,https://www.facebook.com/Doc-Popcorn-at-Dallas-Farmers-Market-787491368059514/,https://www.instagram.com/docpopcornatfarmers/,Yes,found_homepage
The Shed Dallas Farmers Market,"The Shed, 1010 S Pearl Expy, Dallas, TX 75201",https://dallasfarmersmarket.org,Yes,(214) 664-9110,,1.0,1.0,32.777432,-96.8260149,street food vendor,Food & Restaurant,75201,,,,,,,No,no_contact_found
Klyde Warren Park,"2012 Woodall Rodgers Fwy, Dallas, TX 75201",https://klydewarrenpark.org,Yes,(214) 716-4500,,657.0,18.0,32.777432,-96.8260149,street food vendor,Food & Restaurant,75201,info@klydewarrenpark.org,info@tonyfaypr.com,,info@klydewarrenpark.org | info@tonyfaypr.com,https://www.facebook.com/KlydeWarrenParkDallas,https://www.instagram.com/p/DXKL9FXgMtu/,Yes,found_subpage
Cone Creamery Dallas Farmers Market,"920 S Harwood St #121, Dallas, TX 75201",https://ccdfm.square.site,Yes,(972) 987-7450,,1.0,4.0,32.777432,-96.8260149,street food vendor,Food & Restaurant,75201,,,,,,,No,no_contact_found
Dock Local,"211 S Akard St, Dallas, TX 75202",https://thedocktexas.com,Yes,(469) 402-0731,,7.0,19.0,32.777432,-96.8260149,street food vendor,Food & Restaurant,75201,,,,,,,No,no_contact_found
The Empanada Cookhouse,"1001 Ross Ave #118, Dallas, TX 75202",https://theempanadacookhouse.com,Yes,(214) 812-9644,,0.0,94.0,32.777432,-96.8260149,street food vendor,Food & Restaurant,75201,,,,,,,No,no_contact_found
Kelley Produce,"920 S Harwood St Suite 162, Dallas, TX 75201",https://dallasfarmersmarket.org,Yes,,,7.0,3.0,32.777432,-96.8260149,street food vendor,Food & Restaurant,75201,,,,,,,No,no_contact_found
The Cedar Market Ranch,"2434 S Harwood St, Dallas, TX 75215",https://thecedarmarketranch.com,Yes,(214) 747-8118,,0.0,40.0,32.777432,-96.8260149,street food vendor,Food & Restaurant,75201,info@thecedarmarketranch.com,,,info@thecedarmarketranch.com,https://www.facebook.com/p/The-Cedar-Market-Ranch-61556377361366/,https://www.instagram.com/cedarmarketranch,Yes,found_subpage
Commerce Fork Food Co,"921 W Commerce St, Dallas, TX 75208",https://commerceforkfoodco.com,Yes,,,5.0,80.0,32.777432,-96.8260149,street food vendor,Food & Restaurant,75201,,,,,,,No,no_contact_found
Dallas City Hall,"1500 Marilla St, Dallas, TX 75201",https://dallascityhall.com,Yes,(214) 670-3111,,8.0,29.0,32.777432,-96.8260149,street food vendor,Food & Restaurant,75201,,,,,,,No,no_contact_found
Union Station Wolfgang Puck,"400 S Houston St 3rd floor, Dallas, TX 75202",https://unionstationdallas.com,Yes,(214) 712-7210,,9.0,7.0,32.777432,-96.8260149,street food vendor,Food & Restaurant,75201,,,,,https://www.facebook.com/unionstationdallas,https://www.instagram.com/unionstationdallas/,No,no_contact_found
Asian Street Food,"2315 Burlington Blvd, Dallas, TX 75208",https://asianstreetfood.us,Yes,(469) 372-1010,,0.0,26.0,32.777432,-96.8260149,street food vendor,Food & Restaurant,75201,jensweetdreams@yahoo.com,,,jensweetdreams@yahoo.com,,,Yes,found_homepage
The Rustic,"3656 Howell St, Dallas, TX 75204",https://therustic.com,Yes,(214) 730-0596,,125.0,6.0,32.777432,-96.8260149,street food vendor,Food & Restaurant,75201,,,,,,,No,no_contact_found
Mercat Bistro,"2501 N Harwood St Suite 225, Dallas, TX 75201",https://mercatbistro.com,Yes,(214) 953-0917,,115.0,1.0,32.777432,-96.8260149,street food vendor,Food & Restaurant,75201,,,,,https://www.facebook.com/mercatbistro,https://www.instagram.com/mercatbistro,No,no_contact_found
Fount Board & Table,"2501 N Harwood St Suite 225, Dallas, TX 75201",https://mercatbistro.com,Yes,(214) 953-0917,,115.0,1.0,32.777432,-96.8260149,street food vendor,Food & Restaurant,75201,,,,,https://www.facebook.com/mercatbistro,https://www.instagram.com/mercatbistro,No,no_contact_found
Juicebabe,"920 S Harwood St Suite 112, Dallas, TX 75201",https://juicebabedallas.com,Yes,(214) 484-3735,,9.0,8.0,32.777432,-96.8260149,street food vendor,Food & Restaurant,75201,nayebgroup@yahoo.com,,,nayebgroup@yahoo.com,https://www.facebook.com/juicebabedallas,http://instagram.com/juicebabedallas,Yes,found_homepage
Dallas Petroleum Club,"1900 N Akard St Suite 1400, Dallas, TX 75201",https://dallaspetroleumclub.com,Yes,(214) 871-1500,,4.0,8.0,32.777432,-96.8260149,street food vendor,Food & Restaurant,75201,,,,,,,No,no_contact_found
Taqueria La Ventana,"920 S Harwood St Suite 140, Dallas, TX 75201",https://taquerialaventana.com,Yes,(214) 646-8181,,7.0,82.0,32.777432,-96.8260149,street food vendor,Food & Restaurant,75201,,,,,https://www.facebook.com/TaqueriaLaVentana/,https://www.instagram.com/taquerialaventana/,No,no_contact_found
The 2nd Tap,"920 S Harwood St #125, Dallas, TX 75201",https://the2ndtap.com,Yes,(972) 982-0200,,5.0,4.0,32.777432,-96.8260149,street food vendor,Food & Restaurant,75201,info@your-site.com,info@the2ndtap.com,,info@your-site.com | info@the2ndtap.com,https://www.facebook.com/,,Yes,found_homepage
The Meltdown,"2030 Market Center Blvd, Dallas, TX 75207",https://themeltdown.com,Yes,(214) 742-2135,,,,32.777432,-96.8260149,street food vendor,Food & Restaurant,75201,,,,,,,No,no_contact_found
Whole Foods Market,"2510 McKinney Ave, Dallas, TX 75201",https://wholefoodsmarket.com,Yes,(469) 518-5814,,837.0,1.0,32.777432,-96.8260149,street food vendor,Food & Restaurant,75201,,,,,https://www.facebook.com/wholefoodsUK/,https://www.instagram.com/wholefoodsuk/,No,no_contact_found
DEC on Dragon,"1414 Dragon St, Dallas, TX 75207",https://decondragon.com,Yes,(972) 400-2242,,7.0,21.0,32.777432,-96.8260149,street food vendor,Food & Restaurant,75201,,,,,,,No,no_contact_found
Taco City x Chef Tastebudz,"600 Jackson St, Dallas, TX 75202",https://facebook.com,Yes,,,4.0,23.0,32.777432,-96.8260149,street food vendor,Food & Restaurant,75201,,,,,,,No,no_contact_found
Wild Salsa,"1800 Main St, Dallas, TX 75201",https://wildsalsarestaurant.com,Yes,(214) 741-9453,,740.0,2.0,32.777432,-96.8260149,street food vendor,Food & Restaurant,75201,,,,,https://www.facebook.com/wildsalsa,https://www.instagram.com/wildsalsarestaurant/,No,no_contact_found
Four Corners Brewing Company,"1311 S Ervay St, Dallas, TX 75215",https://fcbrewing.com,Yes,,,5.0,61.0,32.777432,-96.8260149,street food vendor,Food & Restaurant,75201,,,,,,,No,no_contact_found
AT&T Discovery District,"4211 S Great Trinity Forest Way, Dallas, TX 75241",https://fedupfoodtrucks.com,Yes,(817) 298-0918,,8.0,1.0,32.777432,-96.8260149,street food vendor,Food & Restaurant,75201,info@fedupfoodtrucks.com,sharandajones@outlook.com,,info@fedupfoodtrucks.com | sharandajones@outlook.com,,,Yes,found_homepage
Cooking Borscht,"123 Taylor St, Dallas, TX 75201",https://cookingborscht.com,Yes,(405) 492-7202,,3.0,3.0,32.777432,-96.8260149,street food vendor,Food & Restaurant,75201,,,,,,,No,no_contact_found
American Butchers,"920 S Harwood St, Dallas, TX 75201",https://dallasfarmersmarket.org,Yes,(214) 655-6328,,6.0,2.0,32.777432,-96.8260149,street food vendor,Food & Restaurant,75201,,,,,,,No,no_contact_found
Ginzaro Sushi,"920 S Harwood St #136, Dallas, TX 75201",https://ginzarosushi.com,Yes,(469) 776-8213,,0.0,27.0,32.777432,-96.8260149,street food vendor,Food & Restaurant,75201,,,,,https://www.facebook.com/wix,https://www.instagram.com/wix,No,no_contact_found
The Houston Room- Dallas: West End Event Venue,"1801 N Lamar St # 400, Dallas, TX 75202",https://houstonroomdallas.com,Yes,(469) 781-4426,,,,32.777432,-96.8260149,street food vendor,Food & Restaurant,75201,,,,,https://www.facebook.com/profile.php?id=61563457801457&mibextid=LQQJ4d,https://www.instagram.com/houstonroomdallas?igsh=MWI0NGxlcDY3am1scw==,No,no_contact_found
The Little House on Routh,"2310 Routh St, Dallas, TX 75201",https://theimanproject.com,Yes,,,1.0,8.0,32.777432,-96.8260149,street food vendor,Food & Restaurant,75201,,,,,https://www.facebook.com/theimanproject/,https://www.instagram.com/p/DWfi-VvDUyD/,No,no_contact_found
Xtreme Trailer Sales,"9809 C F Hawn Fwy, Dallas, TX 75217",https://xtstrailers.com,Yes,(972) 299-0040,,8.0,30.0,32.7870529,-97.3756772,food trailer,Food & Restaurant,75201,xtstrailers@gmail.com,,,xtstrailers@gmail.com,,,Yes,found_homepage
Texas Star Trailers,"11339 Emerald St, Dallas, TX 75229",https://texasstartrailers.com,Yes,(469) 506-3671,,1.0,3.0,32.7870529,-97.3756772,food trailer,Food & Restaurant,75201,,,,,,,No,no_contact_found
Food Tours Of America - Dallas,"3839 McKinney Ave, Dallas, TX 75204",https://foodtoursofamerica.com,Yes,(214) 272-2327,,2.0,75.0,32.7870529,-97.3756772,food trailer,Food & Restaurant,75201,,,,,,,No,no_contact_found
Snappy Catfish Mobile Food Trailer-Catering,"1826 Bickers St, Dallas, TX 75212",https://snappycatfish.com,Yes,(214) 399-0512,,7.0,61.0,32.7870529,-97.3756772,food trailer,Food & Restaurant,75201,,,,,https://www.facebook.com/597926077371168,https://www.instagram.com/snappyjefferson/,No,no_contact_found
The Hamburger Man,"3930 Cedar Springs Rd, Dallas, TX 75219",https://thehamburgerman.com,Yes,(214) 522-1223,,7.0,10.0,32.8106421,-97.388187,food trailer,Food & Restaurant,75201,catering@thehamburgerman.com,,,catering@thehamburgerman.com,https://www.facebook.com/p/Th…Man-100076056502863/,https://www.instagram.com/exp…amburger-man/recent/,Yes,found_homepage
Easy Slider,"3905 Eastside Ave, Dallas, TX 75226",https://easyslidertexas.com,Yes,(469) 917-7111,,4.0,5.0,32.8106421,-97.388187,food trailer,Food & Restaurant,75201,info@easyslidertexas.com,,,info@easyslidertexas.com,https://www.facebook.com/people/Easy-Slider/100063592390037/,https://www.instagram.com/easyslidertx/?hl=en,Yes,found_homepage
Trailer Birds,"2525 Wycliff Ave, Dallas, TX 75219",https://trailerbirds.com,Yes,(214) 780-0999,,6.0,1.0,32.8106421,-97.388187,food trailer,Food & Restaurant,75201,,,,,https://www.facebook.com/trailerbirdsofficial,https://www.instagram.com/trailerbirds/,No,no_contact_found
NTX Food Trailers,"4091 FM2933 Suite 200, McKinney, TX 75071",https://ntxfoodtrailers.com,Yes,(469) 212-6626,,,,32.8106421,-97.388187,food trailer,Food & Restaurant,75201,,,,,,,No,no_contact_found
The Food Trap Dallas,"7634 S Great Trinity Forest Way, Dallas, TX 75217",https://thefoodtrapdallas.com,Yes,(214) 968-9096,,1.0,2.0,32.8106421,-97.388187,food trailer,Food & Restaurant,75201,thefoodtrapdallas@gmail.com,,,thefoodtrapdallas@gmail.com,https://www.facebook.com/people/The-Food-Trap-Dallas/100027200392279/,https://www.instagram.com/the_foodtrapdallas/,Yes,found_homepage
Trailer Birds,"4610 N Central Expy, Dallas, TX 75206",https://trailerbirds.com,Yes,(214) 370-4550,,9.0,1.0,32.8106421,-97.388187,food trailer,Food & Restaurant,75201,,,,,https://www.facebook.com/trailerbirdsofficial,https://www.instagram.com/trailerbirds/,No,no_contact_found
Food Truck Park,"Richardson, TX 75080",https://new.dineoncampus.com,Yes,,,5.0,2.0,32.8106421,-97.388187,food trailer,Food & Restaurant,75201,,,,,,,No,no_contact_found
Corinth Foods,"1812 Corinth St SUITE 110, Dallas, TX 75215",https://corinthfoods.com,Yes,(214) 421-0898,,,,32.8106421,-97.388187,food trailer,Food & Restaurant,75201,,,,,,,No,no_contact_found
Temporary Kitchens 123,"2911 Turtle Creek Blvd # 300, Dallas, TX 75219",https://temporarykitchens123.com,Yes,(800) 205-6106,,,,32.8106421,-97.388187,food trailer,Food & Restaurant,75201,,,,,https://www.facebook.com/TemporaryKitchens123-1947281698695970/,,No,no_contact_found
Trailer Birds,"1888 Sylvan Ave Suite F250, Dallas, TX 75208",https://trailerbirds.com,Yes,(817) 845-8775,,,,32.8106421,-97.388187,food trailer,Food & Restaurant,75201,,,,,https://www.facebook.com/trailerbirdsofficial,https://www.instagram.com/trailerbirds/,No,no_contact_found
MyPiesPizzeria LLC,"5601 Sears St, Dallas, TX 75206",https://mypiespizzeria.com,Yes,(214) 302-9828,,4.0,1.0,32.8106421,-97.388187,food trailer,Food & Restaurant,75201,,,,,,,No,no_contact_found
Dolce Vida food truck,"900 S Harwood St, Dallas, TX 75201",https://hurtadobbq.com,Yes,(214) 556-8136,,1.0,82.0,32.8106421,-97.388187,food trailer,Food & Restaurant,75201,,,,,https://www.facebook.com/HurtadoBBQ/,https://www.instagram.com/hurtadobbq/,No,no_contact_found
The POT baked potato bar,"1516 Martin Luther King Jr Blvd, Dallas, TX 75215",https://thepotpotato.com,Yes,(214) 210-9098,,0.0,24.0,32.8106421,-97.388187,food trailer,Food & Restaurant,75201,info@thepotpotatobar.com,,,info@thepotpotatobar.com,https://www.facebook.com/ThePOTPotatobar,https://www.instagram.com/thepotbakedpotatobar/,Yes,found_homepage
JW Market,"800 N Harwood St, Dallas, TX 75201",https://marriott.com,Yes,(214) 347-9499,,0.0,1.0,32.7881711,-96.8192096,cafe,Food & Restaurant,75201,,,,,,,No,no_contact_found
Hola Cafe,"1845 Woodall Rodgers Fwy, Dallas, TX 75201",https://holacafedallas.com,Yes,,,4.0,6.0,32.7881711,-96.8192096,cafe,Food & Restaurant,75201,,,,,https://www.facebook.com/Hola-Caf%C3%A9-Dallas-2049355511844162/,https://www.instagram.com/holacafedallas/?hl=en,No,no_contact_found
Otto's Coffee & Fine Foods,"1321 Commerce St, Dallas, TX 75202",https://adolphus.com,Yes,(214) 651-3685,,6.0,58.0,32.7881711,-96.8192096,cafe,Food & Restaurant,75201,hello@adolphus.com,,,hello@adolphus.com,https://www.facebook.com/TheAdolphus/,https://scontent-iad3-1.cdninstagram.com/v/t51.2885-15/419002598_747909703512228_8085115548102881857_n.jpg?_nc_cat=110&ccb=1-7&_nc_sid=384e48&_nc_ohc=yltKOo4Xvx0AX8r7vKY&_nc_ht=scontent-iad3-1.cdninstagram.com&edm=ANo9K5cEAAAA&oh=00_AfC3X0Y8zdS0HX3vLVYcWYtljRMy-XOgJgI3vtqk1z4Azg&oe=65AFAF18,Yes,found_homepage
Vicinity Coffee,"3033 Fairmount St, Dallas, TX 75201",https://marriott.com,Yes,(214) 239-0333,,3.0,2.0,32.7881711,-96.8192096,cafe,Food & Restaurant,75201,,,,,,,No,no_contact_found
Palmieri Cafe,"920 S Harwood St UNIT 100, Dallas, TX 75201",https://palmiericafe.com,Yes,(214) 684-9932,,4.0,39.0,32.7774367,-96.8083885,cafe,Food & Restaurant,75201,,,,,,,No,no_contact_found
Weekend Coffee,"1511 Commerce St, Dallas, TX 75201",https://ahhweekend.com,Yes,(214) 261-4545,,7.0,40.0,32.7774367,-96.8083885,cafe,Food & Restaurant,75201,,,,,https://www.facebook.com/TheJouleHotel/,https://www.instagram.com/weekendcoffee/,No,no_contact_found
Magnolias Sous Le Pont,"2727 N Harwood St, Dallas, TX 75201",https://magnoliasdallas.com,Yes,(469) 249-9222,,2.0,81.0,32.7931508,-96.8260797,cafe,Food & Restaurant,75201,catering@harwoodhospitality.com,press@harwoodhospitality.com,jyoung@harwoodinc.com,catering@harwoodhospitality.com | press@harwoodhospitality.com | jyoung@harwoodinc.com,https://www.facebook.com/pages/Magnolias-Sous-Le-Pont/1540789369513349,http://instagram.com/magnoliasdallas,Yes,found_subpage
Morsel's Coffee Shop,"555 S Lamar St, Dallas, TX 75202",https://omnihotels.com,Yes,(214) 652-4808,,9.0,5.0,32.7754451,-96.8218836,cafe,Food & Restaurant,75201,,,,,,,No,no_contact_found
WFM Coffee Bar,"2510 McKinney Ave, Dallas, TX 75201",https://wholefoodsmarket.com,Yes,(469) 518-5814,,2.0,1.0,32.7959541,-96.8197026,cafe,Food & Restaurant,75201,,,,,https://www.facebook.com/wholefoodsUK/,https://www.instagram.com/wholefoodsuk/,No,no_contact_found
The Metropolitan On Main | Restaurant & Bar | Main Street District | Downtown Dallas,"2032 Main St, Dallas, TX 75201",https://themetropolitanonmain.com,Yes,(214) 741-2233,,5.0,33.0,32.7818954,-96.8108029,cafe,Food & Restaurant,75201,info@themetropolitancafedallas.com,,,info@themetropolitancafedallas.com,https://www.facebook.com/176728435529489,https://www.instagram.com/themetropolitanonmain,Yes,found_subpage
Cafe Momentum,"1510 Pacific Ave, Dallas, TX 75201",https://cafemomentum.org,Yes,(214) 303-1234,,0.0,41.0,32.7818954,-96.8108029,cafe,Food & Restaurant,75201,,,,,,,No,no_contact_found
la Madeleine,"2121 San Jacinto St #120, Dallas, TX 75201",https://lamadeleine.com,Yes,(214) 220-3911,,2.0,14.0,32.7818954,-96.8108029,cafe,Food & Restaurant,75201,,,,,,,No,no_contact_found
Funny Library Coffee Shop,"1445 Turtle Creek Blvd, Dallas, TX 75207",https://virginhotels.com,Yes,(469) 359-7700,,6.0,20.0,32.7969467,-96.8398998,cafe,Food & Restaurant,75201,,,,,,,No,no_contact_found
Beehive (Restaurant-Bar-Lounge),"1514 Elm St #130, Dallas, TX 75201",https://thebeehiverestaurant.com,Yes,(469) 848-1515,,5.0,39.0,32.7867095,-96.8129818,cafe,Food & Restaurant,75201,,,,,,,No,no_contact_found
Hall Arts Building,"2323 Ross Ave, Dallas, TX 75201",https://hallarts.com,Yes,,,,,32.7867095,-96.8129818,cafe,Food & Restaurant,75201,krichards@briggsfreeman.com,jfowler@hallarts.com,eburger@hallgroup.com,krichards@briggsfreeman.com | jfowler@hallarts.com | eburger@hallgroup.com,https://www.facebook.com/HallArtsDallas,https://www.instagram.com/hallartsdallas,Yes,found_homepage
Cafe Brazil - Deep Ellum,"2815 Elm St, Dallas, TX 75226",https://cafebrazil.com,Yes,(214) 747-2730,,591.0,2.0,32.7867095,-96.8129818,cafe,Food & Restaurant,75201,,,,,,https://www.instagram.com/cafe_brazil_dfw,No,no_contact_found
Cafe Duro,"2804 Greenville Ave, Dallas, TX 75206",https://cafe-duro.com,Yes,(214) 888-8485,,8.0,24.0,32.7867095,-96.8129818,cafe,Food & Restaurant,75201,info@cafe-duro.com,,,info@cafe-duro.com,https://www.facebook.com/Duro-Hospitality-102974212241508,https://www.instagram.com/durohospitality/,Yes,found_homepage
Sip Stir Coffee House,"2000 Ross Ave Unit 190, Dallas, TX 75201",https://freebirds.com,Yes,(214) 271-9387,,2.0,24.0,32.7867095,-96.8129818,cafe,Food & Restaurant,75201,,,,,,,No,no_contact_found
Ascension Coffee - Design District,"1621 Oak Lawn Ave, Dallas, TX 75207",https://ascensiondallas.com,Yes,(214) 741-3211,,522.0,2.0,32.7867095,-96.8129818,cafe,Food & Restaurant,75201,,,,,https://www.facebook.com/AscensionCoffee/,https://www.instagram.com/ascensioncoffee/,No,no_contact_found
FULL CITY ROOSTER,"1810 S Akard St UNIT 100, Dallas, TX 75215",https://fullcityrooster.com,Yes,(214) 247-6394,,8.0,50.0,32.7867095,-96.8129818,cafe,Food & Restaurant,75201,,,,,,,No,no_contact_found
Starbucks Coffee Company,"1810 S Akard St UNIT 100, Dallas, TX 75215",https://fullcityrooster.com,Yes,(214) 247-6394,,8.0,50.0,32.7867095,-96.8129818,cafe,Food & Restaurant,75201,,,,,,,No,no_contact_found
Sushi Kozy,"2000 Ross Ave suite 150, Dallas, TX 75201",https://sushikozy.com,Yes,(214) 452-2777,,3.0,12.0,32.7867095,-96.8129818,cafe,Food & Restaurant,75201,,,,,,,No,no_contact_found
Starbucks Coffee,"1717 N Akard St, Dallas, TX 75201",https://fairmont.com,Yes,(214) 720-2020,,1.0,20.0,32.7867095,-96.8129818,cafe,Food & Restaurant,75201,,,,,https://www.facebook.com/fairmonthotels/,https://www.instagram.com/fairmonthotels/,No,no_contact_found
JuJu's Coffee,"6038 La Vista Dr, Dallas, TX 75206",https://jujuscoffee.com,Yes,(806) 676-5385,,9.0,20.0,32.7867095,-96.8129818,cafe,Food & Restaurant,75201,,,,,,https://instagram.com/jujuscoffee,No,no_contact_found
Open Palette,"1700 Pacific Ave C-103, Dallas, TX 75201",https://poblanoscafe.com,Yes,(214) 220-1114,,9.0,4.0,32.7867095,-96.8129818,cafe,Food & Restaurant,75201,info@poblanoscafe.com,,,info@poblanoscafe.com,https://www.facebook.com/,,Yes,found_subpage
Westside Coffee,"4711 Westside Dr, Dallas, TX 75209",https://orderwestsidecoffee.com,Yes,(469) 753-9007,,7.0,9.0,32.7867095,-96.8129818,cafe,Food & Restaurant,75201,,,,,,,No,no_contact_found
Capital One Caf,"3700 McKinney Ave Suite 126, Dallas, TX 75204",https://capitalone.com,Yes,(214) 210-1611,,7.0,3.0,32.7867095,-96.8129818,cafe,Food & Restaurant,75201,,,,,https://www.facebook.com/capitalone/,https://www.instagram.com/capitalone/,No,no_contact_found
Slow and Steady Coffee,"1805 S Edgefield Ave, Dallas, TX 75224",https://slowandsteady.coffee,Yes,(972) 885-7343,,5.0,22.0,32.7867095,-96.8129818,cafe,Food & Restaurant,75201,,,,,,,No,no_contact_found
Musume Dallas,"100 Crescent Ct, Dallas, TX 75201",https://moxies.com,Yes,(469) 687-0050,,7.0,3.0,32.7867095,-96.8129818,cafe,Food & Restaurant,75201,marketing@moxies.ca,guestrelations@moxies.ca,t4@moxies.ca,marketing@moxies.ca | guestrelations@moxies.ca | t4@moxies.ca | donations@moxies.ca | info@moxies.ca,https://www.facebook.com/MoxiesOfficial,https://www.instagram.com/moxiescanada/,Yes,found_subpage
Flora Cantina - Modern Tex-Mex & Tapas Bar,"2353 Flora St Unit 2413, Dallas, TX 75201",https://floracantinadallas.com,Yes,(214) 421-0774,,8.0,10.0,32.7867095,-96.8129818,cafe,Food & Restaurant,75201,info@floracantinadallas.com,hgilbert@gtexascatering.com,,info@floracantinadallas.com | hgilbert@gtexascatering.com,https://www.facebook.com/FloraCantinaDallas,https://www.instagram.com/floracantinadallas/,Yes,found_homepage
Tei-An,"1722 Routh St Suite110, Dallas, TX 75201",https://tei-an.com,Yes,(214) 220-2828,,0.0,63.0,32.7867095,-96.8129818,cafe,Food & Restaurant,75201,,,,,,,No,no_contact_found
Deep Cuts Coffee,"in Skybridge, 1910 Pacific Ave 2060 2nd Floor, Dallas, TX 75201",https://deepcutscoffee.com,Yes,(214) 484-6098,,1.0,7.0,32.7891314,-96.8059947,coffee shop,Food & Restaurant,75201,info@deepcutscoffee.com,,,info@deepcutscoffee.com,https://www.facebook.com/p/Deep-Cuts-Coffee-61563465005765/,https://www.instagram.com/deepcutscoffee/,Yes,found_subpage
Pax & Beneficia Coffee - Victory Park,"1775 Payne St #100, Dallas, TX 75201",https://paxandbeneficia.com,Yes,(972) 803-3903,,7.0,10.0,32.7916557,-96.8266773,coffee shop,Food & Restaurant,75201,support@paxandbeneficia.com,,,support@paxandbeneficia.com,,,Yes,found_subpage
White Rhino Coffee,"1401 Elm St Suite 100, Dallas, TX 75202",https://whiterhinocoffee.com,Yes,(214) 980-1150,,7.0,30.0,32.7798765,-96.8180088,coffee shop,Food & Restaurant,75201,,,,,https://www.facebook.com/WhiteRhinoC/,https://www.instagram.com/whiterhinocoffee/,No,no_contact_found
Urban Coffee,"901 Main St C117, Dallas, TX 75202",https://theurbancoffee.com,Yes,(214) 741-7400,,2.0,4.0,32.7798452,-96.822092,coffee shop,Food & Restaurant,75201,,,,,,,No,no_contact_found
The Berni Bean Coffee Company,"2820 Elm St, Dallas, TX 75226",https://thebernibean.com,Yes,(214) 238-6653,,2.0,16.0,32.7846492,-96.8007615,coffee shop,Food & Restaurant,75201,,,,,https://www.facebook.com/bernibeancoffee,https://www.instagram.com/bernibeancoffee/?hl=en,No,no_contact_found
Tierra a Taza Coffee Co.,"Entrance on, 1800 N Field St, Munger Ave Suite 125, Dallas, TX 75202",https://tatcoffeeco.com,Yes,,,3.0,5.0,32.7856159,-96.8217895,coffee shop,Food & Restaurant,75201,,,,,https://www.facebook.com/TATCoffeeLife/,https://www.instagram.com/tatcoffeelife,No,no_contact_found
Uptown- Staycation Coffee Bar,"2100 McKinney Ave, Dallas, TX 75201",https://staycationcafe.com,Yes,,,,,32.7856159,-96.8217895,coffee shop,Food & Restaurant,75201,,,,,,,No,no_contact_found
Merit Coffee Co.,"2639 Main St, Dallas, TX 75226",https://meritcoffee.com,Yes,(469) 248-3440,,3.0,69.0,32.7839245,-96.8028139,coffee shop,Food & Restaurant,75201,shipping@meritcoffee.com,wholesale@meritcoffee.com,info@meritcoffee.com,shipping@meritcoffee.com | wholesale@meritcoffee.com | info@meritcoffee.com,,,Yes,found_subpage
White Rock Coffee - Uptown at Rosewood Court,"2101 Cedar Springs Rd Suite 130, Dallas, TX 75201",https://wrcoffee.com,Yes,(214) 272-3037,,4.0,3.0,32.7902854,-96.8188628,coffee shop,Food & Restaurant,75201,info@wrcoffee.com,,,info@wrcoffee.com,https://www.facebook.com/whiterockcoffee,https://instagram.com/whiterockcoffee,Yes,found_homepage
Espresso Bar,"1618 Main St First Floor, 1618 Main St First Floor, Dallas, TX 75201",https://stores.neimanmarcus.com,Yes,(214) 741-6911,,,,32.7902854,-96.8188628,coffee shop,Food & Restaurant,75201,,,,,,,No,no_contact_found
Toussaint Marketplace,"1907 Elm St Suite L, Dallas, TX 75201",https://toussaintdallas.com,Yes,(214) 220-2900,,,,32.7902854,-96.8188628,coffee shop,Food & Restaurant,75201,,,,,https://www.facebook.com/Toussaint-Brasserie-108477071664985/,https://www.instagram.com/toussaintdtx/,No,no_contact_found
Cultivar Coffee Roasting Co.,"1717 Main St #120, Dallas, TX 75201",https://cultivarcoffee.com,Yes,,,,,32.7902854,-96.8188628,coffee shop,Food & Restaurant,75201,hello@cultivarcoffee.com,,,hello@cultivarcoffee.com,,https://instagram.com/cultivarcoffee,Yes,found_homepage
Starbucks,"2355 Olive St #120, Dallas, TX 75201",https://starbucks.com,Yes,(214) 965-0956,,7.0,74.0,32.7902854,-96.8188628,coffee shop,Food & Restaurant,75201,press@starbucks.com,pressemea@starbucks.com,investorrelations@starbucks.com,press@starbucks.com | pressemea@starbucks.com | investorrelations@starbucks.com | partnerships@starbucks.com,https://facebook.com/starbucks,https://instagram.com/starbucks,Yes,found_subpage
Starbucks Coffee Company,"1700 Commerce St, Dallas, TX 75201",https://starbucks.com,Yes,(972) 685-9360,,5.0,17.0,32.7902854,-96.8188628,coffee shop,Food & Restaurant,75201,press@starbucks.com,pressemea@starbucks.com,investorrelations@starbucks.com,press@starbucks.com | pressemea@starbucks.com | investorrelations@starbucks.com | partnerships@starbucks.com,https://facebook.com/starbucks,https://instagram.com/starbucks,Yes,found_subpage
Commissary,"1217 Main St, Dallas, TX 75202",https://commissarydallas.com,Yes,(214) 827-2927,,7.0,88.0,32.7902854,-96.8188628,coffee shop,Food & Restaurant,75201,info@commissarydallas.com,jobs@commissarydallas.com,wholesale@commissarydallas.com,info@commissarydallas.com | jobs@commissarydallas.com | wholesale@commissarydallas.com | catering@commissarydallas.com | wholesale@commisarydallas.com,https://www.facebook.com/commissarydallas/hc_ref=ARS7FiyDUCp3_Q75u6DZTxVBfT0yr90qsB9a5iTigMKWKO9CQ_2B15d4jSRfx84tZ-w,https://www.instagram.com/commissarydallas/?hl=en,Yes,found_homepage
Pinkies Coffee + Cocktails,"3900 Cedar Springs Rd, Dallas, TX 75219",https://drinkpinkies.com,Yes,,,3.0,10.0,32.7902854,-96.8188628,coffee shop,Food & Restaurant,75201,hello@drinkpinkies.com,,,hello@drinkpinkies.com,https://www.facebook.com/61576669672584,https://www.instagram.com/pinkiescoffeeandcocktails/,Yes,found_homepage
Hatchways Caf,"2346 Victory Park Ln Hatchways Caf, Dallas, TX 75219",https://hatchways.com,Yes,(214) 935-1655,,3.0,4.0,32.7902854,-96.8188628,coffee shop,Food & Restaurant,75201,desk@hatchways.com,,,desk@hatchways.com,,http://www.instagram.com/hatchwayscafevp,Yes,found_homepage
Fig & Favor,"2346 Victory Park Ln Hatchways Caf, Dallas, TX 75219",https://hatchways.com,Yes,(214) 935-1655,,3.0,4.0,32.7902854,-96.8188628,coffee shop,Food & Restaurant,75201,desk@hatchways.com,,,desk@hatchways.com,,http://www.instagram.com/hatchwayscafevp,Yes,found_homepage
Alcove Wine Bar,"2907 State St, Dallas, TX 75204",https://alcovewine.com,Yes,(214) 871-2200,,5.0,19.0,32.7902854,-96.8188628,coffee shop,Food & Restaurant,75201,,,,,,,No,no_contact_found
Murray Street Coffee Shop,"103 Murray St, Dallas, TX 75226",https://murraystreetcoffee.com,Yes,(214) 655-2808,,2.0,35.0,32.7902854,-96.8188628,coffee shop,Food & Restaurant,75201,,,,,,,No,no_contact_found
Starbucks Coffee Company,"6038 La Vista Dr, Dallas, TX 75206",https://jujuscoffee.com,Yes,(806) 676-5385,,9.0,20.0,32.7902854,-96.8188628,coffee shop,Food & Restaurant,75201,,,,,,https://instagram.com/jujuscoffee,No,no_contact_found
Houndstooth Coffee,"1900 N Henderson Ave, Dallas, TX 75206",https://houndstoothcoffee.com,Yes,(972) 863-9080,,5.0,55.0,32.7902854,-96.8188628,coffee shop,Food & Restaurant,75201,,,,,,,No,no_contact_found
Rose Caf,"4205 Buena Vista St Suite 160, Dallas, TX 75205",https://rosecafedallas.com,Yes,(214) 272-3993,,6.0,44.0,32.7902854,-96.8188628,coffee shop,Food & Restaurant,75201,,,,,https://www.facebook.com/rosecafekt/,https://www.instagram.com/rosecafekt/,No,no_contact_found
Church Coffee,"3821 University Blvd, Dallas, TX 75205",https://churchcoffee.bar,Yes,(214) 526-7457,,2.0,7.0,32.7902854,-96.8188628,coffee shop,Food & Restaurant,75201,,,,,,,No,no_contact_found
Common Desk - Dallas Arts District,"2001 Ross Ave #700, Dallas, TX 75201",https://thecommondesk.com,Yes,(214) 216-6913,,8.0,1.0,32.7902854,-96.8188628,coffee shop,Food & Restaurant,75201,,,,,,,No,no_contact_found
Herb's House Coffee + Company,"5622 Dyer St #100, Dallas, TX 75206",https://herbshousecoffee.com,Yes,(469) 399-0311,,0.0,35.0,32.7902854,-96.8188628,coffee shop,Food & Restaurant,75201,robin@herbshousecoffee.com,info@herbshousecoffee.com,sales@herbshousecoffee.com,robin@herbshousecoffee.com | info@herbshousecoffee.com | sales@herbshousecoffee.com,https://www.facebook.com/herbshousecoffee,https://instagram.com/herbshousecoffee,Yes,found_subpage
BERKLEY's Market,"2001 Ross Ave #150, Dallas, TX 75201",https://berkleysmkt.com,Yes,(214) 954-0332,,5.0,6.0,32.7902854,-96.8188628,coffee shop,Food & Restaurant,75201,,,,,,https://www.instagram.com/berkleys.mkt/,No,no_contact_found
LE BLOOM,"4152 Travis St, Dallas, TX 75204",https://lebloomdallas.com,Yes,,,5.0,6.0,32.7902854,-96.8188628,coffee shop,Food & Restaurant,75201,hello@lebloomdallas.com,,,hello@lebloomdallas.com,,https://www.instagram.com/lebloomdallas/?hl=en,Yes,found_homepage
Mokah Coffee & Tea,"2803 Taylor St, Dallas, TX 75226",https://mokahcoffeeandtea.com,Yes,(214) 651-0633,,5.0,39.0,32.7816809,-96.80044,espresso bar,General,75201,mokah@lifeindeepellum.com,hello@lifeindeepellum.com,,mokah@lifeindeepellum.com | hello@lifeindeepellum.com,https://www.facebook.com/lifeindeepellum,http://www.instagram.com/mokahcoffee/,Yes,found_homepage
Triumphs Espresso & Whiskey,"141 Manufacturing St Suite 110, Dallas, TX 75207",https://triumphsdallas.com,Yes,,,9.0,50.0,32.794223,-96.8490651,espresso bar,General,75201,,,,,,,No,no_contact_found
Khroma Coffee,"3401 Main St, Dallas, TX 75226",https://jemstudiosdallas.com,Yes,,,5.0,7.0,32.7857192,-96.793987,espresso bar,General,75201,jemstudiosdallas@gmail.com,,,jemstudiosdallas@gmail.com,https://www.facebook.com/profile.php?id=61554140998198,https://www.instagram.com/jemstudiosdallas/?hl=en,Yes,found_homepage
White Rhino Coffee,"2700 Commerce St, Dallas, TX 75226",https://whiterhinocoffee.com,Yes,(214) 774-4460,,,,32.7827437,-96.8024711,espresso bar,General,75201,,,,,https://www.facebook.com/WhiteRhinoC/,https://www.instagram.com/whiterhinocoffee/,No,no_contact_found
Espumoso Empanada + Espresso Bar,"3417 Gaston Ave #130, Dallas, TX 75246",https://espumosocaffe.com,Yes,(214) 459-1920,,7.0,25.0,32.7827437,-96.8024711,espresso bar,General,75201,,,,,https://www.facebook.com/espumosocaffe,https://www.instagram.com/espumosocaffe,No,no_contact_found
Starbucks,"103 Murray St, Dallas, TX 75226",https://murraystreetcoffee.com,Yes,(214) 655-2808,,2.0,35.0,32.7827437,-96.8024711,espresso bar,General,75201,,,,,,,No,no_contact_found
HANDS+ROSE COFFEE,"1514 Elm St #130, Dallas, TX 75201",https://thebeehiverestaurant.com,Yes,(469) 848-1515,,5.0,39.0,32.7827437,-96.8024711,espresso bar,General,75201,,,,,,,No,no_contact_found
Starbucks Coffee Company,"208 S Akard St, Dallas, TX 75202",https://starbucks.com,Yes,(214) 782-6655,,0.0,21.0,32.7827437,-96.8024711,espresso bar,General,75201,press@starbucks.com,pressemea@starbucks.com,investorrelations@starbucks.com,press@starbucks.com | pressemea@starbucks.com | investorrelations@starbucks.com | partnerships@starbucks.com,https://facebook.com/starbucks,https://instagram.com/starbucks,Yes,found_subpage
Akai,"2103 N Hall St, Dallas, TX 75204",https://starbucks.com,Yes,(469) 805-8029,,5.0,67.0,32.7827437,-96.8024711,espresso bar,General,75201,press@starbucks.com,pressemea@starbucks.com,investorrelations@starbucks.com,press@starbucks.com | pressemea@starbucks.com | investorrelations@starbucks.com | partnerships@starbucks.com,https://facebook.com/starbucks,https://instagram.com/starbucks,Yes,found_subpage
Lemmon Drop Coffee Shop Dallas,"2505 N Fitzhugh Ave, Dallas, TX 75204",https://lemmondropcoffee.com,Yes,(214) 641-6377,,7.0,4.0,32.7827437,-96.8024711,espresso bar,General,75201,events@lemmondropcoffee.com,,,events@lemmondropcoffee.com,,https://www.instagram.com/lemmondropdallas/,Yes,found_homepage
Starbucks,"400 Crescent Ct, Dallas, TX 75201",https://starbucks.com,Yes,(214) 871-3200,,7.0,6.0,32.7827437,-96.8024711,espresso bar,General,75201,press@starbucks.com,pressemea@starbucks.com,investorrelations@starbucks.com,press@starbucks.com | pressemea@starbucks.com | investorrelations@starbucks.com | partnerships@starbucks.com,https://facebook.com/starbucks,https://instagram.com/starbucks,Yes,found_subpage
Everyday Works,"516 S Hampton Rd #180, Dallas, TX 75208",https://everydayworkscoffee.com,Yes,(214) 613-6074,,6.0,26.0,32.7827437,-96.8024711,espresso bar,General,75201,info@mysite.com,everydayworks102@gmail.com,,info@mysite.com | everydayworks102@gmail.com,https://m.facebook.com/everydayworkscoffee?mibextid=fVIIUt,https://www.instagram.com/everydayworkscoffee/,Yes,found_subpage
Drip Coffee,"3888 Oak Lawn Ave, Dallas, TX 75219",https://dripcoffeeco.com,Yes,(469) 779-7089,,3.0,13.0,32.7827437,-96.8024711,espresso bar,General,75201,,,,,https://www.facebook.com/dripcoffeeco/,http://instagram.com/dripcoffeeco,No,no_contact_found
Dilla Coffee Roasters,"3823 Ross Ave, Dallas, TX 75204",https://dillacoffee.com,Yes,(214) 821-9596,,1.0,2.0,32.7988656,-96.8215183,coffee roaster,Food & Restaurant,75201,,,,,https://www.facebook.com/originaldillacoffee/,https://www.instagram.com/dillacoffee/,No,no_contact_found
Viewfinder Coffee Roasters,"335 Yorktown St, Dallas, TX 75208",https://viewfindercoffee.com,Yes,(469) 431-5135,,9.0,1.0,32.771701,-96.8649142,coffee roaster,Food & Restaurant,75201,wholesale@viewfindercoffee.com,,,wholesale@viewfindercoffee.com,http://facebook.com/viewfindercoffee,http://instagram.com/viewfindercoffee,Yes,found_subpage
Noble Coyote Coffee Roasters,"819 Exposition Ave, Dallas, TX 75226",https://noblecoyotecoffee.com,Yes,(214) 321-4321,,8.0,21.0,32.7822861,-96.8033892,coffee roaster,Food & Restaurant,75201,marta@noblecoyotecoffee.com,,,marta@noblecoyotecoffee.com,https://www.facebook.com/noblecoyotecoffeeroasters/,http://instagram.com/noblecoyotecoffee,Yes,found_homepage
Tweed Coffee Roasters,"1355 Motor Cir, Dallas, TX 75207",https://tweedcoffee.com,Yes,,,8.0,1.0,32.8032715,-96.877262,coffee roaster,Food & Restaurant,75201,howdy@tweedcoffee.com,,,howdy@tweedcoffee.com,,https://www.instagram.com/tweedcoffee/,Yes,found_homepage
Frame Coffee Co.,"104 Cole St, Dallas, TX 75207",https://framecoffeeco.com,Yes,,,6.0,1.0,32.7881731,-96.8589369,coffee roaster,Food & Restaurant,75201,,,,,,,No,no_contact_found
Wayward Coffee Co,"2025 E Irving Blvd #102, Dallas, TX 75207",https://waywardcoffee.co,Yes,,,3.0,34.0,32.7881731,-96.8589369,coffee roaster,Food & Restaurant,75201,info@waywardcoffee.co,,,info@waywardcoffee.co,https://www.facebook.com/waywardcoffeeco,https://www.instagram.com/waywardcoffeeco,Yes,found_homepage
Oak Cliff Coffee Roasters,"817 W Davis St #120, Dallas, TX 75208",https://oakcliffcoffee.com,Yes,(214) 929-6752,,4.0,11.0,32.749622,-96.8728057,coffee roaster,Food & Restaurant,75201,info@oakcliffcoffee.com,,,info@oakcliffcoffee.com,,,Yes,found_homepage
Katy Coffee Lab,"3111 N Houston St # 100, Dallas, TX 75219",https://katycoffeelab.co,Yes,(214) 238-9964,,6.0,12.0,32.7943201,-96.8491253,coffee roaster,Food & Restaurant,75201,,,,,https://www.facebook.com/WordPresscom/,https://www.instagram.com/wordpressdotcom/,No,no_contact_found
Ascension Coffee Roasters - Roasting Facility (not a Cafe),"2500 Farrington St #180, Dallas, TX 75207",https://ascension.coffee,Yes,(469) 206-3371,,,,32.7943201,-96.8491253,coffee roaster,Food & Restaurant,75201,,,,,https://www.facebook.com/AscensionCoffee/,https://www.instagram.com/ascensioncoffee/,No,no_contact_found
Union,"3705 Cedar Springs Rd, Dallas, TX 75219",https://uniondallas.org,Yes,(469) 501-5440,,8.0,67.0,32.7943201,-96.8491253,coffee roaster,Food & Restaurant,75201,coffee@uniondallas.org,,,coffee@uniondallas.org,,https://www.instagram.com/uniondallas?igsh=MXFwZjBwbTE0eTBudA==,Yes,found_homepage
White Rhino Coffee Roastery Cafe,"1607 Fort Worth Ave, Dallas, TX 75208",https://whiterhinocoffee.com,Yes,(469) 676-6566,,0.0,6.0,32.7943201,-96.8491253,coffee roaster,Food & Restaurant,75201,,,,,https://www.facebook.com/WhiteRhinoC/,https://www.instagram.com/whiterhinocoffee/,No,no_contact_found
Merit Coffee,"4228 Oak Lawn Ave, Dallas, TX 75219",https://meritcoffee.com,Yes,(469) 759-6221,,7.0,27.0,32.7943201,-96.8491253,coffee roaster,Food & Restaurant,75201,shipping@meritcoffee.com,wholesale@meritcoffee.com,info@meritcoffee.com,shipping@meritcoffee.com | wholesale@meritcoffee.com | info@meritcoffee.com,,,Yes,found_subpage
Opening Bell Coffee,"1805 S Edgefield Ave, Dallas, TX 75224",https://slowandsteady.coffee,Yes,(972) 885-7343,,5.0,22.0,32.7943201,-96.8491253,coffee roaster,Food & Restaurant,75201,,,,,,http://instagram.com/slow.steady.coffee/,No,no_contact_found
LDU Coffee To Go,"2650 N Fitzhugh Ave #100, Dallas, TX 75204",https://lducoffee.com,Yes,(469) 739-1881,,3.0,70.0,32.7943201,-96.8491253,coffee roaster,Food & Restaurant,75201,,,,,https://www.facebook.com/lducoffee,https://www.instagram.com/ldu.coffee,No,no_contact_found
Cultivar Coffee Roasting Co.,"2650 N Fitzhugh Ave #100, Dallas, TX 75204",https://lducoffee.com,Yes,(469) 739-1881,,3.0,70.0,32.7943201,-96.8491253,coffee roaster,Food & Restaurant,75201,,,,,https://www.facebook.com/lducoffee,https://www.instagram.com/ldu.coffee,No,no_contact_found
Summer Moon Coffee,"4343 W Northwest Hwy #390, Dallas, TX 75220",https://locations.summermooncoffee.com,Yes,(972) 685-3554,,3.0,32.0,32.7943201,-96.8491253,coffee roaster,Food & Restaurant,75201,,,,,,,No,no_contact_found
Tre Stelle Coffee Co.,"17390 Preston Rd Suite 210, Dallas, TX 75252",https://trestellecoffeeco.com,Yes,(972) 373-4355,,1.0,42.0,32.7943201,-96.8491253,coffee roaster,Food & Restaurant,75201,contact@trestellecoffeeco.com,,,contact@trestellecoffeeco.com,https://www.facebook.com/Tre-Stelle-Coffee-Co-101818161638598/,https://www.instagram.com/trestellecoffee/,Yes,found_homepage
Fire Grounds Coffee Company,"1835 Empire Central Dr N, Dallas, TX 75235",https://firegroundscoffeecompany.com,Yes,(214) 718-0265,,,,32.7943201,-96.8491253,coffee roaster,Food & Restaurant,75201,,,,,,,No,no_contact_found
Fairgrounds Craft Coffee and Tea,"4514 Cole Ave, Dallas, TX 75205",https://fairgrounds.cafe,Yes,(214) 774-9180,,6.0,27.0,32.7943201,-96.8491253,coffee roaster,Food & Restaurant,75201,,,,,https://www.facebook.com/ourfairgrounds/,https://www.instagram.com/ourfairgrounds/,No,no_contact_found
Eiland Coffee Roasters,"532 N Interurban St, Richardson, TX 75081",https://eilandcoffee.com,Yes,(972) 991-0100,,9.0,34.0,32.7943201,-96.8491253,coffee roaster,Food & Restaurant,75201,,,,,https://www.facebook.com/EilandCoffee/,http://instagram.com/eilandcoffeeroasters,No,no_contact_found
White Rock Coffee - Historic Lakewood,"6312 La Vista Dr Suite D, Dallas, TX 75214",https://wrcoffee.com,Yes,(214) 613-2235,,4.0,4.0,32.7943201,-96.8491253,coffee roaster,Food & Restaurant,75201,info@wrcoffee.com,,,info@wrcoffee.com,https://www.facebook.com/whiterockcoffee,https://instagram.com/whiterockcoffee,Yes,found_homepage
La Reunion,"229 N Bishop Ave, Dallas, TX 75208",https://lareunioncoffee.com,Yes,(972) 282-5918,,3.0,56.0,32.7943201,-96.8491253,coffee roaster,Food & Restaurant,75201,,,,,,http://instagram.com/lareuniondallas,No,no_contact_found
Cavallini Coffee A Brand of Coffee by Globex America,"1900 N Henderson Ave, Dallas, TX 75206",https://houndstoothcoffee.com,Yes,(972) 863-9080,,5.0,55.0,32.7943201,-96.8491253,coffee roaster,Food & Restaurant,75201,,,,,,,No,no_contact_found
Pull Through Coffee Bar,"4875 W Lawther Dr Suite #101, Dallas, TX 75214",https://pullthroughcoffee.com,Yes,(469) 668-2663,,7.0,11.0,32.7943201,-96.8491253,coffee roaster,Food & Restaurant,75201,,,,,http://facebook.com/pullthroughcoffeebar,http://instagram.com/pullthroughcoffeebar,No,no_contact_found
BeKinder Coffee,"6500 Greenville Ave ste 170, Dallas, TX 75206",https://bekindercoffeeus.org,Yes,(214) 776-9382,,1.0,8.0,32.7943201,-96.8491253,coffee roaster,Food & Restaurant,75201,sales@bekindercoffeeus.org,,,sales@bekindercoffeeus.org,https://www.facebook.com/BeKinderCoffee/,https://www.instagram.com/bekindercoffee/,Yes,found_homepage
Window Seat Coffee,"3018 Greenville Ave, Dallas, TX 75206",https://windowseatcoffee.com,Yes,(972) 645-7128,,9.0,17.0,32.7943201,-96.8491253,coffee roaster,Food & Restaurant,75201,contact@windowseatcoffee.com,,,contact@windowseatcoffee.com,,https://www.instagram.com/windowseatcoffee/,Yes,found_homepage
Inspired Brew,"3018 Greenville Ave, Dallas, TX 75206",https://windowseatcoffee.com,Yes,(972) 645-7128,,9.0,17.0,32.7943201,-96.8491253,coffee roaster,Food & Restaurant,75201,contact@windowseatcoffee.com,,,contact@windowseatcoffee.com,,https://www.instagram.com/windowseatcoffee/,Yes,found_homepage
White Rock Coffee,"10105 E NW Hwy, Dallas, TX 75238",https://wrcoffee.com,Yes,(214) 341-4774,,796.0,1.0,32.7943201,-96.8491253,coffee roaster,Food & Restaurant,75201,info@wrcoffee.com,,,info@wrcoffee.com,https://www.facebook.com/whiterockcoffee,https://instagram.com/whiterockcoffee,Yes,found_homepage
Houndstooth Coffee,"1878 Sylvan Ave e150, Dallas, TX 75208",https://houndstoothcoffee.com,Yes,(214) 238-2838,,5.0,50.0,32.7943201,-96.8491253,coffee roaster,Food & Restaurant,75201,,,,,,,No,no_contact_found
Merit Coffee Co.,"4124 Abrams Rd, Dallas, TX 75214",https://meritcoffee.com,Yes,(214) 258-5702,,4.0,6.0,32.7943201,-96.8491253,coffee roaster,Food & Restaurant,75201,shipping@meritcoffee.com,wholesale@meritcoffee.com,info@meritcoffee.com,shipping@meritcoffee.com | wholesale@meritcoffee.com | info@meritcoffee.com,,,Yes,found_subpage
Buzz and Bustle Coffee & Bodega - The Village Dallas,"5610 Village Glen Dr, Dallas, TX 75206",https://buzzandbustledallas.com,Yes,(469) 659-6379,,5.0,33.0,32.7943201,-96.8491253,coffee roaster,Food & Restaurant,75201,,,,,https://www.facebook.com/buzzandbustledallas/,https://www.instagram.com/reel/DWRe-wuAIXA/,No,no_contact_found
La Casita Coffee,"5801 E NW Hwy, Dallas, TX 75231",https://lacasita.coffee,Yes,(214) 377-9116,,9.0,64.0,32.7943201,-96.8491253,coffee roaster,Food & Restaurant,75201,,,,,,,No,no_contact_found
Coffee & Tea Junkie,"10921 Shady Trail # 105, Dallas, TX 75220",https://coffeeandteajunkie.com,Yes,(972) 743-4239,,,,32.7943201,-96.8491253,coffee roaster,Food & Restaurant,75201,coffeeandteajunkie@gmail.com,,,coffeeandteajunkie@gmail.com,,,Yes,found_subpage
Merit Coffee Co.,"7865 Firefall Way Suite 180, Dallas, TX 75230",https://meritcoffee.com,Yes,(469) 206-0213,,6.0,15.0,32.7943201,-96.8491253,coffee roaster,Food & Restaurant,75201,shipping@meritcoffee.com,wholesale@meritcoffee.com,info@meritcoffee.com,shipping@meritcoffee.com | wholesale@meritcoffee.com | info@meritcoffee.com,,,Yes,found_subpage
Easton Road Coffee,"11619 Cimarec St, Dallas, TX 75218",https://eastonroadcoffee.com,Yes,(214) 556-5896,,,,32.7943201,-96.8491253,coffee roaster,Food & Restaurant,75201,,,,,https://www.facebook.com/EastonRoadCoffee,,No,no_contact_found
Mojo's Java,"1220 River Bend Dr Suite 250, Dallas, TX 75247",https://mojosjavatx.com,Yes,(254) 652-4563,,1.0,8.0,32.7943201,-96.8491253,coffee roaster,Food & Restaurant,75201,,,,,https://www.facebook.com/mojosjava/,https://www.instagram.com/mojos_java/,No,no_contact_found
TX Tea Room,"2815 Main St Suite B, Dallas, TX 75226",https://txtearoom.com,Yes,,,3.0,5.0,32.7842836,-97.9363988,tea house,Food & Restaurant,75201,info@txtearoom.com,,,info@txtearoom.com,https://www.facebook.com/profile.php?id=61565407216088,http://instagram.com/txtearoom,Yes,found_homepage
Danfe Tea  Weekend Booth at Dallas Farmers Market,"Farmers Market, 131 Taylor St, Dallas, TX 75201",https://danfetea.com,Yes,(214) 335-9139,,6.0,32.0,32.7842836,-97.9363988,tea house,Food & Restaurant,75201,info@danfetea.com,,,info@danfetea.com,https://www.facebook.com/yourdanfe/,https://www.instagram.com/danfetea/,Yes,found_homepage
Tea Around Town,"646 Main St, Dallas, TX 75202",https://topviewtix.com,Yes,(212) 664-0300,,1.0,42.0,32.7842836,-97.9363988,tea house,Food & Restaurant,75201,,,,,,,No,no_contact_found
Rakkasan Tea Company,"800 N Harwood St, Dallas, TX 75201",https://marriott.com,Yes,(214) 347-9499,,0.0,1.0,32.7842836,-97.9363988,tea house,Food & Restaurant,75201,,,,,https://www.facebook.com/groups/marriottbonvoyinsiders/,https://www.instagram.com/marriottbonvoy/,No,no_contact_found
The French Room,"1321 Commerce St, Dallas, TX 75202",https://adolphus.com,Yes,(214) 651-3615,,8.0,56.0,32.7842836,-97.9363988,tea house,Food & Restaurant,75201,hello@adolphus.com,,,hello@adolphus.com,https://www.facebook.com/TheAdolphus/,https://scontent-iad3-1.cdninstagram.com/v/t51.2885-15/419002598_747909703512228_8085115548102881857_n.jpg?_nc_cat=110&ccb=1-7&_nc_sid=384e48&_nc_ohc=yltKOo4Xvx0AX8r7vKY&_nc_ht=scontent-iad3-1.cdninstagram.com&edm=ANo9K5cEAAAA&oh=00_AfC3X0Y8zdS0HX3vLVYcWYtljRMy-XOgJgI3vtqk1z4Azg&oe=65AFAF18,Yes,found_homepage
Potpourri Boulangerie,"317 N Zang Blvd, Dallas, TX 75208",https://potpourrioakcliff.com,Yes,(214) 941-9941,,7.0,25.0,32.7842836,-97.9363988,tea house,Food & Restaurant,75201,info@potpourrioakcliff.com,,,info@potpourrioakcliff.com,https://www.facebook.com/Potpourri-Boulangerie-109414068461524,https://www.instagram.com/potpourri_boulangerie/,Yes,found_homepage
Lonie,"2803 Taylor St, Dallas, TX 75226",https://mokahcoffeeandtea.com,Yes,(214) 651-0633,,5.0,39.0,32.7842836,-97.9363988,tea house,Food & Restaurant,75201,mokah@lifeindeepellum.com,hello@lifeindeepellum.com,,mokah@lifeindeepellum.com | hello@lifeindeepellum.com,https://www.facebook.com/lifeindeepellum,http://www.instagram.com/mokahcoffee/,Yes,found_homepage
Forestwood Garden Tea Room,"5333 Forest Ln, Dallas, TX 75244",https://forestwoodmercantile.com,Yes,(972) 308-0060,,9.0,5.0,32.7842836,-97.9363988,tea house,Food & Restaurant,75201,clare@forestwoodmall.com,,,clare@forestwoodmall.com,https://www.facebook.com/forestwoodmall,https://www.instagram.com/forestwoodantiquesdallas/,Yes,found_homepage
Pandacorn Cafe,"3800 McKinney Ave #180, Dallas, TX 75204",https://sipstircoffeehouse.com,Yes,(469) 518-1117,,6.0,67.0,32.7842836,-97.9363988,tea house,Food & Restaurant,75201,,,,,https://www.facebook.com/sipstircoffee/,http://instagram.com/sipstircoffee,No,no_contact_found
Chocolate Secrets,"200 Crescent Ct #40, Dallas, TX 75201",https://ascension.coffee,Yes,(469) 941-4542,,5.0,73.0,32.7842836,-97.9363988,tea house,Food & Restaurant,75201,,,,,https://www.facebook.com/AscensionCoffee/,https://www.instagram.com/ascensioncoffee/,No,no_contact_found
Chocolate Angel Cafe & Tea Room,"635 W Campbell Rd, Richardson, TX 75080",https://chocolateangel.com,Yes,(972) 234-8099,,9.0,39.0,32.7842836,-97.9363988,tea house,Food & Restaurant,75201,chocolateangelrichardson@gmail.com,chocolateangel.highstreet@gmail.com,,chocolateangelrichardson@gmail.com | chocolateangel.highstreet@gmail.com,https://www.facebook.com/ChocolateAngelCafe,https://www.instagram.com/chocolateangelcafeandbakery/,Yes,found_homepage
Beatitudes Tea Room,"275 Market St, Lake Dallas, TX 75065",https://beatitudestearoom.com,Yes,(972) 987-9637,,2.0,23.0,32.7842836,-97.9363988,tea house,Food & Restaurant,75201,,,,,,,No,no_contact_found
The Taschen Library,"1530 Main St STE 100, Dallas, TX 75201",https://thejouledallas.com,Yes,(214) 748-1300,,0.0,1.0,32.7842836,-97.9363988,tea house,Food & Restaurant,75201,,,,,https://www.facebook.com/TheJouleHotel/,https://www.instagram.com/thejouledallas,No,no_contact_found
Edylicious Tea Room,"621 N Hampton Rd Suite 110A, DeSoto, TX 75115",https://edylicious.com,Yes,(972) 274-1261,,0.0,3.0,32.7842836,-97.9363988,tea house,Food & Restaurant,75201,,,,,https://www.facebook.com/edylicioustearoom,https://www.instagram.com/edylicioustearoom/,No,no_contact_found
Sapa House,"1520 Elm St #107, Dallas, TX 75201",https://starshipbagel.com,Yes,(469) 772-9606,,7.0,37.0,32.7842836,-97.9363988,tea house,Food & Restaurant,75201,,,,,,,No,no_contact_found
Rose Garden Tea Room Arlington,"4720 S Cooper St, Arlington, TX 76017",https://therosegardentearoom.com,Yes,(817) 795-3093,,6.0,45.0,32.7842836,-97.9363988,tea house,Food & Restaurant,75201,therosegardentearoom@yahoo.com,,,therosegardentearoom@yahoo.com,https://www.facebook.com/2282675172021976,https://www.instagram.com/the_rosegardentearoomgl,Yes,found_homepage
"The Adolphus, Autograph Collection","1321 Commerce St, Dallas, TX 75202",https://marriott.com,Yes,(214) 742-8200,,322.0,3.0,32.7842836,-97.9363988,tea house,Food & Restaurant,75201,,,,,https://www.facebook.com/groups/marriottbonvoyinsiders/,https://www.instagram.com/marriottbonvoy/,No,no_contact_found
Pattea Lou's Tea Room,"1321 Commerce St, Dallas, TX 75202",https://marriott.com,Yes,(214) 742-8200,,322.0,3.0,32.7842836,-97.9363988,tea house,Food & Restaurant,75201,,,,,,,No,no_contact_found
Vincent's Skybar,"800 N Harwood St, Dallas, TX 75201",https://marriott.com,Yes,(214) 347-9499,,3.0,1.0,32.7842836,-97.9363988,tea house,Food & Restaurant,75201,,,,,https://www.facebook.com/groups/marriottbonvoyinsiders/,https://www.instagram.com/marriottbonvoy/,No,no_contact_found
Margaret's,"800 N Harwood St, Dallas, TX 75201",https://margaretsdallas.com,Yes,(214) 736-7760,,,,32.7842836,-97.9363988,tea house,Food & Restaurant,75201,,,,,https://www.facebook.com/JWSteakhouseDallas/,https://www.instagram.com/jwsteakhousedallas/,No,no_contact_found
The Mansion Restaurant,"2821 Turtle Creek Blvd, Dallas, TX 75219",https://rosewoodhotels.com,Yes,(214) 443-4747,,76.0,1.0,32.7842836,-97.9363988,tea house,Food & Restaurant,75201,info@rosewoodhotelgroup.com,,,info@rosewoodhotelgroup.com,https://www.facebook.com/RosewoodHotels?ref=ts,https://www.instagram.com/rosewoodhotels,Yes,found_subpage
JW Steakhouse,"2821 Turtle Creek Blvd, Dallas, TX 75219",https://rosewoodhotels.com,Yes,(214) 443-4747,,76.0,1.0,32.7842836,-97.9363988,tea house,Food & Restaurant,75201,info@rosewoodhotelgroup.com,,,info@rosewoodhotelgroup.com,https://www.facebook.com/RosewoodHotels?ref=ts,https://www.instagram.com/rosewoodhotels,Yes,found_subpage
Moxies,"100 Crescent Ct, Dallas, TX 75201",https://moxies.com,Yes,(469) 936-4329,,7.0,3.0,32.7842836,-97.9363988,tea house,Food & Restaurant,75201,marketing@moxies.ca,guestrelations@moxies.ca,t4@moxies.ca,marketing@moxies.ca | guestrelations@moxies.ca | t4@moxies.ca | donations@moxies.ca | info@moxies.ca,https://www.facebook.com/MoxiesOfficial,https://www.instagram.com/moxiescanada/,Yes,found_subpage
Perry's Steakhouse & Grille,"2100 Olive St Suite #100, Dallas, TX 75201",https://perryssteakhouse.com,Yes,(214) 855-5151,,159.0,4.0,32.7842836,-97.9363988,tea house,Food & Restaurant,75201,,,,,https://www.facebook.com/PerrysDining/,https://www.instagram.com/perrys_steakhouse,No,no_contact_found
The Rose Garden Tearoom Fort Worth,"7200 Camp Bowie Blvd, Fort Worth, TX 76116",https://the-mercantile.com,Yes,(817) 731-7673,,2.0,19.0,32.7842836,-97.9363988,tea house,Food & Restaurant,75201,info@the-mercantile.com,,,info@the-mercantile.com,https://www.facebook.com/themercantilefortworth/,https://www.instagram.com/themercantilefortworth/,Yes,found_homepage
Pho Crimson,"3000 Blackburn St #140c, Dallas, TX 75204",https://phocrimsoncafe.com,Yes,(469) 547-5443,,8.0,84.0,32.7842836,-97.9363988,tea house,Food & Restaurant,75201,,,,,,,No,no_contact_found
FruTea Boba,"211 S Akard St STE 108, Dallas, TX 75202",https://fruteaboba.com,Yes,(901) 486-6515,,6.0,10.0,32.7793691,-96.9442251,boba tea shop,Food & Restaurant,75201,info@mysite.com,customerservice@fruteaboba.com,,info@mysite.com | customerservice@fruteaboba.com,https://www.facebook.com/profile.php?id=61578731338363&sk=photos,https://www.instagram.com/fruteaboba?igsh=MWN0emVuMXlodG5qYw%3D%3D&utm_source=qr,Yes,found_homepage
Craft Boba Tea,"320 Singleton Blvd #180, Dallas, TX 75212",https://craftbobatea.com,Yes,(972) 809-9557,,9.0,15.0,32.7793691,-96.9442251,boba tea shop,Food & Restaurant,75201,,,,,,,No,no_contact_found
FENG CHA - Greenville Ave Dallas,"1917 Greenville Ave #130, Dallas, TX 75206",https://fengchausa.com,Yes,(469) 824-9991,,6.0,21.0,32.7793691,-96.9442251,boba tea shop,Food & Restaurant,75201,,,,,https://www.facebook.com/FengChaUS,https://www.instagram.com/fengchausa/,No,no_contact_found
Craft Boba Tea,"408 N Bishop Ave # 104, Dallas, TX 75208",https://craftbobatea.com,Yes,(469) 799-5315,,5.0,30.0,32.7793691,-96.9442251,boba tea shop,Food & Restaurant,75201,,,,,,,No,no_contact_found
Craft Boba Tea,"6105 Greenville Ave, Dallas, TX 75206",https://craftbobatea.com,Yes,(214) 789-4449,,7.0,44.0,32.7793691,-96.9442251,boba tea shop,Food & Restaurant,75201,,,,,,,No,no_contact_found
Mochio Mochi Donut & Boba Tea,"5420 Ross Ave #160, Dallas, TX 75206",https://mochiodonut.com,Yes,(214) 613-6216,,5.0,23.0,32.7793691,-96.9442251,boba tea shop,Food & Restaurant,75201,,,,,,,No,no_contact_found
chimlanh,"1902 Botham Jean Blvd, Dallas, TX 75215",https://chimlanh.com,Yes,(214) 885-2975,,9.0,9.0,32.7793691,-96.9442251,boba tea shop,Food & Restaurant,75201,caphe@chimlanh.com,,,caphe@chimlanh.com,,https://www.instagram.com/sandwich_hag/?hl=en,Yes,found_homepage
Yely,"6760 Abrams Rd #115, Dallas, TX 75231",https://yely.one,Yes,(469) 261-9006,,4.0,24.0,32.7793691,-96.9442251,boba tea shop,Food & Restaurant,75201,admin@yely.one,,,admin@yely.one,https://www.facebook.com/yelycafe,https://www.instagram.com/yelycafe/,Yes,found_homepage
Hugs Cafe Dallas,"2918 Live Oak St, Dallas, TX 75204",https://hugscafe.org,Yes,(469) 301-6900,,0.0,3.0,32.7793691,-96.9442251,boba tea shop,Food & Restaurant,75201,,,,,https://www.facebook.com/HugsCafe,https://www.instagram.com/hugscafe/?hl=en,No,no_contact_found
The Dolly Llama,"2817 Howell St Suite 210, Dallas, TX 75204",https://thedollyllamaus.com,Yes,(972) 480-7661,,2.0,63.0,32.7793691,-96.9442251,boba tea shop,Food & Restaurant,75201,,,,,,,No,no_contact_found
Gong Cha Dallas,"11613 N Central Expy #106A, Dallas, TX 75243",https://gongchausa.com,Yes,(214) 774-9997,,0.0,24.0,32.907896,-96.9140156,boba tea shop,Food & Restaurant,75201,,,,,https://www.facebook.com/gongchatea,https://www.instagram.com/gongchatea/,No,no_contact_found
Bo Tea House,"9788 Walnut St Ste 120, Dallas, TX 75243",https://toasttab.com,Yes,(972) 803-5601,,5.0,21.0,32.922731,-96.8629493,boba tea shop,Food & Restaurant,75201,,,,,,,No,no_contact_found
Le Bon Temps Beignets and Coffee,"2932 Main St Suite 103, Dallas, TX 75226",https://lebontempsbeignets.com,Yes,(214) 444-3215,,1.0,75.0,32.784208,-96.9250546,boba tea shop,Food & Restaurant,75201,sales@lebontempsbeignets.com,,,sales@lebontempsbeignets.com,,https://www.instagram.com/lebontempsbeignets/,Yes,found_homepage
Fat Straws Boba & Mochi Donuts (Forest),"2932 Main St Suite 103, Dallas, TX 75226",https://lebontempsbeignets.com,Yes,(214) 444-3215,,1.0,75.0,32.784208,-96.9250546,boba tea shop,Food & Restaurant,75201,sales@lebontempsbeignets.com,,,sales@lebontempsbeignets.com,,https://www.instagram.com/lebontempsbeignets/,Yes,found_homepage
Squishies Boba,"9850 Walnut Hill Ln #203, Dallas, TX 75238",https://facebook.com,Yes,(972) 807-2562,,0.0,26.0,32.8786057,-96.8598296,boba tea shop,Food & Restaurant,75201,,,,,,,No,no_contact_found
TeaLatte Bar,"9850 Walnut Hill Ln #203, Dallas, TX 75238",https://facebook.com,Yes,(972) 807-2562,,0.0,26.0,32.8786057,-96.8598296,boba tea shop,Food & Restaurant,75201,,,,,,,No,no_contact_found
Feng Cha - Belt Line Dallas,"5225 Belt Line Rd #254, Dallas, TX 75254",https://fengchausa.com,Yes,(972) 850-9082,,2.0,41.0,32.9549655,-96.9618814,boba tea shop,Food & Restaurant,75201,,,,,https://www.facebook.com/FengChaUS,https://www.instagram.com/fengchausa/,No,no_contact_found
Brooklyn Dumpling Shop,"5225 Belt Line Rd #254, Dallas, TX 75254",https://fengchausa.com,Yes,(972) 850-9082,,2.0,41.0,32.9549655,-96.9618814,boba tea shop,Food & Restaurant,75201,,,,,https://www.facebook.com/FengChaUS,https://www.instagram.com/fengchausa/,No,no_contact_found
Krak Boba,"3767 Belt Line Rd, Addison, TX 75001",https://krakboba.com,Yes,(214) 964-0055,,7.0,13.0,32.9537064,-96.9973246,boba tea shop,Food & Restaurant,75201,,,,,https://www.facebook.com/krakboba/,https://www.instagram.com/krakboba/,No,no_contact_found
Cannon Bakery,"1718 N Market St, Dallas, TX 75202",https://cannonbakery.com,Yes,(469) 318-2229,,0.0,40.0,32.8537697,-96.9140628,boba tea shop,Food & Restaurant,75201,info@cannonbakery.com,,,info@cannonbakery.com,https://www.facebook.com/profile.php?id=61559946846080,https://www.instagram.com/kokopelli_sweets/,Yes,found_homepage
Yumilicious Frozen Yogurt,"3800 McKinney Ave #160, Dallas, TX 75204",https://yumilicious.co,Yes,(214) 521-7888,,2.0,39.0,32.8537697,-96.9140628,boba tea shop,Food & Restaurant,75201,allen@yumilicious.co,allenoutlet@yumilicious.co,arlington@yumilicious.co,allen@yumilicious.co | allenoutlet@yumilicious.co | arlington@yumilicious.co | beaconsquare@yumilicious.co | championspark@yumilicious.co | richardson@yumilicious.co | sniderplaza@yumilicious.co | uptown@yumilicious.co,https://www.facebook.com/yumiliciousyogurt/,https://www.instagram.com/yumiliciousinc/,Yes,found_subpage
Sharetea,"13350 Dallas Pkwy #520, Dallas, TX 75240",https://1992sharetea.com,Yes,(214) 484-1482,,4.0,62.0,32.9285449,-96.9635528,boba tea shop,Food & Restaurant,75201,service@1992sharetea.com,,,service@1992sharetea.com,https://www.facebook.com/shareteausa,https://www.instagram.com/sharetea,Yes,found_homepage
Pokeworks,"2626 Howell St Ste 165, Dallas, TX 75204",https://pokeworks.com,Yes,(214) 613-2426,,2.0,26.0,32.79884,-96.9463853,boba tea shop,Food & Restaurant,75201,,,,,https://www.facebook.com/pokeworksco/,https://www.instagram.com/pokeworksco,No,no_contact_found
K-Pop Ramen Dallas,"5150 Lemmon Ave #104, Dallas, TX 75209",https://order.toasttab.com,Yes,(972) 685-3033,,561.0,4.0,32.79884,-96.9463853,boba tea shop,Food & Restaurant,75201,,,,,,,No,no_contact_found
Sandwich Hag,"1902 Botham Jean Blvd, Dallas, TX 75215",https://chimlanh.com,Yes,(214) 885-2975,,5.0,45.0,32.79884,-96.9463853,boba tea shop,Food & Restaurant,75201,caphe@chimlanh.com,,,caphe@chimlanh.com,,https://www.instagram.com/sandwich_hag/?hl=en,Yes,found_homepage
Vietnam Restaurant,"4302 Bryan St, Dallas, TX 75204",https://vietnamrestaurantdallas.com,Yes,(469) 715-1942,,5.0,91.0,32.79884,-96.9463853,boba tea shop,Food & Restaurant,75201,vnnguyenle@yahoo.com,,,vnnguyenle@yahoo.com,https://www.facebook.com/profile.php?id=100069804454589,,Yes,found_homepage
Poke Bop (Lemmon),"4103 Lemmon Ave, Dallas, TX 75219",https://ilovepokebop.com,Yes,(469) 608-5407,,4.0,42.0,32.79884,-96.9463853,boba tea shop,Food & Restaurant,75201,,,,,,,No,no_contact_found
9 Rabbits Bakery,"4103 Lemmon Ave, Dallas, TX 75219",https://ilovepokebop.com,Yes,(469) 608-5407,,4.0,42.0,32.79884,-96.9463853,boba tea shop,Food & Restaurant,75201,,,,,,,No,no_contact_found
TP Tea - Richardson,"400 N Greenville Ave #14, Richardson, TX 75081",https://pos.chowbus.com,Yes,(972) 685-6902,,1.0,29.0,32.79884,-96.9463853,boba tea shop,Food & Restaurant,75201,,,,,,,No,no_contact_found
Chicha San Chen,"400 N Greenville Ave #14, Richardson, TX 75081",https://pos.chowbus.com,Yes,(972) 685-6902,,1.0,29.0,32.79884,-96.9463853,boba tea shop,Food & Restaurant,75201,,,,,,,No,no_contact_found
FleurTea,"100 S Main St #101c, Duncanville, TX 75116",https://instagram.com,Yes,(469) 759-6259,,8.0,8.0,32.79884,-96.9463853,boba tea shop,Food & Restaurant,75201,,,,,https://developers.facebook.com/docs/instagram,https://about.instagram.com/,No,no_contact_found
Boba Tea & Treats,"4135 Belt Line Rd, Addison, TX 75001",https://bobateatreats.com,Yes,(972) 239-5544,,2.0,39.0,32.79884,-96.9463853,boba tea shop,Food & Restaurant,75201,,,,,https://www.facebook.com/BobateatreatsAddison,https://www.instagram.com/boba.teatreats/,No,no_contact_found
Feng Cha Irving,"2612 N Belt Line Rd, Irving, TX 75062",https://toasttab.com,Yes,(972) 600-8207,,3.0,88.0,32.79884,-96.9463853,boba tea shop,Food & Restaurant,75201,,,,,,,No,no_contact_found
ReNue Plaza Pharmacy,"2612 N Belt Line Rd, Irving, TX 75062",https://toasttab.com,Yes,(972) 600-8207,,3.0,88.0,32.79884,-96.9463853,boba tea shop,Food & Restaurant,75201,,,,,,,No,no_contact_found
CVS,"2501 N Field St, Dallas, TX 75201",https://cvs.com,Yes,(214) 468-8732,,8.0,11.0,32.79884,-96.9463853,boba tea shop,Food & Restaurant,75201,,,,,,,No,no_contact_found
Boba Latte,"2501 N Field St, Dallas, TX 75201",https://cvs.com,Yes,(214) 468-8732,,8.0,11.0,32.79884,-96.9463853,boba tea shop,Food & Restaurant,75201,,,,,,,No,no_contact_found
Tom Thumb,"2380 N Field St, Dallas, TX 75201",https://local.tomthumb.com,Yes,(972) 454-5045,,270.0,1.0,32.79884,-96.9463853,boba tea shop,Food & Restaurant,75201,,,,,,,No,no_contact_found
CVS,"1411 Main St, Dallas, TX 75202",https://cvs.com,Yes,(214) 749-4092,,7.0,16.0,32.79884,-96.9463853,boba tea shop,Food & Restaurant,75201,,,,,,,No,no_contact_found
7-Eleven,"1502 Elm St, Dallas, TX 75201",https://7-eleven.com,Yes,(214) 760-1524,,7.0,7.0,32.79884,-96.9463853,boba tea shop,Food & Restaurant,75201,,,,,https://www.facebook.com/7Eleven,https://www.instagram.com/7eleven/,No,no_contact_found
Boba Heaven (Garland),"3112 N Jupiter Rd suite 311, Garland, TX 75044",https://m.facebook.com,Yes,(972) 530-7850,,8.0,51.0,32.79884,-96.9463853,boba tea shop,Food & Restaurant,75201,,,,,,,No,no_contact_found
TP Tea - Carrollton,"2451 Old Denton Rd #130, Carrollton, TX 75006",https://pos.chowbus.com,Yes,(214) 883-8813,,6.0,8.0,32.79884,-96.9463853,boba tea shop,Food & Restaurant,75201,,,,,,,No,no_contact_found
R&B TEA CARROLLTON,"1017 E Trinity Mls Rd Apt 100, Carrollton, TX 75006",https://foodhere.co,Yes,(469) 758-0092,,6.0,24.0,32.79884,-96.9463853,boba tea shop,Food & Restaurant,75201,,,,,https://facebook.com/bitly,https://instagram.com/bitly,No,no_contact_found
WaiWai Kitchen,"4315 Lemmon Ave, Dallas, TX 75219",https://waiwaikitchendallas.com,Yes,(214) 520-8868,,5.0,48.0,32.79884,-96.9463853,boba tea shop,Food & Restaurant,75201,,,,,,,No,no_contact_found
Tom Thumb,"2727 Live Oak St, Dallas, TX 75204",https://local.tomthumb.com,Yes,(214) 273-2115,,16.0,1.0,32.79884,-96.9463853,boba tea shop,Food & Restaurant,75201,,,,,,,No,no_contact_found
rocketbelly,"300 E Abram St #150, Arlington, TX 76010",https://rocketbelly.net,Yes,,,6.0,43.0,32.79884,-96.9463853,boba tea shop,Food & Restaurant,75201,hi@rocketbelly.net,,,hi@rocketbelly.net,,,Yes,found_subpage
Bubble Shubble Boba Tea,"1111 Coker St, Irving, TX 75062",https://facebook.com,Yes,(972) 457-0600,,4.0,9.0,32.79884,-96.9463853,boba tea shop,Food & Restaurant,75201,,,,,https://www.facebook.com/reg/,https://l.facebook.com/l.php?u=https%3A%2F%2Fwww.instagram.com%2F&h=AT7Xclir7moo4BBCt0iD7C-dwCmYJh2FpQqEGJNaPcHT80_keSqf5kB9wtZ1FWsRwl-vg5u-yABtzshaNeho-R9xBDjmSwvOj9xCr1GqfX2_IQ9rEJv6jigvRkBbWFUmsJiTLfMlruR1tSghQX_CamllRw,No,no_contact_found
Gyu-Kaku Japanese BBQ,"2939 Main St, Dallas, TX 75226",https://gyu-kaku.com,Yes,(214) 484-2744,,7.0,11.0,32.79884,-96.9463853,boba tea shop,Food & Restaurant,75201,,,,,,,No,no_contact_found
EATS Broker,"2001 Ross Ave #700, Dallas, TX 75201",https://eatsbroker.com,Yes,(404) 993-4448,,8.0,2.0,32.79884,-96.9463853,boba tea shop,Food & Restaurant,75201,,,,,,,No,no_contact_found
Ocean Prime,"2101 Cedar Springs Rd #150, Dallas, TX 75201",https://ocean-prime.com,Yes,(214) 965-0440,,88.0,2.0,32.79884,-96.9463853,boba tea shop,Food & Restaurant,75201,,,,,https://www.facebook.com/OceanPrime/,https://www.instagram.com/oceanprime/,No,no_contact_found
Picazo Sushi & Poke,"4711 Maple Ave, Dallas, TX 75219",https://picazosushipokecatering.com,Yes,(972) 598-0396,,5.0,14.0,32.79884,-96.9463853,boba tea shop,Food & Restaurant,75201,,,,,https://www.facebook.com/profile.php?id=61569944667126&mibextid=LQQJ4d&rdid=IVyQrkEGPzXBQ2jU&share_url=https%3A%2F%2Fwww.facebook.com%2Fshare%2F14kh9W5a4wv%2F%3Fmibextid%3DLQQJ4d#,,No,no_contact_found
Starbucks Coffee Company,"2050 N Stemmons Fwy, Dallas, TX 75207",https://starbucks.com,Yes,(214) 757-7752,,9.0,3.0,32.79884,-96.9463853,boba tea shop,Food & Restaurant,75201,press@starbucks.com,pressemea@starbucks.com,investorrelations@starbucks.com,press@starbucks.com | pressemea@starbucks.com | investorrelations@starbucks.com | partnerships@starbucks.com,https://facebook.com/starbucks,https://instagram.com/starbucks,Yes,found_subpage
Rainbow Teashop Boba,"3801 W President George Bush Hwy #116, Plano, TX 75075",https://rainbowteashoptx.com,Yes,(469) 367-5595,,9.0,57.0,32.79884,-96.9463853,boba tea shop,Food & Restaurant,75201,rainbowteashoptx@gmail.com,,,rainbowteashoptx@gmail.com,https://www.facebook.com/rainbowteashoptx/,https://www.instagram.com/rainbowteashoptx/,Yes,found_homepage
LaVui Vietnamese Restaurant,"5321 Maple Ave, Dallas, TX 75235",https://lavuirestaurants.com,Yes,(469) 776-8212,,8.0,63.0,32.79884,-96.9463853,boba tea shop,Food & Restaurant,75201,,,,,https://www.facebook.com/LaVuiDallas,https://www.instagram.com/lavuidallas,No,no_contact_found
Kung Fu Tea - Knox St. Dallas,"3001 Knox St #107A, Dallas, TX 75205",https://kungfutea.com,Yes,(972) 598-1732,,5.0,34.0,32.7793691,-97.0884206,bubble tea cafe,Food & Restaurant,75201,,,,,https://www.facebook.com/kungfuteausa/,https://www.instagram.com/kungfuteausa/,No,no_contact_found
La La Land,"5626 Bell Ave, Dallas, TX 75206",https://lalalandcafe.com,Yes,(214) 579-9550,,125.0,1.0,32.9791133,-97.0596586,bubble tea cafe,Food & Restaurant,75201,,,,,https://www.facebook.com/lalalandkindcafe/,https://www.instagram.com/lalalandkindcafe/?hl=en,No,no_contact_found
La La Land,"4164 N Central Expy, Dallas, TX 75204",https://lalalandcafe.com,Yes,(214) 484-2581,,8.0,29.0,32.9536104,-97.0160744,bubble tea cafe,Food & Restaurant,75201,,,,,https://www.facebook.com/lalalandkindcafe/,https://www.instagram.com/lalalandkindcafe/?hl=en,No,no_contact_found
Heath Boba Tea & Desserts,"515 Laurence Dr, Heath, TX 75032",https://heathbobatea.uorder.io,Yes,(469) 338-5287,,3.0,21.0,32.9536104,-97.0160744,bubble tea cafe,Food & Restaurant,75201,,,,,,,No,no_contact_found
CO 7 FOOD & PU'ER TEA,"519 N Jupiter Rd, Garland, TX 75042",https://puerteacoffee.com,Yes,(469) 626-7777,,9.0,17.0,32.9536104,-97.0160744,bubble tea cafe,Food & Restaurant,75201,puertaiwantea@gmail.com,,,puertaiwantea@gmail.com,https://www.facebook.com/PuerStore,https://www.instagram.com/puer_teacoffee/,Yes,found_homepage
Chunky Boss x Tiger Sugar,"2625 Old Denton Rd #555, Carrollton, TX 75007",https://tigersugar.co,Yes,(469) 267-3869,,5.0,60.0,32.9536104,-97.0160744,bubble tea cafe,Food & Restaurant,75201,,,,,,,No,no_contact_found
FULLL,"600 N Pearl St g202, Dallas, TX 75201",https://facebook.com,Yes,(469) 543-5333,,6.0,3.0,32.9536104,-97.0160744,bubble tea cafe,Food & Restaurant,75201,,,,,https://www.facebook.com/reg/,https://l.facebook.com/l.php?u=https%3A%2F%2Fwww.instagram.com%2F&h=AT4yQzQL1KNvMN6_xKMHdW3KIEwQs-h653GO5l-COutUtIXKBa5vSxJQpVVxbHRbSrUU3-0yQHFwEJPm2yrp6mCY5Gyl8seCuXVsx_WzkiTV2ryJD7AhxAOGGiyE-mqN_JcgwlCmiqnxFT5cuezfO6pX9Q,No,no_contact_found
City Hall Bistro,"1321 Commerce St, Dallas, TX 75202",https://adolphus.com,Yes,(214) 651-3686,,3.0,81.0,32.7909106,-96.8300273,diner,Food & Restaurant,75201,hello@adolphus.com,,,hello@adolphus.com,https://www.facebook.com/TheAdolphus/,https://scontent-iad3-1.cdninstagram.com/v/t51.2885-15/419002598_747909703512228_8085115548102881857_n.jpg?_nc_cat=110&ccb=1-7&_nc_sid=384e48&_nc_ohc=yltKOo4Xvx0AX8r7vKY&_nc_ht=scontent-iad3-1.cdninstagram.com&edm=ANo9K5cEAAAA&oh=00_AfC3X0Y8zdS0HX3vLVYcWYtljRMy-XOgJgI3vtqk1z4Azg&oe=65AFAF18,Yes,found_homepage
Original Market Diner,"4434 Harry Hines Blvd, Dallas, TX 75219",https://originalmarketdiner.com,Yes,(214) 521-0992,,289.0,3.0,32.8059834,-96.8641118,diner,Food & Restaurant,75201,originalmarketdiner@yahoo.com,,,originalmarketdiner@yahoo.com,,,Yes,found_homepage
Wingstop,"800 N Harwood St, Dallas, TX 75201",https://wingstop.com,Yes,(469) 608-8535,,,,32.7909106,-96.8303322,American diner,Food & Restaurant,75201,,,,,,,No,no_contact_found
NDA,"2801 N Harwood St Suite 100, Dallas, TX 75201",https://ndadallas.com,Yes,(945) 910-4671,,4.0,4.0,32.7909106,-96.8303322,American diner,Food & Restaurant,75201,hello@ndadallas.com,,,hello@ndadallas.com,https://www.facebook.com/profile.php?id=61555486061830,https://www.instagram.com/nda_dallas/,Yes,found_subpage
Pangea Dallas,"1321 Commerce St, Dallas, TX 75202",https://adolphus.com,Yes,(214) 651-3559,,306.0,1.0,32.7799743,-96.8355513,American diner,Food & Restaurant,75201,hello@adolphus.com,,,hello@adolphus.com,https://www.facebook.com/TheAdolphus/,https://scontent-iad3-1.cdninstagram.com/v/t51.2885-15/419002598_747909703512228_8085115548102881857_n.jpg?_nc_cat=110&ccb=1-7&_nc_sid=384e48&_nc_ohc=yltKOo4Xvx0AX8r7vKY&_nc_ht=scontent-iad3-1.cdninstagram.com&edm=ANo9K5cEAAAA&oh=00_AfC3X0Y8zdS0HX3vLVYcWYtljRMy-XOgJgI3vtqk1z4Azg&oe=65AFAF18,Yes,found_homepage
AM/FM Diner & Lounge,"1910 Pacific Ave #1400, Dallas, TX 75201",https://pangeadallas.com,Yes,(469) 485-7665,,5.0,18.0,32.7829022,-96.8313393,American diner,Food & Restaurant,75201,,,,,,,No,no_contact_found
Pyramid,"1717 N Akard St, Dallas, TX 75201",https://pyramidrestaurant.com,Yes,(214) 720-5249,,3.0,15.0,32.7829022,-96.8313393,American diner,Food & Restaurant,75201,,,,,,,No,no_contact_found
Dream Cafe,"2811 McKinney Ave Suite 26, 2808 Howell St Parking Garage, Dallas, TX 75204",https://dreamcafedallas.com,Yes,(214) 954-0486,,173.0,1.0,32.7829022,-96.8313393,American diner,Food & Restaurant,75201,,,,,,,No,no_contact_found
State & Allen,"2400 Allen St, Dallas, TX 75204",https://stateandallen.com,Yes,(214) 239-1990,,6.0,88.0,32.7829022,-96.8313393,American diner,Food & Restaurant,75201,,,,,https://www.facebook.com/StateAndAllen/,https://www.instagram.com/stateandallen/,No,no_contact_found
Local Tap & Table,"3333 Harry Hines Blvd Suite 100, Dallas, TX 75201",https://localtapandtable.com,Yes,(469) 283-2000,,826.0,3.0,32.7829022,-96.8313393,American diner,Food & Restaurant,75201,contact@localtapandtable.com,,,contact@localtapandtable.com,,,Yes,found_homepage
The Standard Pour,"2000 McKinney Ave, Dallas, TX 75201",https://stksteakhouse.com,Yes,(972) 842-9450,,677.0,5.0,32.7975096,-96.8500867,American diner,Food & Restaurant,75201,,,,,https://www.facebook.com/eatSTK/,https://www.instagram.com/eatstk,No,no_contact_found
Maple Leaf Diner,"12817 Preston Rd #129, Dallas, TX 75230",https://mldiner.com,Yes,(214) 434-1626,,193.0,5.0,32.923259,-96.8414289,American diner,Food & Restaurant,75201,info@mldiner.com,,,info@mldiner.com,https://www.facebook.com/MapleLeafDiner/,,Yes,found_subpage
Hudson House,"4448 Lovers Ln, Dallas, TX 75225",https://hudsonhouse.com,Yes,(214) 583-2255,,837.0,1.0,32.8515194,-96.8478103,American diner,Food & Restaurant,75201,lovers@hudsonhousehp.com,,,lovers@hudsonhousehp.com,http://www.facebook.com/HudsonHouseHP,http://instagram.com/thehudsonhouse,Yes,found_subpage
Lexus Platinum Club,"4448 Lovers Ln, Dallas, TX 75225",https://hudsonhouse.com,Yes,(214) 583-2255,,837.0,1.0,32.8515194,-96.8478103,American diner,Food & Restaurant,75201,lovers@hudsonhousehp.com,,,lovers@hudsonhousehp.com,http://www.facebook.com/HudsonHouseHP,http://instagram.com/thehudsonhouse,Yes,found_subpage
The Diner,"3330 Belt Line Rd, Farmers Branch, TX 75234",https://dinerdallas.com,Yes,(972) 243-8646,,223.0,2.0,32.9528541,-96.902626,American diner,Food & Restaurant,75201,,,,,https://www.facebook.com/dinerdallas/,,No,no_contact_found
Cafe 43,"2943 SMU Boulevard, Dallas, TX 75205",https://bushcenter.org,Yes,(214) 200-4302,,5.0,16.0,32.7944628,-96.8407958,American diner,Food & Restaurant,75201,,,,,https://www.facebook.com/TheBushCenter,https://www.instagram.com/thebushcenter/,No,no_contact_found
Flower Child,"2943 SMU Boulevard, Dallas, TX 75205",https://bushcenter.org,Yes,(214) 200-4302,,5.0,16.0,32.7944628,-96.8407958,American diner,Food & Restaurant,75201,,,,,https://www.facebook.com/TheBushCenter,https://www.instagram.com/thebushcenter/,No,no_contact_found
Scout Dallas,"2000 Ross Ave Unit 190, Dallas, TX 75201",https://freebirds.com,Yes,(214) 271-9387,,3.0,24.0,32.7944628,-96.8407958,American diner,Food & Restaurant,75201,,,,,,,No,no_contact_found
Meso Maya Comida y Copas,"1611 McKinney Ave, Dallas, TX 75202",https://mesomaya.com,Yes,(214) 484-6555,,457.0,6.0,32.7944628,-96.8407958,American diner,Food & Restaurant,75201,,,,,,,No,no_contact_found
Ida Claire,"1611 McKinney Ave, Dallas, TX 75202",https://mesomaya.com,Yes,(214) 484-6555,,457.0,6.0,32.7944628,-96.8407958,American diner,Food & Restaurant,75201,,,,,,,No,no_contact_found
Corrientes 348 Argentinian Steakhouse,"1807 Ross Ave, Dallas, TX 75201",https://corrientes348.com,Yes,(214) 220-0348,,609.0,1.0,32.7944628,-96.8407958,American diner,Food & Restaurant,75201,dallas@corrientes348.com,,,dallas@corrientes348.com,https://www.facebook.com/Corrientes348Dallas,https://www.instagram.com/corrientes348steakhouse/#,Yes,found_subpage
North Italia,"2301 N Akard St Ste 280, Dallas, TX 75201",https://northitalia.com,Yes,(972) 619-3770,,401.0,1.0,32.7944628,-96.8407958,American diner,Food & Restaurant,75201,,,,,https://www.facebook.com/NorthItalia,https://www.instagram.com/eatnorthitalia,No,no_contact_found
Dusty's,"2301 N Akard St Ste 280, Dallas, TX 75201",https://northitalia.com,Yes,(972) 619-3770,,401.0,1.0,32.7944628,-96.8407958,American diner,Food & Restaurant,75201,,,,,https://www.facebook.com/NorthItalia,https://www.instagram.com/eatnorthitalia,No,no_contact_found
Te Deseo,"2700 Olive St, Dallas, TX 75201",https://tedeseo.com,Yes,(214) 646-1314,,163.0,2.0,32.7944628,-96.8407958,American diner,Food & Restaurant,75201,,,,,https://www.facebook.com/tedeseodal/,https://www.instagram.com/tedeseodal/,No,no_contact_found
The Capital Grille,"2700 Olive St, Dallas, TX 75201",https://tedeseo.com,Yes,(214) 646-1314,,163.0,2.0,32.7944628,-96.8407958,American diner,Food & Restaurant,75201,,,,,https://www.facebook.com/tedeseodal/,https://www.instagram.com/tedeseodal/,No,no_contact_found
Las Palmas Tex-Mex,"2708 Routh St, Dallas, TX 75201",https://laspalmasdallas.com,Yes,(214) 647-1232,,194.0,2.0,32.7944628,-96.8407958,American diner,Food & Restaurant,75201,events@laspalmastexmex.com,media@lesliebrennerconcepts.com,,events@laspalmastexmex.com | media@lesliebrennerconcepts.com,https://www.facebook.com/LasPalmasDallas,https://www.instagram.com/laspalmastexmex/,Yes,found_homepage
Del Frisco's Double Eagle Steakhouse,"2323 Olive St, Dallas, TX 75201",https://delfriscos.com,Yes,(972) 490-9000,,334.0,2.0,32.7944628,-96.8407958,American diner,Food & Restaurant,75201,,,,,https://www.facebook.com/DelFrisco/,https://www.instagram.com/del.friscos/,No,no_contact_found
Black Bear Diner Mesquite,"1717 N Akard St, Dallas, TX 75201",https://fairmont.com,Yes,(214) 720-2020,,91.0,6.0,32.7944628,-96.8407958,American diner,Food & Restaurant,75201,,,,,https://www.facebook.com/fairmonthotels/,https://www.instagram.com/fairmonthotels/,No,no_contact_found
Rj Mexican Cuisine,"1701 N Market St #102, Dallas, TX 75202",https://rjmexicancuisine.com,Yes,(214) 744-1420,,258.0,11.0,32.7944628,-96.8407958,American diner,Food & Restaurant,75201,rjmexicancuisine@sbcglobal.net,rjmexicandallas@gmail.com,,rjmexicancuisine@sbcglobal.net | rjmexicandallas@gmail.com,,http://instagram.com/rjmexicancuisine,Yes,found_subpage
Norma's Cafe,"1123 W Davis St, Dallas, TX 75208",https://normascafe.com,Yes,(214) 946-4711,,691.0,5.0,32.7972052,-96.8960127,family diner,Food & Restaurant,75201,,,,,https://www.facebook.com/NormasCafe/,https://www.instagram.com/normascafe/,No,no_contact_found
Ellen's,"1790 N Record St, Dallas, TX 75202",https://ellens.com,Yes,(469) 206-3339,,123.0,5.0,32.7972052,-96.8960127,family diner,Food & Restaurant,75201,,,,,,,No,no_contact_found
Luckys Caf,"3531 Oak Lawn Ave, Dallas, TX 75219",https://luckysdallas.com,Yes,(214) 522-3500,,558.0,2.0,32.7972052,-96.8960127,family diner,Food & Restaurant,75201,,,,,,,No,no_contact_found
Porta Di Roma,"1623 Main St Ste 104, Dallas, TX 75201",https://portadiromarestaurant.com,Yes,(214) 752-0855,,128.0,1.0,32.7972052,-96.8960127,family diner,Food & Restaurant,75201,portadiroma08@yahoo.com,,,portadiroma08@yahoo.com,https://www.facebook.com/515053412319821,https://www.instagram.com/portadiroma_db,Yes,found_homepage
Norma's Cafe,"9100 N Central Expy #151, Dallas, TX 75231",https://normascafe.com,Yes,(214) 361-8646,,59.0,3.0,32.872498,-96.8408495,family diner,Food & Restaurant,75201,,,,,https://www.facebook.com/NormasCafe/,https://www.instagram.com/normascafe/,No,no_contact_found
Mama's Daughters' Diner,"2014 Irving Blvd, Dallas, TX 75207",https://mamasdaughtersdiner.com,Yes,(214) 742-8646,,378.0,3.0,32.7952723,-96.9001884,family diner,Food & Restaurant,75201,,,,,https://www.facebook.com/mamasdaughtersdiner,,No,no_contact_found
The Free Man Cajun Cafe & Lounge,"2630 Commerce St, Dallas, TX 75226",https://freemandallas.com,Yes,,,651.0,3.0,32.7826364,-96.857048,family diner,Food & Restaurant,75201,thefreemandallas@gmail.com,,,thefreemandallas@gmail.com,https://www.facebook.com/100064738204718,https://www.instagram.com/thefreemandallas,Yes,found_homepage
"Crazy Brothers Breakfast, Lunch, and Dinner","2630 Commerce St, Dallas, TX 75226",https://freemandallas.com,Yes,,,651.0,3.0,32.7826364,-96.857048,family diner,Food & Restaurant,75201,thefreemandallas@gmail.com,,,thefreemandallas@gmail.com,https://www.facebook.com/100064738204718,https://www.instagram.com/thefreemandallas,Yes,found_homepage
The Hubcap Cafe,"4636 Ross Ave, Dallas, TX 75204",https://dallas24hourclub.org,Yes,(214) 823-3200,,8.0,1.0,32.7826364,-96.857048,family diner,Food & Restaurant,75201,info@dallas24hourclub.org,,,info@dallas24hourclub.org,https://www.facebook.com/Dallas24HourClub,https://www.instagram.com/d24hourclub/,Yes,found_homepage
Partenope Ristorante,"1903 Main St, Dallas, TX 75201",https://partenopedallas.com,Yes,(214) 463-6222,,38.0,1.0,32.7826364,-96.857048,family diner,Food & Restaurant,75201,ciao@partenopedallas.com,richardson@partenopedallas.com,,ciao@partenopedallas.com | richardson@partenopedallas.com,https://www.facebook.com/partenopedallas,https://www.instagram.com/partenopedallas/,Yes,found_subpage
The Magic Time Machine,"2708 Routh St, Dallas, TX 75201",https://laspalmasdallas.com,Yes,(214) 647-1232,,194.0,2.0,32.7826364,-96.857048,family diner,Food & Restaurant,75201,,,,,,,No,no_contact_found
Mi Cocina,"2006 San Jacinto St #100, Dallas, TX 75201",https://carminespizzadallas.com,Yes,(214) 520-6000,,2.0,99.0,32.7826364,-96.857048,family diner,Food & Restaurant,75201,,,,,https://www.facebook.com/carminespizzadowntown,https://www.instagram.com/carminespizzadowntown/,No,no_contact_found
Ravenna Italian Grille & Bar,"115 S Field St, Dallas, TX 75202",https://ravennadallas.com,Yes,(214) 744-9333,,163.0,1.0,32.7826364,-96.857048,family diner,Food & Restaurant,75201,,,,,https://www.facebook.com/Ravenna-Italian-Grille-Bar-558828070832360/?ref=br_rs,https://www.instagram.com/ravennadallas/channel/,No,no_contact_found
Twisted Trompo,"1701 N Market St #102, Dallas, TX 75202",https://rjmexicancuisine.com,Yes,(214) 744-1420,,258.0,11.0,32.7826364,-96.857048,family diner,Food & Restaurant,75201,rjmexicancuisine@sbcglobal.net,rjmexicandallas@gmail.com,,rjmexicancuisine@sbcglobal.net | rjmexicandallas@gmail.com,,http://instagram.com/rjmexicancuisine,Yes,found_subpage
Derby Restaurant Dallas,"9100 John W. Carpenter Fwy, Dallas, TX 75247",https://derbyrestaurants.com,Yes,(469) 780-9222,,1.0,85.0,32.7826364,-96.857048,family diner,Food & Restaurant,75201,,,,,,,No,no_contact_found
Seor Bean,"411 N Akard St, Dallas, TX 75201",https://salsalimon.com,Yes,(972) 803-4388,,534.0,1.0,32.7826364,-96.857048,family diner,Food & Restaurant,75201,contact@salsalimon.com,feedback@salsalimon.com,,contact@salsalimon.com | feedback@salsalimon.com,https://www.facebook.com/salsalimon/,https://www.instagram.com/salsalimon,Yes,found_homepage
Mexican Sugar,"920 S Harwood St #150, Dallas, TX 75201",https://rexsseafood.com,Yes,(214) 272-9372,,3.0,68.0,32.7826364,-96.857048,family diner,Food & Restaurant,75201,,,,,https://www.facebook.com/1580195052247355,,No,no_contact_found
Pie Tap Pizza + Rotisserie + Bar,"1212 Oak Lawn Ave, Dallas, TX 75207",https://pie-tap.com,Yes,(469) 677-0997,,705.0,2.0,32.7826364,-96.857048,family diner,Food & Restaurant,75201,,,,,,,No,no_contact_found
Centric Bar & Grille,"650 N Pearl St, Dallas, TX 75201",https://marriott.com,Yes,(214) 855-1708,,7.0,4.0,32.7823333,-96.8137931,breakfast diner,Food & Restaurant,75201,,,,,,,No,no_contact_found
Titches Bar and Bistro,"1933 Main St, Dallas, TX 75201",https://ihg.com,Yes,(214) 741-7700,,0.0,2.0,32.7823333,-96.8137931,breakfast diner,Food & Restaurant,75201,,,,,,,No,no_contact_found
Tower Club Dallas,"1601 Elm St 48th Floor, Dallas, TX 75201",https://invitedclubs.com,Yes,(214) 220-0403,,9.0,54.0,32.7823333,-96.8137931,breakfast diner,Food & Restaurant,75201,clubline@invitedclubs.com,,,clubline@invitedclubs.com,https://www.facebook.com/whereyoubelongclubs,https://www.instagram.com/invitedclubs/,Yes,found_subpage
Al Biernat's Oak Lawn,"4217 Oak Lawn Ave, Dallas, TX 75219",https://albiernats.com,Yes,(214) 219-2201,,678.0,2.0,32.7823333,-96.8137931,breakfast diner,Food & Restaurant,75201,,,,,,,No,no_contact_found
Monarch Restaurant,"1401 Elm St 49th Floor, Dallas, TX 75201",https://monarchrestaurants.com,Yes,(214) 945-2222,,722.0,1.0,32.7823333,-96.8137931,breakfast diner,Food & Restaurant,75201,,,,,https://www.facebook.com/monarchrestaurants/,https://www.instagram.com/monarchrestaurants/,No,no_contact_found
Wicked Butcher Dallas,"1401 Elm St 49th Floor, Dallas, TX 75201",https://monarchrestaurants.com,Yes,(214) 945-2222,,722.0,1.0,32.7823333,-96.8137931,breakfast diner,Food & Restaurant,75201,,,,,https://www.facebook.com/monarchrestaurants/,https://www.instagram.com/monarchrestaurants/,No,no_contact_found
Opus,"2301 Flora St # 100, Dallas, TX 75201",https://diningatthemeyerson.com,Yes,(214) 981-2943,,6.0,3.0,32.7823333,-96.8137931,breakfast diner,Food & Restaurant,75201,meyersondining@ciemail.com,meyersonevents@ciemail.com,,meyersondining@ciemail.com | meyersonevents@ciemail.com,,,Yes,found_homepage
Culinaire,"1011 S Pearl Expy #190, Dallas, TX 75201",https://katipthaidallas.com,Yes,(214) 238-2232,,1.0,41.0,32.7823333,-96.8137931,breakfast diner,Food & Restaurant,75201,eat@katipthaidallas.com,,,eat@katipthaidallas.com,https://www.facebook.com/1837961973199537,https://www.instagram.com/katipthaistreetfood,Yes,found_homepage
Little Daisy,"1401 Elm St, Dallas, TX 75202",https://littledaisydallas.com,Yes,(469) 726-4121,,9.0,40.0,32.7812588,-96.8189189,lunch diner,Food & Restaurant,75201,,,,,,https://www.instagram.com/littledaisydallas/,No,no_contact_found
Isabelles,"2575 McKinnon St, Dallas, TX 75201",https://hotelswexan.com,Yes,(469) 405-1911,,4.0,2.0,32.791762,-96.8137408,lunch diner,Food & Restaurant,75201,,,,,,,No,no_contact_found
Good Graces,"3033 Fairmount St, Dallas, TX 75201",https://goodgracesdallas.com,Yes,(972) 433-9344,,2.0,9.0,32.791762,-96.8137408,lunch diner,Food & Restaurant,75201,,,,,https://www.facebook.com/GoodGracesDallas/,http://www.instagram.com/goodgracesdallas/p/DLXkCjfsUdL/,No,no_contact_found
Rattlesnake,"2121 McKinney Ave, Dallas, TX 75201",https://fearingsrestaurant.com,Yes,(214) 922-4848,,1.0,15.0,32.791762,-96.8137408,lunch diner,Food & Restaurant,75201,s@ritzcarlton.com,,,s@ritzcarlton.com,https://www.facebook.com/FearingsRestaurant,https://www.instagram.com/fearingsdallas/,Yes,found_homepage
Wendy Krispin Caterer,"528 S Hall St, Dallas, TX 75226",https://wendykrispincaterer.com,Yes,(214) 748-5559,,5.0,19.0,32.780592,-97.3569973,catering company,Food & Restaurant,75201,info@wendykrispincaterer.com,,,info@wendykrispincaterer.com,https://www.facebook.com/wendy.krispin,https://www.instagram.com/Wendy_Krispin/,Yes,found_subpage
Paramount Fresh Catering Co.,"2723 Elm St, Dallas, TX 75226",https://pfcatering.com,Yes,(214) 884-9070,,0.0,2.0,32.780592,-97.3569973,catering company,Food & Restaurant,75201,,,,,https://www.facebook.com/yourcateringhandle,https://www.instagram.com/yourcateringhandle,No,no_contact_found
Fork and knife catering,"2404 Cedar Springs Rd, Dallas, TX 75201",https://chefsamforkandknife.com,Yes,(972) 880-0709,,,,32.780592,-97.3569973,catering company,Food & Restaurant,75201,,,,,,,No,no_contact_found
Vestals Catering,"1403 Dragon St, Dallas, TX 75207",https://vestalscatering.com,Yes,(972) 803-3806,,3.0,16.0,32.780592,-97.3569973,catering company,Food & Restaurant,75201,,,,,,,No,no_contact_found
Wolfgang Puck Catering - Nasher Sculpture Center,"2001 Flora St, Dallas, TX 75201",https://wolfgangpuckcatering.com,Yes,(972) 787-2082,,0.0,4.0,32.780592,-97.3569973,catering company,Food & Restaurant,75201,,,,,,,No,no_contact_found
Eddie Deen & Company Catering,"1724 Cockrell Ave, Dallas, TX 75215",https://eddiedeen.com,Yes,(888) 535-3336,,7.0,6.0,32.780592,-97.3569973,catering company,Food & Restaurant,75201,stagesetter@eddiedeen.com,,,stagesetter@eddiedeen.com,https://l.facebook.com/l.php?u=https%3A%2F%2Fwww.hralliance.net%2FApply%2FFindPosition.aspx%3FslocationId%3D7680%26sjobId%26search%3DSearch%26fbclid%3DIwZXh0bgNhZW0CMTAAYnJpZBExejRRaHJ3RWw0TnFCYVA1dgEe5rbs9xyOhOIDHZuqq_SbsjDx_aPLtuAmE1D6zuah1uifiktxnfADFJs-o4w_aem_d7gvzCDJIqua6Wng5Nj3MQ&h=AT2yMYxduUV7UYHxsmhg7l6b7XlbU-bRU3DYacUpSGjm57nRx0zw2oohxjVYXfDWGs6ydUr2_BWkIoVIX2U2Dcv-KmYSaPYY4q4qQzXnPLL9f1gQ8iJbDsyvlYp-t6Nysgqa8c4Y2IGMmFU4&__tn__=-UK-R&c[0]=AT1pWOgKPDGWQg70NuVPZ5hqimvLAreUzm6Tf-dNY2gCssNoKU8oc5BIcvJrg_YtipZuhAD9r9FpRsxRvudLkCWFl2ziOQeX9pcf1zbe8_UAY8MV083AFATCeNuXBjloZouigbPh-szC-gNpI7wjAWCMWUmOZsPLZdpcpq7jnN3IWX_3G7FPkx8v352vW1UGxTGv0FLbaa-xUs2U7PTNDbvvbQ,https://www.instagram.com/eddiedeenco.catering,Yes,found_homepage
KCI Hospitality LLC,"4131 N Central Expy Suite 900, Dallas, TX 75204",https://kcihospitality.com,Yes,(469) 342-4863,,2.0,17.0,32.780592,-97.3569973,catering company,Food & Restaurant,75201,,,,,https://www.facebook.com/KingzCateringInc/#,https://www.instagram.com/kcihospitalityllc,No,no_contact_found
Blue Fire Catering,"Dragon St, Dallas, TX 75207",https://bluefirecatering.com,Yes,(214) 699-5097,,7.0,2.0,32.780592,-97.3569973,catering company,Food & Restaurant,75201,,,,,,,No,no_contact_found
Longhorn Catering & Events,"4005 Swiss Ave, Dallas, TX 75204",https://longhorncateringandevents.com,Yes,(972) 913-4808,,9.0,1.0,32.780592,-97.3569973,catering company,Food & Restaurant,75201,info@longhorncateringandevents.com,,,info@longhorncateringandevents.com,,,Yes,found_homepage
Best Bite,"750 North St. Paul Street #213, Dallas, TX 75201",https://bestbitetexas.com,Yes,,,,,32.780592,-97.3569973,catering company,Food & Restaurant,75201,,,,,,,No,no_contact_found
Wolfgang Puck Catering,"2201 N Field St, Dallas, TX 75201",https://wolfgangpuck.com,Yes,(214) 463-2720,,,,32.780592,-97.3569973,catering company,Food & Restaurant,75201,,,,,https://www.facebook.com/wolfgangpuck,https://www.instagram.com/wolfgangpuck/,No,no_contact_found
Lush Catering Company,"6211 Owens St UNIT 120, Dallas, TX 75235",https://lushcatering.co,Yes,(972) 432-5403,,2.0,3.0,32.780592,-97.3569973,catering company,Food & Restaurant,75201,,,,,,,No,no_contact_found
Cohost Events,"3150 Iron Ridge St, Dallas, TX 75247",https://cohost.events,Yes,(214) 775-0822,,9.0,2.0,32.780592,-97.3569973,catering company,Food & Restaurant,75201,,,,,,https://www.instagram.com/cohostevents/,No,no_contact_found
The Room on Main,"2030 Main St 6th floor, Dallas, TX 75201",https://theroomonmain.com,Yes,(214) 742-1526,,7.0,15.0,32.780592,-97.3569973,catering company,Food & Restaurant,75201,info@theroomonmain.com,,,info@theroomonmain.com,https://www.facebook.com/TheRoomonMain,https://www.instagram.com/theroomonmain/,Yes,found_homepage
Freshella Catering Dallas,"7145 John W. Carpenter Fwy suite a, Dallas, TX 75247",https://freshella.com,Yes,(214) 905-6060,,7.0,7.0,32.780592,-97.3569973,catering company,Food & Restaurant,75201,,,,,,,No,no_contact_found
G Texas Catering | Dallas Fort Worth Catering,"10319 Finnell St, Dallas, TX 75220",https://gtexascatering.com,Yes,(214) 421-0774,,0.0,4.0,32.780592,-97.3569973,catering company,Food & Restaurant,75201,info@gtexascatering.com,,,info@gtexascatering.com,https://www.facebook.com/gtxcatering/,https://www.instagram.com/gtexascatering/,Yes,found_subpage
Chef Kristen Catering Services LLC,"2156 W Northwest Hwy #312, Dallas, TX 75220",https://thechefkristen.com,Yes,(214) 802-4333,,3.0,1.0,32.780592,-97.3569973,catering company,Food & Restaurant,75201,,,,,http://www.facebook.com/TheChefKristen,http://instagram.com/chef.kristen,No,no_contact_found
Savory Catering,"5855 Maple Ave, Dallas, TX 75235",https://savory-catering.com,Yes,(844) 358-5855,,1.0,1.0,32.780592,-97.3569973,catering company,Food & Restaurant,75201,info@calwink.com,,,info@calwink.com,https://www.facebook.com/savorycateringdallas/,https://www.instagram.com/savorycateringdallas/,Yes,found_homepage
Southern Gentlemen catering,"2251 Crown Rd, Dallas, TX 75229",https://sgdfw.com,Yes,(214) 710-1443,,0.0,9.0,32.780592,-97.3569973,catering company,Food & Restaurant,75201,jonathan@sgdfw.com,,,jonathan@sgdfw.com,https://www.facebook.com/profile.php?id=61550748268106,https://www.instagram.com/southerngentdfw,Yes,found_homepage
Food Glorious Food,"8303 Elmbrook Dr, Dallas, TX 75247",https://fgfcatering.com,Yes,(214) 368-8619,,7.0,4.0,32.780592,-97.3569973,catering company,Food & Restaurant,75201,hellofgf@ciemail.com,,,hellofgf@ciemail.com,https://www.facebook.com/fgfcateringtx/,https://www.instagram.com/fgfcatering/,Yes,found_homepage
Diwa Kitchen Co.,"2017 S Ervay St, Dallas, TX 75215",https://diwakitchen.com,Yes,(972) 757-9594,,,,32.780592,-97.3569973,catering company,Food & Restaurant,75201,info@diwakitchen.com,,,info@diwakitchen.com,https://www.facebook.com/diwakitchen,https://www.instagram.com/diwakitchen/?hl=en,Yes,found_homepage
LuxeGiving LLC,"603 Munger Ave #100, Dallas, TX 75202",https://luxegivingllc.com,Yes,(301) 337-8472,,,,32.780592,-97.3569973,catering company,Food & Restaurant,75201,,,,,https://www.facebook.com/LuxeGiving/,https://www.instagram.com/luxegivingllc/,No,no_contact_found
Brain Food Dallas,"1409 Botham Jean Blvd, Dallas, TX 75215",https://brainfooddallas.com,Yes,(214) 494-0795,,6.0,6.0,32.780592,-97.3569973,catering company,Food & Restaurant,75201,steddy@brainfooddallas.com,,,steddy@brainfooddallas.com,,,Yes,found_homepage
Aguas Chicas DFW,"920 S Harwood St, Dallas, TX 75201",https://linktr.ee,Yes,,,4.0,1.0,32.780592,-97.3569973,catering company,Food & Restaurant,75201,,,,,,https://www.instagram.com/linktr.ee/,No,no_contact_found
Culinary Art Catering,"4241 Sigma Rd suite a, Dallas, TX 75244",https://culinaryartcatering.com,Yes,(972) 744-0660,,0.0,5.0,32.780592,-97.3569973,catering company,Food & Restaurant,75201,info@culinaryartcatering.com,,,info@culinaryartcatering.com,,https://www.instagram.com/culinaryart1/,Yes,found_homepage
Miss Peaches | World Famous Peach Cobbler | Made To Order Service,"1743 Arts Plz, Dallas, TX 75201",https://misspeachesonline.com,Yes,(214) 549-1737,,0.0,7.0,32.780592,-97.3569973,catering company,Food & Restaurant,75201,info@misspeachesonline.com,,,info@misspeachesonline.com,https://www.facebook.com/theofficialmisspeaches/,https://www.instagram.com/theofficialmisspeaches/,Yes,found_homepage
Carpe diem Kitchen & Cocktails,"214 N Akard St, Dallas, TX 75201",https://carpekitchenandcocktails.com,Yes,(469) 235-1904,,0.0,15.0,32.780592,-97.3569973,catering company,Food & Restaurant,75201,,,,,,,No,no_contact_found
The Venue at 400 North Ervay,"400 N Ervay St, Dallas, TX 75201",https://boxwoodhospitality.com,Yes,(817) 617-7400,,3.0,3.0,32.780592,-97.3569973,catering company,Food & Restaurant,75201,,,,,,,No,no_contact_found
Yombu Dallas,"750 North St. Paul Street Ste 250, Dallas, TX 75201",https://yombu.com,Yes,(469) 564-5545,,0.0,1.0,32.780592,-97.3569973,catering company,Food & Restaurant,75201,,,,,,,No,no_contact_found
Wolfgang Puck Catering,"8303 Elmbrook Dr, Dallas, TX 75247",https://wolfgangpuck.com,Yes,(214) 974-9598,,,,32.780592,-97.3569973,catering company,Food & Restaurant,75201,,,,,https://www.facebook.com/wolfgangpuck,https://www.instagram.com/wolfgangpuck/,No,no_contact_found
The Artisan Rooftop Terrace,"2330 Flora St #200, Dallas, TX 75201",https://theartisandallas.com,Yes,(214) 421-0774,,,,32.780592,-97.3569973,catering company,Food & Restaurant,75201,info@theartisandallas.com,,,info@theartisandallas.com,https://www.facebook.com/TheArtisanDallas/?ref=br_rs,https://www.instagram.com/theartisandallas/,Yes,found_homepage
A La Carte Catering & Cakes,"2750 Northaven Rd Suite 304, Dallas, TX 75229",https://alacartedallas.com,Yes,(972) 488-2245,,5.0,3.0,32.780592,-97.3569973,catering company,Food & Restaurant,75201,alc@alacartedallas.com,,,alc@alacartedallas.com,https://www.facebook.com/ALaCarteCateringDallas,https://www.instagram.com/alc_catering/,Yes,found_subpage
Heart To Heart Catering & Events,"4252 Spring Valley Rd, Farmers Branch, TX 75244",https://hearttoheartcatering.com,Yes,(972) 327-3111,,5.0,8.0,32.780592,-97.3569973,catering company,Food & Restaurant,75201,mark@hearttoheartcatering.com,info@hearttoheartcatering.com,,mark@hearttoheartcatering.com | info@hearttoheartcatering.com,https://www.facebook.com/hearttoheartcateringdallas/,https://www.instagram.com/hearttoheartcatering/,Yes,found_homepage
Sophisticated Delights Contemporary Catering- Dfw,"1409 S Lamar St suite 211, Dallas, TX 75215",https://sophisticateddelights.com,Yes,(713) 515-5021,,0.0,1.0,32.780592,-97.0686062,catering service,Food & Restaurant,75201,info@sophisticateddelights.com,,,info@sophisticateddelights.com,http://www.facebook.com/sophisticateddelights,https://instagram.com/sophisticateddelights,Yes,found_subpage
YOUR CHEF DRE,"200 W Commerce St Suite 103, Dallas, TX 75208",https://yourchefdre.com,Yes,(469) 607-4174,,0.0,12.0,32.780592,-97.0686062,catering service,Food & Restaurant,75201,,,,,https://www.facebook.com/yourchefdre,https://www.instagram.com/yourchefdre/,No,no_contact_found
Catering by Chef Richard,"3603 Ross Ave, Dallas, TX 75204",https://cateringbychefrichard.com,Yes,(972) 704-8100,,,,32.7894973,-97.090248,catering service,Food & Restaurant,75201,,,,,,,No,no_contact_found
Vestals Fresh,"1403 Dragon St Suite 1, Dallas, TX 75207",https://vestalsfresh.com,Yes,(972) 803-3806,,,,32.780592,-97.0686062,event catering,Food & Restaurant,75201,dfw@vestalscatering.com,,,dfw@vestalscatering.com,,https://www.instagram.com/vestalsfresh/,Yes,found_homepage
Level Two Events,"1250 Slocum St, Dallas, TX 75207",https://leveltwoevents.com,Yes,(214) 674-0976,,4.0,10.0,32.794949,-97.0882342,event catering,Food & Restaurant,75201,jim@leveltwoevents.com,,,jim@leveltwoevents.com,,http://instagram.com/leveltwo.events,Yes,found_homepage
Howell and Dragon,"1130 Dragon St # 120, Dallas, TX 75207",https://howellanddragon.com,Yes,(214) 926-0019,,5.0,8.0,32.794949,-97.0882342,event catering,Food & Restaurant,75201,info@howellanddragon.com,,,info@howellanddragon.com,https://www.facebook.com/Howell-and-Dragon/,https://www.instagram.com/howellanddragon/,Yes,found_homepage
House 1801,"1801 Laws St, Dallas, TX 75202",https://house1801.com,Yes,(469) 274-6121,,,,32.794949,-97.0882342,event catering,Food & Restaurant,75201,info@house1801.com,,,info@house1801.com,https://www.facebook.com/profile.php?id=61569286565567#,https://www.instagram.com/house1801,Yes,found_homepage
The Hall on Dragon,"1500 Dragon Street, Suites C & D, Dallas, TX 75207",https://thehallondragon.com,Yes,(214) 384-0098,,7.0,12.0,32.794949,-97.0882342,event catering,Food & Restaurant,75201,info@thehallondragon.com,,,info@thehallondragon.com,https://www.facebook.com/thehallondragon,https://scontent.cdninstagram.com/v/t51.82787-15/584967445_18355145287166159_7079558655302344023_n.jpg?stp=dst-jpg_e35_tt6&_nc_cat=106&ccb=7-5&_nc_sid=18de74&efg=eyJlZmdfdGFnIjoiQ0FST1VTRUxfSVRFTS5iZXN0X2ltYWdlX3VybGdlbi5DMyJ9&_nc_ohc=KwA54WCppVAQ7kNvwHbIzyK&_nc_oc=Adlbl0kiLl-gNCvyIHo2sGPoHR4v_7EWWmMeDI36YQutNVa7jtbMbQ1EVSF-PA7_3Ek&_nc_zt=23&_nc_ht=scontent.cdninstagram.com&edm=AM6HXa8EAAAA&_nc_gid=vSDDEnXTYM88WTsZEWr29g&oh=00_AfmcuLswAkJCeWkolFeh7d2ySH0AWL1JO1G9DTGO5nuuCw&oe=693F555E,Yes,found_homepage
Feast Events & Catering,"14841 Dallas Pkwy Suite 145, Dallas, TX 75254",https://feasteventscatering.com,Yes,(469) 405-1800,,7.0,1.0,32.794949,-97.0882342,event catering,Food & Restaurant,75201,info@feasteventsdfw.com,,,info@feasteventsdfw.com,https://www.facebook.com/109940594772701,https://www.instagram.com/feasteventsdfw,Yes,found_homepage
Arlington Hall at Turtle Creek Park,"3333 Turtle Creek Blvd, Dallas, TX 75219",https://arlingtonhallatturtlecreekpark.com,Yes,(214) 520-0977,,3.0,15.0,32.794949,-97.0882342,event catering,Food & Restaurant,75201,,,,,,,No,no_contact_found
Autumns Place Restaurant and Catering - Dallas,"3626 North Hall Street (Two, Suite 610, Dallas, TX 75219",https://aprestaurantandcatering.com,Yes,(469) 421-8176,,,,32.794949,-97.0882342,event catering,Food & Restaurant,75201,,,,,,,No,no_contact_found
Rosy's Catering,"2422 W Kiest Blvd, Dallas, TX 75233",https://mydallasquinceanera.com,Yes,(972) 672-5815,,4.0,5.0,32.794949,-97.0882342,event catering,Food & Restaurant,75201,,,,,https://www.facebook.com/mydallasquinceanera,https://www.instagram.com/dallasquinceanera/,No,no_contact_found
Marie Gabrielle Restaurant and Gardens,"2728 N Harwood St, Dallas, TX 75201",https://marie-gabrielle.com,Yes,(214) 871-2097,,5.0,16.0,32.794949,-97.0882342,event catering,Food & Restaurant,75201,catering@harwoodhospitality.com,,,catering@harwoodhospitality.com,https://www.facebook.com/mariegabriellerestaurantandgardens,https://www.instagram.com/mariegabrielle_/,Yes,found_homepage
Guthrie's Catering,"11411 N Central Expy STE M, Dallas, TX 75243",https://guthriescatering.com,Yes,(214) 208-9281,,1.0,1.0,32.794949,-97.0882342,event catering,Food & Restaurant,75201,ben@guthriescatering.com,orders@guthriescatering.com,,ben@guthriescatering.com | orders@guthriescatering.com,,https://www.instagram.com/guthriescatering/,Yes,found_homepage
The Crown Room,"300 Reunion Blvd E, Dallas, TX 75207",https://crownblockdallas.com,Yes,(214) 321-3149,,,,32.794949,-97.0882342,event catering,Food & Restaurant,75201,,,,,https://www.facebook.com/crownblockdallas/,https://www.instagram.com/crownblockdallas/,No,no_contact_found
"Just In Case Catering, LLC","2156 W Northwest Hwy #312, Dallas, TX 75220",https://justincasecatering.com,Yes,(682) 334-2206,,1.0,2.0,32.794949,-97.0882342,event catering,Food & Restaurant,75201,filler@godaddy.com,,,filler@godaddy.com,https://www.facebook.com/2016846291882321,https://www.instagram.com/justincasecateringllc,Yes,found_homepage
Knight Sky Dallas,"2525 Knight St Suite 500, Dallas, TX 75219",https://knightskydallas.com,Yes,,,0.0,1.0,32.7735782,-97.1526303,wedding catering,Food & Restaurant,75201,jess@jlshospitality.com,,,jess@jlshospitality.com,,,Yes,found_homepage
Krimson Park,"208 N Market St # 300, Dallas, TX 75202",https://krimsonpark.com,Yes,(214) 929-6326,,5.0,2.0,32.7735782,-97.1526303,wedding catering,Food & Restaurant,75201,booking@krimsonpark.com,,,booking@krimsonpark.com,https://www.facebook.com/people/Krimson-Park/61573133068492/,https://www.instagram.com/krimsonparkevents,Yes,found_subpage
Mata Hari House,"154 Leslie St, Dallas, TX 75207",https://mataharihouse.com,Yes,(214) 674-6636,,0.0,9.0,32.7735782,-97.1526303,wedding catering,Food & Restaurant,75201,collette@mataharihouse.com,booking@mataharihouse.com,,collette@mataharihouse.com | booking@mataharihouse.com,https://www.facebook.com/MataHariHouseDallas,https://www.instagram.com/mata.hari.house/,Yes,found_homepage
Crystal Frasier Weddings,"2510 Boll St, Dallas, TX 75204",https://crystalfrasier.com,Yes,(972) 342-7960,,,,32.7735782,-97.1526303,wedding catering,Food & Restaurant,75201,crystal@crystalfrasier.com,,,crystal@crystalfrasier.com,https://www.facebook.com/crystalfrasierweddings,https://www.instagram.com/crystalfrasierweddings/,Yes,found_homepage
Union Station Dallas,"401-499 S Houston St, Dallas, TX 75202",https://unionstationdallas.com,Yes,(214) 712-7210,,5.0,9.0,32.7430719,-97.2519861,wedding catering,Food & Restaurant,75201,,,,,https://www.facebook.com/unionstationdallas,https://www.instagram.com/unionstationdallas/,No,no_contact_found
Beyond the Box Weddings,"2544 W Commerce St b, Dallas, TX 75212",https://btbweddings.com,Yes,(469) 687-2889,,4.0,1.0,32.7430719,-97.2519861,wedding catering,Food & Restaurant,75201,,,,,//facebook.com/beyondtheboxcatering,https://www.instagram.com/beyondthebox_catering/,No,no_contact_found
Brake & Clutch Warehouse,"3601 Main St #120, Dallas, TX 75226",https://brakeandclutchwarehouse.com,Yes,,,2.0,11.0,32.7430719,-97.2519861,wedding catering,Food & Restaurant,75201,info@brakeandclutchwarehouse.com,,,info@brakeandclutchwarehouse.com,https://www.facebook.com/brakeandclutchwarehouse,https://www.instagram.com/brakeandclutchwarehouse,Yes,found_subpage
Posh Couture Rentals,"101 Cole St, Dallas, TX 75207",https://poshcouturerentals.com,Yes,(972) 818-3200,,5.0,4.0,32.7430719,-97.2519861,wedding catering,Food & Restaurant,75201,info@poshcouturerentals.com,,,info@poshcouturerentals.com,https://www.facebook.com/poshcouturerentals,https://www.instagram.com/poshcouturerentals,Yes,found_homepage
Texas Catering,"13605 Midway Rd Ste 120, Farmers Branch, TX 75244",https://texascatering.com,Yes,(214) 351-6000,,5.0,3.0,32.7430719,-97.2519861,wedding catering,Food & Restaurant,75201,,,,,https://www.facebook.com/TexasCateringDallas/,,No,no_contact_found
Preston Hollow Caterers,"3300 W Mockingbird Ln, Dallas, TX 75205",https://prestonhollowcatering.com,Yes,(214) 739-0350,,5.0,1.0,32.7430719,-97.2519861,wedding catering,Food & Restaurant,75201,catering@phcatering.net,,,catering@phcatering.net,,,Yes,found_homepage
Hickory Street Annex,"501 S Second Ave B-200, Dallas, TX 75226",https://hickorystreetannex.com,Yes,(214) 558-4315,,8.0,15.0,32.7430719,-97.2519861,wedding catering,Food & Restaurant,75201,michelle@hickorystreetannex.com,,,michelle@hickorystreetannex.com,https://www.facebook.com/hickorystreetannexdallas,https://www.instagram.com/hickorystreetannex/,Yes,found_homepage
The Carlisle Room,"1990 Jackson St, Dallas, TX 75201",https://thecarlisleroom.com,Yes,(972) 897-4677,,6.0,11.0,32.7430719,-97.2519861,wedding catering,Food & Restaurant,75201,,,,,https://www.facebook.com/thecarlisleroom/,https://www.instagram.com/thecarlisleroom_dallas/,No,no_contact_found
2616 Commerce Event Center,"2616 Commerce St, Dallas, TX 75226",https://2616commerce.com,Yes,(214) 748-5567,,5.0,15.0,32.7430719,-97.2519861,wedding catering,Food & Restaurant,75201,lisa@2616commerce.com,joan@2616commerce.com,isa@2616commerce.com,lisa@2616commerce.com | joan@2616commerce.com | isa@2616commerce.com,https://facebook.com/2616CommerceEventsCenter/,https://instagram.com/2616commerceeventscenter/,Yes,found_homepage
Thornhill Catering,"4315 Action St, Garland, TX 75042",https://thornhillcatering.com,Yes,(972) 401-3336,,3.0,9.0,32.7430719,-97.2519861,wedding catering,Food & Restaurant,75201,,,,,,,No,no_contact_found
Awesome Catering DFW,"4315 Action St, Garland, TX 75042",https://thornhillcatering.com,Yes,(972) 401-3336,,3.0,9.0,32.7430719,-97.2519861,wedding catering,Food & Restaurant,75201,,,,,,,No,no_contact_found
Village Baking Co. - Oak Lawn,"3218 Oak Lawn Ave, Dallas, TX 75219",https://villagebakingco.com,Yes,(214) 833-3020,,6.0,23.0,32.8099114,-96.8438332,bakery,Food & Restaurant,75201,,,,,https://www.facebook.com/villagebakingcompany/,https://www.instagram.com/villagebake/?ref=badge,No,no_contact_found
Whole Foods Bakery,"2510 McKinney Ave, Dallas, TX 75201",https://wholefoodsmarket.com,Yes,(469) 945-7997,,,,32.8099114,-96.8438332,bakery,Food & Restaurant,75201,,,,,https://www.facebook.com/wholefoodsUK/,https://www.instagram.com/wholefoodsuk/,No,no_contact_found
La 57,"920 S Harwood St #198, Dallas, TX 75201",https://la-57.com,Yes,(945) 275-1256,,4.0,8.0,32.7773124,-96.8264271,bakery,Food & Restaurant,75201,info@la-57.com,,,info@la-57.com,https://www.facebook.com/532284324226184,https://www.instagram.com/la57ennis,Yes,found_homepage
Fluellen Cupcakes,"1408 Elm St, Dallas, TX 75202",https://fluellencupcakes.com,Yes,(469) 248-0856,,3.0,64.0,32.7773124,-96.8264271,bakery,Food & Restaurant,75201,,,,,https://www.facebook.com/FluellenCupcakes/,https://www.instagram.com/fluellencupcakes/?hl=en,No,no_contact_found
Chelles Macarons,"920 S Harwood St #191, Dallas, TX 75201",https://chellesmacarons.com,Yes,(972) 638-0837,,3.0,5.0,32.8021821,-96.8359696,bakery,Food & Restaurant,75201,info@chellesmacarons.com,,,info@chellesmacarons.com,https://www.facebook.com/chellesmacarons?ref=aymt_homepage_panel,https://www.instagram.com/p/B3gAsl9nBsu/,Yes,found_homepage
Snap Bakeshop,"1430 Dragon St Unit 1 Building 2, Dallas, TX 75207",https://snapbakeshop.com,Yes,(214) 916-9481,,3.0,5.0,32.791263,-96.8544939,bakery,Food & Restaurant,75201,snapbakeshop@gmail.com,,,snapbakeshop@gmail.com,https://www.facebook.com/snapbakeshop,https://www.instagram.com/snapbakeshop,Yes,found_homepage
Empire Baking Co. - West Village,"3700 McKinney Ave #150, Dallas, TX 75204",https://empirebaking.com,Yes,(214) 308-7300,,5.0,2.0,32.8078087,-96.8321778,bakery,Food & Restaurant,75201,jose@empirebaking.com,myra@empirebaking.com,meaders@empirebaking.com,jose@empirebaking.com | myra@empirebaking.com | meaders@empirebaking.com | oz@empirebaking.com,https://www.facebook.com/EmpireBakingCompany/,https://www.instagram.com/empirebakingco,Yes,found_subpage
D's Sourdough,"Farmers Market Open Air Shed, 1010 S Pearl St, Dallas, TX 75201",https://dsbreads.com,Yes,(972) 348-0706,,0.0,2.0,32.7776117,-96.8248714,bakery,Food & Restaurant,75201,debra@dsbreads.com,,,debra@dsbreads.com,https://www.facebook.com/DsSourdough/,https://www.instagram.com/dssourdough/,Yes,found_homepage
Cake4One,"1807 E Levee St, Dallas, TX 75207",https://cake4one.com,Yes,(214) 310-1320,,1.0,24.0,32.7906051,-96.8629508,bakery,Food & Restaurant,75201,,,,,,,No,no_contact_found
Emporium Pies,"1807 E Levee St, Dallas, TX 75207",https://cake4one.com,Yes,(214) 310-1320,,1.0,24.0,32.7906051,-96.8629508,bakery,Food & Restaurant,75201,,,,,,,No,no_contact_found
Val's Cheesecakes,"1112 S Akard St, Dallas, TX 75215",https://valsbluelabel.com,Yes,(214) 468-4203,,3.0,42.0,32.7721328,-96.8302263,bakery,Food & Restaurant,75201,,,,,https://www.facebook.com/valscheesecakes,https://www.instagram.com/valscheesecakes/,No,no_contact_found
Zaguan Latin Caf & Bakery,"Zaguan Latin Cafe & Bakery, 2604 Oak Lawn Ave, Dallas, TX 75219",https://zaguan.com,Yes,(214) 219-8393,,135.0,2.0,32.8045201,-96.8355306,bakery,Food & Restaurant,75201,,,,,,,No,no_contact_found
Kessler Baking Studio Bishop Arts,"1129 N Beckley Ave, Dallas, TX 75203",https://kesslerbakingstudio.com,Yes,(214) 948-7412,,4.0,73.0,32.8045201,-96.8355306,bakery,Food & Restaurant,75201,,,,,,,No,no_contact_found
Insomnia Cookies,"2656 Main St, Dallas, TX 75226",https://insomniacookies.com,Yes,(469) 789-2645,,2.0,44.0,32.8045201,-96.8355306,bakery,Food & Restaurant,75201,,,,,,,No,no_contact_found
Insomnia Cookies,"2422 Victory Park Ln #100, Dallas, TX 75219",https://insomniacookies.com,Yes,(469) 839-6227,,3.0,35.0,32.8045201,-96.8355306,bakery,Food & Restaurant,75201,,,,,,,No,no_contact_found
Bakewell House,"2932 Main St Suite 103, Dallas, TX 75226",https://lebontempsbeignets.com,Yes,(214) 444-3215,,1.0,75.0,32.8045201,-96.8355306,bakery,Food & Restaurant,75201,sales@lebontempsbeignets.com,,,sales@lebontempsbeignets.com,,https://www.instagram.com/lebontempsbeignets/,Yes,found_homepage
Leila Bakery & Cafe,"6041 Oram St, Dallas, TX 75206",https://leilabakery.com,Yes,(972) 807-6297,,4.0,25.0,32.8045201,-96.8355306,bakery,Food & Restaurant,75201,info@leilabakery.com,,,info@leilabakery.com,https://www.facebook.com/leilabakerycafe?mibextid=wwXIfr&mibextid=wwXIfr,https://www.instagram.com/leilabakerycafe,Yes,found_homepage
Empire Baking Co.,"5614 E University Blvd, Dallas, TX 75206",https://empirebaking.com,Yes,(214) 308-7025,,6.0,6.0,32.8045201,-96.8355306,bakery,Food & Restaurant,75201,jose@empirebaking.com,myra@empirebaking.com,meaders@empirebaking.com,jose@empirebaking.com | myra@empirebaking.com | meaders@empirebaking.com | oz@empirebaking.com,https://www.facebook.com/EmpireBakingCompany/,https://www.instagram.com/empirebakingco,Yes,found_subpage
Great One Cookie Company,"1025 N Stemmons Fwy Suite 600, Dallas, TX 75207",https://greatonecookies.com,Yes,(214) 219-3111,,5.0,7.0,32.8045201,-96.8355306,bakery,Food & Restaurant,75201,order@greatonecookies.com,,,order@greatonecookies.com,https://www.facebook.com/GreatOneCookieCompany,https://www.instagram.com/greatonecookies/,Yes,found_homepage
Nothing Bundt Cakes,"4264 Oak Lawn Ave, Dallas, TX 75219",https://nothingbundtcakes.com,Yes,(214) 485-6006,,6.0,11.0,32.8045201,-96.8355306,bakery,Food & Restaurant,75201,,,,,,,No,no_contact_found
Sugar & Sage Bakery,"4314 Lovers Ln, Dallas, TX 75225",https://sugarandsagebakery.com,Yes,(469) 759-6697,,2.0,41.0,32.8045201,-96.8355306,bakery,Food & Restaurant,75201,,,,,,,No,no_contact_found
Mom's Buns Bakery,"1025 N Stemmons Fwy Suite 600, Dallas, TX 75207",https://momsbunsbakery.com,Yes,,,,,32.8045201,-96.8355306,bakery,Food & Restaurant,75201,,,,,http://www.facebook.com/momsbunsbakery,http://instagram.com/momsbunsbakery,No,no_contact_found
Lubellas patisserie LLC,"10323 Ferguson Rd, Dallas, TX 75228",https://lubellaspatisserie.com,Yes,(469) 978-1801,,0.0,61.0,32.8045201,-96.8355306,bakery,Food & Restaurant,75201,info@lubellaspatisserie.com,,,info@lubellaspatisserie.com,https://www.facebook.com/100071934936029,https://www.instagram.com/lubellaspatisserie,Yes,found_homepage
Elena's Cakes,"10323 Ferguson Rd, Dallas, TX 75228",https://lubellaspatisserie.com,Yes,(469) 978-1801,,0.0,61.0,32.8045201,-96.8355306,bakery,Food & Restaurant,75201,info@lubellaspatisserie.com,,,info@lubellaspatisserie.com,https://www.facebook.com/100071934936029,https://www.instagram.com/lubellaspatisserie,Yes,found_homepage
SugarTease,"2434 Ellis St, Dallas, TX 75204",https://sugartease.net,Yes,(214) 334-4814,,,,32.8045201,-96.8355306,bakery,Food & Restaurant,75201,,,,,,,No,no_contact_found
Wilder Sweets,"902 S Harwood St, Dallas, TX 75201",https://wildersweets.com,Yes,,,1.0,5.0,32.8045201,-96.8355306,bakery,Food & Restaurant,75201,,,,,,,No,no_contact_found
Former Mrs. Baird's Bakery,"1401 N Carroll Ave, Dallas, TX 75204",https://nps.gov,Yes,,,,,32.8045201,-96.8355306,bakery,Food & Restaurant,75201,,,,,https://www.facebook.com/nationalparkservice,https://www.instagram.com/nationalparkservice,No,no_contact_found
Urban Donut & Coffee,"2805 Allen St #119, Dallas, TX 75204",https://urbandonut.com,Yes,(469) 444-1302,,5.0,37.0,32.7808801,-96.8762,donut shop,Food & Restaurant,75201,,,,,,,No,no_contact_found
Donuts Deli,"2406 N Haskell Ave., Dallas, TX 75204",https://ginghisdonutsdeli.com,Yes,(214) 913-4122,,6.0,15.0,32.7808801,-96.8762,donut shop,Food & Restaurant,75201,,,,,,,No,no_contact_found
Corner Donuts,"2825 Live Oak St, Dallas, TX 75204",https://facebook.com,Yes,(214) 515-9044,,5.0,17.0,32.7808801,-96.8762,donut shop,Food & Restaurant,75201,,,,,,,No,no_contact_found
Cavalier Donuts & Coffee,"111 Continental Ave Ste 200, Dallas, TX 75207",https://royalcavalierbakery.square.site,Yes,(214) 760-2494,,5.0,3.0,32.7808801,-96.8762,donut shop,Food & Restaurant,75201,,,,,,,No,no_contact_found
La Rue Doughnut,"3011 Gulden Ln #117, Dallas, TX 75212",https://laruedoughnuts.com,Yes,(945) 278-6598,,2.0,29.0,32.7808801,-96.8762,donut shop,Food & Restaurant,75201,,,,,,https://www.instagram.com/larue_doughnuts/?hl=en,No,no_contact_found
Voodoo Doughnut,"1806 Greenville Ave Suite 120, Dallas, TX 75206",https://voodoodoughnut.com,Yes,(945) 666-0121,,1.0,53.0,32.7808801,-96.8762,donut shop,Food & Restaurant,75201,,,,,,,No,no_contact_found
The Salty Donut,"414 W Davis St, Dallas, TX 75208",https://saltydonut.com,Yes,(972) 707-9889,,63.0,1.0,32.7808801,-96.8762,donut shop,Food & Restaurant,75201,donuts@saltydonut.com,social@saltydonut.com,,donuts@saltydonut.com | social@saltydonut.com,https://www.facebook.com/TheSaltyDonut/,https://www.instagram.com/thesaltydonut/,Yes,found_subpage
Lone Star Donuts & Tacos,"1727 N Beckley Ave, Dallas, TX 75203",https://lsdonutsandtacos.com,Yes,(214) 238-7023,,8.0,29.0,32.7808801,-96.8762,donut shop,Food & Restaurant,75201,,,,,,,No,no_contact_found
Haute Sweets Patisserie - Lake Highlands,"10230 E NW Hwy, Dallas, TX 75238",https://hautesweetspatisserie.com,Yes,(214) 856-0166,,8.0,15.0,32.7776117,-96.8248714,pastry shop,General,75201,,,,,,https://instagram.com/HauteSweetsPatisserie/,No,no_contact_found
Paris Baguette,"6041 Oram St, Dallas, TX 75206",https://leilabakery.com,Yes,(972) 807-6297,,4.0,25.0,32.7776117,-96.8248714,pastry shop,General,75201,info@leilabakery.com,,,info@leilabakery.com,https://www.facebook.com/leilabakerycafe?mibextid=wwXIfr&mibextid=wwXIfr,https://www.instagram.com/leilabakerycafe,Yes,found_homepage
Moe's Delights,"2839 S Ervay St, Dallas, TX 75215",https://moesdelights.com,Yes,(214) 699-7713,,0.0,4.0,32.7776117,-96.8248714,pastry shop,General,75201,,,,,,,No,no_contact_found
SofieCakes,"1511 Commerce St, Dallas, TX 75201",https://ahhweekend.com,Yes,(214) 261-4545,,7.0,40.0,32.7776117,-96.8248714,pastry shop,General,75201,,,,,https://www.facebook.com/TheJouleHotel/,https://www.instagram.com/weekendcoffee/,No,no_contact_found
Oma Bakery,"2545 Valley View Ln, Farmers Branch, TX 75234",https://omabakerydallas.com,Yes,(469) 609-7143,,0.0,17.0,32.7776117,-96.8248714,pastry shop,General,75201,laomabakery@gmail.com,,,laomabakery@gmail.com,https://www.facebook.com/OmaBakeryDallas,https://www.instagram.com/omabakerydallas,Yes,found_homepage
Cake Bar,"2629 N Stemmons Fwy Suite101, Dallas, TX 75207",https://cakebardallas.com,Yes,(214) 272-8259,,546.0,1.0,32.7776117,-96.8248714,pastry shop,General,75201,orders@cakebardallas.com,,,orders@cakebardallas.com,,,Yes,found_homepage
The Spun Cow Creamery,"211 S Akard St STE #101, Dallas, TX 75202",https://thespuncow.com,Yes,(256) 374-2990,,2.0,41.0,32.7792171,-96.8358913,dessert shop,Food & Restaurant,75201,info@thespuncow.com,,,info@thespuncow.com,https://www.facebook.com/wix,https://www.instagram.com/wix,Yes,found_homepage
The Peach Cobbler Factory,"2049 N Pearl St, Dallas, TX 75201",https://saltydonut.com,Yes,(469) 530-9639,,9.0,12.0,32.7792171,-96.8358913,dessert shop,Food & Restaurant,75201,donuts@saltydonut.com,social@saltydonut.com,,donuts@saltydonut.com | social@saltydonut.com,https://www.facebook.com/TheSaltyDonut/,https://www.instagram.com/thesaltydonut/,Yes,found_subpage
Van Leeuwen Ice Cream,"2649 Main St, Dallas, TX 75226",https://vanleeuwenicecream.com,Yes,(212) 377-7183,,1.0,21.0,32.7792171,-96.8358913,dessert shop,Food & Restaurant,75201,,,,,,,No,no_contact_found
Van Leeuwen Ice Cream,"3699 McKinney Ave #101B, Dallas, TX 75204",https://vanleeuwenicecream.com,Yes,(972) 982-0232,,6.0,76.0,32.807852,-96.8341969,dessert shop,Food & Restaurant,75201,,,,,,,No,no_contact_found
Cream & Crepes Cafe,"3858 Oak Lawn Ave #405, Dallas, TX 75219",https://creamandcrepescafe.com,Yes,(214) 200-3775,,7.0,12.0,32.807852,-96.8341969,dessert shop,Food & Restaurant,75201,,,,,,,No,no_contact_found
Jeni's Splendid Ice Creams,"2422 Victory Park Ln #100, Dallas, TX 75219",https://jenis.com,Yes,(972) 597-8098,,8.0,8.0,32.7882988,-96.8452493,dessert shop,Food & Restaurant,75201,contact@jenis.com,events@jenis.com,catering@jenis.com,contact@jenis.com | events@jenis.com | catering@jenis.com | press@jenis.com,https://www.facebook.com/JenisIceCreams/,https://www.instagram.com/jenisicecreams/?hl=en,Yes,found_subpage
Dessert Lab,"4520 Frankford Rd #1000, Dallas, TX 75287",https://dessertlabdallas.com,Yes,(469) 489-0538,,181.0,1.0,32.9968931,-96.8669754,dessert shop,Food & Restaurant,75201,dessertlabdallas@gmail.com,,,dessertlabdallas@gmail.com,,https://www.instagram.com/dessertlabdallas/,Yes,found_homepage
Rana's Corner,"920 S Harwood St, Dallas, TX 75201",https://ranascorner.com,Yes,(469) 674-4000,,,,32.7856116,-96.8342263,dessert shop,Food & Restaurant,75201,,,,,,,No,no_contact_found
Botolino Gelato Artigianale,"2000 Ross Ave, Dallas, TX 75201",https://mendocinofarms.com,Yes,(214) 379-1490,,8.0,25.0,32.7856116,-96.8342263,dessert shop,Food & Restaurant,75201,,,,,,,No,no_contact_found
Dessert Lab,"1601 Elm St Ste 120, Dallas, TX 75201",https://parterredallas.com,Yes,(945) 209-0709,,1.0,40.0,32.7819503,-96.8338682,dessert shop,Food & Restaurant,75201,hello@parterredallas.com,,,hello@parterredallas.com,,https://www.instagram.com/parterredallas/?hl=en,Yes,found_homepage
Rocket Fizz Deep Ellum,"2701 Main St #160, Dallas, TX 75226",https://rocketfizz.com,Yes,(972) 773-9155,,5.0,23.0,32.7819503,-96.8338682,dessert shop,Food & Restaurant,75201,,,,,https://www.facebook.com/rocketfizz/,https://www.instagram.com/rocketfizzofficial/,No,no_contact_found
Le Rve Gelato & Ptisserie,"12817 Preston Rd Suite #133, Dallas, TX 75230",https://lerevegp.com,Yes,(469) 372-5913,,2.0,58.0,32.9234045,-96.8417036,dessert shop,Food & Restaurant,75201,,,,,,,No,no_contact_found
Pressed Juicery,"600 N Pearl St Ste S100, Dallas, TX 75201",https://cornerbakerycafe.com,Yes,(214) 969-0507,,5.0,16.0,32.7912182,-96.8404605,dessert shop,Food & Restaurant,75201,press@cornerbakerycafe.com,,,press@cornerbakerycafe.com,https://www.facebook.com/cornerbakerycafe,https://www.instagram.com/cornerbakery/,Yes,found_subpage
Sweet donuts & Desserts,"10230 E NW Hwy, Dallas, TX 75238",https://hautesweetspatisserie.com,Yes,(214) 856-0166,,8.0,15.0,32.7912182,-96.8404605,dessert shop,Food & Restaurant,75201,,,,,,https://instagram.com/HauteSweetsPatisserie/,No,no_contact_found
Edible Arrangements,"407 N Lamar St Suite 180, Dallas, TX 75202",https://ediblearrangements.com,Yes,(214) 749-1515,,6.0,28.0,32.7912182,-96.8404605,dessert shop,Food & Restaurant,75201,,,,,,,No,no_contact_found
Nori Handroll Bar & Sushi,"2814 Elm St, Dallas, TX 75226",https://norihandrollbar.com,Yes,(469) 436-6674,,1.0,51.0,32.7912182,-96.8404605,dessert shop,Food & Restaurant,75201,,,,,https://facebook.com/norihandrollbar,https://instagram.com/norihandrollbar,No,no_contact_found
Sweet Tooth Hotel,"1511 Elm St #100, Dallas, TX 75201",https://sweettoothhotel.com,Yes,(469) 929-4844,,4.0,27.0,32.7912182,-96.8404605,dessert shop,Food & Restaurant,75201,hello@sweettoothhotel.com,events@sweettoothhotel.com,,hello@sweettoothhotel.com | events@sweettoothhotel.com,https://www.facebook.com/sweettoothhotel/,https://www.instagram.com/sweettoothhotel/,Yes,found_subpage
Milk  Cream,"1929 Greenville Ave, Dallas, TX 75206",https://m.facebook.com,Yes,(214) 434-1739,,275.0,1.0,32.7792171,-97.0882335,ice cream shop,Food & Restaurant,75201,,,,,,,No,no_contact_found
Swirled Peace,"309 W Eighth St, Dallas, TX 75208",https://swirledpeace.com,Yes,(972) 863-8447,,1.0,14.0,32.7792171,-97.0882335,ice cream shop,Food & Restaurant,75201,contact@swirledpeace.com,,,contact@swirledpeace.com,,http://instagram.com/swirled.peace,Yes,found_homepage
JuiceLand,"2633 McKinney Ave #170, Dallas, TX 75204",https://juiceland.com,Yes,(214) 466-8586,,6.0,43.0,32.797578,-97.0903747,smoothie bar,Food & Restaurant,75201,,,,,https://www.facebook.com/JuiceLandAustin/,https://www.instagram.com/juiceland/,No,no_contact_found
Juice Bay 365,"1210 Botham Jean Blvd, Dallas, TX 75215",https://juicebay365.com,Yes,,,6.0,5.0,32.797578,-97.0903747,smoothie bar,Food & Restaurant,75201,juicebay365@gmail.com,,,juicebay365@gmail.com,,,Yes,found_homepage
"Aa Brasil, Victory Park","2375 Victory Park Ln suite 140, Dallas, TX 75202",https://order.tryperdiem.com,Yes,(214) 272-8112,,2.0,21.0,32.797578,-97.0903747,smoothie bar,Food & Restaurant,75201,,,,,,,No,no_contact_found
CNTRD JUICE,"2424 Victory Park Ln, Dallas, TX 75202",https://instagram.com,Yes,,,6.0,3.0,32.7883609,-97.0975869,smoothie bar,Food & Restaurant,75201,,,,,https://developers.facebook.com/docs/instagram,https://about.instagram.com/,No,no_contact_found
Fruitbowl,"3851 Cedar Springs Rd A, Dallas, TX 75219",https://fruitsbowl.com,Yes,(469) 653-1787,,0.0,24.0,32.7883609,-97.0975869,smoothie bar,Food & Restaurant,75201,,,,,,,No,no_contact_found
Sol Good Juice,"2513 N Fitzhugh Ave suit 100, Dallas, TX 75204",https://solgoodjuices.com,Yes,(214) 613-2600,,2.0,6.0,32.7883609,-97.0975869,smoothie bar,Food & Restaurant,75201,solgoodjuice@gmail.com,,,solgoodjuice@gmail.com,,https://www.instagram.com/solgoodjuice/,Yes,found_homepage
Juice Babe,"800 N Harwood St, Dallas, TX 75201",https://marriott.com,Yes,(214) 347-9499,,0.0,1.0,32.7883609,-97.0975869,smoothie bar,Food & Restaurant,75201,,,,,,,No,no_contact_found
1:29 FRESH,"196 W Davis St Suite 120, Dallas, TX 75208",https://129fresh.com,Yes,(214) 238-7528,,9.0,17.0,32.7883609,-97.0975869,smoothie bar,Food & Restaurant,75201,kingdomfamilymanagementllc@gmail.com,,,kingdomfamilymanagementllc@gmail.com,https://www.facebook.com/people/129-Fresh/61550644764252/#,,Yes,found_homepage
Matcha Mama,"4023 Oak Lawn Ave, Dallas, TX 75219",https://matchamama.com,Yes,(214) 901-7471,,5.0,1.0,32.7883609,-97.0975869,smoothie bar,Food & Restaurant,75201,matchamama@matchamama.com,,,matchamama@matchamama.com,,,Yes,found_homepage
JuiceLand,"3903 Lemmon Ave, Dallas, TX 75219",https://locations.smoothieking.com,Yes,(214) 599-6213,,4.0,85.0,32.7883609,-97.0975869,smoothie bar,Food & Restaurant,75201,,,,,,,No,no_contact_found
everbowl,"4242 Oak Lawn Ave, Dallas, TX 75219",https://everbowl.com,Yes,(972) 803-6724,,7.0,22.0,32.7883609,-97.0975869,smoothie bar,Food & Restaurant,75201,,,,,https://www.facebook.com/everbowl,https://www.instagram.com/everbowlcraftsuperfood/,No,no_contact_found
Fiesta De Frutas,"2355 Olive St #145, Dallas, TX 75201",https://leelas.com,Yes,(469) 505-2103,,4.0,54.0,32.7883609,-97.0975869,smoothie bar,Food & Restaurant,75201,marketing@unco.com,,,marketing@unco.com,https://www.facebook.com/leelaswinebar,https://www.instagram.com/leelaswinebar/,Yes,found_homepage
The Juice Bar,"66 Highland Park Village #2733, Dallas, TX 75205",https://thejuicebardallas.com,Yes,(469) 914-5551,,7.0,3.0,32.7883609,-97.0975869,smoothie bar,Food & Restaurant,75201,,,,,,,No,no_contact_found
Nekter Juice Bar,"6712 Snider Plaza, Dallas, TX 75205",https://locations.nekterjuicebar.com,Yes,(214) 585-5815,,9.0,13.0,32.7883609,-97.0975869,smoothie bar,Food & Restaurant,75201,,,,,https://www.facebook.com/nekterjuicebar,https://instagram.com/nekterjuicebar,No,no_contact_found
The Juice Bar,"8687 N Central Expy #2372, Dallas, TX 75225",https://thejuicebardallas.com,Yes,(214) 265-5075,,9.0,8.0,32.7883609,-97.0975869,smoothie bar,Food & Restaurant,75201,,,,,,,No,no_contact_found
Happiest Hour,"2616 Olive St, Dallas, TX 75201",https://happiesthourdallas.com,Yes,(972) 528-0067,,100.0,5.0,32.7883609,-97.0975869,smoothie bar,Food & Restaurant,75201,hello@happiesthourdallas.com,,,hello@happiesthourdallas.com,https://www.facebook.com/HappiestHourDAL,https://www.instagram.com/happiesthourdal/,Yes,found_subpage
The GEM Organic Food & Juice,"6102 Luther Ln, Dallas, TX 75225",https://insidethegem.com,Yes,(214) 750-2929,,9.0,6.0,32.7883609,-97.0975869,smoothie bar,Food & Restaurant,75201,info@insidethegem.com,,,info@insidethegem.com,https://www.facebook.com/TheGEMJuiceBar/,https://www.instagram.com/p/DCAJi5tSGwh/,Yes,found_homepage
Clean Juice,"9820 N Central Expy #510, Dallas, TX 75231",https://locations.cleanjuice.com,Yes,(469) 372-0507,,5.0,18.0,32.7883609,-97.0975869,smoothie bar,Food & Restaurant,75201,,,,,https://www.facebook.com/cleanjuice/,https://www.instagram.com/cleanjuice/,No,no_contact_found
Tropical Smoothie Cafe,"4560 W Mockingbird Ln Suite 118, Dallas, TX 75209",https://tropicalsmoothiecafe.com,Yes,(214) 351-7037,,2.0,45.0,32.7883609,-97.0975869,smoothie bar,Food & Restaurant,75201,,,,,https://www.facebook.com/tropicalsmoothiecafe,http://instagram.com/tropicalsmoothiecafe,No,no_contact_found
Revive Bowl,"920 S Harwood St suite 180, Dallas, TX 75201",https://revivebowl.com,Yes,(214) 272-7311,,4.0,2.0,32.7883609,-97.0975869,juice bar,Food & Restaurant,75201,,,,,,,No,no_contact_found
JuiceLand,"3001 Knox St #109, Dallas, TX 75205",https://juiceland.com,Yes,(214) 833-8985,,1.0,7.0,32.7883609,-97.0975869,juice bar,Food & Restaurant,75201,,,,,https://www.facebook.com/JuiceLandAustin/,https://www.instagram.com/juiceland/,No,no_contact_found
Raw x Rooted,"2737 Carpenter Ave, Dallas, TX 75215",https://rawxrooted.com,Yes,(469) 416-9792,,0.0,1.0,32.7883609,-97.0975869,juice bar,Food & Restaurant,75201,,,,,,,No,no_contact_found
Main Squeeze Juice Co.,"7324 Gaston Ave # 123, Dallas, TX 75214",https://mainsqueezejuiceco.com,Yes,(469) 708-7197,,0.0,27.0,32.7883609,-97.0975869,juice bar,Food & Restaurant,75201,,,,,https://www.facebook.com/msjcfranchising/,https://www.instagram.com/mainsqueezejuiceco/,No,no_contact_found
JuiceLand,"6465 E Mockingbird Ln Suite 365, Dallas, TX 75214",https://juiceland.com,Yes,(214) 273-2392,,8.0,10.0,32.7883609,-97.0975869,juice bar,Food & Restaurant,75201,,,,,https://www.facebook.com/JuiceLandAustin/,https://www.instagram.com/juiceland/,No,no_contact_found
CAVA,"6102 Luther Ln, Dallas, TX 75225",https://insidethegem.com,Yes,(214) 750-2929,,9.0,6.0,32.7883609,-97.0975869,juice bar,Food & Restaurant,75201,info@insidethegem.com,,,info@insidethegem.com,https://www.facebook.com/TheGEMJuiceBar/,https://www.instagram.com/p/DCAJi5tSGwh/,Yes,found_homepage
Right Slice Pizza,"1302 Main St, Dallas, TX 75202",https://rightslicepizzadallas.com,Yes,(469) 240-1482,,0.0,3.0,32.7949457,-96.8245708,pizza restaurant,Food & Restaurant,75201,dallasrrs@gmail.com,,,dallasrrs@gmail.com,https://www.facebook.com/rightslicepizzamainstreet/,,Yes,found_homepage
Good Side Pizza Pub,"2538 Elm St, Dallas, TX 75226",https://goodsidepizza.com,Yes,(469) 817-4663,,0.0,16.0,32.7949457,-96.8245708,pizza restaurant,Food & Restaurant,75201,,,,,,,No,no_contact_found
Poco Fiasco,"2823 McKinnon St, Dallas, TX 75201",https://pocofiasco.com,Yes,(214) 894-7626,,2.0,26.0,32.7950254,-96.8446257,pizza restaurant,Food & Restaurant,75201,,,,,https://www.facebook.com/pocofiasco,https://www.instagram.com/pocofiasco/,No,no_contact_found
Mister O1 Extraordinary Pizza Turtle Creek,"3838 Oak Lawn Ave suite p175, Dallas, TX 75219",https://mistero1.com,Yes,(214) 432-4434,,833.0,4.0,32.7950254,-96.8446257,pizza restaurant,Food & Restaurant,75201,,,,,,,No,no_contact_found
Cane Rosso,"2612 Commerce St, Dallas, TX 75226",https://canerosso.com,Yes,(214) 741-1188,,702.0,2.0,32.78262,-96.8214539,pizza restaurant,Food & Restaurant,75201,jobs@canerosso.com,,,jobs@canerosso.com,https://www.facebook.com/canerossotx/,http://www.instagram.com/canerossotx,Yes,found_subpage
Carmines Pizzeria,"1700 Pacific Ave c111, Dallas, TX 75201",https://carminespizzadfw.com,Yes,(214) 434-1566,,,,32.78262,-96.8214539,pizza restaurant,Food & Restaurant,75201,,,,,,,No,no_contact_found
i Fratelli Pizza,"2815 Allen St, Dallas, TX 75204",https://ifratellipizza.com,Yes,(214) 720-0070,,6.0,36.0,32.78262,-96.8214539,pizza restaurant,Food & Restaurant,75201,,,,,https://www.facebook.com/ifratellipizza,https://www.instagram.com/ifratellipizza/,No,no_contact_found
Grimaldi's Pizzeria,"3636 McKinney Ave Ste. 190, Dallas, TX 75204",https://grimaldispizzeria.com,Yes,(214) 559-4611,,478.0,1.0,32.8070815,-96.8322824,pizza restaurant,Food & Restaurant,75201,grimaldis@wearebreadandbutter.com,jbertholdi@jba-re.com,,grimaldis@wearebreadandbutter.com | jbertholdi@jba-re.com,https://www.facebook.com/GrimaldisPizzeria/,https://www.instagram.com/grimaldispizzeria/?hl=en,Yes,found_subpage
Pegasus Pizza,"665 S Lamar St, Dallas, TX 75202",https://omnihotels.com,Yes,(214) 979-4512,,3.0,6.0,32.7753553,-96.839419,pizza restaurant,Food & Restaurant,75201,,,,,,,No,no_contact_found
LA Gourmet Pizza,"2709 McKinney Ave, Dallas, TX 75204",https://lagourmetpizza.com,Yes,(214) 981-9337,,8.0,40.0,32.7753553,-96.839419,pizza restaurant,Food & Restaurant,75201,,,,,https://www.facebook.com/lagourmetpizzadallas,https://instagram.com/lagourmetpizza,No,no_contact_found
D.L. Mack's,"3699 McKinney Ave ste 106, Dallas, TX 75204",https://dlmacks.com,Yes,(214) 894-7883,,4.0,27.0,32.8101115,-96.8463801,pizza restaurant,Food & Restaurant,75201,,,,,,,No,no_contact_found
Zuzu's Pitsa Dallas,"4321 Live Oak St Unit 106, Dallas, TX 75204",https://pitsa.pizza,Yes,(469) 982-5973,,7.0,1.0,32.7987194,-96.8139126,pizza restaurant,Food & Restaurant,75201,info@pitsa.pizza,,,info@pitsa.pizza,https://www.facebook.com/pitsa.us,https://www.instagram.com/pitsa.pizza,Yes,found_homepage
Serious Pizza,"2807 Elm St, Dallas, TX 75226",https://seriouspizza.com,Yes,(469) 949-9234,,268.0,6.0,32.7987194,-96.8139126,pizza restaurant,Food & Restaurant,75201,,,,,https://www.facebook.com/seriouspizzadeepellum,https://www.instagram.com/seriouspizza/,No,no_contact_found
Zalat Pizza,"1210 Botham Jean Blvd Suite 1118, Dallas, TX 75215",https://zalatpizza.com,Yes,(214) 484-8368,,3.0,88.0,32.7694072,-96.8336758,pizza restaurant,Food & Restaurant,75201,,,,,https://www.facebook.com/zalatpizza/,https://www.instagram.com/zalatpizza,No,no_contact_found
Mama Mia's Pizza & Pasta,"2935 Elm St, Dallas, TX 75226",https://mamamiapizzaandpasta.org,Yes,(214) 484-1046,,3.0,77.0,32.7694072,-96.8336758,pizza restaurant,Food & Restaurant,75201,bagleyk@mamamiapizzaandpasta.org,,,bagleyk@mamamiapizzaandpasta.org,https://www.facebook.com/123108511073686,https://www.instagram.com/mamamiapizzadeepellum,Yes,found_homepage
MONDO PIZZA,"4436 Lemmon Ave, Dallas, TX 75219",https://mondopizzaco.com,Yes,(214) 446-5450,,2.0,39.0,32.7842227,-96.8531608,pizza restaurant,Food & Restaurant,75201,,,,,,,No,no_contact_found
Italia Express Cedar Springs,"4436 Lemmon Ave, Dallas, TX 75219",https://mondopizzaco.com,Yes,(214) 446-5450,,2.0,39.0,32.7842227,-96.8531608,pizza restaurant,Food & Restaurant,75201,,,,,,,No,no_contact_found
Delucca Gaucho Pizza & Wine - Dallas,"1628 Oak Lawn Ave Ste 100, Dallas, TX 75207",https://delucca.com,Yes,(214) 774-9903,,249.0,2.0,32.7842227,-96.8531608,pizza restaurant,Food & Restaurant,75201,info@delucca.com,,,info@delucca.com,https://www.facebook.com/deluccagauchopizza/,https://www.instagram.com/deluccagauchopizza/,Yes,found_subpage
Sal's Pizza Restaurant,"4711 Maple Ave, Dallas, TX 75219",https://salspizzadallas.com,Yes,(214) 522-1828,,275.0,1.0,32.7842227,-96.8531608,pizza restaurant,Food & Restaurant,75201,,,,,,,No,no_contact_found
Zalat Pizza,"4007 Lemmon Ave, Dallas, TX 75219",https://zalatpizza.com,Yes,(214) 387-1420,,2.0,78.0,32.7842227,-96.8531608,pizza restaurant,Food & Restaurant,75201,,,,,https://www.facebook.com/zalatpizza/,https://www.instagram.com/zalatpizza,No,no_contact_found
Zalat Pizza,"2519 N Fitzhugh Ave, Dallas, TX 75204",https://zalatpizza.com,Yes,(214) 370-9786,,207.0,2.0,32.7842227,-96.8531608,pizza restaurant,Food & Restaurant,75201,,,,,https://www.facebook.com/zalatpizza/,https://www.instagram.com/zalatpizza,No,no_contact_found
Pizza Large,"4817 Ross Ave, Dallas, TX 75204",https://pizzalarge.com,Yes,(972) 467-4123,,2.0,20.0,32.7842227,-96.8531608,pizza restaurant,Food & Restaurant,75201,,,,,,,No,no_contact_found
pazza mami,"4817 Ross Ave, Dallas, TX 75204",https://pizzalarge.com,Yes,(972) 467-4123,,2.0,20.0,32.7842227,-96.8531608,pizza restaurant,Food & Restaurant,75201,,,,,,,No,no_contact_found
Pizzana,"3219 Knox St, Dallas, TX 75205",https://pizzana.com,Yes,(214) 440-4400,,0.0,30.0,32.7842227,-96.8531608,pizza restaurant,Food & Restaurant,75201,,,,,,https://instagram.com/pizzana/,No,no_contact_found
Pizzeria Carina,"3219 Knox St, Dallas, TX 75205",https://pizzana.com,Yes,(214) 440-4400,,0.0,30.0,32.7842227,-96.8531608,pizza restaurant,Food & Restaurant,75201,,,,,,https://instagram.com/pizzana/,No,no_contact_found
NEONY Pizza Works,"829 W Davis St, Dallas, TX 75208",https://neonypizza.com,Yes,(214) 484-2485,,6.0,30.0,32.7842227,-96.8531608,pizza restaurant,Food & Restaurant,75201,,,,,https://www.facebook.com/neonypizza/,https://www.instagram.com/neonypizza/,No,no_contact_found
Blackjack Pizza,"829 W Davis St, Dallas, TX 75208",https://neonypizza.com,Yes,(214) 484-2485,,6.0,30.0,32.7842227,-96.8531608,pizza restaurant,Food & Restaurant,75201,,,,,https://www.facebook.com/neonypizza/,https://www.instagram.com/neonypizza/,No,no_contact_found
Cenzo's Pizza & Deli,"1700 W 10th St, Dallas, TX 75208",https://cenzospizzaanddeli.com,Yes,(972) 773-9234,,6.0,33.0,32.7842227,-96.8531608,pizza restaurant,Food & Restaurant,75201,whatsup@cenzospizzaanddeli.com,,,whatsup@cenzospizzaanddeli.com,http://facebook.com/cenzosoakcliff,http://instagram.com/cenzospizzaanddeli,Yes,found_homepage
Cremona Bistro Italian Kitchen,"1700 W 10th St, Dallas, TX 75208",https://cenzospizzaanddeli.com,Yes,(972) 773-9234,,6.0,33.0,32.7842227,-96.8531608,pizza restaurant,Food & Restaurant,75201,whatsup@cenzospizzaanddeli.com,,,whatsup@cenzospizzaanddeli.com,http://facebook.com/cenzosoakcliff,http://instagram.com/cenzospizzaanddeli,Yes,found_homepage
Bellini's Italian Cafe and Bar,"211 S Akard St, Dallas, TX 75202",https://theexchangehall.com,Yes,(214) 464-8101,,366.0,1.0,32.7842227,-96.8531608,pizza restaurant,Food & Restaurant,75201,,,,,https://www.facebook.com/exchangehall,https://www.instagram.com/theexchangehall/,No,no_contact_found
Papa Johns Pizza,"3501 McKinney Ave, Dallas, TX 75204",https://locations.papajohns.com,Yes,(214) 219-7272,,9.0,45.0,32.7842227,-96.8531608,pizza restaurant,Food & Restaurant,75201,,,,,https://www.facebook.com/papajohnsus,https://www.instagram.com/papajohns/,No,no_contact_found
Prince Street Pizza,"2820 N Henderson Ave, Dallas, TX 75206",https://princestreetpizza.com,Yes,(214) 484-2523,,2.0,60.0,32.7842227,-96.8531608,pizza restaurant,Food & Restaurant,75201,,,,,,,No,no_contact_found
Pizza Inn,"2820 N Henderson Ave, Dallas, TX 75206",https://princestreetpizza.com,Yes,(214) 484-2523,,2.0,60.0,32.7842227,-96.8531608,pizza restaurant,Food & Restaurant,75201,,,,,,,No,no_contact_found
Roma's Pizza & Italian Restaurant,"7033 Greenville Ave, Dallas, TX 75231",https://romasdallas.com,Yes,(214) 373-0500,,868.0,1.0,32.7842227,-96.8531608,pizza restaurant,Food & Restaurant,75201,,,,,,,No,no_contact_found
Social Pie,"7033 Greenville Ave, Dallas, TX 75231",https://romasdallas.com,Yes,(214) 373-0500,,868.0,1.0,32.7842227,-96.8531608,pizza restaurant,Food & Restaurant,75201,,,,,,,No,no_contact_found
South Polk Pizzeria,"3939 S Polk St #527, Dallas, TX 75224",https://clover.com,Yes,(214) 200-3137,,5.0,44.0,32.7842227,-96.8531608,pizza restaurant,Food & Restaurant,75201,,,,,,,No,no_contact_found
Chicago Pizza Dallas,"3102 Main St, Dallas, TX 75226",https://mainstreetmarketdfw.com,Yes,(972) 685-6000,,4.0,9.0,32.7842227,-96.8531608,pizza restaurant,Food & Restaurant,75201,,,,,,https://www.instagram.com/mainstmarketdfw/,No,no_contact_found
Thunderbird Pies,"2332 Leonard St, Dallas, TX 75201",https://hotelzaza.com,Yes,(214) 550-9500,,6.0,68.0,32.7842227,-96.8531608,pizza restaurant,Food & Restaurant,75201,austin@hotelzaza.com,dallasuptown@hotelzaza.com,houstonmemorial@hotelzaza.com,austin@hotelzaza.com | dallasuptown@hotelzaza.com | houstonmemorial@hotelzaza.com | houstonmuseumdistrict@hotelzaza.com | zippoints@hotelzaza.com | mediainquiry@hotelzaza.com,,https://www.instagram.com/p/Cyoh3QGNIOL/?img_index=1,Yes,found_subpage
Greenville Avenue Pizza Company,"1923 Greenville Ave, Dallas, TX 75206",https://gapc.co,Yes,(214) 826-5404,,391.0,2.0,32.7842227,-96.8531608,pizza restaurant,Food & Restaurant,75201,contactus@gapco.pizza,,,contactus@gapco.pizza,https://www.facebook.com/GreenvilleAvenuePizzaCompany,https://www.instagram.com/greenvilleavenuepizzacompany,Yes,found_subpage
Campisi's,"5610 E Mockingbird Ln, Dallas, TX 75206",https://campisis.us,Yes,(214) 827-0355,,759.0,2.0,32.7842227,-96.8531608,pizza restaurant,Food & Restaurant,75201,cater@campisis.us,,,cater@campisis.us,https://www.facebook.com/CampisisRestaurants,https://www.instagram.com/campisisrestaurants/,Yes,found_homepage
Domino's Pizza,"940 N Riverfront Blvd, Dallas, TX 75207",https://dominos.com,Yes,(469) 480-3030,,1.0,41.0,32.7842227,-96.8531608,pizza restaurant,Food & Restaurant,75201,,,,,,,No,no_contact_found
Elliott Pizza,"4817 Ross Ave, Dallas, TX 75204",https://saquic-taco.square.site,Yes,(972) 467-0674,,8.0,6.0,32.7842227,-96.8531608,pizza restaurant,Food & Restaurant,75201,,,,,,,No,no_contact_found
Brother's Pizza & Pasta,"10455 N Central Expy #104, Dallas, TX 75230",https://brothersdallas.com,Yes,(469) 708-4187,,6.0,78.0,32.7842227,-96.8531608,pizza restaurant,Food & Restaurant,75201,,,,,,,No,no_contact_found
Lovers Pizza & Pasta,"6434 E Mockingbird Ln #113, Dallas, TX 75214",https://loverspizzapasta.com,Yes,(214) 823-2262,,8.0,32.0,32.7842227,-96.8531608,pizza restaurant,Food & Restaurant,75201,,,,,,,No,no_contact_found
Piggie Pies Pizza,"6434 E Mockingbird Ln #113, Dallas, TX 75214",https://loverspizzapasta.com,Yes,(214) 823-2262,,8.0,32.0,32.7842227,-96.8531608,pizza restaurant,Food & Restaurant,75201,,,,,,,No,no_contact_found
Little Caesars Pizza,"4101 Ross Ave Suite 200, Dallas, TX 75204",https://littlecaesars.com,Yes,(214) 823-1717,,5.0,86.0,32.7842227,-96.8531608,pizza restaurant,Food & Restaurant,75201,,,,,,,No,no_contact_found
Pizza Hut,"4101 Ross Ave Suite 200, Dallas, TX 75204",https://littlecaesars.com,Yes,(214) 823-1717,,5.0,86.0,32.7842227,-96.8531608,pizza restaurant,Food & Restaurant,75201,,,,,,,No,no_contact_found
Stoner's Pizza Joint,"2330 Flora St #150, Dallas, TX 75201",https://lastellatx.com,Yes,(469) 663-7800,,539.0,2.0,32.789528,-96.8337845,pizza delivery,Food & Restaurant,75201,management@lastellatx.com,,,management@lastellatx.com,https://www.facebook.com/LaStellaDallas/,https://www.instagram.com/lastelladallas/,Yes,found_homepage
Pizza Hut,"4540 Ross Ave Suite 130, Dallas, TX 75204",https://locations.pizzahut.com,Yes,(214) 827-1177,,6.0,60.0,32.8032772,-96.8150854,pizza delivery,Food & Restaurant,75201,,,,,https://www.facebook.com/PizzaHut,https://www.instagram.com/pizzahut/?hl=en,No,no_contact_found
Domino's Pizza,"2615 Oak Lawn Ave, Dallas, TX 75219",https://dominos.com,Yes,(214) 520-7100,,4.0,47.0,32.819052,-96.8492577,pizza delivery,Food & Restaurant,75201,,,,,,,No,no_contact_found
Pizza Hut,"3439 Oak Lawn Ave, Dallas, TX 75219",https://locations.pizzahut.com,Yes,(214) 522-1414,,4.0,48.0,32.8120919,-96.8423313,pizza delivery,Food & Restaurant,75201,,,,,https://www.facebook.com/PizzaHut,https://www.instagram.com/pizzahut/?hl=en,No,no_contact_found
Shema`s Pizza Place,"3439 Oak Lawn Ave, Dallas, TX 75219",https://locations.pizzahut.com,Yes,(214) 522-1414,,4.0,48.0,32.8120919,-96.8423313,pizza delivery,Food & Restaurant,75201,,,,,https://www.facebook.com/PizzaHut,https://www.instagram.com/pizzahut/?hl=en,No,no_contact_found
Domino's Pizza,"4000 Cedar Springs Rd, Dallas, TX 75219",https://italiaexpresscedarsprings.com,Yes,(214) 521-3300,,257.0,2.0,32.7978871,-96.8137653,pizza delivery,Food & Restaurant,75201,,,,,,,No,no_contact_found
Right Slice Pizza,"2515 Inwood Rd, Dallas, TX 75235",https://rightslicepizzadallas.com,Yes,(469) 225-9760,,6.0,1.0,32.7978871,-96.8137653,pizza delivery,Food & Restaurant,75201,dallasrrs@gmail.com,,,dallasrrs@gmail.com,https://www.facebook.com/rightslicepizzamainstreet/,,Yes,found_homepage
Divino's Pizza,"708 S Peak St, Dallas, TX 75246",https://divinospizzadallas.com,Yes,(214) 828-1772,,9.0,31.0,32.7978871,-96.8137653,pizza delivery,Food & Restaurant,75201,,,,,,,No,no_contact_found
Domino's Pizza,"5040 Lemmon Ave, Dallas, TX 75209",https://dominos.com,Yes,(214) 972-3030,,7.0,9.0,32.7978871,-96.8137653,pizza delivery,Food & Restaurant,75201,,,,,,,No,no_contact_found
Cicis Pizza,"4800 Columbia Ave Ste 102, Dallas, TX 75226",https://cicis.com,Yes,(214) 370-3404,,39.0,1.0,32.7978871,-96.8137653,pizza delivery,Food & Restaurant,75201,,,,,,,No,no_contact_found
Pie Tap Pizza Workshop + Bar,"2708 N Henderson Ave, Dallas, TX 75206",https://pie-tap.com,Yes,(972) 432-7800,,401.0,1.0,32.7978871,-96.8137653,pizza delivery,Food & Restaurant,75201,,,,,,,No,no_contact_found
Zalat Pizza,"2708 N Henderson Ave, Dallas, TX 75206",https://pie-tap.com,Yes,(972) 432-7800,,401.0,1.0,32.7978871,-96.8137653,pizza delivery,Food & Restaurant,75201,,,,,,,No,no_contact_found
Jimmy John's,"1414 Elm St, Dallas, TX 75202",https://locations.jimmyjohns.com,Yes,(214) 741-2970,,4.0,24.0,32.7978871,-96.8137653,pizza delivery,Food & Restaurant,75201,,,,,https://www.facebook.com/jimmyjohns/,https://www.instagram.com/jimmyjohns/,No,no_contact_found
Domino's Pizza,"2180 Robert B Cullum Blvd, Dallas, TX 75210",https://dominos.com,Yes,(972) 707-1666,,2.0,36.0,32.7978871,-96.8137653,pizza delivery,Food & Restaurant,75201,,,,,,,No,no_contact_found
Eno's Pizza Tavern,"407 N Bishop Ave, Dallas, TX 75208",https://enospizza.com,Yes,(214) 943-9200,,31.0,3.0,32.7978871,-96.8137653,pizza delivery,Food & Restaurant,75201,,,,,https://www.facebook.com/enospizza/,https://www.instagram.com/enospizzatavern/,No,no_contact_found
Domino's Pizza,"407 N Bishop Ave, Dallas, TX 75208",https://enospizza.com,Yes,(214) 943-9200,,31.0,3.0,32.7978871,-96.8137653,pizza delivery,Food & Restaurant,75201,,,,,https://www.facebook.com/enospizza/,https://www.instagram.com/enospizzatavern/,No,no_contact_found
Pizza Patrn East Jefferson Blvd,"122 E Jefferson Blvd B, Dallas, TX 75203",https://pizzapatron.com,Yes,(214) 942-3300,,5.0,44.0,32.7978871,-96.8137653,pizza delivery,Food & Restaurant,75201,,,,,https://www.facebook.com/pizzapatron,https://www.instagram.com/pizzapatron/,No,no_contact_found
Papa Johns Pizza,"1127 N Beckley Ave, Dallas, TX 75203",https://locations.papajohns.com,Yes,(214) 943-8888,,7.0,24.0,32.7978871,-96.8137653,pizza delivery,Food & Restaurant,75201,,,,,https://www.facebook.com/papajohnsus,https://www.instagram.com/papajohns/,No,no_contact_found
Zalat Pizza,"7238 Gaston Ave, Dallas, TX 75214",https://zalatpizza.com,Yes,(469) 899-1420,,2.0,28.0,32.7978871,-96.8137653,pizza delivery,Food & Restaurant,75201,,,,,https://www.facebook.com/zalatpizza/,https://www.instagram.com/zalatpizza,No,no_contact_found
Pizza Patrn Ross Avenue,"5334 Ross Ave #650, Dallas, TX 75206",https://pizzapatron.com,Yes,(214) 841-9193,,0.0,17.0,32.7978871,-96.8137653,pizza delivery,Food & Restaurant,75201,,,,,https://www.facebook.com/pizzapatron,https://www.instagram.com/pizzapatron/,No,no_contact_found
Pizza Hut,"2355 Olive St #155, Dallas, TX 75201",https://mexicansugarcocina.com,Yes,(214) 613-1796,,560.0,2.0,32.7978871,-96.8137653,pizza delivery,Food & Restaurant,75201,,,,,,,No,no_contact_found
Old Hag's Pizza Dallas,"1315 W Davis St, Dallas, TX 75208",https://oldhagspizzadallas.com,Yes,(214) 941-8080,,7.0,96.0,32.7978871,-96.8137653,pizza delivery,Food & Restaurant,75201,,,,,,,No,no_contact_found
Jet's Pizza,"6411 E NW Hwy Suite 175, Dallas, TX 75231",https://jetspizza.com,Yes,(945) 222-5387,,9.0,15.0,32.7978871,-96.8137653,pizza delivery,Food & Restaurant,75201,,,,,https://www.facebook.com/JetsPizza/,https://www.instagram.com/jetspizza/,No,no_contact_found
South Side Pizzeria,"6411 E NW Hwy Suite 175, Dallas, TX 75231",https://jetspizza.com,Yes,(945) 222-5387,,9.0,15.0,32.7978871,-96.8137653,pizza delivery,Food & Restaurant,75201,,,,,https://www.facebook.com/JetsPizza/,https://www.instagram.com/jetspizza/,No,no_contact_found
Enoteca Italia,"3102 Oak Lawn Ave #116, Dallas, TX 75219",https://enotecaitaliadallas.com,Yes,(972) 685-2112,,8.0,85.0,32.7889549,-96.841943,Italian restaurant,Food & Restaurant,75201,,,,,,,No,no_contact_found
Dolce Riviera,"2950 N Harwood St #115, Dallas, TX 75201",https://dolceriviera.com,Yes,(469) 458-6623,,17.0,1.0,32.7889549,-96.841943,Italian restaurant,Food & Restaurant,75201,hello@dolceriviera.com,,,hello@dolceriviera.com,http://facebook.com/dolcerivieradal,http://www.instagram.com/dolcerivieradal,Yes,found_subpage
Avanti Restaurant,"2720 McKinney Ave, Dallas, TX 75204",https://avantirestaurants.com,Yes,(214) 871-4955,,7.0,75.0,32.7889549,-96.841943,Italian restaurant,Food & Restaurant,75201,,,,,,,No,no_contact_found
Urban Italia,"3030 Nowitzki Way, Dallas, TX 75219",https://theurbanitalia.com,Yes,(972) 478-0084,,3.0,17.0,32.7889549,-96.841943,Italian restaurant,Food & Restaurant,75201,marketing@tivonaconcepts.com,,,marketing@tivonaconcepts.com,,https://www.instagram.com/urbanitaliarestaurant,Yes,found_homepage
Lyla,"3309 McKinney Ave, Dallas, TX 75204",https://lylarestaurant.com,Yes,(214) 216-0575,,106.0,1.0,32.7889549,-96.841943,Italian restaurant,Food & Restaurant,75201,info@lylarestaurant.com,,,info@lylarestaurant.com,https://www.facebook.com/lylarestaurant,https://www.instagram.com/lylarestaurants,Yes,found_subpage
Due' Cucina Italian restaurant - Lakewood,"1900 Abrams Pkwy, Dallas, TX 75214",https://duecucina.com,Yes,(214) 242-9489,,9.0,98.0,32.8128493,-96.788561,Italian restaurant,Food & Restaurant,75201,,,,,,,No,no_contact_found
PANE NOSTRO,"508 W Seventh St, Dallas, TX 75208",https://pane-nostro.com,Yes,(214) 425-3280,,1.0,10.0,32.7487767,-96.8667522,Italian restaurant,Food & Restaurant,75201,admin@pane-nostro.com,,,admin@pane-nostro.com,https://www.facebook.com/panenostrotx,https://www.instagram.com/panenostrotx/,Yes,found_homepage
Terilli's Restaurant,"2815 Greenville Ave, Dallas, TX 75206",https://terillis.com,Yes,(214) 827-3993,,801.0,1.0,32.8230388,-96.8064578,Italian restaurant,Food & Restaurant,75201,,,,,,,No,no_contact_found
The Sicilian Butcher,"5225 Belt Line Rd Suite 240, Dallas, TX 75254",https://thesicilianbutcher.com,Yes,(972) 364-7741,,178.0,1.0,32.9545595,-96.853746,Italian restaurant,Food & Restaurant,75201,,,,,,,No,no_contact_found
Il Pastaio di Eataly,"8687 N Central Expy #2172, Dallas, TX 75225",https://eataly.com,Yes,(469) 759-2800,,9.0,33.0,32.8681017,-96.810904,Italian restaurant,Food & Restaurant,75201,media@eataly.com,guestrelations@eataly.com,lascuola@eataly.com,media@eataly.com | guestrelations@eataly.com | lascuola@eataly.com | privatedining@eataly.com | nyc.donations@eataly.com | dt-guestrelations@eataly.com | dt-privatedining@eataly.com | foodiversita@eataly.com | ny-catering@eataly.com | bostonguestrelations@eataly.com | boston.lascuola@eataly.com | bostoncatering@eataly.com | boston.privatedining@eataly.com | guestrelationschi@eataly.com | chilascuola@eataly.com | chiprivatedining@eataly.com | eda.guestrelations@eataly.com | eda-lascuola@eataly.com | esv-guestrelations@eataly.com | esv-scuola@eataly.com | esv-events@eataly.com | elv.guestrelations@eataly.com | groupdining@parkmgm.com | elv.events@eataly.com | la-guestrelations@eataly.com | la.lascuola@eataly.com | la.donations@eataly.com | soho-guestrelations@eataly.com | esh-guestrelations@eataly.com | eav.guestrelations@eataly.com | eav.lascuola@eataly.com | eav.privatedining@eataly.com | eav.catering@eataly.com | ekp-guestrelations@eataly.com | ewp.guestrelations@eataly.com | ewp-scuola@eataly.com | wpb.privatedining@eataly.com | customerservice@eataly.com | elv.donations@eataly.com | la.events@eataly.com | ewp-guestrelations@eataly.com,,,Yes,found_subpage
The Charles,"1632 Market Center Blvd, Dallas, TX 75207",https://thecharlesdallas.com,Yes,(469) 917-9000,,2.0,83.0,32.7929297,-96.8578994,Italian restaurant,Food & Restaurant,75201,reservations@thecharlesdallas.com,,,reservations@thecharlesdallas.com,https://www.facebook.com/thecharlesdallas,https://www.instagram.com/thecharlesdallas,Yes,found_homepage
Carbone Dallas,"1617 Hi Line Dr Ste 395, Dallas, TX 75207",https://carbonedallas.com,Yes,(469) 290-6009,,3.0,95.0,32.7929297,-96.8578994,Italian restaurant,Food & Restaurant,75201,reservations@carbonedallas.com,,,reservations@carbonedallas.com,https://www.facebook.com/majorfoodgroup,https://www.instagram.com/carbonerestaurants/,Yes,found_homepage
il Bracco,"8416 Preston Center Plaza, Dallas, TX 75225",https://ilbraccorestaurant.com,Yes,(214) 361-0100,,5.0,81.0,32.7929297,-96.8578994,Italian restaurant,Food & Restaurant,75201,scottsdale@ilbraccorestaurant.com,,,scottsdale@ilbraccorestaurant.com,,,Yes,found_subpage
Taverna,"3312 Knox St, Dallas, TX 75205",https://tavernabylombardi.com,Yes,(214) 520-9933,,225.0,1.0,32.7929297,-96.8578994,Italian restaurant,Food & Restaurant,75201,,,,,,,No,no_contact_found
Via Triozzi,"1806 Greenville Ave Suite 120, Dallas, TX 75206",https://viatriozzi.com,Yes,(469) 897-5679,,3.0,30.0,32.7929297,-96.8578994,Italian restaurant,Food & Restaurant,75201,ciao@viatriozzi.com,meredith@gopl8ted.com,,ciao@viatriozzi.com | meredith@gopl8ted.com,,,Yes,found_homepage
Vino,"1806 Greenville Ave Suite 120, Dallas, TX 75206",https://viatriozzi.com,Yes,(469) 897-5679,,3.0,30.0,32.7929297,-96.8578994,Italian restaurant,Food & Restaurant,75201,ciao@viatriozzi.com,meredith@gopl8ted.com,,ciao@viatriozzi.com | meredith@gopl8ted.com,,,Yes,found_homepage
Gallo Nero Italian Bistro,"1905 Greenville Ave, Dallas, TX 75206",https://gallonerodallastx.com,Yes,(972) 598-0800,,4.0,54.0,32.7929297,-96.8578994,Italian restaurant,Food & Restaurant,75201,gallonerodallas1905@gmail.com,,,gallonerodallas1905@gmail.com,https://www.facebook.com/260378447164699,https://www.instagram.com/gallo_nero_dallas,Yes,found_homepage
Eataly Dallas,"1905 Greenville Ave, Dallas, TX 75206",https://gallonerodallastx.com,Yes,(972) 598-0800,,4.0,54.0,32.7929297,-96.8578994,Italian restaurant,Food & Restaurant,75201,gallonerodallas1905@gmail.com,,,gallonerodallas1905@gmail.com,https://www.facebook.com/260378447164699,https://www.instagram.com/gallo_nero_dallas,Yes,found_homepage
Saint Rocco's New York Italian,"3011 Gulden Ln #100, Dallas, TX 75212",https://saintroccosdallas.com,Yes,(469) 320-9707,,710.0,1.0,32.7929297,-96.8578994,Italian restaurant,Food & Restaurant,75201,,,,,,,No,no_contact_found
The Saint - Design District,"5610 E Mockingbird Ln, Dallas, TX 75206",https://campisis.us,Yes,(214) 827-0355,,759.0,2.0,32.7929297,-96.8578994,Italian restaurant,Food & Restaurant,75201,cater@campisis.us,,,cater@campisis.us,https://www.facebook.com/CampisisRestaurants,https://www.instagram.com/campisisrestaurants/,Yes,found_homepage
North Italia,"13270 Dallas Pkwy Suite #1155, Dallas, TX 75240",https://northitalia.com,Yes,(972) 788-3230,,1.0,39.0,32.7929297,-96.8578994,Italian restaurant,Food & Restaurant,75201,,,,,https://www.facebook.com/NorthItalia,https://www.instagram.com/eatnorthitalia,No,no_contact_found
Mamani,"13270 Dallas Pkwy Suite #1155, Dallas, TX 75240",https://northitalia.com,Yes,(972) 788-3230,,1.0,39.0,32.7929297,-96.8578994,Italian restaurant,Food & Restaurant,75201,,,,,https://www.facebook.com/NorthItalia,https://www.instagram.com/eatnorthitalia,No,no_contact_found
Sister Restaurant,"2808 Greenville Ave, Dallas, TX 75206",https://sempresister.com,Yes,(214) 888-8660,,8.0,59.0,32.7929297,-96.8578994,Italian restaurant,Food & Restaurant,75201,reservations@sempresister.com,careers@sempresister.com,briannae@durohospitality.com,reservations@sempresister.com | careers@sempresister.com | briannae@durohospitality.com,,https://www.instagram.com/sempre.sister,Yes,found_homepage
Paradiso,"308 N Bishop Ave, Dallas, TX 75208",https://paradisodallas.com,Yes,(214) 944-5865,,439.0,4.0,32.7929297,-96.8578994,Italian restaurant,Food & Restaurant,75201,,,,,http://facebook.com/paradisodallas,http://instagram.com/paradisodallas,No,no_contact_found
Urbano Cafe,"308 N Bishop Ave, Dallas, TX 75208",https://paradisodallas.com,Yes,(214) 944-5865,,439.0,4.0,32.7929297,-96.8578994,Italian restaurant,Food & Restaurant,75201,,,,,http://facebook.com/paradisodallas,http://instagram.com/paradisodallas,No,no_contact_found
Villa Azur,"2440 Victory Park Ln, Dallas, TX 75219",https://villaazurdallas.com,Yes,(214) 397-4176,,6.0,27.0,32.7929297,-96.8578994,Italian restaurant,Food & Restaurant,75201,,,,,https://www.facebook.com/villaazurhospitality,https://www.instagram.com/villaazurmiamibeach/,No,no_contact_found
Barsotti's,"4208 Oak Lawn Ave, Dallas, TX 75219",https://barsottis-dallas.com,Yes,(214) 522-4208,,9.0,40.0,32.7929297,-96.8578994,Italian restaurant,Food & Restaurant,75201,info@barsottis-dallas.com,,,info@barsottis-dallas.com,,https://www.instagram.com/barsottisdallas/,Yes,found_homepage
Kenny's Italian Kitchen,"4208 Oak Lawn Ave, Dallas, TX 75219",https://barsottis-dallas.com,Yes,(214) 522-4208,,9.0,40.0,32.7929297,-96.8578994,Italian restaurant,Food & Restaurant,75201,info@barsottis-dallas.com,,,info@barsottis-dallas.com,,https://www.instagram.com/barsottisdallas/,Yes,found_homepage
Panevino Osteria,"5000 Belt Line Rd #300, Dallas, TX 75254",https://panevinoosteria.com,Yes,(469) 677-1536,,8.0,83.0,32.7929297,-96.8578994,Italian restaurant,Food & Restaurant,75201,panevinoaddisontx@gmail.com,,,panevinoaddisontx@gmail.com,https://www.facebook.com/319462985473451,,Yes,found_homepage
Nonna | Tabu,"4115 Lomo Alto Dr, Dallas, TX 75219",https://nonna-dallas.com,Yes,(214) 521-1800,,6.0,43.0,32.7929297,-96.8578994,Italian restaurant,Food & Restaurant,75201,info@nonnadallas.com,,,info@nonnadallas.com,https://www.facebook.com/nonnadallas/,https://www.instagram.com/nonnadallas/?utm_medium=copy_link,Yes,found_subpage
Parrino's,"4115 Lomo Alto Dr, Dallas, TX 75219",https://nonna-dallas.com,Yes,(214) 521-1800,,6.0,43.0,32.7929297,-96.8578994,Italian restaurant,Food & Restaurant,75201,info@nonnadallas.com,,,info@nonnadallas.com,https://www.facebook.com/nonnadallas/,https://www.instagram.com/nonnadallas/?utm_medium=copy_link,Yes,found_subpage
Princi Italia - Dallas,"2330 Flora St #200, Dallas, TX 75201",https://theartisandallas.com,Yes,(214) 270-1490,,5.0,10.0,32.7929297,-96.8578994,Italian restaurant,Food & Restaurant,75201,info@theartisandallas.com,,,info@theartisandallas.com,https://www.facebook.com/TheArtisanDallas/?ref=br_rs,https://www.instagram.com/theartisandallas/,Yes,found_homepage
Holy Ravioli,"4337 Lovers Ln, Dallas, TX 75225",https://holyravioli.com,Yes,(214) 696-3993,,4.0,5.0,32.7929297,-96.8578994,Italian restaurant,Food & Restaurant,75201,,,,,http://www.facebook.com/holy-ravioli-364713525625,http://www.instagram.com/theholyravioli/,No,no_contact_found
Prego Pasta House,"4930 Greenville Ave, Dallas, TX 75206",https://pregopastahouse.com,Yes,(214) 363-9204,,3.0,77.0,32.7929297,-96.8578994,Italian restaurant,Food & Restaurant,75201,jay.pregopastahouse@gmail.com,,,jay.pregopastahouse@gmail.com,https://www.facebook.com/PregpPastaHouse/,https://www.instagram.com/pregopastahouse/,Yes,found_subpage
Lucia,"287 N Bishop Ave, Dallas, TX 75208",https://luciadallas.com,Yes,(214) 948-4998,,9.0,69.0,32.7929297,-96.8578994,Italian restaurant,Food & Restaurant,75201,,,,,https://www.facebook.com/Lucia-Dallas-118749384831092,,No,no_contact_found
Centrale Italia,"287 N Bishop Ave, Dallas, TX 75208",https://luciadallas.com,Yes,(214) 948-4998,,9.0,69.0,32.7929297,-96.8578994,Italian restaurant,Food & Restaurant,75201,,,,,https://www.facebook.com/Lucia-Dallas-118749384831092,,No,no_contact_found
Roman Cucina,"7989 Belt Line Rd #315, Dallas, TX 75248",https://romancucina.com,Yes,(972) 716-9950,,214.0,1.0,32.7929297,-96.8578994,Italian restaurant,Food & Restaurant,75201,romancucina@yahoo.com,,,romancucina@yahoo.com,https://www.facebook.com/Roman-Cucina-469613969811464/,,Yes,found_subpage
CiboDivino Marketplace,"1868 Sylvan Ave d100, Dallas, TX 75208",https://cibodivinomkt.com,Yes,(214) 653-2426,,7.0,51.0,32.7929297,-96.8578994,Italian restaurant,Food & Restaurant,75201,info@cibodivinomkt.com,,,info@cibodivinomkt.com,https://www.facebook.com/pages/CiboDivino-Marketplace/1509983099248858,https://instagram.com/cibodivinomkt/,Yes,found_homepage
Anthony's Eatalian,"3797 Forest Ln #101, Dallas, TX 75244",https://anthonyseatalian.com,Yes,(214) 238-3799,,293.0,1.0,32.7929297,-96.8578994,Italian restaurant,Food & Restaurant,75201,robert@anthonyseatalian.com,,,robert@anthonyseatalian.com,https://www.facebook.com/312644885595560,https://www.instagram.com/anthonyseataliandallas,Yes,found_homepage
MoMo Italian Kitchen - Lake Highlands,"3797 Forest Ln #101, Dallas, TX 75244",https://anthonyseatalian.com,Yes,(214) 238-3799,,293.0,1.0,32.7929297,-96.8578994,Italian restaurant,Food & Restaurant,75201,robert@anthonyseatalian.com,,,robert@anthonyseatalian.com,https://www.facebook.com/312644885595560,https://www.instagram.com/anthonyseataliandallas,Yes,found_homepage
Terry Black's Barbecue,"3025 Main St, Dallas, TX 75226",https://terryblacksbbq.com,Yes,(469) 399-0081,,758.0,12.0,32.7809852,-96.8784679,BBQ restaurant,Food & Restaurant,75201,,,,,https://www.facebook.com/terryblacksbbq,https://www.instagram.com/terryblacks_bbq/,No,no_contact_found
Brisket Rules,"211 S Akard St, Dallas, TX 75202",https://brisketrules.com,Yes,(469) 796-9681,,6.0,5.0,32.7809852,-96.8784679,BBQ restaurant,Food & Restaurant,75201,,,,,https://www.facebook.com/110104288691644,https://www.instagram.com/brisketrules/,No,no_contact_found
Baby Back Shak,"1800 S Akard St, Dallas, TX 75215",https://babybackshak.com,Yes,(214) 428-7427,,23.0,1.0,32.7809852,-96.8784679,BBQ restaurant,Food & Restaurant,75201,babybackshak@yahoo.com,,,babybackshak@yahoo.com,https://www.facebook.com/BabyBackShak/,https://www.instagram.com/babybackshak/?hl=en,Yes,found_homepage
Smokin' & Rollin' BBQ,"2017 S Riverfront Blvd, Dallas, TX 75207",https://dallassoulfood.com,Yes,(469) 628-3002,,0.0,34.0,32.7809852,-96.8784679,BBQ restaurant,Food & Restaurant,75201,,,,,,,No,no_contact_found
Off the Bone Barbeque,"2017 S Riverfront Blvd, Dallas, TX 75207",https://dallassoulfood.com,Yes,(469) 628-3002,,0.0,34.0,32.7809852,-96.8784679,BBQ restaurant,Food & Restaurant,75201,,,,,,,No,no_contact_found
Baker's Ribs,"601 N Haskell Ave., Dallas, TX 75246",https://bakersribs.com,Yes,(214) 748-5433,,0.0,9.0,32.7809852,-96.8784679,BBQ restaurant,Food & Restaurant,75201,,,,,https://www.facebook.com/BakersRibs/,https://www.instagram.com/bakersribs/,No,no_contact_found
Slow Bone BBQ,"2939 Main St, Dallas, TX 75226",https://gyu-kaku.com,Yes,(214) 484-2744,,7.0,11.0,32.7809852,-96.8784679,BBQ restaurant,Food & Restaurant,75201,,,,,,,No,no_contact_found
Oak'd BBQ,"5500 Greenville Ave # 1300, Dallas, TX 75206",https://oakdbbq.com,Yes,(214) 242-8671,,127.0,2.0,32.8560444,-96.8404948,BBQ restaurant,Food & Restaurant,75201,,,,,,,No,no_contact_found
Jack Ruby's Saloon and Grill,"1710 N Record St, Dallas, TX 75202",https://jackrubysaloon.com,Yes,(972) 314-8001,,4.0,16.0,32.7814158,-96.8795912,BBQ restaurant,Food & Restaurant,75201,vicky.roan@jackrubysaloon.com,joe.groves@amicuscorporation.com,onstage@jackrubysaloon.com,vicky.roan@jackrubysaloon.com | joe.groves@amicuscorporation.com | onstage@jackrubysaloon.com,,,Yes,found_subpage
Lil Mama's Bar-B-Que,"4353 Spring Ave, Dallas, TX 75210",https://lilmamasbarbque.com,Yes,(469) 250-7684,,8.0,7.0,32.7739069,-96.8157756,BBQ restaurant,Food & Restaurant,75201,,,,,https://www.facebook.com/lilmamasbarbquelife/,,No,no_contact_found
Sonny Bryan's Smokehouse,"2202 Inwood Rd, Dallas, TX 75235",https://sonnybryans.com,Yes,(214) 357-7120,,80.0,3.0,32.8172441,-96.9128541,BBQ restaurant,Food & Restaurant,75201,,,,,,,No,no_contact_found
Heim Barbecue on Mockingbird,"2202 Inwood Rd, Dallas, TX 75235",https://sonnybryans.com,Yes,(214) 357-7120,,80.0,3.0,32.8172441,-96.9128541,BBQ restaurant,Food & Restaurant,75201,,,,,,,No,no_contact_found
Smokey John's,"1820 W Mockingbird Ln #18, Dallas, TX 75235",https://smokeyjohns.com,Yes,(214) 352-2752,,320.0,2.0,32.8172441,-96.9128541,BBQ restaurant,Food & Restaurant,75201,,,,,,,No,no_contact_found
Koolys BBQ,"1219 E Illinois Ave, Dallas, TX 75216",https://koolysbbq.shop,Yes,(214) 779-4681,,517.0,1.0,32.7206969,-96.878971,BBQ restaurant,Food & Restaurant,75201,,,,,,,No,no_contact_found
Laura's Sunny South BBQ,"1219 E Illinois Ave, Dallas, TX 75216",https://koolysbbq.shop,Yes,(214) 779-4681,,517.0,1.0,32.7206969,-96.878971,BBQ restaurant,Food & Restaurant,75201,,,,,,,No,no_contact_found
The Original Roy Hutchins Barbeque,"3000 TX-114, Trophy Club, TX 76262",https://royhutchinsbbq.com,Yes,(682) 237-4100,,530.0,3.0,32.9863416,-97.2422373,BBQ restaurant,Food & Restaurant,75201,info@royhutchinsbbq.com,,,info@royhutchinsbbq.com,https://www.facebook.com/royhutchinsbbq,https://www.instagram.com/royhutchinsbbq,Yes,found_subpage
Maple Landing,"5855 Maple Ave, Dallas, TX 75235",https://themaplelanding.com,Yes,(214) 612-6473,,509.0,1.0,32.8225676,-96.9105961,BBQ restaurant,Food & Restaurant,75201,,,,,,,No,no_contact_found
Big Al's Smokehouse BBQ,"3317 Inwood Rd, Dallas, TX 75235",https://bigalsbbq.com,Yes,(214) 350-2649,,354.0,1.0,32.8225676,-96.9105961,BBQ restaurant,Food & Restaurant,75201,,,,,https://www.facebook.com/bigalssmokehouse/,https://www.instagram.com/bigalsbbqdallas/?hl=en,No,no_contact_found
Smoky Rose,"8602 Garland Rd, Dallas, TX 75218",https://smokyrose.com,Yes,(469) 776-5655,,163.0,3.0,32.8230587,-96.7864927,BBQ restaurant,Food & Restaurant,75201,info@smokyrose.com,,,info@smokyrose.com,https://www.facebook.com/smokyrosedallas,http://instagram.com/dallassmokyrose,Yes,found_homepage
T D's Barbecue,"3403 S Lancaster Rd, Dallas, TX 75216",https://visitdallas.com,Yes,(214) 372-9840,,281.0,1.0,32.7061854,-96.8730479,BBQ restaurant,Food & Restaurant,75201,accounting@visitdallas.com,,,accounting@visitdallas.com,https://www.facebook.com/visitdallas,https://www.instagram.com/visit_dallas/,Yes,found_subpage
Two Podners Restaurant,"3403 S Lancaster Rd, Dallas, TX 75216",https://visitdallas.com,Yes,(214) 372-9840,,281.0,1.0,32.7061854,-96.8730479,BBQ restaurant,Food & Restaurant,75201,accounting@visitdallas.com,,,accounting@visitdallas.com,https://www.facebook.com/visitdallas,https://www.instagram.com/visit_dallas/,Yes,found_subpage
Back Country BBQ,"6940 Greenville Ave, Dallas, TX 75231",https://backcountrybbq.com,Yes,(214) 696-6940,,7.0,82.0,32.8724696,-96.835471,BBQ restaurant,Food & Restaurant,75201,,,,,,,No,no_contact_found
One90 Smoked Meats,"1514 Elm St #611, Dallas, TX 75201",https://skyblossombistro.com,Yes,(469) 313-1524,,2.0,71.0,32.7813605,-96.8711664,BBQ restaurant,Food & Restaurant,75201,info@skyblossombistro.com,,,info@skyblossombistro.com,,,Yes,found_homepage
Dickey's Barbecue Pit Central,"4610 N Central Expy, Dallas, TX 75206",https://dickeys.com,Yes,(214) 370-4550,,181.0,1.0,32.7813605,-96.8711664,BBQ restaurant,Food & Restaurant,75201,,,,,https://www.facebook.com/dickeysbarbecuepit/,https://www.instagram.com/dickeysbarbecuepit,No,no_contact_found
Manpuku Japanese BBQ Dallas,"2023 Greenville Ave, Dallas, TX 75206",https://manpukuus.com,Yes,(469) 677-0818,,8.0,29.0,32.7813605,-96.8711664,BBQ restaurant,Food & Restaurant,75201,,,,,https://www.facebook.com/Manpuku.Dallas,https://www.instagram.com/manpuku.cali/,No,no_contact_found
Cattleack Barbeque,"13628 Gamma Rd, Farmers Branch, TX 75244",https://cattleackbbq.com,Yes,(972) 805-0999,,111.0,2.0,32.7813605,-96.8711664,BBQ restaurant,Food & Restaurant,75201,andrew@cattleackbbq.com,,,andrew@cattleackbbq.com,,,Yes,found_homepage
Loro Asian Smokehouse & Bar,"16 Woodall Rodgers Fwy, Dallas, TX 75201",https://eloisaskitchen.com,Yes,(469) 251-3536,,2.0,29.0,32.7813605,-96.8711664,BBQ restaurant,Food & Restaurant,75201,eloisa@eloisaskitchen.com,,,eloisa@eloisaskitchen.com,,https://www.instagram.com/eloisitas/,Yes,found_homepage
Odom's Bar-B-Que,"1971 Singleton Blvd, Dallas, TX 75212",https://odomsbbq.com,Yes,(214) 631-3538,,424.0,1.0,32.7813605,-96.8711664,BBQ restaurant,Food & Restaurant,75201,,,,,,,No,no_contact_found
Mesquite BBQ Since 1959,"145 E Davis St, Mesquite, TX 75149",https://mbbq1959.com,Yes,(972) 285-6573,,556.0,1.0,32.7813605,-96.8711664,BBQ restaurant,Food & Restaurant,75201,,,,,https://www.facebook.com/pages/Mesquite-Barbecue/427684237290797,https://www.instagram.com/mesquitebbq1959/,No,no_contact_found
Aloha Hawaiian Barbecue,"5610 Lemmon Ave A1, Dallas, TX 75209",https://alohabbq.top,Yes,(214) 521-8868,,0.0,81.0,32.7813605,-96.8711664,BBQ restaurant,Food & Restaurant,75201,info@alohabbq.top,black9@qq.com,,info@alohabbq.top | black9@qq.com,,,Yes,found_homepage
5 STAR GRILL,"3330 Elsie Faye Heggins St, Dallas, TX 75215",https://5stargrill.com,Yes,(214) 278-6826,,2.0,17.0,32.7813605,-96.8711664,BBQ restaurant,Food & Restaurant,75201,tino01@sbcglobal.net,,,tino01@sbcglobal.net,https://www.facebook.com/FiveStarGrill/,https://www.instagram.com/fivestargrilldallas/,Yes,found_homepage
Rathbuns Curbside BBQ,"4825 Cole Ave, Dallas, TX 75205",https://rathbunscurbsidebbq.com,Yes,,,,,32.7813605,-96.8711664,BBQ restaurant,Food & Restaurant,75201,geri@chefkentathbun.com,,,geri@chefkentathbun.com,https://www.facebook.com/chefkentrathbun/,https://www.instagram.com/chefkentrathbun/,Yes,found_homepage
K C's Bar & Grill,"3317 S Malcolm X Blvd, Dallas, TX 75215",https://k-cs-bar-grill.poi.place,Yes,(214) 421-3051,,2.0,9.0,32.7813605,-96.8711664,BBQ restaurant,Food & Restaurant,75201,,,,,,,No,no_contact_found
Panther City BBQ,"201 E Hattie St, Fort Worth, TX 76104",https://panthercitybbq.com,Yes,(682) 250-4464,,404.0,2.0,32.7813605,-96.8711664,BBQ restaurant,Food & Restaurant,75201,panthercitybbq@gmail.com,,,panthercitybbq@gmail.com,https://www.facebook.com/817PantherCityBBQ/,https://www.instagram.com/panthercitybbq/,Yes,found_homepage
Kafi BBQ,"8140 N MacArthur Blvd #100, Irving, TX 75063",https://kafibbq.com,Yes,(469) 844-7669,,2.0,78.0,32.7813605,-96.8711664,BBQ restaurant,Food & Restaurant,75201,info@kafibbq.com,,,info@kafibbq.com,,https://www.instagram.com/kafibbq/?hl=en,Yes,found_subpage
Texas de Brazil - Dallas,"2727 Cedar Springs Rd, Dallas, TX 75201",https://texasdebrazil.com,Yes,(214) 740-4911,,216.0,3.0,32.7813605,-96.8711664,BBQ restaurant,Food & Restaurant,75201,,,,,https://www.facebook.com/TexasdeBrazil/,https://www.instagram.com/texasdebrazil/,No,no_contact_found
Strouderosa BBQ,"9090 Skillman St Suite 174a, Dallas, TX 75243",https://strouderosa.com,Yes,(469) 954-3333,,0.0,46.0,32.7809852,-97.0947612,barbecue restaurant,Food & Restaurant,75201,,,,,https://www.facebook.com/strouderosa/,https://www.instagram.com/strouderosa/,No,no_contact_found
Lockhart Smokehouse BBQ,"400 W Davis St, Dallas, TX 75208",https://lockhartsmokehouse.com,Yes,(214) 944-5521,,270.0,4.0,32.7809852,-97.0947612,barbecue restaurant,Food & Restaurant,75201,amity@amitythomas.com,,,amity@amitythomas.com,https://www.facebook.com/lockhartsmokehouse/,https://www.instagram.com/lockhartsmokehouse,Yes,found_subpage
Roti Grill,"Near American Airline Center, 2401 Victory Park Ln #120, Dallas, TX 75219",https://rotigrill.us,Yes,(214) 953-1011,,7.0,27.0,32.8276002,-97.1180278,barbecue restaurant,Food & Restaurant,75201,rotidfw@gmail.com,rotifrisco@gmail.com,info@freshindianfood.com,rotidfw@gmail.com | rotifrisco@gmail.com | info@freshindianfood.com,https://www.facebook.com/rotigrilldallas/,,Yes,found_subpage
Grill & Vine,"1201 Main St, Dallas, TX 75202",https://marriott.com,Yes,(972) 408-9200,,6.0,11.0,32.8276002,-97.1180278,barbecue restaurant,Food & Restaurant,75201,,,,,https://www.facebook.com/groups/marriottbonvoyinsiders/,https://www.instagram.com/marriottbonvoy/,No,no_contact_found
Tejas Brisket Co.,"1318 N Peak St, Dallas, TX 75204",https://tejasbrisket.com,Yes,,,4.0,10.0,32.8276002,-97.1180278,barbecue restaurant,Food & Restaurant,75201,tejasbbqandtacos@gmail.com,,,tejasbbqandtacos@gmail.com,,https://www.instagram.com/tejasbrisket/,Yes,found_homepage
John Beere BBQ,"1318 N Peak St, Dallas, TX 75204",https://tejasbrisket.com,Yes,,,4.0,10.0,32.8276002,-97.1180278,barbecue restaurant,Food & Restaurant,75201,tejasbbqandtacos@gmail.com,,,tejasbbqandtacos@gmail.com,,https://www.instagram.com/tejasbrisket/,Yes,found_homepage
Smokestack Bar & Grill,"921 W Commerce St Ste 128, Dallas, TX 75208",https://smokestackbarngrilltx.com,Yes,(469) 878-0062,,,,32.8172441,-96.9128541,smokehouse restaurant,Food & Restaurant,75201,,,,,,,No,no_contact_found
Smokey Blacks BBQ,"4248 S Fitzhugh Ave suite A, Dallas, TX 75210",https://smokeyblacks.com,Yes,(214) 463-1901,,4.0,2.0,32.7772863,-96.8229643,smokehouse restaurant,Food & Restaurant,75201,,,,,,,No,no_contact_found
Sosa's BBQ,"3120 Fort Worth Ave, Dallas, TX 75211",https://instagram.com,Yes,(214) 478-0339,,9.0,17.0,32.7538467,-96.9441407,smokehouse restaurant,Food & Restaurant,75201,,,,,,,No,no_contact_found
Texas Best Smokehouse,"4880 Mountain Creek Pkwy, Dallas, TX 75236",https://texasbestsmokehouse.com,Yes,(972) 709-7534,,9.0,78.0,32.7889079,-96.8738399,smokehouse restaurant,Food & Restaurant,75201,,,,,,,No,no_contact_found
Del Toro BBQ Pitt Grill restaurant,"1520 Elm St #201, Dallas, TX 75201",https://thewoolworthdallas.com,Yes,(214) 814-0588,,396.0,8.0,32.7813256,-96.8708217,smokehouse restaurant,Food & Restaurant,75201,info@thewoolworthdallas.com,,,info@thewoolworthdallas.com,https://www.facebook.com/TheWoolworth/,https://www.instagram.com/thewoolworth/,Yes,found_homepage
Los Charros Tex-Mex Smokehouse,"6101 Hillcrest Ave, Dallas, TX 75205",https://loscharrostexmex.com,Yes,(214) 219-8282,,8.0,3.0,32.7813256,-96.8708217,smokehouse restaurant,Food & Restaurant,75201,info@loscharrostexmex.com,,,info@loscharrostexmex.com,,https://www.instagram.com/loscharrostexmex?igsh=aHA5cGEzemlsa2F6,Yes,found_homepage
Texas Smokehouse Bar-B-Que,"920 S Harwood St shed 2 suite 168, Dallas, TX 75201",https://dallasfarmersmarket.org,Yes,(214) 655-6328,,5.0,20.0,32.7813256,-96.8708217,smokehouse restaurant,Food & Restaurant,75201,,,,,,,No,no_contact_found
Big Daddy's Hawaiian BBQ (Dallas),"1717 Leonard St, Dallas, TX 75201",https://astradallas.com,Yes,(972) 629-0924,,4.0,53.0,32.7813256,-96.8708217,smokehouse restaurant,Food & Restaurant,75201,info@astradallas.com,,,info@astradallas.com,https://www.facebook.com/astradfw/,https://www.instagram.com/astradfw,Yes,found_subpage
Andreas Prime Steaks & Seafood Uptown Dallas,"2222 McKinney Ave Suite 200, Dallas, TX 75201",https://andreassteakhouse.com,Yes,(214) 389-0071,,6.0,6.0,32.7867753,-96.8243127,steakhouse,Food & Restaurant,75201,andreas@andreassteakhouse.com,,,andreas@andreassteakhouse.com,https://www.facebook.com/andreassteakhouse/,https://www.instagram.com/andreassteakhouse/,Yes,found_homepage
Nuri Steakhouse,"2401 Cedar Springs Rd suite 120, Dallas, TX 75201",https://nuristeakhouse.com,Yes,(469) 270-1745,,7.0,63.0,32.797347,-96.8419779,steakhouse,Food & Restaurant,75201,info@nuristeakhouse.com,,,info@nuristeakhouse.com,https://www.facebook.com/NuriSteakhouse,https://www.instagram.com/nuristeakhouse/?hl=en,Yes,found_subpage
The Liam's Steakhouse,"1713 N Market St, Dallas, TX 75202",https://theliamssteakhouse.com,Yes,(214) 468-4729,,559.0,1.0,32.797347,-96.8419779,steakhouse,Food & Restaurant,75201,,,,,,,No,no_contact_found
Stillwell's,"2575 McKinnon St, Dallas, TX 75201",https://stillwellsdallas.com,Yes,(469) 405-1911,,1.0,29.0,32.797347,-96.8419779,steakhouse,Food & Restaurant,75201,,,,,,https://www.instagram.com/stillwellsdallas/,No,no_contact_found
Tango Room,"1617 Hi Line Dr Suite 250, Dallas, TX 75207",https://tangoroomdallas.com,Yes,(214) 252-8595,,3.0,23.0,32.797347,-96.8419779,steakhouse,Food & Restaurant,75201,,,,,,,No,no_contact_found
Paparazzi Chophouse,"2525 Elm St Suite #150, Dallas, TX 75226",https://paparazzichophouse.com,Yes,(469) 998-0013,,5.0,59.0,32.7842143,-96.8236881,steakhouse,Food & Restaurant,75201,info@paparazzichophouse.com,,,info@paparazzichophouse.com,,https://www.instagram.com/papzzlounge/,Yes,found_subpage
Bob's Steak & Chop House,"555 S Lamar St, Dallas, TX 75202",https://bobs-steakandchop.com,Yes,(214) 652-4800,,5.0,70.0,32.7947891,-96.8400804,steakhouse,Food & Restaurant,75201,chris.tosch@bobs-steakandchop.com,andre.decker@omnihotels.com,,chris.tosch@bobs-steakandchop.com | andre.decker@omnihotels.com,https://www.facebook.com/BobsSteakChopHouse,https://www.instagram.com/bobs_steakandchop/,Yes,found_subpage
Nick & Sam's,"3008 Maple Ave, Dallas, TX 75201",https://nick-sams.com,Yes,(214) 871-7444,,124.0,4.0,32.7947891,-96.8400804,steakhouse,Food & Restaurant,75201,info@nick-sams.com,,,info@nick-sams.com,https://www.facebook.com/nickandsams,https://www.instagram.com/nickandsams,Yes,found_homepage
Fogo de Cho Brazilian Steakhouse,"2619 McKinney Ave #150, Dallas, TX 75204",https://fogodechao.com,Yes,(214) 720-2777,,575.0,6.0,32.7947891,-96.8400804,steakhouse,Food & Restaurant,75201,,,,,https://www.facebook.com/fogorestaurants,https://www.instagram.com/fogo/,No,no_contact_found
Steakyard Dallas,"6726 Shady Brook Ln, Dallas, TX 75231",https://steakyard.com,Yes,(214) 238-0012,,6.0,65.0,32.8663578,-96.799308,steakhouse,Food & Restaurant,75201,info@steakyard.com,,,info@steakyard.com,,,Yes,found_subpage
EVELYN,"1201 Turtle Creek Blvd, Dallas, TX 75207",https://evelyndallastx.com,Yes,(469) 965-2105,,4.0,78.0,32.7946736,-96.8620714,steakhouse,Food & Restaurant,75201,,,,,https://www.facebook.com/p/Evelyn-Dallas-61574614011890/,https://www.instagram.com/evelyndallastx/?utm_source=ig_web_button_share_sheet&igsh=ZDNlZDc0MzIxNw%3D%3D#,No,no_contact_found
Bob's Steak & Chop House,"4300 Lemmon Ave, Dallas, TX 75219",https://bobs-steakandchop.com,Yes,(214) 528-9446,,336.0,1.0,32.7946736,-96.8620714,steakhouse,Food & Restaurant,75201,chris.tosch@bobs-steakandchop.com,andre.decker@omnihotels.com,,chris.tosch@bobs-steakandchop.com | andre.decker@omnihotels.com,https://www.facebook.com/BobsSteakChopHouse,https://www.instagram.com/bobs_steakandchop/,Yes,found_subpage
Pappas Bros. Steakhouse,"10477 Lombardy Ln, Dallas, TX 75220",https://pappasbros.com,Yes,(214) 366-2000,,568.0,3.0,32.8669325,-96.9336415,steakhouse,Food & Restaurant,75201,,,,,https://www.facebook.com/PappasBros,https://www.instagram.com/pappasbrossteakhouse/,No,no_contact_found
Truluck's Ocean's Finest Seafood and Crab,"2401 McKinney Ave, Dallas, TX 75201",https://trulucks.com,Yes,(214) 220-2401,,452.0,2.0,32.7948633,-96.8390305,steakhouse,Food & Restaurant,75201,dallasevents@trulucks.com,,,dallasevents@trulucks.com,https://www.facebook.com/TrulucksRestaurantGroup/,https://www.instagram.com/trulucksrestaurant/,Yes,found_subpage
The Reserve at The Highland,"5300 E Mockingbird Ln, Dallas, TX 75206",https://thereserveatthehighland.com,Yes,(214) 443-9339,,284.0,1.0,32.8359912,-96.8142163,steakhouse,Food & Restaurant,75201,info@thereserveatthehighland.com,,,info@thereserveatthehighland.com,https://www.facebook.com/TheReserveatTheHighland/,https://www.instagram.com/reserveatthehighland/,Yes,found_subpage
Charco Broiler Steak House,"413 Jefferson Blvd, Dallas, TX 75208",https://charcooakcliff.com,Yes,(214) 856-1255,,757.0,2.0,32.743438,-96.8650276,steakhouse,Food & Restaurant,75201,nicks99t@aol.com,,,nicks99t@aol.com,https://www.facebook.com/charco.broiler.5/,https://www.instagram.com/charcobroilerofficial/,Yes,found_homepage
Dunston's Steak House,"8526 Harry Hines Blvd, Dallas, TX 75235",https://dunstonssteakhouse.com,Yes,(214) 637-3513,,768.0,2.0,32.743438,-96.8650276,steakhouse,Food & Restaurant,75201,dunstons@icloud.com,dunstons.booktbd@gmail.com,,dunstons@icloud.com | dunstons.booktbd@gmail.com,,,Yes,found_subpage
Crown Block Dallas,"300 Reunion Blvd E, Dallas, TX 75207",https://crownblockdallas.com,Yes,(214) 321-3149,,648.0,1.0,32.743438,-96.8650276,steakhouse,Food & Restaurant,75201,,,,,https://www.facebook.com/crownblockdallas/,https://www.instagram.com/crownblockdallas/,No,no_contact_found
12 Cuts Brazilian Steakhouse,"18010 Dallas Pkwy, Dallas, TX 75287",https://12cutssteakhouse.com,Yes,(469) 779-7012,,67.0,2.0,32.743438,-96.8650276,steakhouse,Food & Restaurant,75201,groupevents@12cutssteakhouse.com,,,groupevents@12cutssteakhouse.com,https://www.facebook.com/12CutsSteakhouse,https://instagram.com/12cutssteak/,Yes,found_homepage
Saltgrass Steak House,"13561 N Central Expy, Dallas, TX 75243",https://saltgrass.com,Yes,(469) 330-0152,,655.0,3.0,32.743438,-96.8650276,steakhouse,Food & Restaurant,75201,,,,,https://www.facebook.com/saltgrass/,https://www.instagram.com/saltgrass/,No,no_contact_found
Georgie,"4514 Travis St Suite 132, Dallas, TX 75205",https://georgiedallas.com,Yes,(469) 466-8263,,5.0,46.0,32.743438,-96.8650276,steakhouse,Food & Restaurant,75201,b.@lf.efu,,,b.@lf.efu,https://www.facebook.com/georgiedallastx,https://www.instagram.com/georgie.dallas,Yes,found_subpage
Saltgrass Steak House,"4101 Lyndon B Johnson Fwy, Dallas, TX 75244",https://saltgrass.com,Yes,(972) 243-9440,,782.0,2.0,32.743438,-96.8650276,steakhouse,Food & Restaurant,75201,,,,,https://www.facebook.com/saltgrass/,https://www.instagram.com/saltgrass/,No,no_contact_found
Kenny's Wood Fired Grill,"5000 Belt Line Rd Suite 775, Dallas, TX 75254",https://kennyswoodfiredgrill.com,Yes,(972) 392-9663,,184.0,4.0,32.743438,-96.8650276,steakhouse,Food & Restaurant,75201,j.pierce@kennysfood.com,,,j.pierce@kennysfood.com,https://www.facebook.com/KennysWoodFiredGrill/,https://www.instagram.com/kennysrestaurantgroup/,Yes,found_subpage
Chamberlain's Steak & Fish,"5330 Belt Line Rd, Dallas, TX 75254",https://chamberlainssteakhouse.com,Yes,(972) 934-2467,,442.0,2.0,32.743438,-96.8650276,steakhouse,Food & Restaurant,75201,,,,,,,No,no_contact_found
Dunston's Steak House,"5423 W Lovers Ln, Dallas, TX 75209",https://dunstonssteakhouse.com,Yes,(214) 352-8320,,389.0,1.0,32.743438,-96.8650276,steakhouse,Food & Restaurant,75201,dunstons@icloud.com,dunstons.booktbd@gmail.com,,dunstons@icloud.com | dunstons.booktbd@gmail.com,,,Yes,found_subpage
Avra Dallas,"16 Woodall Rodgers Fwy, Dallas, TX 75201",https://eloisaskitchen.com,Yes,(469) 251-3536,,2.0,29.0,32.7865863,-96.8147555,grill restaurant,Food & Restaurant,75201,eloisa@eloisaskitchen.com,,,eloisa@eloisaskitchen.com,,https://www.instagram.com/eloisitas/,Yes,found_homepage
Cowboy Chow,"311 S Akard St, Dallas, TX 75202",https://cowboychowrestaurant.com,Yes,(214) 745-4300,,7.0,53.0,32.782268,-96.814782,grill restaurant,Food & Restaurant,75201,,,,,https://www.facebook.com/cowboychowrestaurant,https://www.instagram.com/cowboychowrestaurant,No,no_contact_found
Open Sesame Lebanese Grill,"2615 Oak Lawn Ave, Dallas, TX 75219",https://opensesameuptown.com,Yes,(469) 726-2825,,347.0,1.0,32.782268,-96.814782,grill restaurant,Food & Restaurant,75201,mokamal18@gmail.com,,,mokamal18@gmail.com,https://www.facebook.com/opensesamedallas,https://www.instagram.com/opensesamelebanesegrill/,Yes,found_homepage
Ozona Grill and Bar,"4615 Greenville Ave, Dallas, TX 75206",https://ozonagrill.com,Yes,(214) 265-9105,,572.0,2.0,32.782268,-96.814782,grill restaurant,Food & Restaurant,75201,ozona@ozonagrill.com,,,ozona@ozonagrill.com,https://www.facebook.com/ozonagrillandbar.dallas/,https://www.instagram.com/ozonagrill/?hl=en,Yes,found_homepage
Uptown Terrace Pool Bar & Grill,"555 S Lamar St, Dallas, TX 75202",https://omnihotels.com,Yes,(214) 744-6664,,,,32.782268,-96.814782,grill restaurant,Food & Restaurant,75201,,,,,,,No,no_contact_found
Blue Sushi Sake Grill,"3220 McKinney Ave STE 100, Dallas, TX 75204",https://bluesushisakegrill.com,Yes,(469) 673-2583,,800.0,1.0,32.782268,-96.814782,grill restaurant,Food & Restaurant,75201,,,,,https://www.facebook.com/bluesushisakegrillrivernorth,https://www.instagram.com/bluesushisakegrill/,No,no_contact_found
Draft Sports Bar & Lounge,"3330 Elsie Faye Heggins St, Dallas, TX 75215",https://5stargrill.com,Yes,(214) 278-6826,,2.0,17.0,32.782268,-96.814782,grill restaurant,Food & Restaurant,75201,tino01@sbcglobal.net,,,tino01@sbcglobal.net,https://www.facebook.com/FiveStarGrill/,https://www.instagram.com/fivestargrilldallas/,Yes,found_homepage
S & D Oyster Company,"2701 McKinney Ave, Dallas, TX 75204",https://sdoyster.com,Yes,(214) 880-0111,,3.0,91.0,32.7936788,-96.8416624,seafood restaurant,Food & Restaurant,75201,therese@sdoyster.com,,,therese@sdoyster.com,https://www.facebook.com/137216016150731,https://www.instagram.com/sdoyster,Yes,found_homepage
Pesca Coastal Classics and Seafood Boils,"3011 Gulden Ln #107, Dallas, TX 75212",https://pescacoastalclassics.com,Yes,(469) 206-9920,,6.0,11.0,32.7794467,-96.8645808,seafood restaurant,Food & Restaurant,75201,hello@pescacoastalclassics.com,,,hello@pescacoastalclassics.com,,https://www.instagram.com/pescacoastalclassics/,Yes,found_homepage
Hook Line & Sinker,"3103 Lemmon Ave E, Dallas, TX 75204",https://hookline-sinker.com,Yes,(214) 965-0707,,21.0,3.0,32.8058968,-96.8347766,seafood restaurant,Food & Restaurant,75201,,,,,,,No,no_contact_found
Catch,"3005 Maple Ave, Dallas, TX 75201",https://catchrestaurants.com,Yes,(214) 983-1440,,6.0,42.0,32.8058968,-96.8347766,seafood restaurant,Food & Restaurant,75201,catchmiamibeachreservations@catchhg.com,,,catchmiamibeachreservations@catchhg.com,,https://www.instagram.com/catch/,Yes,found_subpage
Boil Daddy - Deep Ellum,"2639 Elm St #100, Dallas, TX 75226",https://theboildaddy.com,Yes,(214) 964-0056,,3.0,13.0,32.8058968,-96.8347766,seafood restaurant,Food & Restaurant,75201,info@theboilddaddy.com,,,info@theboilddaddy.com,,https://www.instagram.com/theboildaddy,Yes,found_homepage
The Crab Station - Oyster Bar (Deep Ellum),"2813 Commerce St, Dallas, TX 75226",https://thecrabstation.com,Yes,(214) 242-9850,,1.0,94.0,32.8058968,-96.8347766,seafood restaurant,Food & Restaurant,75201,,,,,,,No,no_contact_found
Crab & Vibes by Miami Vibes,"1639 South Blvd, Dallas, TX 75215",https://crabsandvibes.com,Yes,(469) 207-8149,,1.0,1.0,32.7623252,-96.8148326,seafood restaurant,Food & Restaurant,75201,,,,,,,No,no_contact_found
Pappadeaux Seafood Kitchen,"3520 Oak Lawn Ave, Dallas, TX 75219",https://pappadeaux.com,Yes,(214) 521-4700,,836.0,6.0,32.8120298,-96.8406024,seafood restaurant,Food & Restaurant,75201,,,,,https://www.facebook.com/PappadeauxSeafoodKitchen,https://www.instagram.com/pappadeaux/?hl=en,No,no_contact_found
Billy Can Can,"2386 Victory Park Ln, Dallas, TX 75219",https://billycancan.com,Yes,(214) 296-2610,,9.0,77.0,32.8120298,-96.8406024,seafood restaurant,Food & Restaurant,75201,reservations@billycancan.com,,,reservations@billycancan.com,https://www.facebook.com/BillyCanCan,https://www.instagram.com/billycancansaloon/,Yes,found_homepage
Flying Fish,"1838 Irving Blvd, Dallas, TX 75207",https://flyingfishinthe.net,Yes,(214) 390-9311,,829.0,2.0,32.7940729,-96.8619204,seafood restaurant,Food & Restaurant,75201,sponsorship@anotherplanet.com,,,sponsorship@anotherplanet.com,https://www.facebook.com/flyingfishrestaurant/,https://www.instagram.com/flyingfishrestaurant/,Yes,found_subpage
Lovers Seafood & Market,"5200 W Lovers Ln, Dallas, TX 75209",https://loversseafoodmarket.com,Yes,(214) 414-9880,,1.0,86.0,32.8509875,-96.8582518,seafood restaurant,Food & Restaurant,75201,,,,,https://www.facebook.com/ShinseiRestaurant,https://www.instagram.com/shinseirestaurant/?hl=en,No,no_contact_found
Big Shucks Seafood Restaurant & Oyster Bar,"6232 E Mockingbird Ln, Dallas, TX 75214",https://awshucksdallas.com,Yes,(214) 887-6353,,408.0,3.0,32.8361494,-96.7929733,seafood restaurant,Food & Restaurant,75201,,,,,,,No,no_contact_found
Montlake Cut,"8220 Westchester Dr b, Dallas, TX 75225",https://mlcdallas.com,Yes,(214) 739-8220,,5.0,33.0,32.8632398,-96.8424919,seafood restaurant,Food & Restaurant,75201,,,,,,,No,no_contact_found
Aw Shucks Seafood Restaurant & Oyster Bar,"3601 Greenville Ave, Dallas, TX 75206",https://awshucksdallas.com,Yes,(214) 821-9449,,430.0,2.0,32.8632398,-96.8424919,seafood restaurant,Food & Restaurant,75201,,,,,,,No,no_contact_found
Uchi Dallas,"2817 Maple Ave, Dallas, TX 75201",https://uchi.uchirestaurants.com,Yes,(214) 855-5454,,710.0,2.0,32.8632398,-96.8424919,seafood restaurant,Food & Restaurant,75201,,,,,,,No,no_contact_found
Cafe Pacific,"24 Highland Park Village, Dallas, TX 75205",https://cafepacificdallas.com,Yes,(214) 526-1170,,6.0,54.0,32.8632398,-96.8424919,seafood restaurant,Food & Restaurant,75201,,,,,,,No,no_contact_found
Captain Bill's Seafood,"1933 Elm St, Dallas, TX 75201",https://kitchenkocktailsusa.com,Yes,(469) 472-5445,,241.0,19.0,32.8632398,-96.8424919,seafood restaurant,Food & Restaurant,75201,,,,,,,No,no_contact_found
El Gordo Seafood,"451 W Davis St, Dallas, TX 75208",https://elgordobishoparts.com,Yes,(469) 496-5026,,9.0,13.0,32.8632398,-96.8424919,seafood restaurant,Food & Restaurant,75201,elgordoseafoodllc@gmail.com,,,elgordoseafoodllc@gmail.com,,https://www.instagram.com/elgordoseafood/,Yes,found_homepage
Rex's Seafood and Market,"6713 W Northwest Hwy, Dallas, TX 75225",https://rexsseafood.com,Yes,(214) 758-0566,,0.0,52.0,32.8632398,-96.8424919,seafood restaurant,Food & Restaurant,75201,,,,,https://www.facebook.com/1580195052247355,,No,no_contact_found
Dive Coastal Cuisine,"3404 Rankin Ave, Dallas, TX 75205",https://divecoastal.com,Yes,(214) 891-1700,,7.0,24.0,32.8632398,-96.8424919,seafood restaurant,Food & Restaurant,75201,info@divecoastal.com,,,info@divecoastal.com,https://www.facebook.com/DiveCoastalCuisine/,https://www.instagram.com/dive_dallas/,Yes,found_subpage
Seafood Shack - Dallas,"3701 W Northwest Hwy, Dallas, TX 75220",https://seafoodshackdallas.com,Yes,(214) 351-2000,,840.0,1.0,32.8632398,-96.8424919,seafood restaurant,Food & Restaurant,75201,,,,,,,No,no_contact_found
The Oceanaire Seafood Room,"3701 W Northwest Hwy, Dallas, TX 75220",https://seafoodshackdallas.com,Yes,(214) 351-2000,,840.0,1.0,32.8632398,-96.8424919,seafood restaurant,Food & Restaurant,75201,,,,,,,No,no_contact_found
Del Mar Seafood Restaurant,"2706 Samuell Blvd Suite 110A, Dallas, TX 75223",https://delmarseafoodrestaurant.com,Yes,(214) 258-6761,,1.0,34.0,32.8632398,-96.8424919,seafood restaurant,Food & Restaurant,75201,,,,,https://www.facebook.com/profile.php?id=100063646926545,https://www.instagram.com/delmar_seafood/reels/,No,no_contact_found
Crab Pot Boil House and Oyster Bar,"1401 Elm St 49th Floor, Dallas, TX 75201",https://monarchrestaurants.com,Yes,(214) 945-2222,,722.0,1.0,32.8632398,-96.8424919,seafood restaurant,Food & Restaurant,75201,,,,,https://www.facebook.com/monarchrestaurants/,https://www.instagram.com/monarchrestaurants/,No,no_contact_found
Half Shells,"6617 Snider Plaza, Dallas, TX 75205",https://fishcitygrill.com,Yes,(214) 691-8164,,2.0,45.0,32.8632398,-96.8424919,seafood restaurant,Food & Restaurant,75201,,,,,https://www.facebook.com/fishcitygrill,https://www.instagram.com/fishcitygrill/,No,no_contact_found
Even Coast,"6617 Snider Plaza, Dallas, TX 75205",https://fishcitygrill.com,Yes,(214) 691-8164,,2.0,45.0,32.8632398,-96.8424919,seafood restaurant,Food & Restaurant,75201,,,,,https://www.facebook.com/fishcitygrill,https://www.instagram.com/fishcitygrill/,No,no_contact_found
Aunt Irene's Kitchen,"2802 Lagow St, Dallas, TX 75210",https://aikdallas.com,Yes,(972) 878-5669,,652.0,3.0,32.8632398,-96.8424919,seafood restaurant,Food & Restaurant,75201,,,,,,,No,no_contact_found
Sunset Crab Shack,"3333 Harry Hines Blvd Suite 100, Dallas, TX 75201",https://localtapandtable.com,Yes,(469) 283-2000,,826.0,3.0,32.8632398,-96.8424919,seafood restaurant,Food & Restaurant,75201,contact@localtapandtable.com,,,contact@localtapandtable.com,,,Yes,found_homepage
Anaya's Seafood Addison,"15203 Knoll Trail Dr #110, Dallas, TX 75248",https://anayaseafood.com,Yes,(214) 200-3136,,4.0,64.0,32.8632398,-96.8424919,seafood restaurant,Food & Restaurant,75201,,,,,https://www.facebook.com/p/Anayas-Seafood-Scratch-Kitchen-Richardson-100057664994211/,https://www.instagram.com/anayaseafood/,No,no_contact_found
Palapas The Original Seafood Bar,"1418 Greenville Ave, Dallas, TX 75206",https://originalpalapas.com,Yes,(469) 214-2103,,8.0,93.0,32.8632398,-96.8424919,seafood restaurant,Food & Restaurant,75201,,,,,,,No,no_contact_found
Fish n Tails Oyster Bar,"1418 Greenville Ave, Dallas, TX 75206",https://originalpalapas.com,Yes,(469) 214-2103,,8.0,93.0,32.8632398,-96.8424919,seafood restaurant,Food & Restaurant,75201,,,,,,,No,no_contact_found
Flying Fish,"6126 Luther Ln, Dallas, TX 75225",https://flyingfishinthe.net,Yes,(214) 696-3474,,232.0,1.0,32.8632398,-96.8424919,seafood restaurant,Food & Restaurant,75201,sponsorship@anotherplanet.com,,,sponsorship@anotherplanet.com,https://www.facebook.com/flyingfishrestaurant/,https://www.instagram.com/flyingfishrestaurant/,Yes,found_subpage
Urban Seafood Company,"555 S Lamar St, Dallas, TX 75202",https://bobs-steakandchop.com,Yes,(214) 652-4800,,5.0,70.0,32.8632398,-96.8424919,seafood restaurant,Food & Restaurant,75201,chris.tosch@bobs-steakandchop.com,andre.decker@omnihotels.com,,chris.tosch@bobs-steakandchop.com | andre.decker@omnihotels.com,https://www.facebook.com/BobsSteakChopHouse,https://www.instagram.com/bobs_steakandchop/,Yes,found_subpage
Patrick Kennedy's Irish Pub,"1201 Main St #100, Dallas, TX 75202",https://patrickkennedysirishpub.com,Yes,(214) 964-0078,,6.0,48.0,32.7905545,-96.8372348,fish and chips,General,75201,,,,,,,No,no_contact_found
The Crafty Irishman at Victory Park,"2401 Victory Park Ln Suite 190, Dallas, TX 75219",https://thecraftyirishman.com,Yes,(214) 716-7550,,3.0,10.0,32.7905545,-96.8372348,fish and chips,General,75201,,,,,,,No,no_contact_found
Harwood Arms,"2823 McKinnon St, Dallas, TX 75201",https://harwoodarmsdallas.com,Yes,(214) 273-5151,,3.0,64.0,32.7905545,-96.8372348,fish and chips,General,75201,,,,,https://www.facebook.com/harwoodarmsdallas,https://www.instagram.com/harwoodarmsdallas/,No,no_contact_found
The End of The Trail,"2588 N Houston St ste 100, Dallas, TX 75219",https://theendofthetraildtx.com,Yes,(972) 685-4363,,1.0,7.0,32.7905545,-96.8372348,fish and chips,General,75201,,,,,,,No,no_contact_found
Blackfriar Pub,"2621 McKinney Ave, Dallas, TX 75204",https://blackfriarpub.com,Yes,(214) 953-0599,,2.0,96.0,32.7905545,-96.8372348,fish and chips,General,75201,,,,,https://www.facebook.com/blackfriarpubdallas,https://www.instagram.com/blackfriarpubdallas/,No,no_contact_found
Armoury D.E.,"2714 Elm St, Dallas, TX 75226",https://armouryde.com,Yes,(972) 803-5151,,279.0,1.0,32.7905545,-96.8372348,fish and chips,General,75201,matt@badlatimer.com,,,matt@badlatimer.com,https://www.facebook.com/armoury2714,,Yes,found_homepage
Kennedy Room,"2817 Maple Ave, Dallas, TX 75201",https://uchi.uchirestaurants.com,Yes,(214) 855-5454,,710.0,2.0,32.7905545,-96.8372348,fish and chips,General,75201,,,,,,,No,no_contact_found
Thomas Avenue Beverage Co,"2901 Thomas Ave, Dallas, TX 75204",https://tabctavern.com,Yes,(972) 765-3560,,5.0,8.0,32.7905545,-96.8372348,fish and chips,General,75201,manager@tabctavern.com,,,manager@tabctavern.com,https://www.facebook.com/tabctavern,https://www.instagram.com/tabctavern,Yes,found_homepage
Esco Dallas Restaurant and Tapas,"2901 Thomas Ave, Dallas, TX 75204",https://tabctavern.com,Yes,(972) 765-3560,,5.0,8.0,32.7905545,-96.8372348,fish and chips,General,75201,manager@tabctavern.com,,,manager@tabctavern.com,https://www.facebook.com/tabctavern,https://www.instagram.com/tabctavern,Yes,found_homepage
Hugos Seafood Bar,"1701 N Market St #102, Dallas, TX 75202",https://rjmexicancuisine.com,Yes,(214) 744-1420,,258.0,11.0,32.7905545,-96.8372348,fish and chips,General,75201,rjmexicancuisine@sbcglobal.net,rjmexicandallas@gmail.com,,rjmexicancuisine@sbcglobal.net | rjmexicandallas@gmail.com,,http://instagram.com/rjmexicancuisine,Yes,found_subpage
TEN Sushi + Cocktail Bar,"2301 N Akard St, Dallas, TX 75201",https://tensushicocktail.com,Yes,(945) 205-0222,,5.0,46.0,32.7894201,-96.8339455,shrimp restaurant,Food & Restaurant,75201,,,,,https://www.facebook.com/tensushicocktailbar/,https://www.instagram.com/tensushicocktailbar/?hl=en,No,no_contact_found
Green Point Seafood and Oyster Bar,"3219 Knox St, Dallas, TX 75205",https://greenpointdallas.com,Yes,(214) 258-6063,,6.0,38.0,32.8232481,-96.825971,shrimp restaurant,Food & Restaurant,75201,info@greenpointdallas.com,,,info@greenpointdallas.com,,https://www.instagram.com/green.pointdallas/,Yes,found_homepage
Pier 88 Boiling Seafood & Bar Dallas,"10560 Walnut St #100, Dallas, TX 75243",https://pier88dallas.com,Yes,(214) 501-2713,,4.0,44.0,32.9159764,-96.7371598,shrimp restaurant,Food & Restaurant,75201,,,,,,,No,no_contact_found
"Written by the Seasons, The Quad","2681 Howell St STE BU2, Dallas, TX 75201",https://writtenbytheseasons.com,Yes,(214) 605-3131,,3.0,22.0,32.790975,-96.8397713,shrimp restaurant,Food & Restaurant,75201,,,,,,,No,no_contact_found
Another Broken Egg Cafe,"3223 Lemmon Ave #103, Dallas, TX 75204",https://anotherbrokenegg.com,Yes,(972) 803-6323,,5.0,11.0,32.8068872,-96.8365307,breakfast restaurant,Food & Restaurant,75201,,,,,https://www.facebook.com/AnotherBrokenEgg/,https://www.instagram.com/anotherbrokenegg/,No,no_contact_found
Toastique,"3839 McKinney Ave #135, Dallas, TX 75204",https://toastique.com,Yes,(214) 272-9400,,2.0,9.0,32.7804809,-96.8372535,breakfast restaurant,Food & Restaurant,75201,,,,,https://www.facebook.com/toastique/,https://www.instagram.com/toastique/,No,no_contact_found
The Original Pancake House DFW,"2900 Lemmon Ave E #200, Dallas, TX 75204",https://ophdfw.com,Yes,(214) 528-7215,,419.0,4.0,32.7770885,-96.8430811,breakfast restaurant,Food & Restaurant,75201,comments@ophdfw.com,,,comments@ophdfw.com,https://www.facebook.com/ophdfw/,https://instagram.com/ophdfw,Yes,found_subpage
Crickle's and Co.,"Front door faces, 4000 Cedar Springs Road, Throckmorton St Suite E, Dallas, TX 75219",https://cricklesandco.com,Yes,(214) 306-9568,,160.0,1.0,32.7770885,-96.8430811,breakfast restaurant,Food & Restaurant,75201,cricklesandco@gmail.com,,,cricklesandco@gmail.com,https://www.facebook.com/122923951398,https://www.instagram.com/cricklesandco,Yes,found_homepage
Mas Street Tacos,"1722 N Market St, Dallas, TX 75202",https://getmastacos.com,Yes,(214) 468-4735,,3.0,59.0,32.7770885,-96.8430811,breakfast restaurant,Food & Restaurant,75201,,,,,,,No,no_contact_found
Community Tacos,"325 North St. Paul Street C9, Dallas, TX 75201",https://communitytacostx.com,Yes,(972) 789-1199,,,,32.7770885,-96.8430811,breakfast restaurant,Food & Restaurant,75201,,,,,,,No,no_contact_found
ONEE Social Restaurant (formally Fivee Bistro),"301 N Market St Ste 100, Dallas, TX 75202",https://cornerbakerycafe.com,Yes,(214) 651-8650,,8.0,94.0,32.7770885,-96.8430811,breakfast restaurant,Food & Restaurant,75201,press@cornerbakerycafe.com,,,press@cornerbakerycafe.com,https://www.facebook.com/cornerbakerycafe,https://www.instagram.com/cornerbakery/,Yes,found_subpage
"Snooze, an A.M. Eatery","301 N Market St Ste 100, Dallas, TX 75202",https://cornerbakerycafe.com,Yes,(214) 651-8650,,8.0,94.0,32.7770885,-96.8430811,breakfast restaurant,Food & Restaurant,75201,press@cornerbakerycafe.com,,,press@cornerbakerycafe.com,https://www.facebook.com/cornerbakerycafe,https://www.instagram.com/cornerbakery/,Yes,found_subpage
Two Hands,"2681 Howell St, Dallas, TX 75204",https://twohandshospitality.com,Yes,(469) 981-7765,,2.0,20.0,32.7982858,-96.8217054,brunch restaurant,Food & Restaurant,75201,franklin@twohandshospitality.com,,,franklin@twohandshospitality.com,https://www.facebook.com/TwoHandsRestaurant,https://www.instagram.com/twohandsrestaurant/,Yes,found_subpage
Culinary Dropout,"150 Turtle Creek Blvd # 101, Dallas, TX 75207",https://culinarydropout.com,Yes,(469) 259-2250,,5.0,95.0,32.7804796,-96.8241984,brunch restaurant,Food & Restaurant,75201,,,,,https://www.facebook.com/culinarydropout/,https://www.instagram.com/culinarydropout/,No,no_contact_found
Elm & Good,"2815 Elm St, Dallas, TX 75226",https://cafebrazil.com,Yes,(214) 747-2730,,591.0,2.0,32.7804796,-96.8241984,brunch restaurant,Food & Restaurant,75201,,,,,,https://www.instagram.com/cafe_brazil_dfw,No,no_contact_found
The Original Pancake House,"4343 W Northwest Hwy #375, Dallas, TX 75220",https://ophdfw.com,Yes,(214) 351-2012,,51.0,2.0,32.864317,-96.9803353,pancake house,General,75201,comments@ophdfw.com,,,comments@ophdfw.com,https://www.facebook.com/ophdfw/,https://instagram.com/ophdfw,Yes,found_subpage
Waffle House,"5111 Ross Ave, Dallas, TX 75206",https://locations.wafflehouse.com,Yes,(214) 824-2539,,304.0,2.0,32.8084337,-97.0625326,waffle house,General,75201,,,,,https://www.facebook.com/WaffleHouse,https://www.instagram.com/wafflehouseofficial/,No,no_contact_found
Waffle House,"9777 Greenville Ave, Dallas, TX 75243",https://locations.wafflehouse.com,Yes,(214) 971-8771,,7.0,50.0,32.8084337,-97.0625326,waffle house,General,75201,,,,,https://www.facebook.com/WaffleHouse,https://www.instagram.com/wafflehouseofficial/,No,no_contact_found
Waffle House,"3818 W Illinois Ave, Dallas, TX 75211",https://locations.wafflehouse.com,Yes,(214) 467-1906,,458.0,1.0,32.8084337,-97.0625326,waffle house,General,75201,,,,,https://www.facebook.com/WaffleHouse,https://www.instagram.com/wafflehouseofficial/,No,no_contact_found
Waffle House,"2291 W Northwest Hwy, Dallas, TX 75220",https://locations.wafflehouse.com,Yes,(214) 351-9910,,180.0,2.0,32.8084337,-97.0625326,waffle house,General,75201,,,,,https://www.facebook.com/WaffleHouse,https://www.instagram.com/wafflehouseofficial/,No,no_contact_found
Waffle House,"8111 E R L Thornton Fwy, Dallas, TX 75228",https://locations.wafflehouse.com,Yes,(214) 660-9212,,587.0,1.0,32.8084337,-97.0625326,waffle house,General,75201,,,,,https://www.facebook.com/WaffleHouse,https://www.instagram.com/wafflehouseofficial/,No,no_contact_found
"Cheba Hut ""Toasted"" Subs","2808 Main St, Dallas, TX 75226",https://chebahut.com,Yes,(469) 466-9368,,7.0,72.0,32.7870464,-96.8348083,sandwich shop,Food & Restaurant,75201,,,,,https://www.facebook.com/chebahut/,https://www.instagram.com/chebahut/?hl=en,No,no_contact_found
Bread Zeppelin,"1300 Main St, Dallas, TX 75202",https://breadzeppelin.com,Yes,(214) 749-0819,,0.0,71.0,32.7870464,-96.8348083,sandwich shop,Food & Restaurant,75201,,,,,,,No,no_contact_found
Mendocino Farms,"2222 McKinney Ave, Dallas, TX 75201",https://potbelly.com,Yes,(214) 303-1007,,1.0,30.0,32.7870464,-96.8348083,sandwich shop,Food & Restaurant,75201,,,,,,,No,no_contact_found
Jimmy John's,"2416 Victory Park Ln Ste. C7, Dallas, TX 75219",https://locations.jimmyjohns.com,Yes,(214) 981-9121,,0.0,14.0,32.7870464,-96.8348083,sandwich shop,Food & Restaurant,75201,,,,,https://www.facebook.com/jimmyjohns/,https://www.instagram.com/jimmyjohns/,No,no_contact_found
East Hampton Sandwich Co.,"3888 Oak Lawn Ave #100, Dallas, TX 75219",https://ehsandwich.com,Yes,(214) 443-7925,,9.0,56.0,32.8159802,-96.8380269,sandwich shop,Food & Restaurant,75201,,,,,,,No,no_contact_found
Jimmy's Food Store,"600 N Pearl St Ste S100, Dallas, TX 75201",https://cornerbakerycafe.com,Yes,(214) 969-0507,,5.0,16.0,32.7867095,-96.8310063,sandwich shop,Food & Restaurant,75201,press@cornerbakerycafe.com,,,press@cornerbakerycafe.com,https://www.facebook.com/cornerbakerycafe,https://www.instagram.com/cornerbakery/,Yes,found_subpage
Potbelly,"3417 Gaston Ave, Dallas, TX 75246",https://potbelly.com,Yes,(469) 872-5182,,6.0,24.0,32.7867095,-96.8310063,sandwich shop,Food & Restaurant,75201,,,,,,,No,no_contact_found
Murphy's Deli,"1601 Elm St # B150, Dallas, TX 75201",https://murphysdeli.com,Yes,(214) 220-9008,,,,32.7867095,-96.8310063,sandwich shop,Food & Restaurant,75201,,,,,https://www.facebook.com/murphysdeli,https://www.instagram.com/murphysdeli,No,no_contact_found
Jimmy John's,"4201 Gaston Ave #112, Dallas, TX 75246",https://locations.jimmyjohns.com,Yes,(214) 515-9177,,2.0,30.0,32.7867095,-96.8310063,sandwich shop,Food & Restaurant,75201,,,,,https://www.facebook.com/jimmyjohns/,https://www.instagram.com/jimmyjohns/,No,no_contact_found
Subway,"1302 Elm St 1st Floor, Dallas, TX 75202",https://restaurants.subway.com,Yes,(214) 747-1088,,0.0,38.0,32.7867095,-96.8310063,sandwich shop,Food & Restaurant,75201,,,,,,,No,no_contact_found
Subway,"1222 Commerce St Suite 150, Dallas, TX 75202",https://restaurants.subway.com,Yes,(214) 741-3229,,8.0,20.0,32.7867095,-96.8310063,sandwich shop,Food & Restaurant,75201,,,,,,,No,no_contact_found
McAlister's Deli,"4101 Lemmon Ave, Dallas, TX 75219",https://locations.mcalistersdeli.com,Yes,(469) 718-5500,,3.0,68.0,32.8148554,-96.8456805,sub shop,Food & Restaurant,75201,,,,,https://www.facebook.com/mcalistersdeli,https://www.instagram.com/mcalistersdeli/,No,no_contact_found
Murphy's Deli,"2850 N Harwood St Suite 110, Dallas, TX 75201",https://figandfavordal.com,Yes,(469) 480-6260,,7.0,2.0,32.7947378,-96.844582,sub shop,Food & Restaurant,75201,hello@figandfavor.com,press@harwoodhospitality.com,,hello@figandfavor.com | press@harwoodhospitality.com,,https://www.instagram.com/figandfavordal/,Yes,found_homepage
Jersey Mike's Subs,"3001 Knox St #107, Dallas, TX 75205",https://jerseymikes.com,Yes,(214) 520-7827,,6.0,40.0,32.7947378,-96.844582,sub shop,Food & Restaurant,75201,privacy@jerseymikes.com,,,privacy@jerseymikes.com,https://www.facebook.com/jerseymikes,https://www.instagram.com/jerseymikes,Yes,found_subpage
Bodega Sandwiches & Wraps,"3510 Ross Ave ste 100, Dallas, TX 75204",https://oomikitchen.com,Yes,(469) 372-0396,,,,32.7851904,-96.832846,deli,General,75201,,,,,,,No,no_contact_found
Trades Delicatessen,"312 W Seventh St, Dallas, TX 75208",https://tradesdeli.com,Yes,(972) 589-3525,,7.0,19.0,32.7487202,-96.8634355,deli,General,75201,info@jaquvaltrades.com,,,info@jaquvaltrades.com,https://www.facebook.com/tradesdeli,https://www.instagram.com/tradesdeli/,Yes,found_homepage
BERKLEY's Market - State Thomas,"2822 McKinney Ave, Dallas, TX 75204",https://berkleysmkt.com,Yes,(214) 238-6999,,1.0,3.0,32.7959367,-96.8376898,deli,General,75201,,,,,,https://www.instagram.com/berkleys.mkt/,No,no_contact_found
Cindi's NY Deli & Restaurant,"3417 Gaston Ave, Dallas, TX 75246",https://potbelly.com,Yes,(469) 872-5182,,6.0,24.0,32.7959367,-96.8376898,deli,General,75201,,,,,,,No,no_contact_found
Latin Deli,"2330 Flora St #200, Dallas, TX 75201",https://theartisandallas.com,Yes,(214) 270-1490,,5.0,10.0,32.7959367,-96.8376898,deli,General,75201,info@theartisandallas.com,,,info@theartisandallas.com,https://www.facebook.com/TheArtisanDallas/?ref=br_rs,https://www.instagram.com/theartisandallas/,Yes,found_homepage
Jason's Deli,"5400 E Mockingbird Ln, Dallas, TX 75206",https://jasonsdeli.com,Yes,(214) 821-7021,,94.0,1.0,32.7959367,-96.8376898,deli,General,75201,,,,,,,No,no_contact_found
Scardello,"3511 Oak Lawn Ave, Dallas, TX 75219",https://scardellocheese.com,Yes,(214) 219-1300,,6.0,23.0,32.7959367,-96.8376898,deli,General,75201,,,,,,,No,no_contact_found
Kroger Deli,"4142 Cedar Springs Rd, Dallas, TX 75219",https://kroger.com,Yes,(972) 725-1269,,4.0,6.0,32.7959367,-96.8376898,deli,General,75201,,,,,,,No,no_contact_found
Deli News Dallas,"17062 Preston Rd STE 100, Dallas, TX 75248",https://delinewsdallastx.com,Yes,(972) 733-3354,,428.0,1.0,32.7959367,-96.8376898,deli,General,75201,,,,,https://www.facebook.com/DeliNewsDallas/,https://www.instagram.com/delinewsdallas?utm_source=ig_web_button_share_sheet&igsh=ZDNlZDc0MzIxNw==,No,no_contact_found
Cindis NY Deli & Restaurant,"7522 Campbell Rd #117, Dallas, TX 75248",https://cindisnydeli.com,Yes,(972) 248-0608,,110.0,1.0,32.7959367,-96.8376898,deli,General,75201,,,,,https://www.facebook.com/CindisDeli,https://www.instagram.com/CindisDeli,No,no_contact_found
"The Cue : Coworking Space in Dallas Arts District, Texas","750 North St. Paul Street, Dallas, TX 75201",https://thecue.work,Yes,(214) 393-4833,,2.0,3.0,32.7959367,-96.8376898,deli,General,75201,hello@thecue.work,,,hello@thecue.work,,,Yes,found_homepage
Walmart Neighborhood Market,"2305 N Central Expy, Dallas, TX 75204",https://walmart.com,Yes,(214) 953-0460,,102.0,4.0,32.7959367,-96.8376898,deli,General,75201,,,,,,,No,no_contact_found
Tom Thumb,"3878 Oak Lawn Ave #18, Dallas, TX 75219",https://local.tomthumb.com,Yes,(972) 560-0233,,8.0,68.0,32.7959367,-96.8376898,deli,General,75201,,,,,,,No,no_contact_found
Seegars Deli,"1910 S Harwood St, Dallas, TX 75215",https://seegarsdeli.com,Yes,(214) 233-6163,,,,32.7959367,-96.8376898,deli,General,75201,,,,,,,No,no_contact_found
Regency,"1611 McKinney Ave, Dallas, TX 75202",https://mesomaya.com,Yes,(214) 484-6555,,457.0,6.0,32.7959367,-96.8376898,deli,General,75201,,,,,,,No,no_contact_found
Yummy Deli,"1903 Main St, Dallas, TX 75201",https://partenopedallas.com,Yes,(214) 463-6222,,38.0,1.0,32.7959367,-96.8376898,deli,General,75201,ciao@partenopedallas.com,richardson@partenopedallas.com,,ciao@partenopedallas.com | richardson@partenopedallas.com,https://www.facebook.com/partenopedallas,https://www.instagram.com/partenopedallas/,Yes,found_subpage
Subway,"901 Main St Suite C-127, Dallas, TX 75202",https://restaurants.subway.com,Yes,(469) 291-5075,,8.0,2.0,32.7809852,-96.842419,hoagie shop,Food & Restaurant,75201,,,,,,,No,no_contact_found
Kendall's Soul Food,"907 Elm St, Dallas, TX 75202",https://kendallssoulfood.com,Yes,(432) 599-0565,,0.0,21.0,32.7806088,-97.3808544,soul food restaurant,Food & Restaurant,75201,,,,,,,No,no_contact_found
Kendall Karsens Upscale Soul Food,"3939 S Polk St #305, Dallas, TX 75224",https://sites.google.com,Yes,(214) 376-2171,,0.0,65.0,32.7806088,-97.3808544,soul food restaurant,Food & Restaurant,75201,,,,,,,No,no_contact_found
Sweet Georgia Brown,"2840 E Ledbetter Dr, Dallas, TX 75216",https://sweetgeorgiabrown.shop,Yes,(214) 375-2020,,217.0,7.0,32.7806088,-97.3808544,soul food restaurant,Food & Restaurant,75201,placejoys.com@gmail.com,,,placejoys.com@gmail.com,,,Yes,found_homepage
Soul Kitchen,"921 W Commerce St, Dallas, TX 75208",https://usmapol.org,Yes,(469) 708-5350,,,,32.7806088,-97.3808544,soul food restaurant,Food & Restaurant,75201,,,,,,,No,no_contact_found
Marys Twisted Kitchen,"1223 E Red Bird Ln, Dallas, TX 75241",https://marystwistedkitchen.com,Yes,(214) 710-8462,,353.0,1.0,32.7806088,-97.3808544,soul food restaurant,Food & Restaurant,75201,,,,,,,No,no_contact_found
Tha Neighborhood Kitchen,"4705 Yancy St, Dallas, TX 75216",https://business.site,Yes,(469) 399-0144,,7.0,38.0,32.7806088,-97.3808544,soul food restaurant,Food & Restaurant,75201,,,,,https://www.facebook.com/GoogleAds/,,No,no_contact_found
Lots of Love Southern Soulfood,"1827 S Haskell Ave, Dallas, TX 75223",https://lotsoflove.com,Yes,(945) 244-0098,,,,32.7806088,-97.3808544,soul food restaurant,Food & Restaurant,75201,,,,,,,No,no_contact_found
Sweet Bella Soul Food Kitchen,"8131 Forest Ln, Dallas, TX 75243",https://sweetbellasoulfoodkitchen.com,Yes,(214) 272-3801,,4.0,45.0,32.7806088,-97.3808544,soul food restaurant,Food & Restaurant,75201,support@getbento.com,,,support@getbento.com,,,Yes,found_homepage
D'Ventures Restaurant OUTDOOR TAKE-OUT ONLY,"7474 S Lancaster Rd, Dallas, TX 75241",https://facebook.com,Yes,(972) 228-4665,,6.0,97.0,32.7806088,-97.3808544,soul food restaurant,Food & Restaurant,75201,,,,,https://www.facebook.com/reg/,https://l.facebook.com/l.php?u=https%3A%2F%2Fwww.instagram.com%2F&h=AT7bDXIaNfgTikRsysvy-PtXodn-_U2qMELlIrH8rlBJ8DIYt7KFJ5khwdbVE8PBIZ-zzBqB2jAy2GYW117ESYaUG2wNA26qX5n1iUj_cx7hL6ltcgoeC0aJrC53TzWI_c-MwlMs10Tp1j55P5wfOrTnhA,No,no_contact_found
Wing Spot,"7616 S Great Trinity Forest Way Suite B, Dallas, TX 75217",https://wingspot.top,Yes,(469) 250-7575,,6.0,13.0,32.7806088,-97.3808544,soul food restaurant,Food & Restaurant,75201,info@wingspot.top,black9@qq.com,,info@wingspot.top | black9@qq.com,,,Yes,found_homepage
Sooul Food Cafe,"3308 Elsie Faye Heggins St, Dallas, TX 75215",https://sooulfood.com,Yes,(972) 280-7787,,,,32.7806088,-97.3808544,soul food restaurant,Food & Restaurant,75201,tino01@sbcglobal1.net,,,tino01@sbcglobal1.net,,,Yes,found_homepage
Roots Southern Table,"13050 Bee St Suit 160, Farmers Branch, TX 75234",https://rootssoutherntable.com,Yes,(214) 346-4441,,244.0,1.0,32.7806088,-97.3808544,soul food restaurant,Food & Restaurant,75201,support@sheffoodandwine.com,reservations@rootssoutherntable.com,info@rootssoutherntable.com,support@sheffoodandwine.com | reservations@rootssoutherntable.com | info@rootssoutherntable.com,https://www.facebook.com/pages/category/Restaurant/Roots-Southern-Table-105990801526326/,https://www.instagram.com/rootssouthtable/,Yes,found_homepage
Soulful Street Bites,"16601 Addison Rd suite 106, Addison, TX 75001",https://soulfulstreetbites.com,Yes,(469) 209-1219,,263.0,1.0,32.7806088,-97.3808544,soul food restaurant,Food & Restaurant,75201,,,,,https://www.facebook.com/SoulfulStreetBites/,https://www.instagram.com/soulful.stbites_/?utm_source=ig_embed&ig_rid=2ee029b0-b67e-4efe-bf8e-598709f08ea6,No,no_contact_found
Classe Ghost Kitchen,"7634 S Great Trinity Forest Way, Dallas, TX 75217",https://classeeats.com,Yes,(214) 282-0070,,1.0,4.0,32.7806088,-97.3808544,soul food restaurant,Food & Restaurant,75201,,,,,,,No,no_contact_found
Soul Shack,"305 W Farm to Market Rd 1382 #502, Cedar Hill, TX 75104",https://soulshackdallas.com,Yes,(972) 637-3145,,3.0,87.0,32.7806088,-97.3808544,soul food restaurant,Food & Restaurant,75201,soulshackdallas@gmail.com,,,soulshackdallas@gmail.com,https://www.facebook.com/524161984104261,https://www.instagram.com/soulshackdallas,Yes,found_homepage
HUNGRY GHOST KITCHEN,"1001 Ross Ave #132, Dallas, TX 75202",https://shivasbarandgrill.com,Yes,(469) 250-1429,,290.0,17.0,32.7806088,-97.3808544,southern food restaurant,Food & Restaurant,75201,shivasbarandgrillmkonnekt@gmail.com,,,shivasbarandgrillmkonnekt@gmail.com,https://facebook.com/shivasbarandgrill/,https://instagram.com//shivasbarandgrill,Yes,found_homepage
Southern Exchange Kitchen. LLC,"19019 Midway Rd, Dallas, TX 75287",https://southernexchangekitchen.com,Yes,(469) 626-7446,,5.0,6.0,32.7806088,-97.3808544,southern food restaurant,Food & Restaurant,75201,,,,,,,No,no_contact_found
La Rue Perdue,"1743 Arts Plz, Dallas, TX 75201",https://misspeachesonline.com,Yes,(214) 549-1737,,0.0,7.0,32.7806088,-97.3808544,southern food restaurant,Food & Restaurant,75201,info@misspeachesonline.com,,,info@misspeachesonline.com,https://www.facebook.com/theofficialmisspeaches/,https://www.instagram.com/theofficialmisspeaches/,Yes,found_homepage
Fusion Eats,"600 N Pearl St H101, Dallas, TX 75201",https://fusion-plaza.com,Yes,(972) 803-3260,,5.0,1.0,32.7813078,-96.8167244,comfort food restaurant,Food & Restaurant,75201,fusioneats25@gmail.com,,,fusioneats25@gmail.com,,,Yes,found_homepage
The Kati Roll Company,"1322 Elm St, Dallas, TX 75202",https://thekatirollcompany.com,Yes,(214) 643-6436,,1.0,45.0,32.7813078,-96.8167244,comfort food restaurant,Food & Restaurant,75201,,,,,,,No,no_contact_found
Billionaires Boil,"300 S Pearl Expy, Dallas, TX 75201",https://billionairesboil.com,Yes,(945) 354-3803,,,,32.7813078,-96.8167244,comfort food restaurant,Food & Restaurant,75201,,,,,,,No,no_contact_found
LOCAL restaurant,"2936 Elm St # A, Dallas, TX 75226",https://localdallas.com,Yes,(214) 752-7500,,9.0,23.0,32.7813078,-96.8167244,comfort food restaurant,Food & Restaurant,75201,info@localdallas.com,,,info@localdallas.com,,https://www.instagram.com/local_dallas/,Yes,found_homepage
Avo Eats,"2610 N Houston St, Dallas, TX 75219",https://americanairlinescenter.com,Yes,,,,,32.7813078,-96.8167244,comfort food restaurant,Food & Restaurant,75201,suites@americanairlinescenter.com,platinumseats@americanairlinescenter.com,platinumservices@americanairlinescenter.com,suites@americanairlinescenter.com | platinumseats@americanairlinescenter.com | platinumservices@americanairlinescenter.com | contactlevy@aacntr.com | reservations@americanairlinescenter.com | marketing@americanairlinescenter.com | eventbooking@americanairlinescenter.com | specialevents@americanairlinescenter.com | sponsorship@americanairlinescenter.com | parking@americanairlinescenter.com | aacbox@americanairlinescenter.com,http://facebook.com/insideaacenter,http://instagram.com/aacenter,Yes,found_subpage
Grand China Super Buffet,"4018 Ross Ave, Dallas, TX 75204",https://grandchinadallas.com,Yes,(214) 515-5505,,2.0,1.0,32.7758412,-96.9490214,buffet restaurant,Food & Restaurant,75201,,,,,,,No,no_contact_found
King Buffet,"10250 Technology Blvd W, Dallas, TX 75220",https://kingbuffetdallas.com,Yes,(214) 904-0000,,295.0,7.0,32.8622777,-97.0444338,buffet restaurant,Food & Restaurant,75201,,,,,https://www.facebook.com/KingBuffetDallas/,,No,no_contact_found
Centennial,"300 Reunion Blvd, Dallas, TX 75207",https://hyatt.com,Yes,(214) 712-7148,,4.0,6.0,32.7867826,-96.9430156,buffet restaurant,Food & Restaurant,75201,,,,,,,No,no_contact_found
O'Desi aroma,"The Exchange Food Hall, 211 S Akard St, Dallas, TX 75202",https://odesiaroma.com,Yes,(972) 742-8986,,1.0,4.0,32.7867826,-96.9430156,buffet restaurant,Food & Restaurant,75201,odamarketing8448@gmail.com,,,odamarketing8448@gmail.com,https://www.facebook.com/odesiaromausa/,https://www.instagram.com/o_desi_aroma/,Yes,found_homepage
Komodo Dallas,"2550 Pacific Ave, Dallas, TX 75226",https://komododallas.com,Yes,(214) 261-6000,,783.0,1.0,32.7867826,-96.9430156,buffet restaurant,Food & Restaurant,75201,,,,,,,No,no_contact_found
Asian Star Buffet,"9208 E R L Thornton Fwy #112a, Dallas, TX 75228",https://asianstardfw.com,Yes,(214) 321-6666,,929.0,1.0,32.7948589,-96.8308913,buffet restaurant,Food & Restaurant,75201,asianstar9208@gmail.com,,,asianstar9208@gmail.com,http://facebook.com,,Yes,found_homepage
Sushiya,"1306 Elm St, Dallas, TX 75202",https://sushiyatx.com,Yes,(214) 744-9600,,3.0,93.0,32.7895602,-96.9499532,buffet restaurant,Food & Restaurant,75201,,,,,,,No,no_contact_found
The Crescent Club,"200 Crescent Ct # 17, Dallas, TX 75201",https://crescentclubandspa.com,Yes,(214) 953-4343,,9.0,7.0,32.7895602,-96.9499532,buffet restaurant,Food & Restaurant,75201,info@crescentclubandspa.com,spaconcierge@crescentcourt.com,,info@crescentclubandspa.com | spaconcierge@crescentcourt.com,https://www.facebook.com/thecrescentclub/,https://www.instagram.com/thecrescentclubdallas,Yes,found_homepage
Nobu Dallas,"400 Crescent Ct, Dallas, TX 75201",https://noburestaurants.com,Yes,(214) 252-7000,,7.0,94.0,32.7895602,-96.9499532,buffet restaurant,Food & Restaurant,75201,groupsandevents@oneandonlycapetown.com,,,groupsandevents@oneandonlycapetown.com,https://www.facebook.com/noburestaurants,https://www.instagram.com/noburestaurants,Yes,found_subpage
Dallas Hidden @ The Old Warsaw,"2512 Maple Ave, Dallas, TX 75201",https://oldwarsaw.com,Yes,(214) 281-2415,,5.0,2.0,32.7895602,-96.9499532,buffet restaurant,Food & Restaurant,75201,oldwarsaw@oldwarsaw.com,,,oldwarsaw@oldwarsaw.com,https://www.facebook.com/TheOldWarsaw,https://www.instagram.com/oldwarsawdallas/,Yes,found_homepage
Chef Wang,"1201 Main St #390, Dallas, TX 75202",https://chefwangdallas.com,Yes,(214) 741-1711,,9.0,19.0,32.7895602,-96.9499532,buffet restaurant,Food & Restaurant,75201,,,,,,,No,no_contact_found
Asador,"2222 N Stemmons Fwy, Dallas, TX 75207",https://asadorrestaurant.com,Yes,(214) 267-4815,,7.0,40.0,32.7895602,-96.9499532,buffet restaurant,Food & Restaurant,75201,asador_reservations@marriott.com,,,asador_reservations@marriott.com,https://www.facebook.com/AsadorDallas/,https://www.instagram.com/asador_dallas/?hl=en,Yes,found_homepage
Golden Corral Buffet & Grill,"1540 N Cockrell Hill Rd, Dallas, TX 75211",https://goldencorral.com,Yes,(214) 339-5799,,464.0,4.0,32.7637029,-97.0388212,buffet restaurant,Food & Restaurant,75201,,,,,,,No,no_contact_found
Kalachandji's,"5430 Gurley Ave, Dallas, TX 75223",https://kalachandjis.com,Yes,(214) 821-1048,,652.0,2.0,32.7637029,-97.0388212,buffet restaurant,Food & Restaurant,75201,,,,,,,No,no_contact_found
Terranova Caf,"2015 Market Center Blvd, Dallas, TX 75207",https://hilton.com,Yes,(214) 741-7481,,9.0,2.0,32.7637029,-97.0388212,buffet restaurant,Food & Restaurant,75201,,,,,,,No,no_contact_found
Asia Wok,"901 Main St # C122, Dallas, TX 75202",https://asiawok.top,Yes,(214) 752-5888,,7.0,11.0,32.7637029,-97.0388212,buffet restaurant,Food & Restaurant,75201,black9@qq.com,,,black9@qq.com,,,Yes,found_homepage
Oishii Sushi & Pan-Asian Dallas - Wycliff Ave,"2525 Wycliff Ave #110, Dallas, TX 75219",https://oishiirestaurants.com,Yes,(214) 599-9448,,786.0,1.0,32.7637029,-97.0388212,buffet restaurant,Food & Restaurant,75201,,,,,https://www.facebook.com/oishiisushidallas/,https://www.instagram.com/oishiidallas,No,no_contact_found
Osaka Sushi & Grill All You Can Eat Buffet,"4350 Belt Line Rd, Addison, TX 75001",https://osakaaddisontx.com,Yes,(972) 386-8899,,39.0,3.0,32.7637029,-97.0388212,buffet restaurant,Food & Restaurant,75201,,,,,https://www.facebook.com/osakasushigrill,https://www.instagram.com/osakasushigrill_aycebuffet/,No,no_contact_found
Mei Mei Chinese Buffet,"9208 E R L Thornton Fwy #112a, Dallas, TX 75228",https://asianstardfw.com,Yes,(214) 321-6666,,929.0,1.0,32.7948589,-96.8308913,all you can eat buffet,Food & Restaurant,75201,asianstar9208@gmail.com,,,asianstar9208@gmail.com,http://facebook.com,,Yes,found_homepage
Sura Korean Bistro & All You Can Eat BBQ of Dallas,"5430 Gurley Ave, Dallas, TX 75223",https://kalachandjis.com,Yes,(214) 821-1048,,652.0,2.0,32.79405,-96.8940984,all you can eat buffet,Food & Restaurant,75201,,,,,,,No,no_contact_found
Takumi Sushi,"14060 Dallas Pkwy Suite B, Dallas, TX 75240",https://takumispringvalley.com,Yes,(214) 258-5540,,0.0,68.0,32.9391231,-96.9650629,all you can eat buffet,Food & Restaurant,75201,,,,,https://www.facebook.com/profile.php?id=61558463400285&paipv=0&eav=AfaXXScBBrcgeRH2CFkqauJSgGIpFR_K55IKTvx0RMWoALhOWuIW6to5m1ilbXnU8z8,,No,no_contact_found
King Buffet,"521 Central Pkwy E, Plano, TX 75074",https://kingbuffetplano.com,Yes,(972) 422-0000,,211.0,7.0,33.0267361,-96.8523378,all you can eat buffet,Food & Restaurant,75201,,,,,,,No,no_contact_found
Empire Buffet,"2000 Woodall Rodgers Fwy, Dallas, TX 75201",https://micocina.com,Yes,(214) 531-6061,,122.0,2.0,32.7867826,-96.9430156,all you can eat buffet,Food & Restaurant,75201,,,,,https://www.facebook.com/MiCocinaTexmex,https://www.instagram.com/micocina/,No,no_contact_found
King Buffet,"300 E Interstate 20, Arlington, TX 76018",https://kingbuffetarlington.com,Yes,(817) 465-8888,,299.0,2.0,32.676924,-97.2526315,all you can eat buffet,Food & Restaurant,75201,kingbuffetarlington@gmail.com,,,kingbuffetarlington@gmail.com,,,Yes,found_homepage
El Fenix,"2121 N Pearl St St 170, Dallas, TX 75201",https://runchickenrun.com,Yes,(469) 208-2441,,504.0,2.0,32.7901512,-96.9476761,all you can eat buffet,Food & Restaurant,75201,,,,,https://www.facebook.com/YardbirdRestaurants,https://www.instagram.com/yardbirdrestaurants/,No,no_contact_found
Casa Pollastro,"18160 Dallas Pkwy, Dallas, TX 75287",https://casapollastro.com,Yes,(469) 206-3541,,53.0,1.0,32.7901512,-96.9476761,all you can eat buffet,Food & Restaurant,75201,,,,,,,No,no_contact_found
Uchib Dallas,"2817 Maple Ave Floor 2, Dallas, TX 75201",https://uchiba.uchirestaurants.com,Yes,(214) 855-5454,,2.0,62.0,32.7901512,-96.9476761,all you can eat buffet,Food & Restaurant,75201,,,,,,,No,no_contact_found
Luna Roja,"1525 Elm St, Dallas, TX 75201",https://lunarojadallas.com,Yes,(972) 232-1728,,,,32.7894973,-96.8198813,Mexican restaurant,Food & Restaurant,75201,info@lunarojadallas.com,,,info@lunarojadallas.com,,https://www.instagram.com/LUNAROJARESTAURANT,Yes,found_homepage
Chilangos Tacos - Exchange Hall,"211 S Akard St #105, Dallas, TX 75202",https://chilangostacos.com,Yes,,,8.0,30.0,32.787446,-96.8228889,Mexican restaurant,Food & Restaurant,75201,hola@chilangostacos.com,catering@chilangostacos.com,press@chilangostacos.com,hola@chilangostacos.com | catering@chilangostacos.com | press@chilangostacos.com,https://www.facebook.com/chilangostacosdallas,https://www.instagram.com/chilangostacos/,Yes,found_subpage
Taqueria La Ventana,"1611 McKinney Ave, Dallas, TX 75202",https://taquerialaventana.com,Yes,(214) 484-6803,,115.0,2.0,32.787446,-96.8228889,Mexican restaurant,Food & Restaurant,75201,,,,,https://www.facebook.com/TaqueriaLaVentana/,https://www.instagram.com/taquerialaventana/,No,no_contact_found
Pepe's & Mito's,"2911 Elm St, Dallas, TX 75226",https://pepesandmitos.com,Yes,(214) 741-1901,,684.0,1.0,32.78516,-96.7999844,Mexican restaurant,Food & Restaurant,75201,,,,,https://www.facebook.com/pepesandmitos/,https://www.instagram.com/pepeandmitosmexcafe/,No,no_contact_found
Tequila Social,"3100 McKinnon St Suite G100, Dallas, TX 75201",https://tequilasocialdal.com,Yes,(945) 910-9728,,2.0,35.0,32.7979113,-96.8289275,Mexican restaurant,Food & Restaurant,75201,,,,,,https://www.instagram.com/tequilasocialdal/,No,no_contact_found
Mesero - Victory Park,"2375 Victory Park Ln #180, Dallas, TX 75219",https://mesero.net,Yes,(214) 821-6426,,283.0,1.0,32.7871196,-96.8274978,Mexican restaurant,Food & Restaurant,75201,,,,,,,No,no_contact_found
El Carlos Elegante,"1400 N Riverfront Blvd, Dallas, TX 75207",https://elcarloselegante.com,Yes,(214) 277-1800,,6.0,55.0,32.7901768,-96.8380165,Mexican restaurant,Food & Restaurant,75201,reservations@elcarloselegante.com,,,reservations@elcarloselegante.com,https://www.facebook.com/ElCarlosElegante,https://www.instagram.com/elcarloselegante/,Yes,found_homepage
Campuzano Mexican Food,"2618 Oak Lawn Ave, Dallas, TX 75219",https://campuzanomexicanfood.com,Yes,(214) 526-0100,,192.0,3.0,32.8053151,-96.8318769,Mexican restaurant,Food & Restaurant,75201,,,,,,,No,no_contact_found
Cafe Herrera on Lamar,"665 S Lamar St, Dallas, TX 75202",https://omnihotels.com,Yes,(214) 979-2521,,0.0,79.0,32.7774478,-96.8243581,Mexican restaurant,Food & Restaurant,75201,,,,,,,No,no_contact_found
Don Sebas Taqueria,"111 Continental Ave, Dallas, TX 75207",https://donsebastaqueriayfrutaloca.com,Yes,(972) 913-4443,,8.0,20.0,32.7842786,-96.8349273,Mexican restaurant,Food & Restaurant,75201,,,,,,,No,no_contact_found
Vidorra,"111 Continental Ave, Dallas, TX 75207",https://donsebastaqueriayfrutaloca.com,Yes,(972) 913-4443,,8.0,20.0,32.7842786,-96.8349273,Mexican restaurant,Food & Restaurant,75201,,,,,,,No,no_contact_found
Chilangos Tacos,"4012 Ross Ave, Dallas, TX 75204",https://chilangostacos.com,Yes,(469) 399-0322,,410.0,1.0,32.7993122,-96.8018283,Mexican restaurant,Food & Restaurant,75201,hola@chilangostacos.com,catering@chilangostacos.com,press@chilangostacos.com,hola@chilangostacos.com | catering@chilangostacos.com | press@chilangostacos.com,https://www.facebook.com/chilangostacosdallas,https://www.instagram.com/chilangostacos/,Yes,found_subpage
Ruins,"4012 Ross Ave, Dallas, TX 75204",https://chilangostacos.com,Yes,(469) 399-0322,,410.0,1.0,32.7993122,-96.8018283,Mexican restaurant,Food & Restaurant,75201,hola@chilangostacos.com,catering@chilangostacos.com,press@chilangostacos.com,hola@chilangostacos.com | catering@chilangostacos.com | press@chilangostacos.com,https://www.facebook.com/chilangostacosdallas,https://www.instagram.com/chilangostacos/,Yes,found_subpage
Velvet Taco,"2556 Elm St, Dallas, TX 75226",https://velvettaco.com,Yes,(214) 329-0663,,757.0,6.0,32.783816,-96.8047882,Mexican restaurant,Food & Restaurant,75201,,,,,https://facebook.com/velvettaco/,https://www.instagram.com/velvettaco/,No,no_contact_found
Revolver Taco Lounge TO GO,"2701 Main St #120, Dallas, TX 75226",https://revolvertacolounge.com,Yes,(214) 272-7163,,220.0,1.0,32.783816,-96.8047882,Mexican restaurant,Food & Restaurant,75201,,,,,https://www.facebook.com/revolvertacolounge/,https://www.instagram.com/revolvertacolounge/,No,no_contact_found
Taqueria El Arquito,"2701 Main St #120, Dallas, TX 75226",https://revolvertacolounge.com,Yes,(214) 272-7163,,220.0,1.0,32.783816,-96.8047882,Mexican restaurant,Food & Restaurant,75201,,,,,https://www.facebook.com/revolvertacolounge/,https://www.instagram.com/revolvertacolounge/,No,no_contact_found
Revolver Taco Lounge,"2646 Elm St, Dallas, TX 75226",https://revolvertacolounge.com,Yes,(214) 258-5900,,7.0,29.0,32.783816,-96.8047882,Mexican restaurant,Food & Restaurant,75201,,,,,https://www.facebook.com/revolvertacolounge/,https://www.instagram.com/revolvertacolounge/,No,no_contact_found
Avila's Mexican Restaurant,"4714 Maple Ave, Dallas, TX 75219",https://avilasrestaurant.com,Yes,(214) 520-2700,,696.0,1.0,32.814234,-96.8435293,Mexican restaurant,Food & Restaurant,75201,info@avilasrestaurant.com,,,info@avilasrestaurant.com,https://www.facebook.com/avilasrestaurant/,https://www.instagram.com/avilasmexican/,Yes,found_homepage
Taquero,"5434 Ross Ave, Dallas, TX 75206",https://taquerodallas.com,Yes,(469) 372-6049,,9.0,69.0,32.814234,-96.8435293,Mexican restaurant,Food & Restaurant,75201,info@taquerodallas.com,,,info@taquerodallas.com,,,Yes,found_homepage
Velvet Taco,"5434 Ross Ave, Dallas, TX 75206",https://taquerodallas.com,Yes,(469) 372-6049,,9.0,69.0,32.814234,-96.8435293,Mexican restaurant,Food & Restaurant,75201,info@taquerodallas.com,,,info@taquerodallas.com,,,Yes,found_homepage
Gloria's Latin Cuisine,"3223 Lemmon Ave, Dallas, TX 75204",https://gloriascuisine.com,Yes,(214) 303-1166,,130.0,2.0,32.814234,-96.8435293,Mexican restaurant,Food & Restaurant,75201,,,,,https://www.facebook.com/gloriaslatincuisine,https://www.instagram.com/gloriaslatincuisine/,No,no_contact_found
Mami Coco,"3223 Lemmon Ave, Dallas, TX 75204",https://gloriascuisine.com,Yes,(214) 303-1166,,130.0,2.0,32.814234,-96.8435293,Mexican restaurant,Food & Restaurant,75201,,,,,https://www.facebook.com/gloriaslatincuisine,https://www.instagram.com/gloriaslatincuisine/,No,no_contact_found
E Bar Tex-Mex,"1901 N Haskell Ave., Dallas, TX 75204",https://ebartexmex.com,Yes,(214) 824-3227,,687.0,2.0,32.814234,-96.8435293,Mexican restaurant,Food & Restaurant,75201,,,,,,,No,no_contact_found
Margarita's Mexican Restaurant,"2414 N Fitzhugh Ave, Dallas, TX 75204",https://facebook.com,Yes,(214) 821-9366,,8.0,92.0,32.814234,-96.8435293,Mexican restaurant,Food & Restaurant,75201,,,,,,,No,no_contact_found
Las Almas Rotas,"3615 Parry Ave, Dallas, TX 75226",https://lasalmasrotas.com,Yes,(972) 685-5666,,9.0,88.0,32.814234,-96.8435293,Mexican restaurant,Food & Restaurant,75201,manager@lasalmasrotas.com,,,manager@lasalmasrotas.com,https://www.facebook.com/835278563248378,https://www.instagram.com/lasalmasrotas,Yes,found_homepage
Mia's Tex-Mex Restaurant,"4334 Lemmon Ave, Dallas, TX 75219",https://miastexmex.com,Yes,(214) 526-1020,,395.0,2.0,32.814234,-96.8435293,Mexican restaurant,Food & Restaurant,75201,tony@miastexmex.com,,,tony@miastexmex.com,https://www.facebook.com/122480384469446,,Yes,found_homepage
Tacos La Banqueta Puro DF,"4334 Lemmon Ave, Dallas, TX 75219",https://miastexmex.com,Yes,(214) 526-1020,,395.0,2.0,32.814234,-96.8435293,Mexican restaurant,Food & Restaurant,75201,tony@miastexmex.com,,,tony@miastexmex.com,https://www.facebook.com/122480384469446,,Yes,found_homepage
Ojeda's,"4617 Maple Ave, Dallas, TX 75219",https://ojedasrestaurant.com,Yes,(214) 528-8383,,451.0,5.0,32.814234,-96.8435293,Mexican restaurant,Food & Restaurant,75201,,,,,,,No,no_contact_found
Milagro Tacos Cantina,"440 Singleton Blvd Ste 100, Dallas, TX 75212",https://milagrotacocantina.com,Yes,(469) 872-0168,,3.0,46.0,32.814234,-96.8435293,Mexican restaurant,Food & Restaurant,75201,,,,,,,No,no_contact_found
Chuy's,"1520 Greenville Ave, Dallas, TX 75206",https://chuys.com,Yes,(214) 559-2489,,575.0,3.0,32.814234,-96.8435293,Mexican restaurant,Food & Restaurant,75201,,,,,,,No,no_contact_found
Mariano's Hacienda Ranch,"6300 Skillman St, Dallas, TX 75231",https://laharanch.com,Yes,(214) 691-3888,,196.0,3.0,32.814234,-96.8435293,Mexican restaurant,Food & Restaurant,75201,,,,,,,No,no_contact_found
Joe Leo Fine Tex Mex,"2722 N Fitzhugh Ave, Dallas, TX 75204",https://joeleotexmex.com,Yes,(214) 363-2699,,7.0,97.0,32.814234,-96.8435293,Mexican restaurant,Food & Restaurant,75201,,,,,https://www.facebook.com/joeleotexmex,https://www.instagram.com/joeleotexmex,No,no_contact_found
Javier's Gourmet Mexicano,"4912 Cole Ave, Dallas, TX 75205",https://javiers.net,Yes,(214) 521-4211,,964.0,1.0,32.814234,-96.8435293,Mexican restaurant,Food & Restaurant,75201,,,,,https://www.facebook.com/JaviersGourmetMexicano,,No,no_contact_found
Rocio's Handmade Tamales,"1103 S Harwood St, Dallas, TX 75201",https://rocioshandmadetamales.com,Yes,(469) 619-7634,,8.0,5.0,32.814234,-96.8435293,Mexican restaurant,Food & Restaurant,75201,,,,,,https://www.instagram.com/rocioshandmadetamales 2014,No,no_contact_found
Uncle Julio's Lemmon Ave,"4125 Lemmon Ave, Dallas, TX 75219",https://google.com,Yes,(214) 520-6620,,240.0,4.0,32.814234,-96.8435293,Mexican restaurant,Food & Restaurant,75201,,,,,,,No,no_contact_found
La Comida Mexican Kitchen and Cocktails,"4125 Lemmon Ave, Dallas, TX 75219",https://google.com,Yes,(214) 520-6620,,240.0,4.0,32.814234,-96.8435293,Mexican restaurant,Food & Restaurant,75201,,,,,,,No,no_contact_found
Beto & Son,"3011 Gulden Ln #108, Dallas, TX 75212",https://betoandsondallas.com,Yes,(469) 249-8590,,487.0,3.0,32.814234,-96.8435293,Mexican restaurant,Food & Restaurant,75201,julian@betoandson.com,daniela@betoandson.com,,julian@betoandson.com | daniela@betoandson.com,https://facebook.com/309922386044494,https://instagram.com/betoandson,Yes,found_homepage
La Victoria,"1605 N Haskell Ave., Dallas, TX 75204",https://facebook.com,Yes,(214) 827-0101,,164.0,1.0,32.814234,-96.8435293,Mexican restaurant,Food & Restaurant,75201,,,,,,,No,no_contact_found
Cactus Mexican Cuisine,"1409 Ferndale Ave, Dallas, TX 75224",https://elcactusmexicancuisine.com,Yes,(214) 730-0922,,4.0,49.0,32.814234,-96.8435293,Mexican restaurant,Food & Restaurant,75201,,,,,https://www.facebook.com/cactusmexicancuisine/,https://www.instagram.com/thecactusmexicancuisine/,No,no_contact_found
El Come Taco,"2513 N Fitzhugh Ave, Dallas, TX 75204",https://elcometaco.com,Yes,(214) 821-3738,,266.0,1.0,32.814234,-96.8435293,Mexican restaurant,Food & Restaurant,75201,info@elcometaco.com,,,info@elcometaco.com,https://www.facebook.com/Come-Taco-367170943406470/,https://www.instagram.com/elcometaco/,Yes,found_homepage
Maskaras Mexican Grill,"2423 W Kiest Blvd, Dallas, TX 75233",https://maskarasmexicangrill.com,Yes,(469) 466-9282,,201.0,2.0,32.814234,-96.8435293,Mexican restaurant,Food & Restaurant,75201,,,,,https://www.facebook.com/maskarasmexicangrill/,https://www.instagram.com/maskarasmexicangrill/,No,no_contact_found
Gonzalez Restaurant,"416 W Jefferson Blvd, Dallas, TX 75208",https://gonzalestexmexdallas.com,Yes,(214) 946-5333,,232.0,2.0,32.814234,-96.8435293,Mexican restaurant,Food & Restaurant,75201,reygan2@aol.com,,,reygan2@aol.com,,https://www.instagram.com/gonzalezonjefferson/,Yes,found_homepage
Mis Cazuelas,"4202 Main St, Dallas, TX 75226",https://ordermiscazuelas.com,Yes,(214) 827-1889,,4.0,77.0,32.814234,-96.8435293,Mexican restaurant,Food & Restaurant,75201,,,,,,,No,no_contact_found
Las Brasas | Lower Greenville,"4202 Main St, Dallas, TX 75226",https://ordermiscazuelas.com,Yes,(214) 827-1889,,4.0,77.0,32.814234,-96.8435293,Mexican restaurant,Food & Restaurant,75201,,,,,,,No,no_contact_found
Veracruz Cafe,"4202 Main St, Dallas, TX 75226",https://ordermiscazuelas.com,Yes,(214) 827-1889,,4.0,77.0,32.814234,-96.8435293,Mexican restaurant,Food & Restaurant,75201,,,,,,,No,no_contact_found
Taqueria La Ventana,"3847 Cedar Springs Rd, Dallas, TX 75219",https://taquerialaventana.com,Yes,(972) 432-5945,,609.0,1.0,32.8053151,-96.8499014,taqueria,Food & Restaurant,75201,,,,,https://www.facebook.com/TaqueriaLaVentana/,https://www.instagram.com/taquerialaventana/,No,no_contact_found
AL CHILE TAQUERIA,"4321 Live Oak St, Dallas, TX 75204",https://uptown-eats.com,Yes,(214) 497-8636,,0.0,1.0,32.7987194,-96.8139126,taqueria,Food & Restaurant,75201,,,,,,,No,no_contact_found
AL CHILE TAQUERIA,"527 Sunset Ave, Dallas, TX 75208",https://alchiletaqueria.com,Yes,(214) 942-3557,,3.0,31.0,32.7443715,-96.8674431,taqueria,Food & Restaurant,75201,,,,,,,No,no_contact_found
Taqueria El Si Hay,"2513 N Fitzhugh Ave, Dallas, TX 75204",https://elcometaco.com,Yes,(214) 821-3738,,266.0,1.0,32.7885533,-96.8382074,taqueria,Food & Restaurant,75201,info@elcometaco.com,,,info@elcometaco.com,https://www.facebook.com/Come-Taco-367170943406470/,https://www.instagram.com/elcometaco/,Yes,found_homepage
Taqueria Express #3,"1909 S Cesar Chavez Blvd, Dallas, TX 75215",https://taqueria.express,Yes,(682) 227-9989,,9.0,6.0,32.7885533,-96.8382074,taqueria,Food & Restaurant,75201,,,,,,,No,no_contact_found
Taqueria Taxco,"2909 Irving Blvd, Dallas, TX 75247",https://ttaxco.com,Yes,(972) 807-2282,,718.0,6.0,32.7885533,-96.8382074,taqueria,Food & Restaurant,75201,,,,,,,No,no_contact_found
Tacos Lola,"2909 Irving Blvd, Dallas, TX 75247",https://ttaxco.com,Yes,(972) 807-2282,,718.0,6.0,32.7885533,-96.8382074,taqueria,Food & Restaurant,75201,,,,,,,No,no_contact_found
Taqueria Sabor Calentano,"3510 Ross Ave ste 100, Dallas, TX 75204",https://oomikitchen.com,Yes,(469) 372-0396,,4.0,83.0,32.7885533,-96.8382074,taqueria,Food & Restaurant,75201,,,,,,,No,no_contact_found
Taqueria La Laguna,"3701 W Northwest Hwy #302, Dallas, TX 75220",https://d1uzx4nvfqp6r3.amplifyapp.com,Yes,(214) 730-0056,,9.0,14.0,32.7885533,-96.8382074,taqueria,Food & Restaurant,75201,,,,,,,No,no_contact_found
Taqueria Panchito,"3701 W Northwest Hwy #302, Dallas, TX 75220",https://d1uzx4nvfqp6r3.amplifyapp.com,Yes,(214) 730-0056,,9.0,14.0,32.7885533,-96.8382074,taqueria,Food & Restaurant,75201,,,,,,,No,no_contact_found
365 Tacos,"2801 N Fitzhugh Ave, Dallas, TX 75204",https://365tacos.com,Yes,(214) 887-0714,,2.0,9.0,32.7885533,-96.8382074,taqueria,Food & Restaurant,75201,,,,,https://www.facebook.com/three65tacos,https://www.instagram.com/three65tacos,No,no_contact_found
365 Tacos Singleton,"353 Singleton Blvd #100, Dallas, TX 75212",https://365tacos.com,Yes,(469) 872-0065,,2.0,6.0,32.7885533,-96.8382074,taqueria,Food & Restaurant,75201,,,,,https://www.facebook.com/three65tacos,https://www.instagram.com/three65tacos,No,no_contact_found
24 Seven Tacos,"309 S Marsalis Ave, Dallas, TX 75203",https://24seventacos.com,Yes,(214) 242-8704,,7.0,29.0,32.7885533,-96.8382074,taqueria,Food & Restaurant,75201,24seventacos.info@gmail.com,,,24seventacos.info@gmail.com,https://www.facebook.com/24SevenTacos?mibextid=LQQJ4d,https://www.instagram.com/24seventacos?igsh=MXI1YXI5YjNtd2FscQ==,Yes,found_subpage
Tacos Y Mas,"309 S Marsalis Ave, Dallas, TX 75203",https://24seventacos.com,Yes,(214) 242-8704,,7.0,29.0,32.7885533,-96.8382074,taqueria,Food & Restaurant,75201,24seventacos.info@gmail.com,,,24seventacos.info@gmail.com,https://www.facebook.com/24SevenTacos?mibextid=LQQJ4d,https://www.instagram.com/24seventacos?igsh=MXI1YXI5YjNtd2FscQ==,Yes,found_subpage
AL CHILE TAQUERIA,"2643 S Hampton Rd, Dallas, TX 75224",https://alchiletaqueria.com,Yes,(214) 377-9222,,8.0,80.0,32.7885533,-96.8382074,taqueria,Food & Restaurant,75201,,,,,,,No,no_contact_found
Taqueria La Ventana - Knox-Henderson,"2643 S Hampton Rd, Dallas, TX 75224",https://alchiletaqueria.com,Yes,(214) 377-9222,,8.0,80.0,32.7885533,-96.8382074,taqueria,Food & Restaurant,75201,,,,,,,No,no_contact_found
Mi Pueblito Taqueria,"5560 E Grand Ave, Dallas, TX 75223",https://mipueblitotaqueriatx.com,Yes,(469) 778-0107,,7.0,12.0,32.7885533,-96.8382074,taqueria,Food & Restaurant,75201,,,,,,,No,no_contact_found
El Tiz El Tizoncito Lemmon,"5150 Lemmon Ave #111, Dallas, TX 75209",https://tiztaco.com,Yes,(214) 521-0201,,594.0,1.0,32.7885533,-96.8382074,taqueria,Food & Restaurant,75201,customerservice@tiztaco.com,,,customerservice@tiztaco.com,http://www.facebook.com/10204972934122051,,Yes,found_homepage
Taco City y Mas,"5150 Lemmon Ave #111, Dallas, TX 75209",https://tiztaco.com,Yes,(214) 521-0201,,594.0,1.0,32.7885533,-96.8382074,taqueria,Food & Restaurant,75201,customerservice@tiztaco.com,,,customerservice@tiztaco.com,http://www.facebook.com/10204972934122051,,Yes,found_homepage
Fito's Tacos De Trompo,"4611 Columbia Ave Ste 102, Dallas, TX 75226",https://fitostacosdetrompo.com,Yes,(214) 915-8862,,8.0,80.0,32.7885533,-96.8382074,taqueria,Food & Restaurant,75201,,,,,,,No,no_contact_found
El Atoron,"5004 Columbia Ave Dallas Tx 75214, Dallas, TX 75206",https://elatorondallas.com,Yes,(214) 887-8846,,503.0,1.0,32.7885533,-96.8382074,taqueria,Food & Restaurant,75201,,,,,,,No,no_contact_found
La Paisanita Taqueria,"440 W Davis St, Dallas, TX 75208",https://lapaisanitataqueria.shop,Yes,(214) 942-0000,,244.0,1.0,32.7885533,-96.8382074,taqueria,Food & Restaurant,75201,,,,,,,No,no_contact_found
DEL SUR TACOS,"720 E Jefferson Blvd, Dallas, TX 75203",https://delsurtacosdallas.com,Yes,(972) 982-0004,,5.0,95.0,32.7885533,-96.8382074,taqueria,Food & Restaurant,75201,delsurtacos@yahoo.com,,,delsurtacos@yahoo.com,,https://www.instagram.com/delsurtacos/,Yes,found_homepage
Taco Joint Peak,"911 N Peak St, Dallas, TX 75204",https://thetacojoint.com,Yes,(214) 826-8226,,9.0,95.0,32.7885533,-96.8382074,taqueria,Food & Restaurant,75201,,,,,https://www.facebook.com/thetacojointdallas,https://www.instagram.com/thetacojoint/,No,no_contact_found
Taco Y Vino,"911 N Peak St, Dallas, TX 75204",https://thetacojoint.com,Yes,(214) 826-8226,,9.0,95.0,32.7885533,-96.8382074,taqueria,Food & Restaurant,75201,,,,,https://www.facebook.com/thetacojointdallas,https://www.instagram.com/thetacojoint/,No,no_contact_found
Tacos Juancho,"211 S Akard St, Dallas, TX 75202",https://theexchangehall.com,Yes,(214) 464-8101,,366.0,1.0,32.789528,-96.8337845,tacos,Food & Restaurant,75201,,,,,https://www.facebook.com/exchangehall,https://www.instagram.com/theexchangehall/,No,no_contact_found
Saquic Taco,"4817 Ross Ave, Dallas, TX 75204",https://saquic-taco.square.site,Yes,(469) 994-4962,,5.0,31.0,32.789528,-96.8337845,tacos,Food & Restaurant,75201,,,,,,,No,no_contact_found
Mexican Bar Company,"6121 W Park Blvd Ste RS-10, Plano, TX 75093",https://mexbars.com,Yes,(972) 972-4466,,200.0,1.0,32.789528,-96.8337845,tacos,Food & Restaurant,75201,,,,,https://www.facebook.com/mexbars/,http://instagram.com/mexbars,No,no_contact_found
Donde Los Tacos,"900 W Davis St, Dallas, TX 75208",https://dondelostacos.com,Yes,(214) 258-6689,,6.0,18.0,32.789528,-96.8337845,tacos,Food & Restaurant,75201,,,,,,,No,no_contact_found
Urban Taco,"3411 McKinney Ave, Dallas, TX 75204",https://urban-taco.com,Yes,(214) 922-7080,,,,32.789528,-96.8337845,tacos,Food & Restaurant,75201,,,,,,,No,no_contact_found
Feng Shui Fine Asian Cuisine,"2355 Olive St #150, Dallas, TX 75201",https://fengshuidallas.com,Yes,(945) 288-6088,,3.0,27.0,32.7912182,-96.8765094,Chinese restaurant,Food & Restaurant,75201,info@fengshuidallas.com,,,info@fengshuidallas.com,,https://www.instagram.com/fengshui.dallas/,Yes,found_homepage
Night Rooster,"1000 N Riverfront Blvd, Dallas, TX 75207",https://nightroosterdallas.com,Yes,(945) 292-2016,,2.0,5.0,32.7912182,-96.8765094,Chinese restaurant,Food & Restaurant,75201,caleb@hooperhc.com,sergio@hooperhc.com,clark@hooperhc.com,caleb@hooperhc.com | sergio@hooperhc.com | clark@hooperhc.com | carlon@hooperhc.com | alison@lindseymillerpr.com,,https://www.instagram.com/nightroosterdallas/,Yes,found_subpage
Elephant East,"2823 McKinnon St, Dallas, TX 75201",https://elephanteastdallas.com,Yes,(214) 256-4151,,8.0,51.0,32.7912182,-96.8765094,Chinese restaurant,Food & Restaurant,75201,hello@elephanteast.com,,,hello@elephanteast.com,https://www.facebook.com/elephanteastdal/,https://www.instagram.com/elephanteastdal/,Yes,found_subpage
Maison Chinoise,"4152 Cole Ave #106, Dallas, TX 75204",https://maisonchinoiserestaurants.com,Yes,(469) 949-2991,,3.0,27.0,32.7912182,-96.8765094,Chinese restaurant,Food & Restaurant,75201,,,,,,,No,no_contact_found
The Wok by Sushic,"211 S Akard St, Dallas, TX 75202",https://theexchangehall.com,Yes,,,0.0,2.0,32.7912182,-96.8765094,Chinese restaurant,Food & Restaurant,75201,,,,,https://www.facebook.com/exchangehall,https://www.instagram.com/theexchangehall/,No,no_contact_found
Mei Asian Cuisine,"7325 Gaston Ave Suite 110, Dallas, TX 75214",https://meiasiancuisine.com,Yes,(214) 216-4542,,8.0,40.0,32.8119016,-96.8022844,Chinese restaurant,Food & Restaurant,75201,info@meiasiancuisine.com,,,info@meiasiancuisine.com,https://www.facebook.com/people/Mei-Asian-Cuisine/61571611799694,https://www.instagram.com/meiasiancuisine,Yes,found_homepage
Ritual Dallas,"1623 N Hall St #103, Dallas, TX 75204",https://ritualdallas.com,Yes,(682) 308-2883,,2.0,40.0,32.8033108,-96.8881337,Chinese restaurant,Food & Restaurant,75201,,,,,,https://www.instagram.com/ritualdtx/,No,no_contact_found
Szechuan Chinese Restaurant,"4411 Lemmon Ave #108, Dallas, TX 75219",https://szechuanchineserestauranttx.com,Yes,(214) 521-2345,,7.0,50.0,32.8033108,-96.8881337,Chinese restaurant,Food & Restaurant,75201,,,,,,,No,no_contact_found
Chef House,"4028 Cedar Springs Rd, Dallas, TX 75219",https://chefhousetx.com,Yes,(214) 528-2122,,1.0,39.0,32.8033108,-96.8881337,Chinese restaurant,Food & Restaurant,75201,,,,,,,No,no_contact_found
Bloom Healthy Asian Kitchen Downtown,"325 North St. Paul Street, Dallas, TX 75201",https://bloomasiankitchen.com,Yes,(415) 349-0776,,,,32.8033108,-96.8881337,Chinese restaurant,Food & Restaurant,75201,,,,,,,No,no_contact_found
Indian Masala Tadka,"1001 Ross Ave #100, Dallas, TX 75202",https://masalatadkatx.com,Yes,(214) 964-0815,,5.0,90.0,32.7803691,-97.376775,Indian restaurant,Food & Restaurant,75201,,,,,https://www.facebook.com/indianmasalatadkatx/,https://www.instagram.com/indianmasalatadka/,No,no_contact_found
Elephant Indian Bar & Grill,"4154 N Central Expy, Dallas, TX 75204",https://elephantgrill.com,Yes,(214) 377-9843,,137.0,1.0,32.7803691,-97.376775,Indian restaurant,Food & Restaurant,75201,elephantgrill@gmail.com,elephant.mkonnekt@gmail.com,elephantindianbarandgrill@gmail.com,elephantgrill@gmail.com | elephant.mkonnekt@gmail.com | elephantindianbarandgrill@gmail.com,https://www.facebook.com/Elephantrestaurantdallas,https://www.instagram.com/elephantrestaurantdallas/?hl=en,Yes,found_homepage
Mayfair garden express Pakistani/indian cuisine,"701 Commerce St, Dallas, TX 75202",https://mayfairgarden-texas.com,Yes,(737) 975-6776,,3.0,43.0,32.7803691,-97.376775,Indian restaurant,Food & Restaurant,75201,,,,,,,No,no_contact_found
Elephant Indian Bar & Grill-Beckley Ave,"1115 N Beckley Ave, Dallas, TX 75203",https://elephantgrill.com,Yes,(469) 248-0027,,0.0,39.0,32.7803691,-97.376775,Indian restaurant,Food & Restaurant,75201,elephantgrill@gmail.com,elephant.mkonnekt@gmail.com,elephantindianbarandgrill@gmail.com,elephantgrill@gmail.com | elephant.mkonnekt@gmail.com | elephantindianbarandgrill@gmail.com,https://www.facebook.com/Elephantrestaurantdallas,https://www.instagram.com/elephantrestaurantdallas/?hl=en,Yes,found_homepage
Namak Indian Restaurant & Bar,"5500 Greenville Ave #600, Dallas, TX 75206",https://namakusa.com,Yes,(214) 730-0047,,3.0,41.0,32.7803691,-97.376775,Indian restaurant,Food & Restaurant,75201,info@namakus.com,danish@namakus.com,,info@namakus.com | danish@namakus.com,https://www.facebook.com/people/Namak-Indian-Restaurant-Bar/61575667318010/,https://www.instagram.com/namak_greenvilledallas/,Yes,found_homepage
Roti Grill,"3001 Knox St 100 Suite 100, Dallas, TX 75205",https://rotigrill.us,Yes,(214) 521-3655,,205.0,2.0,32.7803691,-97.376775,Indian restaurant,Food & Restaurant,75201,rotidfw@gmail.com,rotifrisco@gmail.com,info@freshindianfood.com,rotidfw@gmail.com | rotifrisco@gmail.com | info@freshindianfood.com,https://www.facebook.com/rotigrilldallas/,,Yes,found_subpage
Curry Me Out,"4321 Live Oak St, Dallas, TX 75204",https://currymeout.com,Yes,(214) 899-1985,,4.0,2.0,32.7803691,-97.376775,Indian restaurant,Food & Restaurant,75201,,,,,,,No,no_contact_found
Baboushi,"the exchange food hall, 211 S Akard St, Dallas, TX 75202",https://baboushi.com,Yes,(214) 436-5450,,7.0,14.0,32.7803691,-97.376775,Indian restaurant,Food & Restaurant,75201,info@baboushi.com,,,info@baboushi.com,https://www.facebook.com/baboushdallas/photos_by,https://www.instagram.com/baboushdallas/,Yes,found_subpage
Bombay Republic Indian Kitchen & Bar Co Brand of Kailash Parbat,"700 E Campbell Rd ste 190, Richardson, TX 75081",https://bombayrepublicdallas.com,Yes,(972) 803-6273,,288.0,3.0,32.7803691,-97.376775,Indian restaurant,Food & Restaurant,75201,bombayrepublicrs@gmail.com,,,bombayrepublicrs@gmail.com,https://www.facebook.com/BombayRepublicRichardson/,https://www.instagram.com/bombayrepublicrichardson/,Yes,found_homepage
The Dhaba,"5601 Sears St Ste B, Dallas, TX 75206",https://thedhaba.us,Yes,(469) 595-2700,,7.0,2.0,32.7803691,-97.376775,Indian restaurant,Food & Restaurant,75201,info@thedhaba.us,,,info@thedhaba.us,https://www.facebook.com/thedhaba.us,https://www.instagram.com/thedhaba.us,Yes,found_homepage
Kashkan Dhaba - Essence of fine dining,"17370 Preston Rd #490, Dallas, TX 75252",https://kashkandhaba.com,Yes,(972) 685-0001,,1.0,33.0,32.7803691,-97.376775,Indian restaurant,Food & Restaurant,75201,admin@kashkandhaba.com,support@kashkandhaba.com,,admin@kashkandhaba.com | support@kashkandhaba.com,,,Yes,found_subpage
Taj Mahal Indian Restaurant & Bar,"10219 N Central Expy, Dallas, TX 75231",https://tajmahaldallas.com,Yes,(214) 692-0535,,9.0,72.0,32.7803691,-97.376775,Indian restaurant,Food & Restaurant,75201,,,,,,,No,no_contact_found
Papaya Kitchen,"5200 Lemmon Ave #102, Dallas, TX 75209",https://papayakitchendallastx.com,Yes,(214) 964-0044,,9.0,36.0,32.8256883,-96.8930515,Vietnamese restaurant,Food & Restaurant,75201,eli201165@yahoo.com,,,eli201165@yahoo.com,https://www.facebook.com/961423453716458,https://www.instagram.com/papayakitchen.dallas,Yes,found_homepage
Malai Kitchen,"3699 McKinney Ave #319, Dallas, TX 75204",https://malaikitchen.com,Yes,(214) 599-7857,,510.0,2.0,32.7837488,-96.8552611,Vietnamese restaurant,Food & Restaurant,75201,,,,,http://www.facebook.com/malaikitchen,https://www.instagram.com/malaikitchen/,No,no_contact_found
Ngon Vietnamese Kitchen,"1907 Greenville Ave, Dallas, TX 75206",https://ngonvietkitchen.com,Yes,(469) 250-7183,,6.0,83.0,32.7837488,-96.8552611,Vietnamese restaurant,Food & Restaurant,75201,info@ngonvietnamesekitchen.com,,,info@ngonvietnamesekitchen.com,https://www.facebook.com/ngonvietnamesekitchen,https://www.instagram.com/ngonvietkitchen/,Yes,found_homepage
DaLat Vietnamese Restaurant and Bar,"2537 N Fitzhugh Ave, Dallas, TX 75204",https://dalatdallas.com,Yes,(214) 827-3200,,795.0,1.0,32.7837488,-96.8552611,Vietnamese restaurant,Food & Restaurant,75201,,,,,,,No,no_contact_found
Ka Thai Uptown,"3220 McKinney Ave Suite 120, Dallas, TX 75204",https://kathairestaurant.com,Yes,(469) 291-7995,,5.0,89.0,32.7806277,-96.9504578,Thai restaurant,Food & Restaurant,75201,nfo@kathairestaurant.com,,,nfo@kathairestaurant.com,https://www.facebook.com/ka.thai.965,https://www.instagram.com/kathairestaurant,Yes,found_homepage
ZAAP Kitchen Lao & Thai TAKE OUT,"2420 Victory Park Ln, Dallas, TX 75219",https://order.toasttab.com,Yes,(214) 484-2735,,1.0,11.0,32.7806277,-96.9504578,Thai restaurant,Food & Restaurant,75201,,,,,,,No,no_contact_found
Thai Lotus Kitchen,"3851 Cedar Springs Rd, Dallas, TX 75219",https://thailotuskitchen.com,Yes,(214) 520-9385,,1.0,51.0,32.7806277,-96.9504578,Thai restaurant,Food & Restaurant,75201,,,,,,,No,no_contact_found
Bangkok City Restaurant,"4301 Bryan St #101, Dallas, TX 75204",https://bangkokcityrestaurant.com,Yes,(214) 824-6200,,60.0,1.0,32.7806277,-96.9504578,Thai restaurant,Food & Restaurant,75201,,,,,,,No,no_contact_found
@Eat Thai,"4321 Live Oak St, Dallas, TX 75204",https://ateatthaitx.com,Yes,(571) 430-8765,,7.0,1.0,32.7806277,-96.9504578,Thai restaurant,Food & Restaurant,75201,,,,,,,No,no_contact_found
Si Lom Thai Asian Fusion,"3300 Oak Lawn Ave #110, Dallas, TX 75219",https://silomdallas.com,Yes,(214) 780-0983,,2.0,72.0,32.7806277,-96.9504578,Thai restaurant,Food & Restaurant,75201,silomdallas@gmail.com,,,silomdallas@gmail.com,https://www.facebook.com/silomdallastx?rf=164169677061140,,Yes,found_homepage
Sakhuu Thai Cuisine,"3300 Oak Lawn Ave #110, Dallas, TX 75219",https://silomdallas.com,Yes,(214) 780-0983,,2.0,72.0,32.7806277,-96.9504578,Thai restaurant,Food & Restaurant,75201,silomdallas@gmail.com,,,silomdallas@gmail.com,https://www.facebook.com/silomdallastx?rf=164169677061140,,Yes,found_homepage
ZAAP Kitchen Lao & Thai Street Eats - FITZHUGH,"2325 N Fitzhugh Ave Suite 105, Dallas, TX 75204",https://order.toasttab.com,Yes,(214) 613-2710,,8.0,22.0,32.7806277,-96.9504578,Thai restaurant,Food & Restaurant,75201,,,,,,,No,no_contact_found
Ka Thai Midtown,"8185 Walnut Hill Ln #1410, Dallas, TX 75231",https://kathairestaurant.com,Yes,(469) 291-7995,,9.0,37.0,32.8827161,-96.9096975,Thai restaurant,Food & Restaurant,75201,nfo@kathairestaurant.com,,,nfo@kathairestaurant.com,https://www.facebook.com/ka.thai.965,https://www.instagram.com/kathairestaurant,Yes,found_homepage
Malai Kitchen,"6130 Luther Ln, Dallas, TX 75225",https://malaikitchen.com,Yes,(972) 373-4434,,2.0,45.0,32.8827161,-96.9096975,Thai restaurant,Food & Restaurant,75201,,,,,http://www.facebook.com/malaikitchen,https://www.instagram.com/malaikitchen/,No,no_contact_found
Sabaidee Lao & Thai Street Food,"5200 Lemmon Ave #100, Dallas, TX 75209",https://sabaidee.us,Yes,(214) 520-6868,,1.0,67.0,32.8827161,-96.9096975,Thai restaurant,Food & Restaurant,75201,,,,,,,No,no_contact_found
Ka Thai North Dallas,"6859 Arapaho Rd #601, Dallas, TX 75248",https://kathairestaurant.com,Yes,(469) 291-7995,,0.0,25.0,32.8827161,-96.9096975,Thai restaurant,Food & Restaurant,75201,nfo@kathairestaurant.com,,,nfo@kathairestaurant.com,https://www.facebook.com/ka.thai.965,https://www.instagram.com/kathairestaurant,Yes,found_homepage
Asian Mint,"4246 Oak Lawn Ave, Dallas, TX 75219",https://asianmint.com,Yes,(214) 219-6468,,0.0,61.0,32.8827161,-96.9096975,Thai restaurant,Food & Restaurant,75201,,,,,,,No,no_contact_found
Sweet Rice Street Eats | Bishop,"831 W Davis St, Dallas, TX 75208",https://sweetricetx.com,Yes,(214) 613-6244,,5.0,26.0,32.7496807,-96.9812894,Thai restaurant,Food & Restaurant,75201,,,,,https://www.facebook.com/sweetricetx,https://www.instagram.com/sweetricetx/,No,no_contact_found
Khao Horm Thai,"2525 Inwood Rd #123, Dallas, TX 75235",https://khaohorm-thai-dallas.com,Yes,(469) 778-0075,,9.0,35.0,32.7496807,-96.9812894,Thai restaurant,Food & Restaurant,75201,hbsn777.llc@gmail.com,,,hbsn777.llc@gmail.com,,,Yes,found_homepage
Bangkok Dee Thai Cuisine (Official),"10207 N Central Expy, Dallas, TX 75231",https://bangkokdeethaicuisine.com,Yes,(214) 739-3436,,6.0,65.0,32.885804,-96.915046,Thai restaurant,Food & Restaurant,75201,,,,,,,No,no_contact_found
Thai's Thumbz Urban Kitchen Dallas,"18101 Preston Rd #106, Dallas, TX 75252",https://thaisthumbz.com,Yes,(972) 803-6371,,6.0,9.0,32.9993339,-96.9424659,Thai restaurant,Food & Restaurant,75201,thaisthumbz@yahoo.com,,,thaisthumbz@yahoo.com,https://www.facebook.com/thaithumbz/,https://www.instagram.com/thaithumbz/,Yes,found_homepage
Royal Thai,"5500 Greenville Ave #608, Dallas, TX 75206",https://royalthaidallas.com,Yes,(214) 691-3555,,4.0,78.0,32.8532893,-96.9124651,Thai restaurant,Food & Restaurant,75201,,,,,https://www.facebook.com/profile.php?id=100069697810362&ref=embed_page,,No,no_contact_found
Asian Mint,"11617 N Central Expy Suite 135, Dallas, TX 75243",https://asianmint.com,Yes,(214) 363-6655,,442.0,2.0,32.8532893,-96.9124651,Thai restaurant,Food & Restaurant,75201,,,,,,,No,no_contact_found
Sweet Rice,"2337 W Mockingbird Ln, Dallas, TX 75235",https://sweetricetx.com,Yes,(972) 863-9235,,0.0,38.0,32.8264169,-96.9910806,Thai restaurant,Food & Restaurant,75201,,,,,https://www.facebook.com/sweetricetx,https://www.instagram.com/sweetricetx/,No,no_contact_found
Zaap Kitchen Lao & Thai Street Eats - LOVERS,"5219 W Lovers Ln, Dallas, TX 75209",https://zaapkitchen.com,Yes,(214) 242-9567,,6.0,6.0,32.8264169,-96.9910806,Thai restaurant,Food & Restaurant,75201,,,,,,,No,no_contact_found
Bangkok Inn,"6033 Oram St, Dallas, TX 75206",https://bangkokinndallas.com,Yes,(214) 821-8979,,3.0,25.0,32.8264169,-96.9910806,Thai restaurant,Food & Restaurant,75201,info@bangkokinn.com,,,info@bangkokinn.com,http://www.facebook.com/pages/Bangkok-Inn/105946436114086,,Yes,found_homepage
Ma Li Thai Kitchen,"9191 Forest Ln Suite 3, Dallas, TX 75243",https://malithaikitchen.com,Yes,(972) 235-3038,,2.0,28.0,32.8264169,-96.9910806,Thai restaurant,Food & Restaurant,75201,,,,,,,No,no_contact_found
Best Thai Signature - Dallas (Frankford Rd),"18352 Dallas Pkwy #112, Dallas, TX 75287",https://bestthaidallas.com,Yes,(972) 930-9973,,3.0,61.0,32.8264169,-96.9910806,Thai restaurant,Food & Restaurant,75201,,,,,,,No,no_contact_found
Thai2go,"2222 Medical District Dr #205, Dallas, TX 75235",https://getthai2go.com,Yes,(214) 484-2161,,9.0,40.0,32.8264169,-96.9910806,Thai restaurant,Food & Restaurant,75201,,,,,,,No,no_contact_found
Sabaidee Lao & Thai Street Food - Addison,"5365 Spring Valley Rd STE 158, Dallas, TX 75254",https://sabaidee.us,Yes,(972) 863-7575,,9.0,71.0,32.8264169,-96.9910806,Thai restaurant,Food & Restaurant,75201,,,,,,,No,no_contact_found
Moom Muum,"5365 Spring Valley Rd STE 158, Dallas, TX 75254",https://sabaidee.us,Yes,(972) 863-7575,,9.0,71.0,32.8264169,-96.9910806,Thai restaurant,Food & Restaurant,75201,,,,,,,No,no_contact_found
Ginger Thai Restaurant,"6434 E Mockingbird Ln Ste 111, Dallas, TX 75214",https://gingerthaidallas.com,Yes,(214) 887-6175,,0.0,24.0,32.8264169,-96.9910806,Thai restaurant,Food & Restaurant,75201,,,,,,,No,no_contact_found
Thai Opal,"6300 Skillman St #156, Dallas, TX 75231",https://thaiopal.com,Yes,(214) 553-5956,,6.0,51.0,32.8264169,-96.9910806,Thai restaurant,Food & Restaurant,75201,,,,,,,No,no_contact_found
Thai Palm Dallas,"2824 N O'Connor Rd, Irving, TX 75062",https://thaipalmdallas.com,Yes,(972) 255-4295,,6.0,33.0,32.8264169,-96.9910806,Thai restaurant,Food & Restaurant,75201,,,,,,,No,no_contact_found
Tukta Thai,"9625 Plano Rd #500, Dallas, TX 75238",https://tuktathai.com,Yes,(214) 342-0121,,3.0,37.0,32.8264169,-96.9910806,Thai restaurant,Food & Restaurant,75201,,,,,,,No,no_contact_found
Banana Leaf Thai Cuisine,"17370 Preston Rd #500, Dallas, TX 75252",https://thaibananaleaf.com,Yes,(972) 713-0123,,42.0,2.0,32.8264169,-96.9910806,Thai restaurant,Food & Restaurant,75201,,,,,,,No,no_contact_found
Brya Zan Thai Noodle + Brew,"1909 Preston Rd, Plano, TX 75093",https://bryazan.com,Yes,(469) 498-4099,,2.0,32.0,32.8264169,-96.9910806,Thai restaurant,Food & Restaurant,75201,,,,,,,No,no_contact_found
Black Thai Authentic Cuisine,"1616 W Hebron Pkwy #114, Carrollton, TX 75010",https://blackthaicarrollton.com,Yes,(214) 731-6449,,7.0,60.0,32.8264169,-96.9910806,Thai restaurant,Food & Restaurant,75201,,,,,,,No,no_contact_found
San Korean BBQ,"5609 SMU Boulevard Suite 102, Dallas, TX 75206",https://sankoreanbbq.com,Yes,(214) 484-1673,,7.0,4.0,32.7784343,-97.4047805,Korean BBQ,Food & Restaurant,75201,,,,,,,No,no_contact_found
Gen Korean BBQ House,"5500 Greenville Ave ste 1102, Dallas, TX 75206",https://genkoreanbbq.com,Yes,(210) 742-2926,,5.0,55.0,32.7784343,-97.4047805,Korean BBQ,Food & Restaurant,75201,,,,,,,No,no_contact_found
WooMeeOk Korean BBQ,"10560 Walnut St #200, Dallas, TX 75243",https://woomeeokdallas.com,Yes,(469) 822-3136,,5.0,95.0,32.7784343,-97.4047805,Korean BBQ,Food & Restaurant,75201,,,,,,,No,no_contact_found
Koryo Korean BBQ,"2560 Royal Ln #105, Dallas, TX 75229",https://eatkoryo.com,Yes,(214) 272-7486,,793.0,1.0,32.7784343,-97.4047805,Korean BBQ,Food & Restaurant,75201,,,,,,,No,no_contact_found
bb.q Chicken Lower Greenville (Dallas),"1811 Greenville Ave #145, Dallas, TX 75206",https://bbqchicken.com,Yes,(214) 468-4349,,5.0,46.0,32.7784343,-97.4047805,Korean BBQ,Food & Restaurant,75201,,,,,,,No,no_contact_found
Burnin92 Korean BBQ & Skewers,"11445 Emerald St #120, Dallas, TX 75229",https://burnin92.com,Yes,(972) 629-9507,,9.0,37.0,32.7784343,-97.4047805,Korean BBQ,Food & Restaurant,75201,,,,,,,No,no_contact_found
JOA GRILL | Korean BBQ,"2254 Royal Ln, Dallas, TX 75229",https://joagrill.com,Yes,(972) 241-3900,,395.0,1.0,32.7784343,-97.4047805,Korean BBQ,Food & Restaurant,75201,,,,,,,No,no_contact_found
Burning Rice,"6106 Luther Ln, Dallas, TX 75225",https://burningrice.com,Yes,(972) 846-9223,,2.0,32.0,32.7784343,-97.4047805,Korean BBQ,Food & Restaurant,75201,,,,,,,No,no_contact_found
Lee DaeGam KBBQ & Shabu,"11425 Goodnight Ln, Dallas, TX 75229",https://kbbqdallas.com,Yes,(214) 258-5442,,9.0,50.0,32.7784343,-97.4047805,Korean BBQ,Food & Restaurant,75201,,,,,,,No,no_contact_found
Ham Ji Bak Korean BBQ,"2625 Old Denton Rd #598, Carrollton, TX 75007",https://hamjibakbbq.com,Yes,(469) 892-6094,,1.0,75.0,32.7784343,-97.4047805,Korean BBQ,Food & Restaurant,75201,,,,,,,No,no_contact_found
Seoul Garden,"2502 Royal Ln Suite #103, Dallas, TX 75229",https://seoulgardenkbbq.com,Yes,(972) 484-6090,,1.0,99.0,32.7784343,-97.4047805,Korean BBQ,Food & Restaurant,75201,,,,,,,No,no_contact_found
Korea House  Korean Cuisine & Sushi,"2598 Royal Ln, Dallas, TX 75229",https://koreahousedallas.com,Yes,(972) 243-0434,,6.0,79.0,32.7784343,-97.4047805,Korean BBQ,Food & Restaurant,75201,,,,,,,No,no_contact_found
Moodaepo Korean BBQ,"3044 Old Denton Rd Apt 133, Carrollton, TX 75007",https://moodaepotx.com,Yes,(469) 900-8073,,5.0,91.0,32.7784343,-97.4047805,Korean BBQ,Food & Restaurant,75201,,,,,,,No,no_contact_found
Gopchang Story Korean BBQ of Carrollton,"4070 State Hwy 121 Suite 328, Carrollton, TX 75010",https://gopchangstorydfw.com,Yes,(469) 892-6381,,7.0,39.0,32.7784343,-97.4047805,Korean BBQ,Food & Restaurant,75201,,,,,,,No,no_contact_found
Yoon Korean BBQ,"2625 Old Denton Rd Ste 620, Carrollton, TX 75007",https://yoonbbq.com,Yes,(972) 242-5500,,6.0,68.0,32.7784343,-97.4047805,Korean BBQ,Food & Restaurant,75201,,,,,,,No,no_contact_found
Dal Dong Nae restaurant,"11445 Emerald St, Dallas, TX 75229",https://daldongnae.com,Yes,(972) 484-2994,,2.0,53.0,32.7784343,-97.4047805,Korean BBQ,Food & Restaurant,75201,,,,,,,No,no_contact_found
Won BBQ,"1301 Custer Rd, Plano, TX 75075",https://wonbbqtx.com,Yes,(214) 501-3121,,6.0,31.0,32.7784343,-97.4047805,Korean BBQ,Food & Restaurant,75201,,,,,,,No,no_contact_found
CJ's Bulgogi & Grill,"13150 Senlac Dr #100, Farmers Branch, TX 75234",https://cjsbulgogigrill.com,Yes,(469) 577-4182,,5.0,39.0,32.7784343,-97.4047805,Korean BBQ,Food & Restaurant,75201,,,,,,,No,no_contact_found
Omi Korean Grill,"2625 Old Denton Rd #326, Carrollton, TX 75007",https://omikoreangrill.com,Yes,(972) 245-3565,,132.0,2.0,32.7784343,-97.4047805,Korean BBQ,Food & Restaurant,75201,,,,,https://www.facebook.com/omikoreangrillandbar#,https://www.instagram.com/omikoreangrillandbar?igsh=MWNidjd1d3BvZ3R3eg==,No,no_contact_found
Doma Seolleongtang,"11441 N Stemmons Fwy, Dallas, TX 75229",https://domaseolleongtang.com,Yes,(469) 372-5204,,246.0,1.0,32.7784343,-97.4047805,Korean BBQ,Food & Restaurant,75201,,,,,,,No,no_contact_found
Bon KBBQ,"3420 K Ave #200, Plano, TX 75074",https://bonkoreanbbq.com,Yes,(972) 312-9979,,765.0,1.0,32.7784343,-97.4047805,Korean BBQ,Food & Restaurant,75201,,,,,,,No,no_contact_found
BON KBBQ (Jin Korean KBBQ),"3810 S Cooper St #130, Arlington, TX 76015",https://portal.carbonaraapp.com,Yes,(817) 419-2500,,811.0,1.0,32.6828491,-97.7115841,Korean BBQ,Food & Restaurant,75201,,,,,,,No,no_contact_found
"Maht Gaek Korean Restaurant, Grilled Pork Ribs","151 W Spring Creek Pkwy #519, Plano, TX 75023",https://mahtgaekplano.com,Yes,(972) 398-9344,,8.0,81.0,33.0584266,-97.2723899,Korean BBQ,Food & Restaurant,75201,mail@demolink.org,,,mail@demolink.org,https://www.facebook.com/pages/Maht-Gaek-Korean-Restuarant/175434716723614?rf=393368204724107,https://www.instagram.com/explore/locations/175434716723614/united-states/plano-texas/maht-gaek-korean-restuarant/,Yes,found_subpage
Dduk Bae Gi Hot Stone & Korean Kitchen,"2330 Royal Ln #300, Dallas, TX 75229",https://ddukbaegikoreankitchen.com,Yes,(469) 620-2390,,9.0,41.0,33.0584266,-97.2723899,Korean BBQ,Food & Restaurant,75201,,,,,https://www.facebook.com/ddukbaegikoreankitchen,https://www.instagram.com/ddukbaegi_koreankitchen/,No,no_contact_found
DanSungSa,"11407 Emerald St Suite 121, Dallas, TX 75229",https://toasttab.com,Yes,(469) 522-7399,,2.0,89.0,33.0584266,-97.2723899,Korean BBQ,Food & Restaurant,75201,,,,,,,No,no_contact_found
Hungry Belly,"2818 N Fitzhugh Ave, Dallas, TX 75204",https://hungrybellydallas.com,Yes,(214) 258-5859,,9.0,78.0,33.0584266,-97.2723899,Korean BBQ,Food & Restaurant,75201,,,,,,https://www.instagram.com/hungrybellydallas,No,no_contact_found
Hanbat Shul Lung Tang,"2257 Royal Ln #101, Dallas, TX 75229",https://dallashanbat.com,Yes,(972) 484-2002,,1.0,76.0,33.0584266,-97.2723899,Korean BBQ,Food & Restaurant,75201,,,,,,,No,no_contact_found
bb.q Chicken Richardson,"1312 E Belt Line Rd, Richardson, TX 75081",https://bbqchicken.com,Yes,(972) 373-4719,,58.0,1.0,33.0584266,-97.2723899,Korean BBQ,Food & Restaurant,75201,gm@bbqktown.com,,,gm@bbqktown.com,https://www.facebook.com/bbqchickenus,https://www.instagram.com/bbqchickenus/,Yes,found_subpage
WaBa Grill,"2222 Fort Worth Ave Ste 120, Dallas, TX 75211",https://locations.wabagrill.com,Yes,(469) 718-8628,,3.0,14.0,33.0584266,-97.2723899,Korean BBQ,Food & Restaurant,75201,,,,,,,No,no_contact_found
Dalgopchang,"1060 W Frankford Rd Ste 115, Carrollton, TX 75007",https://dalgopchang.com,Yes,(469) 289-6862,,8.0,33.0,33.0584266,-97.2723899,Korean BBQ,Food & Restaurant,75201,order@dalgopchang.com,,,order@dalgopchang.com,https://www.facebook.com/p/Dalgopchang-100070045609590/,https://www.instagram.com/dalgopchang,Yes,found_homepage
Dong Bo Sung,"11445 Emerald St STE 115, Dallas, TX 75229",https://dong-bo-sung.com,Yes,(972) 925-0328,,1.0,40.0,33.0584266,-97.2723899,Korean BBQ,Food & Restaurant,75201,,,,,,,No,no_contact_found
Texan Wangbal,"2560 Royal Ln #102, Dallas, TX 75229",https://instagram.com,Yes,(214) 272-7921,,4.0,1.0,33.0584266,-97.2723899,Korean BBQ,Food & Restaurant,75201,,,,,,,No,no_contact_found
Domodomo K,"2681 Howell St BU3, Dallas, TX 75201",https://domodomorestaurant.com,Yes,(214) 238-0603,,0.0,37.0,32.7871462,-96.8348358,Japanese restaurant,Food & Restaurant,75201,,,,,,,No,no_contact_found
Sushi | Bar Dallas,"2111 Jackson St, Dallas, TX 75201",https://sushibarhospitality.com,Yes,(214) 420-8532,,2.0,10.0,32.7871462,-96.8348358,Japanese restaurant,Food & Restaurant,75201,info@sushibarhospitality.com,rstock@sushibarhospitality.com,,info@sushibarhospitality.com | rstock@sushibarhospitality.com,https://www.facebook.com/sushibarhospitality,https://www.instagram.com/sushibarrestaurants,Yes,found_homepage
Sushi Sakana Uptown Dallas,"2811 McKinney Ave 28 (1st floor, Dallas, TX 75204",https://sushisakana.com,Yes,(469) 620-2100,,4.0,23.0,32.7871462,-96.8348358,Japanese restaurant,Food & Restaurant,75201,,,,,https://www.facebook.com/sushisakanaplano/,https://www.instagram.com/sushisakanaplano/,No,no_contact_found
Tatsu Dallas,"3309 Elm St ste 120, Dallas, TX 75226",https://tatsu-dallas.com,Yes,(469) 271-7710,,1.0,20.0,32.7866473,-96.8137276,Japanese restaurant,Food & Restaurant,75201,info@tatsu-dallas.com,press@tatsu-dallas.com,,info@tatsu-dallas.com | press@tatsu-dallas.com,,https://www.instagram.com/tatsu_dallas/,Yes,found_homepage
Sushi by Scratch Restaurants: Dallas,"3309 Elm St ste 120, Dallas, TX 75226",https://tatsu-dallas.com,Yes,(469) 271-7710,,1.0,20.0,32.7866473,-96.8137276,Japanese restaurant,Food & Restaurant,75201,info@tatsu-dallas.com,press@tatsu-dallas.com,,info@tatsu-dallas.com | press@tatsu-dallas.com,,https://www.instagram.com/tatsu_dallas/,Yes,found_homepage
Yellowtail Sushi Bar & Steak,"2400 Victory Park Ln, Dallas, TX 75219",https://yellowtailsushivp.com,Yes,(972) 803-6824,,3.0,70.0,32.7875106,-96.845195,Japanese restaurant,Food & Restaurant,75201,,,,,,,No,no_contact_found
Kessaku,"2400 Victory Park Ln, Dallas, TX 75219",https://yellowtailsushivp.com,Yes,(972) 803-6824,,3.0,70.0,32.7875106,-96.845195,Japanese restaurant,Food & Restaurant,75201,,,,,,,No,no_contact_found
Namo,"400 Crescent Ct, Dallas, TX 75201",https://noburestaurants.com,Yes,(214) 252-7000,,7.0,94.0,32.7875106,-96.845195,Japanese restaurant,Food & Restaurant,75201,groupsandevents@oneandonlycapetown.com,,,groupsandevents@oneandonlycapetown.com,https://www.facebook.com/noburestaurants,https://www.instagram.com/noburestaurants,Yes,found_subpage
Hibiki Sushi,"2651 Commerce St #120, Dallas, TX 75226",https://facebook.com,Yes,(469) 248-0516,,1.0,80.0,32.7831358,-96.8202752,Japanese restaurant,Food & Restaurant,75201,,,,,,,No,no_contact_found
Black Ship Little Katana,"555 S Lamar St #130, Dallas, TX 75202",https://omnihotels.com,Yes,(214) 760-7200,,0.0,26.0,32.7751958,-96.8401697,Japanese restaurant,Food & Restaurant,75201,,,,,,,No,no_contact_found
Norman's Japanese Grill,"4002 Oak Lawn Ave, Dallas, TX 75219",https://normansjapanese.com,Yes,(469) 960-6544,,9.0,14.0,32.7751958,-96.8401697,Japanese restaurant,Food & Restaurant,75201,info@durohospitality.com,,,info@durohospitality.com,https://www.facebook.com/people/Normans-Japanese-Grill/61578963421845/,https://scontent-lax3-1.cdninstagram.com/v/t51.82787-15/641739783_17888726730441494_2337581393805424007_n.jpg?stp=dst-jpg_e35_tt6&_nc_cat=104&ccb=7-5&_nc_sid=18de74&efg=eyJlZmdfdGFnIjoiQ0FST1VTRUxfSVRFTS5iZXN0X2ltYWdlX3VybGdlbi5DMyJ9&_nc_ohc=Yoe9qHptYq0Q7kNvwGPozro&_nc_oc=AdrVCxDeJyqDo8HMBqzsCdWWceiJJYAi1qWyhd1BIyVOejymXLsnPl00N-K03zRHlsM&_nc_zt=23&_nc_ht=scontent-lax3-1.cdninstagram.com&edm=ANo9K5cEAAAA&_nc_gid=sV1sZ6UedxgyqoGIe8NBQw&_nc_tpa=Q5bMBQHdGEke02d-D6N6Com0q8cT_keQXRHsx5XNErdGQdsAjyIGJvXWssoiAKKuH-rt22uaNFaRqGoOtw&oh=00_Af1x9KXqdVA5XX47j_G2oX0pWbs1Xc7xf4QIFYpS5psCYQ&oe=69E6549E,Yes,found_homepage
JINYA Ramen Bar - Victory Park,"2550 Pacific Ave, Dallas, TX 75226",https://komododallas.com,Yes,(214) 261-6000,,783.0,1.0,32.7847571,-96.8241782,Japanese restaurant,Food & Restaurant,75201,,,,,,,No,no_contact_found
Ichigoh Ramen Lounge,"2724 Commerce St, Dallas, TX 75226",https://ichigohramen.com,Yes,(972) 707-0732,,5.0,80.0,32.7847571,-96.8241782,Japanese restaurant,Food & Restaurant,75201,,,,,,https://www.instagram.com/ichigohramen/,No,no_contact_found
Otaru Sushi & Handroll Bar,"2724 Commerce St, Dallas, TX 75226",https://ichigohramen.com,Yes,(972) 707-0732,,5.0,80.0,32.7847571,-96.8241782,Japanese restaurant,Food & Restaurant,75201,,,,,,https://www.instagram.com/ichigohramen/,No,no_contact_found
Takumi Hachi (Japanese Dining Experience),"5312 Belt Line Rd, Dallas, TX 75254",https://hachi.takefiveusa.com,Yes,(214) 242-8900,,0.0,6.0,32.9534914,-96.852077,Japanese restaurant,Food & Restaurant,75201,,,,,https://www.facebook.com/profile.php?id=100054591003208,https://www.instagram.com/izakaya.hachi/,No,no_contact_found
Shoyo,"5312 Belt Line Rd, Dallas, TX 75254",https://hachi.takefiveusa.com,Yes,(214) 242-8900,,0.0,6.0,32.9534914,-96.852077,Japanese restaurant,Food & Restaurant,75201,,,,,https://www.facebook.com/profile.php?id=100054591003208,https://www.instagram.com/izakaya.hachi/,No,no_contact_found
Naminohana,"1812 N Haskell Ave., Dallas, TX 75204",https://loroeats.com,Yes,(214) 833-4983,,496.0,1.0,32.8816357,-96.8041635,Japanese restaurant,Food & Restaurant,75201,,,,,,,No,no_contact_found
Oni Ramen,"2822 Elm St, Dallas, TX 75226",https://oniramen.com,Yes,,,14.0,2.0,32.8816357,-96.8041635,Japanese restaurant,Food & Restaurant,75201,oniramende@gmail.com,,,oniramende@gmail.com,https://www.facebook.com/oniramen,https://www.instagram.com/oniramenofc/,Yes,found_homepage
JingHe Japanese Restaurant,"5321 E Mockingbird Ln #105, Dallas, TX 75206",https://jingherestaurant.com,Yes,(214) 377-7548,,5.0,77.0,32.8816357,-96.8041635,Japanese restaurant,Food & Restaurant,75201,jinghemockingbird@gmail.com,jinghejapanese@gmail.com,,jinghemockingbird@gmail.com | jinghejapanese@gmail.com,,https://www.instagram.com/wix,Yes,found_homepage
Sushi Axiom,"3211 Oak Lawn Ave C, Dallas, TX 75219",https://axiomdallas.com,Yes,(214) 828-2288,,271.0,1.0,32.8816357,-96.8041635,Japanese restaurant,Food & Restaurant,75201,axiomdallas@gmail.com,,,axiomdallas@gmail.com,http://www.facebook.com/sushiaxiomdallas,https://instagram.com/sushiaxiomdallas,Yes,found_homepage
Tanpopo Japanese kitchen,"921 W Commerce St, Dallas, TX 75208",https://tanpopo.online,Yes,(817) 471-6248,,5.0,4.0,32.8816357,-96.8041635,Japanese restaurant,Food & Restaurant,75201,,,,,,,No,no_contact_found
Tei Tei Robata Bar,"2906 N Henderson Ave, Dallas, TX 75206",https://teiteirobata.com,Yes,(214) 828-2400,,3.0,43.0,32.8816357,-96.8041635,Japanese restaurant,Food & Restaurant,75201,,,,,http://www.facebook.com/teiteirobata,http://instagram.com/teiteirobatabar,No,no_contact_found
Ai Sushi,"4123 Cedar Springs Rd #102, Dallas, TX 75219",https://aisushibar.com,Yes,(214) 468-4587,,4.0,41.0,32.8816357,-96.8041635,Japanese restaurant,Food & Restaurant,75201,,,,,,https://www.instagram.com/aisushi_uptown_dallas,No,no_contact_found
Blue Sushi Sake Grill,"7859 Walnut Hill Ln STE 180, Dallas, TX 75230",https://bluesushisakegrill.com,Yes,(972) 677-7887,,679.0,1.0,32.8816357,-96.8041635,Japanese restaurant,Food & Restaurant,75201,,,,,https://www.facebook.com/bluesushisakegrillrivernorth,https://www.instagram.com/bluesushisakegrill/,No,no_contact_found
Yujo,"12835 Preston Rd suite 216, Dallas, TX 75230",https://yujomakase.com,Yes,(214) 238-6716,,6.0,22.0,32.8816357,-96.8041635,Japanese restaurant,Food & Restaurant,75201,,,,,https://www.facebook.com/yujomakase/,https://www.instagram.com/yujomakase/,No,no_contact_found
Yama Izakaya & Sushi,"2332 Leonard St, Dallas, TX 75201",https://hotelzaza.com,Yes,(214) 550-9500,,6.0,68.0,32.8816357,-96.8041635,Japanese restaurant,Food & Restaurant,75201,austin@hotelzaza.com,dallasuptown@hotelzaza.com,houstonmemorial@hotelzaza.com,austin@hotelzaza.com | dallasuptown@hotelzaza.com | houstonmemorial@hotelzaza.com | houstonmuseumdistrict@hotelzaza.com | zippoints@hotelzaza.com | mediainquiry@hotelzaza.com,,https://www.instagram.com/p/Cyoh3QGNIOL/?img_index=1,Yes,found_subpage
MBO,"2301 N Akard St Suite 250, Dallas, TX 75201",https://thehenryrestaurant.com,Yes,(972) 677-9560,,404.0,3.0,32.8816357,-96.8041635,Japanese restaurant,Food & Restaurant,75201,,,,,https://www.facebook.com/TheHenryRestaurant,https://www.instagram.com/thehenryrestaurant,No,no_contact_found
Sasa Sushi,"6340 Gaston Ave, Dallas, TX 75214",https://sasasushitx.com,Yes,(214) 484-7420,,128.0,1.0,32.8816357,-96.8041635,Japanese restaurant,Food & Restaurant,75201,,,,,,,No,no_contact_found
Moriya Shokudo,"6340 Gaston Ave, Dallas, TX 75214",https://sasasushitx.com,Yes,(214) 484-7420,,128.0,1.0,32.8816357,-96.8041635,Japanese restaurant,Food & Restaurant,75201,,,,,,,No,no_contact_found
Onsan Dim Sum Sushi,"12300 Inwood Rd #180, Dallas, TX 75244",https://onesandallas.com,Yes,(469) 580-6838,,5.0,14.0,32.8816357,-96.8041635,Japanese restaurant,Food & Restaurant,75201,info@onesandallas.com,,,info@onesandallas.com,https://www.facebook.com/105871067817538,https://www.instagram.com/onesandallas,Yes,found_homepage
Pearl Sushi,"4640 McKinney Ave #130, Dallas, TX 75205",https://pearlrestaurants.com,Yes,(469) 453-0033,,2.0,24.0,32.8236468,-96.8228611,sushi restaurant,Food & Restaurant,75201,,,,,,,No,no_contact_found
Anchor Sushi Bar,"3130 Knox St, Dallas, TX 75205",https://anchorsushi.com,Yes,(214) 432-0853,,7.0,90.0,32.8232974,-96.8245682,sushi restaurant,Food & Restaurant,75201,preston@anchorsushi.com,,,preston@anchorsushi.com,https://www.facebook.com/anchorsushibar,https://www.instagram.com/theanchorsushibar/,Yes,found_subpage
JINYA Ramen Bar - Preston Hollow,"7949 Walnut Hill Ln #160, Dallas, TX 75230",https://jinyaramenbar.com,Yes,(214) 272-7578,,566.0,2.0,32.881318,-96.9165646,ramen restaurant,Food & Restaurant,75201,,,,,https://www.facebook.com/JinyaRamenBar/,https://www.instagram.com/jinyaramenbar/,No,no_contact_found
HINODEYA Ramen & Bar Greenville,"2023 Greenville Ave Suite 130, Dallas, TX 75206",https://hinodeyaramen.com,Yes,(972) 685-4117,,881.0,1.0,32.881318,-96.9165646,ramen restaurant,Food & Restaurant,75201,,,,,,,No,no_contact_found
TEN Ramen,"1888 Sylvan Ave #F100, Dallas, TX 75208",https://tenramenhp.com,Yes,(972) 803-4400,,642.0,1.0,32.7696037,-96.9796926,ramen restaurant,Food & Restaurant,75201,,,,,,https://www.instagram.com/tenramen/,No,no_contact_found
WAYA Japanese Izakaya,"6334 Gaston Ave, Dallas, TX 75214",https://wayadallas.com,Yes,(972) 982-2103,,3.0,1.0,32.8131133,-96.8976462,ramen restaurant,Food & Restaurant,75201,contact@wayadallas.com,,,contact@wayadallas.com,,https://www.instagram.com/waya_dallas/,Yes,found_homepage
Ichiro Sapporo Ramen,"2555 Inwood Rd #139, Dallas, TX 75235",https://ichiroramendallas.com,Yes,(469) 242-0094,,646.0,1.0,32.822341,-96.9800868,ramen restaurant,Food & Restaurant,75201,sapporo.inwood@gmail.com,,,sapporo.inwood@gmail.com,https://www.facebook.com/IchiroRamenShop/,,Yes,found_homepage
Wabi House,"1802 Greenville Ave Until 100, Dallas, TX 75206",https://wabihousetx.com,Yes,(469) 949-5121,,492.0,2.0,32.822341,-96.9800868,ramen restaurant,Food & Restaurant,75201,,,,,,,No,no_contact_found
Casa Ramen Dallas,"9440 Garland Rd Suite 108, Dallas, TX 75218",https://casaramendallas.com,Yes,(469) 200-6697,,0.0,26.0,32.8328481,-96.8470051,ramen restaurant,Food & Restaurant,75201,casaramendallas@gmail.com,,,casaramendallas@gmail.com,https://www.facebook.com/casaramendallas/,https://www.instagram.com/casaramendallas/,Yes,found_homepage
Kanpai Dallas,"215 Henry St, Dallas, TX 75226",https://kanpaicoffeeandbeergarden.com,Yes,(469) 608-0063,,6.0,2.0,32.7867216,-96.9395134,ramen restaurant,Food & Restaurant,75201,,,,,,,No,no_contact_found
JINYA Ramen Bar - Carrollton,"2451 Old Denton Rd Suite 150, Carrollton, TX 75006",https://jinyaramenbar.com,Yes,(214) 731-6995,,527.0,3.0,32.9811821,-97.0546672,ramen restaurant,Food & Restaurant,75201,,,,,https://www.facebook.com/JinyaRamenBar/,https://www.instagram.com/jinyaramenbar/,No,no_contact_found
wagamama,"2425 Harry Hines Blvd, Dallas, TX 75201",https://wagamama.com,Yes,(945) 495-9242,,2.0,79.0,32.7831358,-96.9284219,ramen restaurant,Food & Restaurant,75201,press@wagamama.com,,,press@wagamama.com,https://www.facebook.com/wagamama,https://www.instagram.com/wagamama_uk/,Yes,found_homepage
Alara - Modern Mediterranean,"1628 Oak Lawn Ave #120, Dallas, TX 75207",https://alaradtx.com,Yes,(214) 238-0737,,9.0,2.0,32.7898527,-96.9482131,Mediterranean restaurant,Food & Restaurant,75201,team@alaradtx.com,,,team@alaradtx.com,,https://www.instagram.com/alaradtx,Yes,found_homepage
Baboush,"3636 McKinney Ave #160, Dallas, TX 75204",https://baboushdallas.com,Yes,(214) 599-0707,,330.0,1.0,32.7898527,-96.9482131,Mediterranean restaurant,Food & Restaurant,75201,,,,,,,No,no_contact_found
Zatar Lebanese Tapas & Bar,"2825 Commerce St, Dallas, TX 75226",https://zatardallas.com,Yes,(972) 863-7100,,3.0,92.0,32.7898527,-96.9482131,Mediterranean restaurant,Food & Restaurant,75201,reservations@zatardallas.com,,,reservations@zatardallas.com,http://www.facebook.com/zatardallas,http://instagram.com/zatardallas,Yes,found_homepage
Babel,"2825 Commerce St, Dallas, TX 75226",https://zatardallas.com,Yes,(972) 863-7100,,3.0,92.0,32.7898527,-96.9482131,Mediterranean restaurant,Food & Restaurant,75201,reservations@zatardallas.com,,,reservations@zatardallas.com,http://www.facebook.com/zatardallas,http://instagram.com/zatardallas,Yes,found_homepage
CAVA,"3878 Oak Lawn Ave Suite 314, Dallas, TX 75219",https://cava.com,Yes,(469) 809-3533,,8.0,1.0,32.7898527,-96.9482131,Mediterranean restaurant,Food & Restaurant,75201,,,,,,,No,no_contact_found
Sachet,"4270 Oak Lawn Ave, Dallas, TX 75219",https://sachetdallas.com,Yes,(214) 613-6425,,1.0,56.0,32.7898527,-96.9482131,Mediterranean restaurant,Food & Restaurant,75201,,,,,,,No,no_contact_found
Saaya,"2511 Swiss Ave STE 110, Dallas, TX 75204",https://saayadallas.com,Yes,(469) 480-6254,,800.0,1.0,32.7898527,-96.9482131,Mediterranean restaurant,Food & Restaurant,75201,info@saayadallas.com,,,info@saayadallas.com,https://www.facebook.com/saayalounge,https://www.instagram.com/saayalounge/,Yes,found_subpage
The Mayor's House By Selda,"635 N Zang Blvd, Dallas, TX 75208",https://themayorshousebyselda.com,Yes,(214) 617-5837,,129.0,3.0,32.7898527,-96.9482131,Mediterranean restaurant,Food & Restaurant,75201,,,,,,,No,no_contact_found
Elia Greek Tavern,"635 N Zang Blvd, Dallas, TX 75208",https://themayorshousebyselda.com,Yes,(214) 617-5837,,129.0,3.0,32.7898527,-96.9482131,Mediterranean restaurant,Food & Restaurant,75201,,,,,,,No,no_contact_found
Chefika,"7859 Walnut Hill Ln Ste 170, Dallas, TX 75230",https://chefikadallas.com,Yes,(214) 758-0155,,2.0,59.0,32.7898527,-96.9482131,Mediterranean restaurant,Food & Restaurant,75201,,,,,,https://www.instagram.com/chefikadallas/,No,no_contact_found
Cafe Izmir Mediterranean Tapas,"3711 Greenville Ave, Dallas, TX 75206",https://cafeizmir.com,Yes,(214) 826-7788,,9.0,61.0,32.7898527,-96.9482131,Mediterranean restaurant,Food & Restaurant,75201,,,,,https://www.facebook.com/cafeizmirgreenville,https://www.instagram.com/cafeizmirgreenville/,No,no_contact_found
Taziki's Mediterranean Cafe - Old Town,"5500 Greenville Ave Unit #507, Dallas, TX 75206",https://tazikis.com,Yes,(214) 390-5458,,2.0,17.0,32.7898527,-96.9482131,Mediterranean restaurant,Food & Restaurant,75201,,,,,https://www.facebook.com/TazikisMedCafe,https://www.instagram.com/tazikis/,No,no_contact_found
Ziziki's,"4514 Travis St UNIT 122, Dallas, TX 75205",https://zizikis.com,Yes,(214) 521-2233,,1.0,78.0,32.7898527,-96.9482131,Mediterranean restaurant,Food & Restaurant,75201,,,,,,,No,no_contact_found
Fusion Mediterranean Grill & Bar,"12835 Preston Rd #220, Dallas, TX 75230",https://fusiongrillandbar.com,Yes,(469) 215-5952,,0.0,92.0,32.7898527,-96.9482131,Mediterranean restaurant,Food & Restaurant,75201,fusiondallastx@gmail.com,,,fusiondallastx@gmail.com,https://www.facebook.com/,https://www.instagram.com/fusiondallastxx,Yes,found_homepage
XENiA Mediterranean Kitchen,"12835 Preston Rd #220, Dallas, TX 75230",https://fusiongrillandbar.com,Yes,(469) 215-5952,,0.0,92.0,32.9243139,-96.9488303,Mediterranean restaurant,Food & Restaurant,75201,fusiondallastx@gmail.com,,,fusiondallastx@gmail.com,https://www.facebook.com/,https://www.instagram.com/fusiondallastxx,Yes,found_homepage
Selda Mediterranean,"6006 Belt Line Rd, Dallas, TX 75254",https://seldadallas.com,Yes,(972) 662-8847,,7.0,2.0,32.9243139,-96.9488303,Mediterranean restaurant,Food & Restaurant,75201,,,,,,,No,no_contact_found
Fadi's Mediterranean Grill,"6006 Belt Line Rd, Dallas, TX 75254",https://seldadallas.com,Yes,(972) 662-8847,,7.0,2.0,32.9243139,-96.9488303,Mediterranean restaurant,Food & Restaurant,75201,,,,,,,No,no_contact_found
Ephesus Mediterranean Grill,"10455 N Central Expy #118, Dallas, TX 75230",https://ephesusmediterraneangrilldallas.com,Yes,(972) 302-9766,,2.0,86.0,32.9243139,-96.9488303,Mediterranean restaurant,Food & Restaurant,75201,ephesusdallas@gmail.com,,,ephesusdallas@gmail.com,https://www.facebook.com/EphesusDallas/,https://www.instagram.com/ephesusdallas/,Yes,found_homepage
La Bodega Rotisserie and Goods,"10455 N Central Expy #118, Dallas, TX 75230",https://ephesusmediterraneangrilldallas.com,Yes,(972) 302-9766,,2.0,86.0,32.9243139,-96.9488303,Mediterranean restaurant,Food & Restaurant,75201,ephesusdallas@gmail.com,,,ephesusdallas@gmail.com,https://www.facebook.com/EphesusDallas/,https://www.instagram.com/ephesusdallas/,Yes,found_homepage
Food From Galilee,"6710 Snider Plaza, Dallas, TX 75205",https://foodfromgalilee.com,Yes,(214) 750-0330,,4.0,41.0,32.7892021,-96.9497813,Mediterranean restaurant,Food & Restaurant,75201,,,,,,,No,no_contact_found
The Devonshire Club,"5757 W Lovers Ln suite 101, Dallas, TX 75209",https://thedevonshireclub.com,Yes,(214) 758-0025,,3.0,15.0,32.7892021,-96.9497813,Mediterranean restaurant,Food & Restaurant,75201,,,,,,https://www.instagram.com/thedevonshireclub/,No,no_contact_found
Sevan G & G Cafe,"920 S Harwood St #120, Dallas, TX 75201",https://bellatrinopizzeria.com,Yes,(214) 495-1303,,121.0,3.0,32.7892021,-96.9497813,Mediterranean restaurant,Food & Restaurant,75201,john@dallasbestpizza.com,,,john@dallasbestpizza.com,https://www.facebook.com/577830098915501,https://www.instagram.com/bella_trino,Yes,found_homepage
HQ Dallas Rooftop,"310 S Houston St 12th floor, Dallas, TX 75202",https://hqdallasrooftop.com,Yes,(214) 238-6589,,0.0,5.0,32.7892021,-96.9497813,Mediterranean restaurant,Food & Restaurant,75201,,,,,https://www.facebook.com/HQDallasRooftop,https://www.instagram.com/hqdallasrooftop/,No,no_contact_found
Kostas Cafe,"4914 Greenville Ave, Dallas, TX 75206",https://kostascafe.com,Yes,(469) 505-1957,,3.0,62.0,32.7892021,-96.9497813,Mediterranean restaurant,Food & Restaurant,75201,,,,,,,No,no_contact_found
ATASH Mediterranean & Italian,"18484 Preston Rd Suite 119, Dallas, TX 75252",https://atashgrill.com,Yes,(214) 501-4449,,3.0,23.0,33.0018452,-96.9393047,Mediterranean restaurant,Food & Restaurant,75201,info@atashgrill.com,,,info@atashgrill.com,https://www.facebook.com/profile.php?id=61569046902624,https://www.instagram.com/atash.grill/,Yes,found_homepage
Old Damascus Mediterranean Restaurant,"18484 Preston Rd Suite 119, Dallas, TX 75252",https://atashgrill.com,Yes,(214) 501-4449,,3.0,23.0,33.0018452,-96.9393047,Mediterranean restaurant,Food & Restaurant,75201,info@atashgrill.com,,,info@atashgrill.com,https://www.facebook.com/profile.php?id=61569046902624,https://www.instagram.com/atash.grill/,Yes,found_homepage
WAVA HALAL GRILL,"3611 Greenville Ave A, Dallas, TX 75206",https://wavahalalgrill.com,Yes,(469) 778-0787,,782.0,1.0,32.8313475,-96.9146223,Mediterranean restaurant,Food & Restaurant,75201,info@wavagrill.com,,,info@wavagrill.com,,https://www.instagram.com/wavahalalgrillTX/,Yes,found_homepage
Maya's Modern Mediterranean,"6959 Arapaho Rd suite 115, Dallas, TX 75248",https://mayasmediterranean.com,Yes,(972) 803-5043,,3.0,7.0,32.8313475,-96.9146223,Mediterranean restaurant,Food & Restaurant,75201,,,,,,,No,no_contact_found
Gorji Restaurant,"5100 Belt Line Rd Ste 402, Dallas, TX 75254",https://chefgorji.com,Yes,(972) 503-7080,,7.0,47.0,32.8313475,-96.9146223,Mediterranean restaurant,Food & Restaurant,75201,,,,,https://www.facebook.com/ChefGorji,https://www.instagram.com/chef_gorji/,No,no_contact_found
Ardy's Mediterranean Fusion,"15615 Quorum Dr, Addison, TX 75001",https://ardysgrill.com,Yes,(972) 982-2734,,349.0,1.0,32.8313475,-96.9146223,Mediterranean restaurant,Food & Restaurant,75201,filler@godaddy.com,,,filler@godaddy.com,https://www.facebook.com/105776350902963,https://www.instagram.com/ardys_grill,Yes,found_homepage
Samad Cafe,"211 S Akard St, Dallas, TX 75202",https://easyslidertexas.com,Yes,,,1.0,3.0,32.8313475,-96.9146223,Mediterranean restaurant,Food & Restaurant,75201,info@easyslidertexas.com,,,info@easyslidertexas.com,https://www.facebook.com/people/Easy-Slider/100063592390037/,https://www.instagram.com/easyslidertx/?hl=en,Yes,found_homepage
Greek Isles Grill & Taverna,"5934 Royal Ln #120, Dallas, TX 75230",https://greekislesgrilledallas.com,Yes,(214) 484-8635,,4.0,25.0,32.8313475,-96.9146223,Mediterranean restaurant,Food & Restaurant,75201,,,,,,,No,no_contact_found
Sahara Mediterranean Restaurant,"5441 Alpha Rd #112, Dallas, TX 75240",https://thesahararestaurant.com,Yes,(972) 788-1898,,7.0,83.0,32.8313475,-96.9146223,Mediterranean restaurant,Food & Restaurant,75201,info@thesahararestaurant.com,,,info@thesahararestaurant.com,,,Yes,found_homepage
Zizikis,"11661 Preston Rd #309, Dallas, TX 75230",https://zizikis.com,Yes,(469) 232-9922,,7.0,52.0,32.8313475,-96.9146223,Mediterranean restaurant,Food & Restaurant,75201,,,,,,,No,no_contact_found
Miznon,"2639 Main St, Dallas, TX 75226",https://miznousa.com,Yes,,,4.0,14.0,32.7873244,-97.3753218,Middle Eastern restaurant,Food & Restaurant,75201,,,,,,,No,no_contact_found
Ariana Cuisine,"3607A Greenville Ave, Dallas, TX 75206",https://arianacuisinetx.com,Yes,(469) 317-7112,,8.0,49.0,32.8704749,-96.9037139,halal restaurant,Food & Restaurant,75201,,,,,,,No,no_contact_found
The Halal Guys,"5444 Lemmon Ave, Dallas, TX 75209",https://thehalalguys.com,Yes,(469) 729-9929,,82.0,2.0,32.8704749,-96.9037139,halal restaurant,Food & Restaurant,75201,marketing@thehalalguysny.com,info@thehalalguysny.com,rewards@thehalalguysny.com,marketing@thehalalguysny.com | info@thehalalguysny.com | rewards@thehalalguysny.com,https://www.facebook.com/TheHalalGuys,https://www.instagram.com/thehalalguys/,Yes,found_subpage
Lyari Cafe Finest Pakistani/Indian Halal Cuisine,"11641 Harry Hines Blvd #201, Dallas, TX 75229",https://lyaricafe.com,Yes,(972) 589-1260,,718.0,1.0,32.9058276,-97.0391357,halal restaurant,Food & Restaurant,75201,info@lyaricafe.com,,,info@lyaricafe.com,https://www.facebook.com/profile.php?id=100088467701414,https://www.instagram.com/lyaricafe/,Yes,found_homepage
Wava Halal Grill,"1919 McKinney Ave, Dallas, TX 75201",https://cava.com,Yes,(214) 281-8668,,670.0,1.0,32.7898527,-96.9482131,halal restaurant,Food & Restaurant,75201,,,,,,,No,no_contact_found
Hyderabadi Biryani & BBQ,"6855 Greenville Ave, Dallas, TX 75231",https://hyderabadibiryanibarbeque.com,Yes,(469) 921-4331,,9.0,99.0,32.7898527,-96.9482131,halal restaurant,Food & Restaurant,75201,,,,,,,No,no_contact_found
MADINA HALAL GRILL,"114 E Main St, Richardson, TX 75081",https://madinamoroccantx.com,Yes,(214) 774-9120,,103.0,2.0,32.9487293,-96.8754221,halal restaurant,Food & Restaurant,75201,,,,,,,No,no_contact_found
Everything Halal,"3701 Esters Rd #106, Irving, TX 75038",https://halalirving.com,Yes,(972) 887-3742,,8.0,51.0,32.8576863,-97.1527067,halal restaurant,Food & Restaurant,75201,,,,,,,No,no_contact_found
CAFE LAZIZ,"9203 Skillman St # 108, Dallas, TX 75243",https://cafelazizdallas.com,Yes,(214) 774-9933,,5.0,53.0,32.9034612,-96.8605319,halal restaurant,Food & Restaurant,75201,,,,,https://www.facebook.com/Mymozo-Online-Ordering-211432203141138/,,No,no_contact_found
Chop House Gyro - Dallas,"5301 Alpha Rd Suit A-12, Dallas, TX 75240",https://chophousegyro.com,Yes,(214) 831-9905,,1.0,46.0,32.9333459,-96.9617262,halal restaurant,Food & Restaurant,75201,kausik@chophousegyro.com,,,kausik@chophousegyro.com,https://www.facebook.com/chophousegyro/,https://www.instagram.com/chophousegyro/,Yes,found_homepage
Rokhat Grill,"2205 N Central Expy #180, Plano, TX 75075",https://rokhatgrills.com,Yes,(469) 298-2091,,65.0,3.0,33.0297136,-96.8538571,halal restaurant,Food & Restaurant,75201,azizimamov77@gmail.com,,,azizimamov77@gmail.com,,,Yes,found_homepage
BK Khan BBQ,"13608 Midway Rd, Farmers Branch, TX 75244",https://bk-khan-bbq.shop,Yes,(214) 441-9055,,208.0,4.0,33.0297136,-96.8538571,halal restaurant,Food & Restaurant,75201,,,,,,,No,no_contact_found
Gyro Rice and Spice,"7722 Forest Ln, Dallas, TX 75230",https://gyroriceandspice.com,Yes,(214) 272-3882,,0.0,23.0,33.0297136,-96.8538571,halal restaurant,Food & Restaurant,75201,,,,,,,No,no_contact_found
Halal Fusionz,"4488 Spring Valley Rd, Farmers Branch, TX 75244",https://halalfusionz.com,Yes,(214) 628-0262,,4.0,43.0,33.0297136,-96.8538571,halal restaurant,Food & Restaurant,75201,,,,,,,No,no_contact_found
Shish Kabob Cafe,"7879 Spring Valley Rd # 115, Dallas, TX 75254",https://shishkabobcafe.site,Yes,(972) 680-8989,,679.0,1.0,33.0297136,-96.8538571,halal restaurant,Food & Restaurant,75201,omarbarzani@yahoo.com,,,omarbarzani@yahoo.com,https://www.facebook.com/shishkabobscafe/,,Yes,found_homepage
Shah's Halal Food - Irving,"8140 N MacArthur Blvd #125, Irving, TX 75063",https://shahshalalfood.com,Yes,(214) 434-1751,,4.0,47.0,33.0297136,-96.8538571,halal restaurant,Food & Restaurant,75201,support@shahshalalfood.com,,,support@shahshalalfood.com,https://www.facebook.com/ShahsHalal/,https://www.instagram.com/shahshalalfood/,Yes,found_homepage
CHOPPED HALAL GRILL,"3000 Northside Blvd #500, Richardson, TX 75080",https://choppedhalalgrill.com,Yes,(972) 235-2467,,4.0,85.0,33.0297136,-96.8538571,halal restaurant,Food & Restaurant,75201,,,,,,,No,no_contact_found
Noodle Wave Dallas,"11661 Preston Rd #202, Dallas, TX 75230",https://thai-noodle-wave.square.site,Yes,(214) 730-0971,,1.0,19.0,33.0297136,-96.8538571,halal restaurant,Food & Restaurant,75201,,,,,,,No,no_contact_found
Zaiqa House (HMS zabiha Halal),"1709 Belt Line Rd, Garland, TX 75044",https://zaiqa-house.com,Yes,(469) 781-5637,,6.0,16.0,33.0297136,-96.8538571,halal restaurant,Food & Restaurant,75201,,,,,https://www.facebook.com/profile.php?id=61585487007661,https://www.instagram.com/zaiqa_house_garland?igsh=MWh4em00ZncyMTlobw%3D%3D&utm_source=qr,No,no_contact_found
Bali Street Cafe,"2515 Inwood Rd Suite 119, Dallas, TX 75235",https://balicafetx.com,Yes,(972) 504-5629,,6.0,73.0,33.0297136,-96.8538571,halal restaurant,Food & Restaurant,75201,balistreetcafe@gmail.com,,,balistreetcafe@gmail.com,https://www.facebook.com/thekoiway,https://www.instagram.com/eatkoiway,Yes,found_homepage
Halal Cuts Taco Restaurant and Meat Shop,"3642 N Belt Line Rd, Irving, TX 75062",https://halalcutstx.com,Yes,(469) 565-8083,,7.0,38.0,33.0297136,-96.8538571,halal restaurant,Food & Restaurant,75201,,,,,,,No,no_contact_found
Lagos Kitchen - Dallas,"921 W Commerce St, Dallas, TX 75208",https://lagoskitchentexas.com,Yes,(317) 289-1698,,7.0,7.0,32.7819705,-97.3764995,African restaurant,Food & Restaurant,75201,order@lagoskitchentexas.com,,,order@lagoskitchentexas.com,,,Yes,found_homepage
Ghana Jollof,"2201 Wolf St, Dallas, TX 75201",https://order.store,Yes,(469) 573-2342,,,,32.7819705,-97.3764995,African restaurant,Food & Restaurant,75201,,,,,,,No,no_contact_found
Shuri African Restaurant,"9410 Walnut St, Dallas, TX 75243",https://shuriafricanrestaurant.shop,Yes,(972) 863-8820,,8.0,69.0,32.7819705,-97.3764995,African restaurant,Food & Restaurant,75201,localoria.com@gmail.com,,,localoria.com@gmail.com,,,Yes,found_homepage
Kanny's Restaurant and Lounge,"9780 Walnut St #138, Dallas, TX 75243",https://kannysrestaurant.com,Yes,(469) 918-8188,,5.0,88.0,32.7819705,-97.3764995,African restaurant,Food & Restaurant,75201,order@kannysrestaurant.com,info@kannysrestaurant.com,,order@kannysrestaurant.com | info@kannysrestaurant.com,,,Yes,found_subpage
Street Suya,"1499 Regal Row, Dallas, TX 75247",https://streetsuyausa.com,Yes,(469) 319-1228,,6.0,5.0,32.7819705,-97.3764995,African restaurant,Food & Restaurant,75201,,,,,,,No,no_contact_found
Suya Feast,"842 E Jefferson Blvd, Dallas, TX 75203",https://instagram.com,Yes,(945) 393-7660,,5.0,5.0,32.7819705,-97.3764995,African restaurant,Food & Restaurant,75201,,,,,https://developers.facebook.com/docs/instagram,https://about.instagram.com/,No,no_contact_found
La Marmite - African Restaurant,"2902 Buckner Blvd Suite 255, Dallas, TX 75227",https://order.toasttab.com,Yes,(214) 214-4282,,7.0,2.0,32.7819705,-97.3764995,African restaurant,Food & Restaurant,75201,,,,,,,No,no_contact_found
OLORI AFRICAN CUISINE RESTAURANT AND EVENT CATERING SERVICES(DALLAS),"9203 Skillman St suite 114, Dallas, TX 75243",https://oloriafricancuisine.net,Yes,(214) 964-0065,,8.0,25.0,32.7819705,-97.3764995,African restaurant,Food & Restaurant,75201,,,,,,https://instagram.com/olori_african_cuisine?igshid=NDc0ODY0MjQ=,No,no_contact_found
Aso Rock | Restaurant & Lounge,"9220 Skillman St #115, Dallas, TX 75243",https://asorocktx.com,Yes,(214) 831-3316,,7.0,95.0,32.7819705,-97.3764995,African restaurant,Food & Restaurant,75201,asorock2023@gmail.com,,,asorock2023@gmail.com,https://www.facebook.com/asorockdallas/,https://www.instagram.com/asorockdallas/?hl=en,Yes,found_homepage
Dallul East African Cuisine,"13021 Coit Rd # 98, Dallas, TX 75240",https://dallulrestaurantandbar.com,Yes,(469) 941-4545,,3.0,31.0,32.7819705,-97.3764995,African restaurant,Food & Restaurant,75201,hailehani03@gmail.com,,,hailehani03@gmail.com,https://www.facebook.com/p/Dallul-East-African-Cuisine-100057111983523/,,Yes,found_homepage
West African Way,"1405 Jupiter Rd #116, Plano, TX 75074",https://l.instagram.com,Yes,(972) 424-2634,,2.0,61.0,32.7819705,-97.3764995,African restaurant,Food & Restaurant,75201,,,,,,,No,no_contact_found
Bea's catering Nigeria & Soul Food,"9605 Clark Rd Suite 100, Dallas, TX 75249",https://beasnigerian.com,Yes,(972) 803-3669,,3.0,24.0,32.7819705,-97.3764995,African restaurant,Food & Restaurant,75201,,,,,,,No,no_contact_found
Seinyaa African Food and Kitchen,"3645 E University Dr, McKinney, TX 75069",https://seinyaafood.com,Yes,(469) 489-9500,,9.0,1.0,33.1929732,-97.1331993,African restaurant,Food & Restaurant,75201,,,,,,,No,no_contact_found
"Aldeez Afribbean, Restaurant & Lounge","3950 Rosemeade Pkwy Suite 100, Dallas, TX 75287",https://aldeez.com,Yes,(214) 731-6590,,293.0,1.0,33.0100601,-97.4216394,African restaurant,Food & Restaurant,75201,info@aldeez.com,,,info@aldeez.com,https://www.facebook.com/aldeezrestaurant,https://www.instagram.com/aldeezrestaurant,Yes,found_homepage
ALADINNS SPOT (Inside Shin-Chon Market),"11422 Harry Hines Blvd #210, Dallas, TX 75229",https://aladinnsspot.com,Yes,(469) 435-5316,,5.0,1.0,33.0100601,-97.4216394,African restaurant,Food & Restaurant,75201,,,,,,,No,no_contact_found
East Soul Food | Restaurant and Lounge,"4425 W Walnut St STE 301, Garland, TX 75042",https://eastsoulfood.com,Yes,(469) 969-0087,,0.0,11.0,33.0100601,-97.4216394,African restaurant,Food & Restaurant,75201,,,,,https://www.facebook.com/profile.php?id=100049104232706&mibextid=ZbWKwL,https://www.instagram.com/east_soulfood/,No,no_contact_found
Yenat Guada Ethiopian Cuisine,"7015 Greenville Ave ste 300, Dallas, TX 75231",https://yenatguada.com,Yes,(469) 547-1624,,9.0,65.0,33.0100601,-97.4216394,African restaurant,Food & Restaurant,75201,,,,,,,No,no_contact_found
Lalibela Restaurant & Bar,"9191 Forest Ln # 2, Dallas, TX 75243",https://lalibeladallastx.com,Yes,(972) 792-8442,,4.0,23.0,33.0100601,-97.4216394,African restaurant,Food & Restaurant,75201,,,,,,,No,no_contact_found
Angie Winners Kitchen,"2905 E Arkansas Ln #100, Arlington, TX 76010",https://angiewinnerskitchen.com,Yes,(972) 854-6161,,298.0,1.0,33.0100601,-97.4216394,African restaurant,Food & Restaurant,75201,chefangiewinnerskitchen@gmail.com,,,chefangiewinnerskitchen@gmail.com,https://www.facebook.com/share/1a8sUFUS15/?mibextid=wwXIfr,https://www.instagram.com/angiewinnerskitchen/,Yes,found_homepage
Monrovia Lounge,"9220 Skillman St #227, Dallas, TX 75243",https://monrovialoungedfw.com,Yes,(469) 984-4636,,9.0,14.0,33.0100601,-97.4216394,African restaurant,Food & Restaurant,75201,,,,,https://www.facebook.com/monrovialoungedfw/,,No,no_contact_found
5 Senses Cuisine - Nigerian Fusion,"1499 Regal Row, Dallas, TX 75247",https://5sensescuisine.com,Yes,(682) 220-4228,,0.0,4.0,32.7819705,-97.3764995,Nigerian restaurant,Food & Restaurant,75201,info@5sensescuisine.com,,,info@5sensescuisine.com,,https://www.instagram.com/5sensescuisine/,Yes,found_subpage
ChefTemii - Nigerian Restaurant & Catering,"1900 W Arbrook Blvd #116, Arlington, TX 76015",https://cheftemii.com,Yes,(214) 603-1413,,2.0,19.0,32.7058044,-97.6364128,Nigerian restaurant,Food & Restaurant,75201,info@cheftemii.com,,,info@cheftemii.com,https://www.facebook.com/ChefTemii,https://www.instagram.com/ChefTemii,Yes,found_subpage
Lola's Restaurant & Lounge,"3435 N Belt Line Rd, Irving, TX 75062",https://lolasafricanrestaurant.com,Yes,(972) 594-5000,,1.0,57.0,32.7058044,-97.6364128,Nigerian restaurant,Food & Restaurant,75201,deedeechops@lolasafricanrestaurant.com,,,deedeechops@lolasafricanrestaurant.com,,,Yes,found_homepage
Jollof Haus - West African Flavors,"945 W Stacy Rd #130, Allen, TX 75013",https://jollofhauz.com,Yes,(972) 332-8185,,9.0,25.0,33.1291533,-97.2514053,Nigerian restaurant,Food & Restaurant,75201,jollofhaus@gmail.com,info@jollofhauz.com,,jollofhaus@gmail.com | info@jollofhauz.com,https://www.facebook.com/profile.php?id=100083610466461,https://www.instagram.com/jollofhaus/,Yes,found_subpage
Desta Ethiopian Restaurant,"12101 Greenville Ave #105, Dallas, TX 75243",https://destaethiopiaresturant.com,Yes,(214) 575-9004,,475.0,1.0,32.8738205,-96.9077691,Ethiopian restaurant,Food & Restaurant,75201,destadallas1@gmail.com,,,destadallas1@gmail.com,,https://www.instagram.com/destarestaurantdallas,Yes,found_homepage
Abeba Foods To Go,"6882 Shady Brook Ln, Dallas, TX 75231",https://abebafoodstogo.com,Yes,(214) 361-7633,,6.0,22.0,32.8738205,-96.9077691,Ethiopian restaurant,Food & Restaurant,75201,,,,,,,No,no_contact_found
Dukem dallas,"9241 Skillman St, Dallas, TX 75243",https://dukemethiopian.com,Yes,(469) 209-1225,,4.0,11.0,32.8738205,-96.9077691,Ethiopian restaurant,Food & Restaurant,75201,debele.mojo@yahoo.com,,,debele.mojo@yahoo.com,https://www.facebook.com/dukemfreshmeat/,,Yes,found_homepage
Etopicafe,"9560 Skillman St Suite 111, Dallas, TX 75243",https://etopicaferestaurant.com,Yes,(469) 372-0994,,7.0,19.0,32.8738205,-96.9077691,Ethiopian restaurant,Food & Restaurant,75201,tommyexpressllc@gmail.com,,,tommyexpressllc@gmail.com,https://www.facebook.com/672684972604396,https://www.instagram.com/etopi_cafe,Yes,found_homepage
Queen of Sheba Restaurant,"14875 Inwood Rd, Addison, TX 75001",https://thequeensheba.com,Yes,(972) 239-3290,,35.0,1.0,32.951047,-96.9743846,Ethiopian restaurant,Food & Restaurant,75201,info@theqeensheba.com,,,info@theqeensheba.com,https://facebook.com/1256036021165929,https://www.instagram.com/thequeenofshebarestaurant/,Yes,found_homepage
Zemen Bar & Restaurant,"2148 E Belt Line Rd, Richardson, TX 75081",https://zemenbarrestaurant.com,Yes,(214) 242-8859,,5.0,8.0,32.9441738,-96.8273363,Ethiopian restaurant,Food & Restaurant,75201,,,,,,,No,no_contact_found
Zion Ethiopian Restaurant,"401 N Central Expy #300, Richardson, TX 75080",https://zionethiopianrestaurant.com,Yes,(214) 258-6658,,6.0,13.0,32.9441738,-96.8273363,Ethiopian restaurant,Food & Restaurant,75201,,,,,,,No,no_contact_found
Sheba's Kitchen,"430 N Coit Rd #400, Richardson, TX 75080",https://shebasethiokitchen.com,Yes,(214) 377-8182,,2.0,21.0,32.9573214,-96.9117067,Ethiopian restaurant,Food & Restaurant,75201,,,,,,,No,no_contact_found
Rahwa bar and restaurant,"9220 Skillman St Suite 124, Dallas, TX 75243",https://rahwadallas.com,Yes,(469) 248-2996,,9.0,3.0,32.9573214,-96.9117067,Ethiopian restaurant,Food & Restaurant,75201,20contact@rahwadallas.com,contact@rahwadallas.com,,20contact@rahwadallas.com | contact@rahwadallas.com,,,Yes,found_homepage
Abeba Grocery,"9560 Skillman St, Dallas, TX 75243",https://abebagrocery.com,Yes,(972) 982-2687,,6.0,15.0,32.9573214,-96.9117067,Ethiopian restaurant,Food & Restaurant,75201,,,,,,,No,no_contact_found
Surma Grocery and Ethiopian Restaurant,"2425 W Walnut St #200, Garland, TX 75042",https://wordpress.com,Yes,(469) 863-7110,,9.0,22.0,32.9170989,-96.8083877,Ethiopian restaurant,Food & Restaurant,75201,,,,,,,No,no_contact_found
Shebelle Bar & Grill,"17194 Preston Rd suite 115, Dallas, TX 75248",https://shebelledallas.com,Yes,(214) 484-5021,,3.0,40.0,32.9843009,-96.9452193,Ethiopian restaurant,Food & Restaurant,75201,shebelle2023@gmail.com,,,shebelle2023@gmail.com,,,Yes,found_homepage
Merkato Ethiopian Restaurant And Grocery,"117 S Murphy Rd, Murphy, TX 75094",https://order.online,Yes,(972) 423-2364,,8.0,17.0,32.9321484,-96.8265288,Ethiopian restaurant,Food & Restaurant,75201,,,,,,,No,no_contact_found
Cafe Salsera,"2610 Elm St, Dallas, TX 75226",https://cafesalsera.com,Yes,(469) 518-1500,,6.0,77.0,32.8072432,-96.9406314,Ethiopian restaurant,Food & Restaurant,75201,,,,,,,No,no_contact_found
Taboo Lounge Dallas,"1418 N Riverfront Blvd, Dallas, TX 75207",https://tabooloungedallas.com,Yes,(972) 793-3430,,9.0,53.0,32.8072432,-96.9406314,Ethiopian restaurant,Food & Restaurant,75201,,,,,,,No,no_contact_found
Nyam & Chill Jamaican Homestyle Cooking,"1499 Regal Row, Dallas, TX 75247",https://nyamandchill.com,Yes,(214) 998-5917,,4.0,6.0,32.77747,-97.0784767,Jamaican restaurant,Food & Restaurant,75201,,,,,,,No,no_contact_found
Tates Of Chicago,"Uptown Eats, 4321 Live Oak St, Dallas, TX 75204",https://chefboytate.co,Yes,(385) 645-3247,,,,32.7987194,-97.0662548,Jamaican restaurant,Food & Restaurant,75201,,,,,,,No,no_contact_found
Rosi's Salvadoran Fusion Cuisine,"313 W Jefferson Blvd, Dallas, TX 75208",https://rosisrestaurants.com,Yes,(214) 200-3070,,3.0,17.0,32.7433492,-97.4036286,Salvadoran restaurant,Food & Restaurant,75201,rosis.sfc@gmail.com,,,rosis.sfc@gmail.com,https://www.facebook.com/ROSISCUISINE?mibextid=ZbWKwL,https://www.instagram.com/rosis_salvadoran_fusion/#,Yes,found_homepage
Restaurante Mamita Tancho,"116 S Carroll Ave, Dallas, TX 75226",https://restaurantemamitatanchotx.com,Yes,(214) 370-9004,,7.0,27.0,32.7433492,-97.4036286,Salvadoran restaurant,Food & Restaurant,75201,,,,,,,No,no_contact_found
Pupusas to go,"108 N Fitzhugh Ave, Dallas, TX 75246",https://pupusastogotx.com,Yes,(469) 726-8145,,8.0,26.0,32.7433492,-97.4036286,Salvadoran restaurant,Food & Restaurant,75201,joselupian@yahoo.com,,,joselupian@yahoo.com,,,Yes,found_homepage
Pupuseria Marina,"9530 Overlake Dr, Dallas, TX 75220",https://pupuseria-marina.gbiz.shop,Yes,(214) 902-0380,,8.0,18.0,32.7433492,-97.4036286,Salvadoran restaurant,Food & Restaurant,75201,,,,,,,No,no_contact_found
La Campia Salvadorea,"1408 W Davis St, Dallas, TX 75208",https://lacampinasalvadorena.com,Yes,(214) 948-3030,,5.0,76.0,32.7433492,-97.4036286,Salvadoran restaurant,Food & Restaurant,75201,lacampinasalvadorena@gmail.com,,,lacampinasalvadorena@gmail.com,https://www.facebook.com/profile.php?id=100064161187488&ref=page_internal,https://www.instagram.com/lacampinasalvadorenatexas/,Yes,found_homepage
Pupuseria Beltran,"1512 S Beltline Rd #8, Dallas, TX 75253",https://beltra.top,Yes,(972) 286-2686,,0.0,48.0,32.7433492,-97.4036286,Salvadoran restaurant,Food & Restaurant,75201,black9@qq.com,,,black9@qq.com,,,Yes,found_homepage
Gloria's Latin Cuisine,"4140 Lemmon Ave, Dallas, TX 75219",https://gloriascuisine.com,Yes,(214) 521-7576,,495.0,1.0,32.7433492,-97.4036286,Salvadoran restaurant,Food & Restaurant,75201,,,,,https://www.facebook.com/gloriaslatincuisine,https://www.instagram.com/gloriaslatincuisine/,No,no_contact_found
La Campia Salvadorea,"3068 Forest Ln Suite 212, Dallas, TX 75234",https://lacampinasalvadorena.com,Yes,(972) 243-1227,,6.0,26.0,32.7433492,-97.4036286,Salvadoran restaurant,Food & Restaurant,75201,lacampinasalvadorena@gmail.com,,,lacampinasalvadorena@gmail.com,https://www.facebook.com/profile.php?id=100064161187488&ref=page_internal,https://www.instagram.com/lacampinasalvadorenatexas/,Yes,found_homepage
Luchaz pupuseria y restaurante,"2215 Oates Dr suite c, Dallas, TX 75228",https://luchazpupuseriayrestaurantetx.com,Yes,(469) 372-0018,,6.0,13.0,32.7433492,-97.4036286,Salvadoran restaurant,Food & Restaurant,75201,,,,,,,No,no_contact_found
Casa Linda Salvadoran Cuisine,"11255 Garland Rd Ste 1330, Dallas, TX 75218",https://casalindasc.com,Yes,(469) 372-0866,,7.0,43.0,32.7433492,-97.4036286,Salvadoran restaurant,Food & Restaurant,75201,,,,,https://www.facebook.com/1356202054491395,https://www.instagram.com/casa_linda_salvadoran_cuisine,No,no_contact_found
Pupusas Doa Lola,"2512 E Belt Line Rd, Carrollton, TX 75006",https://pupusasdonalola.com,Yes,(972) 418-0129,,187.0,1.0,32.7433492,-97.4036286,Salvadoran restaurant,Food & Restaurant,75201,,,,,,,No,no_contact_found
Morazan Restaurant and Bakery,"426 Jefferson Blvd, Dallas, TX 75208",https://morazanrestaurantandbakerytx.com,Yes,(214) 272-8992,,9.0,9.0,32.7433492,-97.4036286,Salvadoran restaurant,Food & Restaurant,75201,,,,,,,No,no_contact_found
Restaurant Y Panaderia Latina,"3221 W Davis St, Dallas, TX 75211",https://latinarestaurante.com,Yes,(214) 337-4470,,0.0,42.0,32.7433492,-97.4036286,Salvadoran restaurant,Food & Restaurant,75201,,,,,https://www.facebook.com/profile.php?id=100063621267251,https://www.instagram.com/lalatinarestaurant777/,No,no_contact_found
Tacos y pupusas juanitas,"4858 E Grand Ave a, Dallas, TX 75223",https://tacosypupusasjuanita.com,Yes,(469) 248-3215,,5.0,1.0,32.7433492,-97.4036286,Salvadoran restaurant,Food & Restaurant,75201,,,,,,,No,no_contact_found
La Carreta Salvadorea Restaurant,"3128 Forest Ln suite #325, Dallas, TX 75234",https://m.facebook.com,Yes,(469) 567-3305,,2.0,48.0,32.7433492,-97.4036286,Salvadoran restaurant,Food & Restaurant,75201,,,,,,,No,no_contact_found
Mamita Tancho #2,"2240 N Prairie Creek Rd Suite 600, Dallas, TX 75227",https://restaurantemamitatanchotx.com,Yes,(214) 482-5473,,7.0,3.0,32.7433492,-97.4036286,Salvadoran restaurant,Food & Restaurant,75201,,,,,,,No,no_contact_found
Pupuseria Lilian,"2410 W Miller Rd, Garland, TX 75041",https://pupuserialilian.com,Yes,(972) 840-2952,,246.0,2.0,32.7433492,-97.4036286,Salvadoran restaurant,Food & Restaurant,75201,,,,,https://www.facebook.com/p/Pupuseria-Lilian-100063538575064/,https://www.instagram.com/pupuseria_lilian,No,no_contact_found
Pupuseria y Taqueria Del Norte,"11410 Garland Rd, Dallas, TX 75218",https://pupuseriaytaqueriadallas.com,Yes,(469) 589-9653,,9.0,1.0,32.7433492,-97.4036286,Salvadoran restaurant,Food & Restaurant,75201,martinpalomo26@icloud.com,,,martinpalomo26@icloud.com,,,Yes,found_homepage
Restaurant Latino,"14500 S Josey Ln #101, Farmers Branch, TX 75234",https://restaurantlatinotx.com,Yes,(972) 620-4954,,9.0,21.0,32.7433492,-97.4036286,Salvadoran restaurant,Food & Restaurant,75201,,,,,,,No,no_contact_found
Salvadorian Cuisine | Ricas Pupusas,"580 W Arapaho Rd #241, Richardson, TX 75080",https://salvadoriancuisine.com,Yes,(972) 238-8081,,1.0,77.0,32.7433492,-97.4036286,Salvadoran restaurant,Food & Restaurant,75201,,,,,https://www.facebook.com/Salvadorian-Cuisine-Richardson-TX-103019828017934,,No,no_contact_found
San Martin Bakery and Restaurant,"5407 Belt Line Rd, Dallas, TX 75248",https://sanmartinbakery.us,Yes,(972) 803-6770,,821.0,1.0,32.8021821,-97.3767029,Guatemalan restaurant,Food & Restaurant,75201,,,,,,,No,no_contact_found
Casa Brasa,"8111 Preston Rd, Dallas, TX 75225",https://thecasabrasa.com,Yes,(214) 644-2272,,2.0,15.0,32.8021821,-97.3767029,Guatemalan restaurant,Food & Restaurant,75201,info@thecasabrasa.com,hr@big-dill.com,press@thecasabrasa.com,info@thecasabrasa.com | hr@big-dill.com | press@thecasabrasa.com,https://www.facebook.com/profile.php?id=61582888412692,https://www.instagram.com/casabrasadallas?igsh=ZThhZDU0NmloZXEx&utm_source=qr,Yes,found_homepage
Flors Restaurant,"2525 Royal Ln #317, Dallas, TX 75229",https://floresrestaurantirving.com,Yes,(469) 217-9765,,0.0,3.0,32.8021821,-97.3767029,Guatemalan restaurant,Food & Restaurant,75201,dallasfusionllc@gmail.com,,,dallasfusionllc@gmail.com,,,Yes,found_homepage
RESTAURANTE EL MESON CHAPIN,"1560 N Sylvania Ave, Fort Worth, TX 76111",https://fromtherestaurant.com,Yes,(682) 371-2377,,0.0,45.0,32.7840287,-97.8851127,Guatemalan restaurant,Food & Restaurant,75201,,,,,,,No,no_contact_found
Panaderia Guatemalteca La Mejor,"2717 E Belt Line Rd Apt 105, Carrollton, TX 75006",https://panlamejor.com,Yes,(972) 820-7137,,593.0,1.0,32.9538405,-97.4365119,Guatemalan restaurant,Food & Restaurant,75201,,,,,https://www.facebook.com/WixEspanol,https://www.instagram.com/wix,No,no_contact_found
Catbird,"1401 Elm St, Dallas, TX 75201",https://catbirddallas.com,Yes,(469) 726-4115,,112.0,1.0,32.7813745,-96.8170351,small restaurant,Food & Restaurant,75201,,,,,,,No,no_contact_found
Punch Bowl Social,"4434 Harry Hines Blvd, Dallas, TX 75219",https://originalmarketdiner.com,Yes,(214) 521-0992,,289.0,3.0,32.7807755,-96.9435433,family restaurant,Food & Restaurant,75201,originalmarketdiner@yahoo.com,,,originalmarketdiner@yahoo.com,,,Yes,found_homepage
Lola's Kitchen,"2434 S Harwood St, Dallas, TX 75215",https://lolaskitchendallas.com,Yes,(469) 544-1585,,2.0,4.0,32.7807755,-96.9435433,family restaurant,Food & Restaurant,75201,,,,,,,No,no_contact_found
LOCAL Public Eatery Henderson,"2323 N Henderson Ave #100, Dallas, TX 75206",https://localpubliceatery.com,Yes,(469) 689-2780,,577.0,2.0,32.8143268,-96.7963794,local restaurant,Food & Restaurant,75201,info@localriverdistrict.com,info@localkits.com,kamloops@localpubliceatery.com,info@localriverdistrict.com | info@localkits.com | kamloops@localpubliceatery.com | info@localgastown.com | penticton@localpubliceatery.com | info@localbarclay.com | info@localon8thave.com | info@localsherwood.com | info@localjasperave.com | info@localsoco.com | info@localmedhat.com | info@localgarryst.com | adelaide@localpubliceatery.com | info@localleaside.com | info@locallibertyvillage.com | info@locallansdowne.com | info@localterryave.com | henderson@localpubliceatery.com | thewoodlands@localpubliceatery.com,,https://www.instagram.com/localpubliceatery/,Yes,found_subpage
Adair's Saloon,"708 Olive St, Dallas, TX 75201",https://senorbean.website,Yes,(214) 989-7965,,7.0,57.0,32.7829062,-96.8193477,hole in the wall restaurant,Food & Restaurant,75201,bean_senor@yahoo.com,,,bean_senor@yahoo.com,https://www.facebook.com/SenorBeanMexicanGrillCatina/,https://instagram.com/senorbeandallas?utm_source=ig_profile_share&igshid=1tf24kvhu3rel,Yes,found_subpage
Bowen House,"2614 Boll St, Dallas, TX 75204",https://bowenhousetx.com,Yes,(214) 484-1385,,3.0,95.0,32.8058968,-96.8347766,hole in the wall restaurant,Food & Restaurant,75201,,,,,,,No,no_contact_found
El Hoyo,"1001 Ross Ave #118, Dallas, TX 75202",https://theempanadacookhouse.com,Yes,(214) 812-9644,,0.0,94.0,32.7774478,-96.8423826,hole in the wall restaurant,Food & Restaurant,75201,,,,,,,No,no_contact_found
Alexandre's,"4026 Cedar Springs Rd, Dallas, TX 75219",https://alexandres.com,Yes,(214) 559-0720,,3.0,55.0,32.811796,-96.8476499,hole in the wall restaurant,Food & Restaurant,75201,lee@alexandres.com,,,lee@alexandres.com,https://www.facebook.com/122304745201,https://www.instagram.com/alexandres_bar,Yes,found_homepage
One Eyed Penguin,"1404 Main St, Dallas, TX 75202",https://oneeyedpenguin.com,Yes,,,2.0,50.0,32.7802651,-96.8360412,hole in the wall restaurant,Food & Restaurant,75201,,,,,https://www.facebook.com/oneeyedpenguin,https://www.instagram.com/oneeyedpenguin,No,no_contact_found
Reno's Chop Shop Saloon,"210 N Crowdus St, Dallas, TX 75226",https://renoschopshopsaloon.com,Yes,,,7.0,66.0,32.7851974,-96.8196019,hole in the wall restaurant,Food & Restaurant,75201,support@getbento.com,,,support@getbento.com,,,Yes,found_homepage
Strangeways,"2429 N Fitzhugh Ave, Dallas, TX 75204",https://strangewaysdallas.com,Yes,(214) 823-7800,,0.0,52.0,32.7851974,-96.8196019,hole in the wall restaurant,Food & Restaurant,75201,,,,,,,No,no_contact_found
Dot's Hop House & Cocktail Courtyard,"2645 Commerce St, Dallas, TX 75226",https://dotshophouse.com,Yes,(214) 230-3687,,940.0,1.0,32.7851974,-96.8196019,hole in the wall restaurant,Food & Restaurant,75201,dotshophouse@gmail.com,,,dotshophouse@gmail.com,,,Yes,found_homepage
Si Tapas,"2207 Allen St, Dallas, TX 75204",https://sitapasdallas.com,Yes,(214) 720-0324,,179.0,1.0,32.7851974,-96.8196019,hole in the wall restaurant,Food & Restaurant,75201,dallas@sitapas.com,,,dallas@sitapas.com,,,Yes,found_homepage
Stoneleigh P,"4218 Lemmon Ave, Dallas, TX 75219",https://thestoneleighp.com,Yes,(214) 871-2346,,3.0,76.0,32.7851974,-96.8196019,hole in the wall restaurant,Food & Restaurant,75201,,,,,,,No,no_contact_found
Off the Record Craft Beer & Vinyl,"2716 Elm St, Dallas, TX 75226",https://facebook.com,Yes,,,1.0,33.0,32.7851974,-96.8196019,hole in the wall restaurant,Food & Restaurant,75201,,,,,,,No,no_contact_found
Neighborhood Services,"3848 Oak Lawn Ave Ste 210, Dallas, TX 75219",https://nhsoaklawn.com,Yes,(972) 803-5563,,9.0,21.0,32.8150283,-96.9460145,neighborhood restaurant,Food & Restaurant,75201,,,,,,,No,no_contact_found
Neighborhood Services,"5027 W Lovers Ln, Dallas, TX 75209",https://nhstheoriginal.com,Yes,(214) 350-5027,,7.0,48.0,32.8150283,-96.9460145,neighborhood restaurant,Food & Restaurant,75201,,,,,,,No,no_contact_found
Neighborhood Services,"5100 Belt Line Rd Suite 795, Dallas, TX 75254",https://nhsaddison.com,Yes,(972) 789-9639,,8.0,88.0,32.9520639,-96.9645648,neighborhood restaurant,Food & Restaurant,75201,,,,,,,No,no_contact_found
Killer Joe Neighborhood Cafe,"108 N Fitzhugh Ave Suite 100, Dallas, TX 75214",https://killerjoeneighborhoodcafe.com,Yes,(214) 377-9334,,5.0,29.0,32.7854184,-96.9438224,neighborhood restaurant,Food & Restaurant,75201,killerjoetx@gmail.com,,,killerjoetx@gmail.com,,https://www.instagram.com/killerjoetx,Yes,found_homepage
The Old Warsaw,"2512 Maple Ave, Dallas, TX 75201",https://oldwarsaw.com,Yes,(214) 528-0032,,0.0,86.0,32.7854184,-96.9438224,neighborhood restaurant,Food & Restaurant,75201,oldwarsaw@oldwarsaw.com,,,oldwarsaw@oldwarsaw.com,https://www.facebook.com/TheOldWarsaw,https://www.instagram.com/oldwarsawdallas/,Yes,found_homepage
The Bistro - Eat. Drink. Connect.,"2150 Market Center Blvd, Dallas, TX 75207",https://marriott.com,Yes,,,7.0,1.0,32.7854184,-96.9438224,neighborhood restaurant,Food & Restaurant,75201,,,,,,,No,no_contact_found
Neighborhood Ice Cream Truck,"2150 Market Center Blvd, Dallas, TX 75207",https://marriott.com,Yes,,,7.0,1.0,32.7854184,-96.9438224,neighborhood restaurant,Food & Restaurant,75201,,,,,,,No,no_contact_found
Parigi Restaurant,"3311 Oak Lawn Ave, Dallas, TX 75219",https://parigidallas.com,Yes,(214) 521-0295,,8.0,44.0,32.7854184,-96.9438224,neighborhood restaurant,Food & Restaurant,75201,orders@parigidallas.com,,,orders@parigidallas.com,https://www.facebook.com/parigidallas,http://instagram.com/parigidallas,Yes,found_homepage
Beverleys Bistro and Bar,"3215 N Fitzhugh Ave, Dallas, TX 75204",https://beverleysdallas.com,Yes,(214) 915-8840,,8.0,52.0,32.7854184,-96.9438224,neighborhood restaurant,Food & Restaurant,75201,info@beverleysdallas.com,,,info@beverleysdallas.com,,https://www.instagram.com/beverleysdallas/,Yes,found_homepage
Little Blue Bistro,"320 W Eighth St, Dallas, TX 75208",https://littlebluebistro.com,Yes,(214) 247-6454,,9.0,6.0,32.7867826,-96.8348689,bistro,Food & Restaurant,75201,,,,,,,No,no_contact_found
Bistro 31,"87 Highland Park Village Suite 200 / 1st Floor, Dallas, TX 75205",https://bistro31dallas.com,Yes,(214) 420-3900,,91.0,1.0,32.7867826,-96.8348689,bistro,Food & Restaurant,75201,,,,,,,No,no_contact_found
The Charlotte American Bistro,"2822 N Henderson Ave, Dallas, TX 75206",https://thecharlotterestaurant.com,Yes,(972) 803-6720,,634.0,1.0,32.7867826,-96.8348689,bistro,Food & Restaurant,75201,,,,,https://www.facebook.com/thecharlottedallas,https://www.instagram.com/thecharlottedallas/,No,no_contact_found
Knox Bistro,"2301 N Akard St Ste 280, Dallas, TX 75201",https://northitalia.com,Yes,(972) 619-3770,,401.0,1.0,32.7867826,-96.8348689,bistro,Food & Restaurant,75201,,,,,https://www.facebook.com/NorthItalia,https://www.instagram.com/eatnorthitalia,No,no_contact_found
The Parlor,"306 S Houston St, Dallas, TX 75202",https://cindisnydeli.com,Yes,(214) 744-4745,,783.0,1.0,32.7867826,-96.8348689,bistro,Food & Restaurant,75201,,,,,https://www.facebook.com/CindisDeli,https://www.instagram.com/CindisDeli,No,no_contact_found
Perch Bistro & Bar,"7709 Inwood Rd, Dallas, TX 75209",https://fearingrestaurantgroup.com,Yes,(214) 764-3334,,6.0,15.0,32.7867826,-96.8348689,bistro,Food & Restaurant,75201,,,,,https://www.facebook.com/ShinseiRestaurant,https://www.instagram.com/shinseirestaurant/,No,no_contact_found
The Bistro + Restaurant + Bar at Courtyard by Marriott NorthWest,"7709 Inwood Rd, Dallas, TX 75209",https://fearingrestaurantgroup.com,Yes,(214) 764-3334,,6.0,15.0,32.7867826,-96.8348689,bistro,Food & Restaurant,75201,,,,,https://www.facebook.com/ShinseiRestaurant,https://www.instagram.com/shinseirestaurant/,No,no_contact_found
Vegan Food House,"832 W Seventh St, Dallas, TX 75208",https://veganfoodhouse.com,Yes,(469) 248-0297,,742.0,1.0,32.7487719,-96.90934,vegan restaurant,Food & Restaurant,75201,,,,,https://www.facebook.com/houseofveganfood/,http://instagram.com/houseofveganfood,No,no_contact_found
Hopeboys Kitchen,"832 W Seventh St, Dallas, TX 75208",https://veganfoodhouse.com,Yes,(469) 248-0297,,742.0,1.0,32.7487719,-96.90934,vegan restaurant,Food & Restaurant,75201,,,,,https://www.facebook.com/houseofveganfood/,http://instagram.com/houseofveganfood,No,no_contact_found
Vegan Vibes,"832 W Seventh St, Dallas, TX 75208",https://veganfoodhouse.com,Yes,(469) 248-0297,,742.0,1.0,32.7487719,-96.90934,vegan restaurant,Food & Restaurant,75201,,,,,https://www.facebook.com/houseofveganfood/,http://instagram.com/houseofveganfood,No,no_contact_found
Recipe Oak Cliff,"2121 N Pearl St St 170, Dallas, TX 75201",https://runchickenrun.com,Yes,(469) 208-2441,,506.0,2.0,32.7870464,-96.8708572,vegan restaurant,Food & Restaurant,75201,,,,,https://www.facebook.com/YardbirdRestaurants,https://www.instagram.com/yardbirdrestaurants/,No,no_contact_found
Vegan Heat,"3766 Samuell Blvd, Dallas, TX 75228",https://veganchickenshack.com,Yes,(469) 524-8780,,0.0,13.0,32.7926797,-96.8019834,vegan restaurant,Food & Restaurant,75201,,,,,,,No,no_contact_found
Bam's Vegan,"1800 Main St, Dallas, TX 75201",https://thecraftyirishman.com,Yes,(972) 707-7589,,675.0,2.0,32.7811311,-96.8683602,vegan restaurant,Food & Restaurant,75201,,,,,,,No,no_contact_found
Farmer's Fridge,"1919 McKinney Ave, Dallas, TX 75201",https://cava.com,Yes,(214) 281-8668,,670.0,1.0,32.7846494,-96.8369973,health food restaurant,Food & Restaurant,75201,,,,,,,No,no_contact_found
"sweetgreen - Healthy Salads, Bowls and Plates","3636 McKinney Ave Ste 100, Dallas, TX 75204",https://sweetgreen.com,Yes,(214) 833-0802,,4.0,48.0,32.7846494,-96.8369973,health food restaurant,Food & Restaurant,75201,,,,,http://facebook.com/sweetgreen,https://www.instagram.com/sweetgreen/,No,no_contact_found
Just Super Vegan,"2301 N Akard St Suite 250, Dallas, TX 75201",https://thehenryrestaurant.com,Yes,(972) 677-9560,,404.0,3.0,32.7846494,-96.8369973,health food restaurant,Food & Restaurant,75201,,,,,https://www.facebook.com/TheHenryRestaurant,https://www.instagram.com/thehenryrestaurant,No,no_contact_found
Farmer's Fridge,"2301 N Akard St Suite 250, Dallas, TX 75201",https://thehenryrestaurant.com,Yes,(972) 677-9560,,404.0,3.0,32.7846494,-96.8369973,health food restaurant,Food & Restaurant,75201,,,,,https://www.facebook.com/TheHenryRestaurant,https://www.instagram.com/thehenryrestaurant,No,no_contact_found
Packin' Bowls,"1514 Elm St #130, Dallas, TX 75201",https://thebeehiverestaurant.com,Yes,(469) 848-1515,,5.0,39.0,32.768624,-96.8715362,health food restaurant,Food & Restaurant,75201,,,,,,,No,no_contact_found
Farmer's Fridge,"1700 Pacific Ave, opp to starbucks, C101, on, S Ervay St side, Dallas, TX 75201",https://namakdallas.com,Yes,(972) 982-2006,,592.0,10.0,32.7810503,-96.8345774,health food restaurant,Food & Restaurant,75201,,,,,,,No,no_contact_found
Healthy Bowls By Furough Brothers,"1800 Main St, Dallas, TX 75201",https://thecraftyirishman.com,Yes,(972) 707-7589,,675.0,2.0,32.7810503,-96.8345774,health food restaurant,Food & Restaurant,75201,,,,,,,No,no_contact_found
The Prep Kitchen,"2501 N Harwood St Suite 225, Dallas, TX 75201",https://mercatbistro.com,Yes,(214) 953-0917,,115.0,1.0,32.7810503,-96.8345774,health food restaurant,Food & Restaurant,75201,,,,,https://www.facebook.com/mercatbistro,https://www.instagram.com/mercatbistro,No,no_contact_found
True Food Kitchen,"2811 McKinney Ave Suite 26, 2808 Howell St Parking Garage, Dallas, TX 75204",https://dreamcafedallas.com,Yes,(214) 954-0486,,173.0,1.0,32.7810503,-96.8345774,health food restaurant,Food & Restaurant,75201,,,,,,,No,no_contact_found
La La Land,"1409 Botham Jean Blvd, Dallas, TX 75215",https://brainfooddallas.com,Yes,(214) 494-0795,,6.0,6.0,32.7670624,-96.831683,organic cafe,Food & Restaurant,75201,steddy@brainfooddallas.com,,,steddy@brainfooddallas.com,,,Yes,found_homepage
Tribal All Day Cafe,"2000 Ross Ave #180, Dallas, TX 75201",https://shawarmapress.com,Yes,(972) 863-8467,,7.0,13.0,32.7670624,-96.831683,organic cafe,Food & Restaurant,75201,,,,,,,No,no_contact_found
The Meteor Dallas,"2332 Leonard St, Dallas, TX 75201",https://hotelzaza.com,Yes,(214) 550-9500,,6.0,68.0,32.7981133,-96.858768,organic cafe,Food & Restaurant,75201,austin@hotelzaza.com,dallasuptown@hotelzaza.com,houstonmemorial@hotelzaza.com,austin@hotelzaza.com | dallasuptown@hotelzaza.com | houstonmemorial@hotelzaza.com | houstonmuseumdistrict@hotelzaza.com | zippoints@hotelzaza.com | mediainquiry@hotelzaza.com,,https://www.instagram.com/p/Cyoh3QGNIOL/?img_index=1,Yes,found_subpage
Company Cafe & Bar,"3301 McKinney Ave, Dallas, TX 75204",https://breadwinnerscafe.com,Yes,(214) 556-1334,,986.0,2.0,32.8045201,-96.8355306,organic cafe,Food & Restaurant,75201,info@breadwinnerscafe.com,,,info@breadwinnerscafe.com,https://www.facebook.com/BreadWinnersCafe/,https://www.instagram.com/breadwinnerscafe/,Yes,found_homepage
Garden Cafe,"920 S Harwood St shed 2 suite 168, Dallas, TX 75201",https://dallasfarmersmarket.org,Yes,(214) 655-6328,,5.0,20.0,32.777432,-96.8260149,organic cafe,Food & Restaurant,75201,,,,,,,No,no_contact_found
The Nest Craft,"1601 Elm St suite 110, Dallas, TX 75201",https://fond-dallas.com,Yes,(972) 803-6045,,3.0,12.0,32.777432,-96.8260149,organic cafe,Food & Restaurant,75201,filler@godaddy.com,,,filler@godaddy.com,https://www.facebook.com/profile.php?id=100095127563521,https://www.instagram.com/fonddallas,Yes,found_homepage
Homestyled,"1201 Main St, Dallas, TX 75202",https://marriott.com,Yes,(972) 408-9200,,6.0,11.0,32.787186,-96.8132494,quick service restaurant,Food & Restaurant,75202,,,,,,,No,no_contact_found
The Crperie Co.,"1201 Main St, Dallas, TX 75202",https://facebook.com,Yes,(469) 914-0141,,6.0,7.0,32.7809852,-96.8243945,quick service restaurant,Food & Restaurant,75202,,,,,,,No,no_contact_found
Jungle Caf,"801 N Riverfront Blvd, Dallas, TX 75207",https://burgerking.com,Yes,(214) 748-4077,,123.0,1.0,32.7841841,-96.8346414,quick service restaurant,Food & Restaurant,75202,,,,,,,No,no_contact_found
City Hall Bar,"2222 McKinney Ave Suite 100, Dallas, TX 75201",https://peiwei.com,Yes,(214) 965-0007,,379.0,1.0,32.7927992,-96.8199898,quick service restaurant,Food & Restaurant,75202,,,,,,,No,no_contact_found
The Peak Inn,"702 Ross Ave, Dallas, TX 75202",https://yoranchsteakhouse.com,Yes,(214) 744-3287,,835.0,10.0,32.7908187,-96.8057507,burger restaurant,Food & Restaurant,75202,,,,,,,No,no_contact_found
Better Bird,"665 S Lamar St, Dallas, TX 75202",https://omnihotels.com,Yes,(214) 979-4512,,0.0,44.0,32.7813265,-96.8411335,chicken sandwich shop,Food & Restaurant,75202,,,,,,,No,no_contact_found
"Johnny's Chicken & Waffles Dallas, TX","901 Main St Suite C106A, Dallas, TX 75202",https://grandys.com,Yes,(214) 655-2677,,7.0,5.0,32.7814158,-96.8435423,chicken sandwich shop,Food & Restaurant,75202,scott_wilson@grandys.com,,,scott_wilson@grandys.com,https://www.facebook.com/grandys,,Yes,found_subpage
Royal Fried Chicken,"1800 Main St, Dallas, TX 75201",https://thecraftyirishman.com,Yes,(972) 707-7589,,675.0,2.0,32.7786494,-96.8355348,fried chicken restaurant,Food & Restaurant,75202,,,,,,,No,no_contact_found
Wingstop,"2001 Ross Ave Suite 125, Dallas, TX 75201",https://sloanescorner.com,Yes,(214) 484-1395,,5.0,50.0,32.7786494,-96.8355348,fried chicken restaurant,Food & Restaurant,75202,,,,,,,No,no_contact_found
Henderson Chicken,"306 S Houston St, Dallas, TX 75202",https://cindisnydeli.com,Yes,(214) 744-4745,,783.0,1.0,32.7770885,-96.8430811,fried chicken restaurant,Food & Restaurant,75202,,,,,https://www.facebook.com/CindisDeli,https://www.instagram.com/CindisDeli,No,no_contact_found
Velour restaurant,"665 High Market St, Dallas, TX 75219",https://velourrestaurant.com,Yes,(209) 354-3476,,9.0,38.0,32.7770885,-96.8430811,fried chicken restaurant,Food & Restaurant,75202,,,,,,,No,no_contact_found
Williams Fried Chicken,"1211 Commerce St, Dallas, TX 75202",https://twistedtrompo.com,Yes,(214) 760-9599,,772.0,1.0,32.7770885,-96.8430811,fried chicken restaurant,Food & Restaurant,75202,,,,,https://www.facebook.com/motherflamingtacos,https://www.instagram.com/motherflamingtacos/,No,no_contact_found
Hamilton's Restaurant & Cocktail Lounge,"1011 S Pearl Expy #190, Dallas, TX 75201",https://katipthaidallas.com,Yes,(214) 238-2232,,1.0,41.0,32.7769369,-96.8250623,fried chicken restaurant,Food & Restaurant,75202,eat@katipthaidallas.com,,,eat@katipthaidallas.com,https://www.facebook.com/1837961973199537,https://www.instagram.com/katipthaistreetfood,Yes,found_homepage
Zaxbys Chicken Fingers & Buffalo Wings,"211 S Akard St, Dallas, TX 75202",https://jujuschicken.com,Yes,,,1.0,3.0,32.780229,-96.8367229,hot wings restaurant,Food & Restaurant,75202,,,,,,,No,no_contact_found
Wingstop,"2904 Commerce St, Dallas, TX 75226",https://gusfriedchicken.com,Yes,(469) 709-8294,,37.0,1.0,32.7832758,-96.8176097,hot wings restaurant,Food & Restaurant,75202,communications@gusfriedchicken.com,,,communications@gusfriedchicken.com,,https://instagram.com,Yes,found_subpage
Wing Boss,"2525 Wycliff Ave, Dallas, TX 75219",https://wingboss.com,Yes,(214) 780-0999,,3.0,2.0,32.8110156,-96.8551968,hot wings restaurant,Food & Restaurant,75202,,,,,https://www.facebook.com/WingBossCo,https://www.instagram.com/wingbossco/,No,no_contact_found
Will Call Bar,"2712 Main St, Dallas, TX 75226",https://willcalldallas.com,Yes,(972) 755-3490,,4.0,68.0,32.7931846,-96.8275217,hot wings restaurant,Food & Restaurant,75202,,,,,https://www.facebook.com/Willcallbar/,https://www.instagram.com/willcallbar/?hl=en,No,no_contact_found
7-Eleven,"511 N Akard St, Dallas, TX 75201",https://7-eleven.com,Yes,(214) 880-7545,,5.0,4.0,32.779524,-96.9456407,hot dog stand,General,75202,,,,,https://www.facebook.com/7Eleven,https://www.instagram.com/7eleven/,No,no_contact_found
7-Eleven,"1010 Ross Ave At, N Griffin St, Dallas, TX 75202",https://7-eleven.com,Yes,(214) 855-7867,,7.0,13.0,32.779524,-96.9456407,hot dog stand,General,75202,,,,,https://www.facebook.com/7Eleven,https://www.instagram.com/7eleven/,No,no_contact_found
Lee Harvey's,"1807 Gould St, Dallas, TX 75215",https://leeharveysdallas.com,Yes,(214) 428-1555,,239.0,1.0,32.779524,-96.9456407,hot dog stand,General,75202,,,,,,,No,no_contact_found
A&W Restaurant,"9375 Forest Ln, Dallas, TX 75243",https://awrestaurants.com,Yes,(469) 828-3688,,3.0,22.0,32.7905545,-96.9453815,drive through restaurant,Food & Restaurant,75202,,,,,https://www.facebook.com/awrestaurants/,https://www.instagram.com/awrestaurants/,No,no_contact_found
Carl's Jr.,"8800 S Polk St, Dallas, TX 75232",https://locations.carlsjr.com,Yes,(972) 228-1840,,570.0,2.0,32.7905545,-96.9453815,drive through restaurant,Food & Restaurant,75202,,,,,https://www.facebook.com/carlsjr/,https://www.instagram.com/carlsjr/,No,no_contact_found
Tejas Taco Factory,"1001 Ross Ave #100, Dallas, TX 75202",https://tejas-taco-factory.popmenu.com,Yes,(469) 466-9729,,6.0,39.0,32.7773536,-96.8624846,food truck,Food & Restaurant,75202,,,,,,,No,no_contact_found
Carnival Food Truck - Boardwalk Bites,"1312 Creekwood Ct, Allen, TX 75002",https://boardwalkbites.com,Yes,(972) 679-8195,,8.0,5.0,32.7870529,-97.3756772,mobile food vendor,Food & Restaurant,75202,,,,,https://www.facebook.com/boardwalkbitesdfw,https://www.instagram.com/boardwalkbitesdfw,No,no_contact_found
"ReadiVet Dallas, Mobile Vet Services","2535 Cedar Springs Rd, Dallas, TX 75201",https://readivet.com,Yes,(469) 369-2456,,4.0,41.0,32.7870529,-97.3756772,mobile food vendor,Food & Restaurant,75202,,,,,,,No,no_contact_found
Eden Hill Winery Booth at the Dallas Farmers Market,"Farmers Market Open Air Shed, 1010 S Pearl Expy, Dallas, TX 75201",https://edenhill.com,Yes,(214) 850-4081,,9.0,2.0,32.7870529,-97.3756772,mobile food vendor,Food & Restaurant,75202,,,,,https://www.facebook.com/EdenHillWinery/,https://instagram.com/edenhillwinery,No,no_contact_found
Kell's Kitchen,"Dallas, TX 75201",https://kellskitchen2020.com,Yes,(469) 954-9534,,,,32.7822112,-97.3743754,food trailer,Food & Restaurant,75202,filler@godaddy.com,,,filler@godaddy.com,https://www.facebook.com/102677958106808,https://www.instagram.com/kellskitchen2020,Yes,found_homepage
Texas Ale Project,"1001 N Riverfront Blvd, Dallas, TX 75207",https://texasaleproject.com,Yes,(214) 965-0606,,7.0,22.0,32.7822112,-97.3743754,food trailer,Food & Restaurant,75202,,,,,https://www.facebook.com/TexasAleProject,https://instagram.com/TexasAleProject,No,no_contact_found
"Downtown Dallas, Inc.","1401 Elm St, Dallas, TX 75202",https://downtowndallas.com,Yes,(214) 744-1270,,4.0,62.0,32.7822112,-97.3743754,food trailer,Food & Restaurant,75202,info@downtowndallas.com,parks@downtowndallas.com,gonzalez@downtowndallas.com,info@downtowndallas.com | parks@downtowndallas.com | gonzalez@downtowndallas.com | vo@downtowndallas.com,https://www.facebook.com/DowntownDallasInc/,https://www.instagram.com/downtown_dallas/,Yes,found_subpage
Ragin Casian,"921 W Commerce St, Dallas, TX 75208",https://ragincasian.com,Yes,(855) 822-7426,,8.0,7.0,32.7822112,-97.3743754,food trailer,Food & Restaurant,75202,,,,,,,No,no_contact_found
Oak Cliff Brewing Co,"1300 S Polk St #222, Dallas, TX 75224",https://oakcliffbrewing.com,Yes,,,5.0,27.0,32.7822112,-97.3743754,food trailer,Food & Restaurant,75202,sales@oakcliffbrewing.com,,,sales@oakcliffbrewing.com,http://facebook.com/oakcliffbrewing,http://instagram.com/oakcliffbrewing/,Yes,found_subpage
Hola Cafe Dallas,"413 N Tyler St, Dallas, TX 75208",https://holacafedallas.com,Yes,,,7.0,44.0,32.7834726,-96.8232375,cafe,Food & Restaurant,75202,,,,,https://www.facebook.com/Hola-Caf%C3%A9-Dallas-2049355511844162/,https://www.instagram.com/holacafedallas/?hl=en,No,no_contact_found
Farmer's Fridge,"Located on first floor waiting area in the vending bank, 525 S Griffin St, Dallas, TX 75202",https://farmersfridge.com,Yes,(312) 229-0357,,,,32.7834726,-96.8232375,cafe,Food & Restaurant,75202,,,,,https://www.facebook.com/farmersfridge,https://www.instagram.com/farmersfridge/,No,no_contact_found
Palmieri Cafe,"2049 N Pearl St, Dallas, TX 75201",https://saltydonut.com,Yes,(469) 530-9639,,9.0,12.0,32.7864613,-96.8272063,coffee shop,Food & Restaurant,75202,donuts@saltydonut.com,social@saltydonut.com,,donuts@saltydonut.com | social@saltydonut.com,https://www.facebook.com/TheSaltyDonut/,https://www.instagram.com/thesaltydonut/,Yes,found_subpage
Hatchways Workspace,"1321 Commerce St, Dallas, TX 75202",https://adolphus.com,Yes,(214) 651-3686,,3.0,81.0,32.7864613,-96.8272063,coffee shop,Food & Restaurant,75202,hello@adolphus.com,,,hello@adolphus.com,https://www.facebook.com/TheAdolphus/,https://scontent-iad3-1.cdninstagram.com/v/t51.2885-15/419002598_747909703512228_8085115548102881857_n.jpg?_nc_cat=110&ccb=1-7&_nc_sid=384e48&_nc_ohc=yltKOo4Xvx0AX8r7vKY&_nc_ht=scontent-iad3-1.cdninstagram.com&edm=ANo9K5cEAAAA&oh=00_AfC3X0Y8zdS0HX3vLVYcWYtljRMy-XOgJgI3vtqk1z4Azg&oe=65AFAF18,Yes,found_homepage
One Main Perc,"1717 N Harwood St, Dallas, TX 75201",https://dma.org,Yes,(214) 922-1835,,4.0,13.0,32.7848324,-96.8338506,espresso bar,General,75202,,,,,,,No,no_contact_found
Davis Street Espresso,"819 W Davis St, Dallas, TX 75208",https://oakcliffcoffee.com,Yes,(214) 941-0381,,0.0,62.0,32.7916557,-96.8807507,coffee roaster,Food & Restaurant,75202,info@oakcliffcoffee.com,,,info@oakcliffcoffee.com,,,Yes,found_homepage
Well Grounded Coffee Community at Bishop Union,"111 W Davis St #170, Dallas, TX 75208",https://wellgrounded.coffee,Yes,(214) 608-7374,,2.0,4.0,32.7916557,-96.8807507,coffee roaster,Food & Restaurant,75202,wellgroundedcoffeecommunity@gmail.com,,,wellgroundedcoffeecommunity@gmail.com,https://www.facebook.com/wellgroundedcoffeeco,https://www.instagram.com/wellgroundedbu/,Yes,found_subpage
Beans & Brews Coffee House,"7532 E Grand Ave Suite B110, Dallas, TX 75214",https://beansandbrews.com,Yes,(214) 765-2491,,7.0,3.0,32.7916557,-96.8807507,coffee roaster,Food & Restaurant,75202,,,,,https://www.facebook.com/beansandbrews/,https://www.instagram.com/beansandbrews/,No,no_contact_found
The Coffeehouse at Bonton Farms,"6911 Bexar St, Dallas, TX 75215",https://bontonfarms.shop,Yes,(972) 707-0274,,8.0,2.0,32.7916557,-96.8807507,coffee roaster,Food & Restaurant,75202,info@bontonfarms.org,,,info@bontonfarms.org,https://facebook.com/bontonfarms,https://www.instagram.com/bontonfarms,Yes,found_homepage
chasen matcha bar,"416 N Tyler St, Dallas, TX 75208",https://chasenmatchabar.com,Yes,,,5.0,11.0,32.7842836,-97.3596165,tea house,Food & Restaurant,75202,,,,,,,No,no_contact_found
HTeaO - Dallas (Frankford & Marsh),"3743 Frankford Rd, Dallas, TX 75287",https://hteao.com,Yes,(469) 310-0257,,3.0,50.0,32.7842836,-97.3596165,tea house,Food & Restaurant,75202,,,,,https://www.facebook.com/HTeaO/,https://www.instagram.com/hteao,No,no_contact_found
Brown Bag Coffees & Tea,"7610 N Stemmons Fwy suite 180, Dallas, TX 75247",https://brownbagcoffeeandtea.com,Yes,(214) 242-8524,,4.0,5.0,32.7842836,-97.3596165,tea house,Food & Restaurant,75202,,,,,,,No,no_contact_found
Teak Tearoom,"Second Floor Inside The Conservatory, 100 Highland Park Village, Dallas, TX 75205",https://instagram.com,Yes,(972) 863-8590,,,,32.7842836,-97.3596165,tea house,Food & Restaurant,75202,,,,,,,No,no_contact_found
Zakti The culture of tea,"1300 S Polk St #225, Dallas, TX 75224",https://zakti.com,Yes,(855) 924-7270,,,,32.7842836,-97.3596165,tea house,Food & Restaurant,75202,,,,,,,No,no_contact_found
Secret Garden Tea Room,"2601 Montgomery St, Fort Worth, TX 76107",https://montgomerystreetantiquemall.com,Yes,(817) 763-9787,,2.0,37.0,32.7842836,-97.3596165,tea house,Food & Restaurant,75202,,,,,https://www.facebook.com/Montgomery-Street-Antique-Mall-559907257355459/,,No,no_contact_found
The Cultured Cup,"13731 Omega Rd, Farmers Branch, TX 75244",https://theculturedcup.com,Yes,(972) 960-1521,,3.0,22.0,32.7842836,-97.3596165,tea house,Food & Restaurant,75202,info@theculturedcup.com,,,info@theculturedcup.com,https://www.facebook.com/TheCulturedCup,https://www.instagram.com/theculturedcup/,Yes,found_homepage
Foundation Room Dallas,"2200 N Lamar St, Dallas, TX 75202",https://locations.houseofblues.com,Yes,(214) 978-2583,,9.0,4.0,32.7842836,-97.3596165,tea house,Food & Restaurant,75202,hc.media@livenation.com,,,hc.media@livenation.com,https://facebook.com/livenation,https://instagram.com/livenation,Yes,found_homepage
T7 TEA,"4222 Trinity Mills Rd, Dallas, TX 75287",https://t7tea.com,Yes,(972) 886-8970,,7.0,2.0,32.7842836,-97.3596165,tea house,Food & Restaurant,75202,support@t7tea.com,,,support@t7tea.com,,https://instagram.com/t7tea,Yes,found_subpage
