name,address,website,has_website,phone_number,business_type,reviews_count,reviews_average,latitude,longitude,keyword,category,searched_zipcode,email_1,email_2,email_3,all_emails,facebook,instagram,email_found,scrape_status
Eat Zone,"3003 E Illinois Ave Suite 1, Dallas, TX 75216",https://eatzone.top,Yes,(214) 376-9663,,4.0,31.0,32.7450247,-96.9889957,quick service restaurant,Food & Restaurant,75203,black9@qq.com,,,black9@qq.com,,,Yes,found_homepage
Da Cajun Kitchen,"4010 S Walton Walker Blvd, Dallas, TX 75236",https://da-cajun-kitchen.com,Yes,(214) 484-1318,,3.0,5.0,32.6949686,-97.1820227,quick service restaurant,Food & Restaurant,75203,,,,,,,No,no_contact_found
24 Seven Tacos,"4010 S Walton Walker Blvd, Dallas, TX 75236",https://da-cajun-kitchen.com,Yes,(214) 484-1318,,3.0,5.0,32.6949686,-97.1820227,quick service restaurant,Food & Restaurant,75203,,,,,,,No,no_contact_found
Golden Chick,"410 W Kiest Blvd, Dallas, TX 75224",https://locations.goldenchick.com,Yes,(214) 371-2400,,968.0,1.0,32.6949686,-97.1820227,quick service restaurant,Food & Restaurant,75203,,,,,https://www.facebook.com/GoldenChick/,https://www.instagram.com/goldenchickofficial/,No,no_contact_found
Ivette's Burgers Wings and More,"8661 S Hampton Rd, Dallas, TX 75232",https://ivettesburgerwingsmore.com,Yes,(214) 272-3543,,1.0,3.0,32.6949686,-97.1820227,quick service restaurant,Food & Restaurant,75203,,,,,,,No,no_contact_found
Burger King,"8661 S Hampton Rd, Dallas, TX 75232",https://ivettesburgerwingsmore.com,Yes,(214) 272-3543,,1.0,3.0,32.6949686,-97.1820227,quick service restaurant,Food & Restaurant,75203,,,,,,,No,no_contact_found
McDonald's,"632 S R L Thornton Freeway Service Rd, Dallas, TX 75203",https://mcdonalds.com,Yes,(214) 946-1413,,155.0,3.0,32.6949686,-97.1820227,quick service restaurant,Food & Restaurant,75203,,,,,https://www.facebook.com/McDonalds/,https://www.instagram.com/wearegolden/,No,no_contact_found
Valentino,"428 E Jefferson Blvd, Dallas, TX 75203",https://valentinodallas.com,Yes,(214) 942-4003,,4.0,41.0,32.6949686,-97.1820227,quick service restaurant,Food & Restaurant,75203,,,,,,,No,no_contact_found
Popeyes Louisiana Kitchen,"630 S R L Thornton Freeway Service Rd, Dallas, TX 75203",https://popeyes.com,Yes,(214) 941-0715,,2.0,64.0,32.6949686,-97.1820227,quick service restaurant,Food & Restaurant,75203,,,,,,,No,no_contact_found
Jack in the Box,"630 S R L Thornton Freeway Service Rd, Dallas, TX 75203",https://popeyes.com,Yes,(214) 941-0715,,2.0,64.0,32.6949686,-97.1820227,quick service restaurant,Food & Restaurant,75203,,,,,,,No,no_contact_found
Wendy's,"630 S R L Thornton Freeway Service Rd, Dallas, TX 75203",https://popeyes.com,Yes,(214) 941-0715,,2.0,64.0,32.6949686,-97.1820227,quick service restaurant,Food & Restaurant,75203,,,,,,,No,no_contact_found
Wingstop,"1133 N Zang Blvd, Dallas, TX 75203",https://wingstop.com,Yes,(214) 944-5925,,9.0,32.0,32.6949686,-97.1820227,quick service restaurant,Food & Restaurant,75203,,,,,,,No,no_contact_found
Sonic Drive-In,"1133 N Zang Blvd, Dallas, TX 75203",https://wingstop.com,Yes,(214) 944-5925,,9.0,32.0,32.6949686,-97.1820227,quick service restaurant,Food & Restaurant,75203,,,,,,,No,no_contact_found
Chicken N Things,"2011 Botham Jean Blvd, Dallas, TX 75215",https://chicken-n-things.com,Yes,(214) 421-0045,,81.0,1.0,32.6949686,-97.1820227,quick service restaurant,Food & Restaurant,75203,,,,,,,No,no_contact_found
Hunky's Old Fashioned Hamburgers - Cedar Springs,"2011 Botham Jean Blvd, Dallas, TX 75215",https://chicken-n-things.com,Yes,(214) 421-0045,,81.0,1.0,32.6949686,-97.1820227,quick service restaurant,Food & Restaurant,75203,,,,,,,No,no_contact_found
Sonic Drive-In,"6617 Hillcrest Ave, Dallas, TX 75205",https://bubbasdallas.com,Yes,(214) 373-6527,,127.0,2.0,32.6949686,-97.1820227,quick service restaurant,Food & Restaurant,75203,,,,,,,No,no_contact_found
Chop House Burger Dallas,"6617 Hillcrest Ave, Dallas, TX 75205",https://bubbasdallas.com,Yes,(214) 373-6527,,127.0,2.0,32.6949686,-97.1820227,quick service restaurant,Food & Restaurant,75203,,,,,,,No,no_contact_found
McDonalds,"6617 Hillcrest Ave, Dallas, TX 75205",https://bubbasdallas.com,Yes,(214) 373-6527,,127.0,2.0,32.6949686,-97.1820227,quick service restaurant,Food & Restaurant,75203,,,,,,,No,no_contact_found
Soul Kitchen,"6617 Hillcrest Ave, Dallas, TX 75205",https://bubbasdallas.com,Yes,(214) 373-6527,,127.0,2.0,32.6949686,-97.1820227,quick service restaurant,Food & Restaurant,75203,,,,,,,No,no_contact_found
Italia Express Cedar Springs,"6617 Hillcrest Ave, Dallas, TX 75205",https://bubbasdallas.com,Yes,(214) 373-6527,,127.0,2.0,32.6949686,-97.1820227,quick service restaurant,Food & Restaurant,75203,,,,,,,No,no_contact_found
Golden Chick,"4000 Cedar Springs Rd, Dallas, TX 75219",https://italiaexpresscedarsprings.com,Yes,(214) 521-3300,,260.0,2.0,32.6949686,-97.1820227,quick service restaurant,Food & Restaurant,75203,,,,,,,No,no_contact_found
Primo Tacos and Hot Dogs,"4000 Cedar Springs Rd, Dallas, TX 75219",https://italiaexpresscedarsprings.com,Yes,(214) 521-3300,,260.0,2.0,32.6949686,-97.1820227,quick service restaurant,Food & Restaurant,75203,,,,,,,No,no_contact_found
Griff's Hamburgers,"4000 Cedar Springs Rd, Dallas, TX 75219",https://italiaexpresscedarsprings.com,Yes,(214) 521-3300,,260.0,2.0,32.7325205,-96.9707485,quick service restaurant,Food & Restaurant,75203,,,,,,,No,no_contact_found
Williams Chicken,"1150 Buckner Blvd, Dallas, TX 75217",https://griffshamburgers.com,Yes,(214) 398-7321,,401.0,3.0,32.7325205,-96.9707485,quick service restaurant,Food & Restaurant,75203,bossiercity@griffshamburgers.com,dallas@griffshamburgers.com,fortworth@griffshamburgers.com,bossiercity@griffshamburgers.com | dallas@griffshamburgers.com | fortworth@griffshamburgers.com | garland@griffshamburgers.com | haltomcity@griffshamburgers.com | irving@griffshamburgers.com | mesquite@griffshamburgers.com | riveroaks@griffshamburgers.com | ruston@griffshamburgers.com | sanantonio@griffshamburgers.com | shreveport@griffshamburgers.com,https://www.facebook.com/griffshamburgers/,https://www.instagram.com/griffshamburgers/,Yes,found_subpage
Sonic Drive-In,"1150 Buckner Blvd, Dallas, TX 75217",https://griffshamburgers.com,Yes,(214) 398-7321,,401.0,3.0,32.7325205,-96.9707485,quick service restaurant,Food & Restaurant,75203,bossiercity@griffshamburgers.com,dallas@griffshamburgers.com,fortworth@griffshamburgers.com,bossiercity@griffshamburgers.com | dallas@griffshamburgers.com | fortworth@griffshamburgers.com | garland@griffshamburgers.com | haltomcity@griffshamburgers.com | irving@griffshamburgers.com | mesquite@griffshamburgers.com | riveroaks@griffshamburgers.com | ruston@griffshamburgers.com | sanantonio@griffshamburgers.com | shreveport@griffshamburgers.com,https://www.facebook.com/griffshamburgers/,https://www.instagram.com/griffshamburgers/,Yes,found_subpage
South Side Food Shack Bar and Grill,"1150 Buckner Blvd, Dallas, TX 75217",https://griffshamburgers.com,Yes,(214) 398-7321,,401.0,3.0,32.7325205,-96.9707485,quick service restaurant,Food & Restaurant,75203,bossiercity@griffshamburgers.com,dallas@griffshamburgers.com,fortworth@griffshamburgers.com,bossiercity@griffshamburgers.com | dallas@griffshamburgers.com | fortworth@griffshamburgers.com | garland@griffshamburgers.com | haltomcity@griffshamburgers.com | irving@griffshamburgers.com | mesquite@griffshamburgers.com | riveroaks@griffshamburgers.com | ruston@griffshamburgers.com | sanantonio@griffshamburgers.com | shreveport@griffshamburgers.com,https://www.facebook.com/griffshamburgers/,https://www.instagram.com/griffshamburgers/,Yes,found_subpage
Lubys Culinary at Courts Cafe,"1150 Buckner Blvd, Dallas, TX 75217",https://griffshamburgers.com,Yes,(214) 398-7321,,401.0,3.0,32.7325205,-96.9707485,quick service restaurant,Food & Restaurant,75203,bossiercity@griffshamburgers.com,dallas@griffshamburgers.com,fortworth@griffshamburgers.com,bossiercity@griffshamburgers.com | dallas@griffshamburgers.com | fortworth@griffshamburgers.com | garland@griffshamburgers.com | haltomcity@griffshamburgers.com | irving@griffshamburgers.com | mesquite@griffshamburgers.com | riveroaks@griffshamburgers.com | ruston@griffshamburgers.com | sanantonio@griffshamburgers.com | shreveport@griffshamburgers.com,https://www.facebook.com/griffshamburgers/,https://www.instagram.com/griffshamburgers/,Yes,found_subpage
All Day,"1150 Buckner Blvd, Dallas, TX 75217",https://griffshamburgers.com,Yes,(214) 398-7321,,401.0,3.0,32.7325205,-96.9707485,quick service restaurant,Food & Restaurant,75203,bossiercity@griffshamburgers.com,dallas@griffshamburgers.com,fortworth@griffshamburgers.com,bossiercity@griffshamburgers.com | dallas@griffshamburgers.com | fortworth@griffshamburgers.com | garland@griffshamburgers.com | haltomcity@griffshamburgers.com | irving@griffshamburgers.com | mesquite@griffshamburgers.com | riveroaks@griffshamburgers.com | ruston@griffshamburgers.com | sanantonio@griffshamburgers.com | shreveport@griffshamburgers.com,https://www.facebook.com/griffshamburgers/,https://www.instagram.com/griffshamburgers/,Yes,found_subpage
Kiest Market,"1150 Buckner Blvd, Dallas, TX 75217",https://griffshamburgers.com,Yes,(214) 398-7321,,401.0,3.0,32.7325205,-96.9707485,quick service restaurant,Food & Restaurant,75203,bossiercity@griffshamburgers.com,dallas@griffshamburgers.com,fortworth@griffshamburgers.com,bossiercity@griffshamburgers.com | dallas@griffshamburgers.com | fortworth@griffshamburgers.com | garland@griffshamburgers.com | haltomcity@griffshamburgers.com | irving@griffshamburgers.com | mesquite@griffshamburgers.com | riveroaks@griffshamburgers.com | ruston@griffshamburgers.com | sanantonio@griffshamburgers.com | shreveport@griffshamburgers.com,https://www.facebook.com/griffshamburgers/,https://www.instagram.com/griffshamburgers/,Yes,found_subpage
Chicken Express,"1150 Buckner Blvd, Dallas, TX 75217",https://griffshamburgers.com,Yes,(214) 398-7321,,401.0,3.0,32.7325205,-96.9707485,quick service restaurant,Food & Restaurant,75203,bossiercity@griffshamburgers.com,dallas@griffshamburgers.com,fortworth@griffshamburgers.com,bossiercity@griffshamburgers.com | dallas@griffshamburgers.com | fortworth@griffshamburgers.com | garland@griffshamburgers.com | haltomcity@griffshamburgers.com | irving@griffshamburgers.com | mesquite@griffshamburgers.com | riveroaks@griffshamburgers.com | ruston@griffshamburgers.com | sanantonio@griffshamburgers.com | shreveport@griffshamburgers.com,https://www.facebook.com/griffshamburgers/,https://www.instagram.com/griffshamburgers/,Yes,found_subpage
Raising Cane's Chicken Fingers,"6124 Lemmon Ave, Dallas, TX 75209",https://chickene.com,Yes,(214) 353-7175,,123.0,1.0,32.8336127,-97.1173096,quick service restaurant,Food & Restaurant,75203,,,,,,,No,no_contact_found
Original ChopShop,"6124 Lemmon Ave, Dallas, TX 75209",https://chickene.com,Yes,(214) 353-7175,,123.0,1.0,32.8336127,-97.1173096,quick service restaurant,Food & Restaurant,75203,,,,,,,No,no_contact_found
Tiquicheo Cocina Mexicana,"6124 Lemmon Ave, Dallas, TX 75209",https://chickene.com,Yes,(214) 353-7175,,123.0,1.0,32.8336127,-97.1173096,quick service restaurant,Food & Restaurant,75203,,,,,,,No,no_contact_found
The Exchange Food Hall,"6124 Lemmon Ave, Dallas, TX 75209",https://chickene.com,Yes,(214) 353-7175,,123.0,1.0,32.8336127,-97.1173096,quick service restaurant,Food & Restaurant,75203,,,,,,,No,no_contact_found
Domino's Pizza,"428 E Jefferson Blvd Suite 119, Dallas, TX 75203",https://restaurants.subway.com,Yes,(214) 942-8222,,8.0,24.0,32.8336127,-97.1173096,quick service restaurant,Food & Restaurant,75203,,,,,,,No,no_contact_found
Keys Hotfood,"428 E Jefferson Blvd Suite 119, Dallas, TX 75203",https://restaurants.subway.com,Yes,(214) 942-8222,,8.0,24.0,32.8336127,-97.1173096,quick service restaurant,Food & Restaurant,75203,,,,,,,No,no_contact_found
Jason's Deli,"428 E Jefferson Blvd Suite 119, Dallas, TX 75203",https://restaurants.subway.com,Yes,(214) 942-8222,,8.0,24.0,32.8336127,-97.1173096,quick service restaurant,Food & Restaurant,75203,,,,,,,No,no_contact_found
Grandy's,"4703 Greenville Ave, Dallas, TX 75206",https://locations.jollibeefoods.com,Yes,(469) 899-9850,,356.0,1.0,32.8336127,-97.1173096,quick service restaurant,Food & Restaurant,75203,,,,,https://www.facebook.com/JollibeeUS/,https://www.instagram.com/jollibeeus/,No,no_contact_found
Sabor a la Mexicana,"4703 Greenville Ave, Dallas, TX 75206",https://locations.jollibeefoods.com,Yes,(214) 579-9080,,356.0,1.0,32.8336127,-97.1173096,quick service restaurant,Food & Restaurant,75203,,,,,https://www.facebook.com/JollibeeUS/,https://www.instagram.com/jollibeeus/,No,no_contact_found
Jack in the Box,"1020 W Davis St, Dallas, TX 75208",https://locations.jackinthebox.com,Yes,(214) 946-5020,,9.0,94.0,32.8336127,-97.1173096,quick service restaurant,Food & Restaurant,75203,,,,,https://www.facebook.com/jackinthebox/,https://www.instagram.com/jackinthebox/,No,no_contact_found
DEL SUR TACOS,"1020 W Davis St, Dallas, TX 75208",https://delsurtacosdallas.com,Yes,(972) 982-0004,,5.0,95.0,32.8336127,-97.1173096,quick service restaurant,Food & Restaurant,75203,delsurtacos@yahoo.com,,,delsurtacos@yahoo.com,,https://www.instagram.com/delsurtacos/,Yes,found_homepage
Las Ranitas Dallas,"720 E Jefferson Blvd, Dallas, TX 75203",https://delsurtacosdallas.com,Yes,(972) 982-0004,,5.0,95.0,32.8336127,-97.1173096,quick service restaurant,Food & Restaurant,75203,delsurtacos@yahoo.com,,,delsurtacos@yahoo.com,,https://www.instagram.com/delsurtacos/,Yes,found_homepage
"Johnny's Chicken & Waffles Dallas, TX","1326 Botham Jean Blvd, Dallas, TX 75215",https://johnnyschickenandwaffles.com,Yes,(972) 803-5401,,792.0,1.0,32.8336127,-97.1173096,quick service restaurant,Food & Restaurant,75203,info@johnnyschickenandwaffles.com,,,info@johnnyschickenandwaffles.com,https://www.facebook.com/johnnyschickenusa,https://www.instagram.com/johnnyschickenusa/?__coig_restricted=1,Yes,found_homepage
QuikTrip,"1326 Botham Jean Blvd, Dallas, TX 75215",https://johnnyschickenandwaffles.com,Yes,(972) 803-5401,,792.0,1.0,32.8336127,-97.1173096,quick service restaurant,Food & Restaurant,75203,info@johnnyschickenandwaffles.com,,,info@johnnyschickenandwaffles.com,https://www.facebook.com/johnnyschickenusa,https://www.instagram.com/johnnyschickenusa/?__coig_restricted=1,Yes,found_homepage
bbbop Seoul Kitchen,"828 W Davis St, Dallas, TX 75208",https://bbbop.com,Yes,(469) 248-3702,,253.0,1.0,32.8336127,-97.1173096,quick service restaurant,Food & Restaurant,75203,,,,,,,No,no_contact_found
Power House Cafe,"601 N Akard St, Dallas, TX 75201",https://powerhouse.cafe,Yes,(214) 871-7126,,8.0,7.0,32.8336127,-97.1173096,quick service restaurant,Food & Restaurant,75203,,,,,,,No,no_contact_found
Wing Spot,"7616 S Great Trinity Forest Way Suite B, Dallas, TX 75217",https://wingspot.top,Yes,(469) 250-7575,,6.0,13.0,32.8336127,-97.1173096,quick service restaurant,Food & Restaurant,75203,info@wingspot.top,black9@qq.com,,info@wingspot.top | black9@qq.com,,,Yes,found_homepage
Taqueria Pedrito,"7616 S Great Trinity Forest Way Suite B, Dallas, TX 75217",https://wingspot.top,Yes,(469) 250-7575,,6.0,13.0,32.8336127,-97.1173096,quick service restaurant,Food & Restaurant,75203,info@wingspot.top,black9@qq.com,,info@wingspot.top | black9@qq.com,,,Yes,found_homepage
The303BishopArts,"7616 S Great Trinity Forest Way Suite B, Dallas, TX 75217",https://wingspot.top,Yes,(469) 250-7575,,6.0,13.0,32.8336127,-97.1173096,quick service restaurant,Food & Restaurant,75203,info@wingspot.top,black9@qq.com,,info@wingspot.top | black9@qq.com,,,Yes,found_homepage
Shell,"7616 S Great Trinity Forest Way Suite B, Dallas, TX 75217",https://wingspot.top,Yes,(469) 250-7575,,6.0,13.0,32.8336127,-97.1173096,quick service restaurant,Food & Restaurant,75203,info@wingspot.top,black9@qq.com,,info@wingspot.top | black9@qq.com,,,Yes,found_homepage
Dickey's Barbecue Pit,"424 S R L Thornton Freeway Service Rd, Dallas, TX 75203",https://find.shell.com,Yes,(214) 942-6904,,0.0,17.0,32.8336127,-97.1173096,quick service restaurant,Food & Restaurant,75203,,,,,,,No,no_contact_found
Tacodeli,"424 S R L Thornton Freeway Service Rd, Dallas, TX 75203",https://find.shell.com,Yes,(214) 942-6904,,0.0,17.0,32.8336127,-97.1173096,quick service restaurant,Food & Restaurant,75203,,,,,,,No,no_contact_found
Charco Broiler Steak House,"424 S R L Thornton Freeway Service Rd, Dallas, TX 75203",https://find.shell.com,Yes,(214) 942-6904,,0.0,17.0,32.8336127,-97.1173096,quick service restaurant,Food & Restaurant,75203,,,,,,,No,no_contact_found
Jack in the Box,"404 W Illinois Ave, Dallas, TX 75224",https://locations.jackinthebox.com,Yes,(214) 946-5019,,462.0,1.0,32.8336127,-97.1173096,quick service restaurant,Food & Restaurant,75203,,,,,https://www.facebook.com/jackinthebox/,https://www.instagram.com/jackinthebox/,No,no_contact_found
Corner Bakery Cafe,"404 W Illinois Ave, Dallas, TX 75224",https://locations.jackinthebox.com,Yes,(214) 946-5019,,462.0,1.0,32.8336127,-97.1173096,quick service restaurant,Food & Restaurant,75203,,,,,https://www.facebook.com/jackinthebox/,https://www.instagram.com/jackinthebox/,No,no_contact_found
Restaurant Beatrice,"6617 Hillcrest Ave, Dallas, TX 75205",https://bubbasdallas.com,Yes,(214) 373-6527,,127.0,2.0,32.8336127,-97.1173096,quick service restaurant,Food & Restaurant,75203,,,,,,,No,no_contact_found
Snap Kitchen - Uptown,"2222 McKinney Ave STE 110, Dallas, TX 75201",https://snapkitchen.com,Yes,(469) 206-3460,,1.0,19.0,32.8336127,-97.1173096,quick service restaurant,Food & Restaurant,75203,,,,,,https://www.instagram.com/snapkitchen/,No,no_contact_found
Wendy's,"2222 McKinney Ave STE 110, Dallas, TX 75201",https://snapkitchen.com,Yes,(469) 206-3460,,1.0,19.0,32.8336127,-97.1173096,quick service restaurant,Food & Restaurant,75203,,,,,,https://www.instagram.com/snapkitchen/,No,no_contact_found
Chip's Old Fashioned Hamburgers,"1605 N Beckley Ave, Dallas, TX 75208",https://thebestburgerever.com,Yes,(214) 434-1084,,0.0,75.0,32.7641744,-96.9675034,burger restaurant,Food & Restaurant,75203,,,,,,,No,no_contact_found
Herby's Burgers,"1605 N Beckley Ave, Dallas, TX 75208",https://thebestburgerever.com,Yes,(214) 434-1084,,0.0,75.0,32.7641744,-96.9675034,burger restaurant,Food & Restaurant,75203,,,,,,,No,no_contact_found
CHADENIS DALLAS,"3939 S Polk St Ste 304, Dallas, TX 75224",https://chadenisdallas.com,Yes,(214) 647-1110,,6.0,17.0,32.7641744,-96.9675034,burger restaurant,Food & Restaurant,75203,,,,,https://www.facebook.com/Chadenisdallas/,,No,no_contact_found
Rodeo Goat,"1926 Market Center Blvd, Dallas, TX 75207",https://rodeogoat.com,Yes,(214) 741-4628,,432.0,8.0,32.7641744,-96.9675034,burger restaurant,Food & Restaurant,75203,,,,,,,No,no_contact_found
Meat Hook Burger,"1926 Market Center Blvd, Dallas, TX 75207",https://rodeogoat.com,Yes,(214) 741-4628,,432.0,8.0,32.7641744,-96.9675034,burger restaurant,Food & Restaurant,75203,,,,,,,No,no_contact_found
Country Burger,"1926 Market Center Blvd, Dallas, TX 75207",https://rodeogoat.com,Yes,(214) 741-4628,,432.0,8.0,32.7641744,-96.9675034,burger restaurant,Food & Restaurant,75203,,,,,,,No,no_contact_found
Black Tap Craft Burgers & Beer - Dallas,"1926 Market Center Blvd, Dallas, TX 75207",https://rodeogoat.com,Yes,(214) 741-4628,,432.0,8.0,32.7641744,-96.9675034,burger restaurant,Food & Restaurant,75203,,,,,,,No,no_contact_found
Twisted Root Burger Co.,"2615 Commerce St, Dallas, TX 75226",https://twistedrootburgerco.com,Yes,(214) 741-7668,,465.0,3.0,32.7641744,-96.9675034,burger restaurant,Food & Restaurant,75203,,,,,https://www.facebook.com/TwistedRoot/,https://www.instagram.com/twistedrootburger/,No,no_contact_found
Pacheco Taco N Burger,"2615 Commerce St, Dallas, TX 75226",https://twistedrootburgerco.com,Yes,(214) 741-7668,,465.0,3.0,32.7641744,-96.9675034,burger restaurant,Food & Restaurant,75203,,,,,https://www.facebook.com/TwistedRoot/,https://www.instagram.com/twistedrootburger/,No,no_contact_found
Hunky's Old Fashioned Hamburgers - Bishop Arts,"321 N Bishop Ave, Dallas, TX 75208",https://hunkys.com,Yes,(214) 941-3322,,228.0,2.0,32.7641744,-96.9675034,burger restaurant,Food & Restaurant,75203,,,,,https://www.facebook.com/,https://www.instagram.com/,No,no_contact_found
Maple & Motor,"321 N Bishop Ave, Dallas, TX 75208",https://hunkys.com,Yes,(214) 941-3322,,228.0,2.0,32.7641744,-96.9675034,burger restaurant,Food & Restaurant,75203,,,,,https://www.facebook.com/,https://www.instagram.com/,No,no_contact_found
Good Luck Drive In,"321 N Bishop Ave, Dallas, TX 75208",https://hunkys.com,Yes,(214) 941-3322,,228.0,2.0,32.7641744,-96.9675034,burger restaurant,Food & Restaurant,75203,,,,,https://www.facebook.com/,https://www.instagram.com/,No,no_contact_found
Best Burger Barn,"321 N Bishop Ave, Dallas, TX 75208",https://hunkys.com,Yes,(214) 941-3322,,228.0,2.0,32.7641744,-96.9675034,burger restaurant,Food & Restaurant,75203,,,,,https://www.facebook.com/,https://www.instagram.com/,No,no_contact_found
Speed Burgers and More,"1201 Main St, Dallas, TX 75202",https://facebook.com,Yes,(469) 914-0141,,6.0,7.0,32.7641744,-96.9675034,burger restaurant,Food & Restaurant,75203,,,,,,,No,no_contact_found
Stock & Barrel,"1201 Main St, Dallas, TX 75202",https://facebook.com,Yes,(469) 914-0141,,6.0,7.0,32.7641744,-96.9675034,burger restaurant,Food & Restaurant,75203,,,,,,,No,no_contact_found
Hopdoddy Burger Bar,"3227 McKinney Ave #102, Dallas, TX 75204",https://hopdoddy.com,Yes,(214) 871-2337,,543.0,2.0,32.7641744,-96.9675034,burger restaurant,Food & Restaurant,75203,,,,,https://www.facebook.com/hopdoddy,https://www.instagram.com/hopdoddy/,No,no_contact_found
Wingfield's Breakfast & Burger,"3227 McKinney Ave #102, Dallas, TX 75204",https://hopdoddy.com,Yes,(214) 871-2337,,543.0,2.0,32.7641744,-96.9675034,burger restaurant,Food & Restaurant,75203,,,,,https://www.facebook.com/hopdoddy,https://www.instagram.com/hopdoddy/,No,no_contact_found
Angry Dog,"2726 Commerce St, Dallas, TX 75226",https://angrydog.com,Yes,(214) 741-4406,,815.0,2.0,32.7641744,-96.9675034,burger restaurant,Food & Restaurant,75203,,,,,,,No,no_contact_found
COLORADO SPOT,"2726 Commerce St, Dallas, TX 75226",https://angrydog.com,Yes,(214) 741-4406,,815.0,2.0,32.7641744,-96.9675034,burger restaurant,Food & Restaurant,75203,,,,,,,No,no_contact_found
Good Luck Chicken Hamburger And Sea Food,"111 S Hall St, Dallas, TX 75226",https://skyrocketburger.com,Yes,(469) 577-9573,,85.0,1.0,32.7641744,-96.9675034,burger restaurant,Food & Restaurant,75203,,,,,https://facebook.com/Sky-Rocket-Burger-1388740504572269/,https://www.instagram.com/skyrocketburgers/,No,no_contact_found
Easy Slider - The Exchange Hall,"111 S Hall St, Dallas, TX 75226",https://skyrocketburger.com,Yes,(469) 577-9573,,85.0,1.0,32.7641744,-96.9675034,burger restaurant,Food & Restaurant,75203,,,,,https://facebook.com/Sky-Rocket-Burger-1388740504572269/,https://www.instagram.com/skyrocketburgers/,No,no_contact_found
Harvey B's,"111 S Hall St, Dallas, TX 75226",https://skyrocketburger.com,Yes,(469) 577-9573,,85.0,1.0,32.7641744,-96.9675034,burger restaurant,Food & Restaurant,75203,,,,,https://facebook.com/Sky-Rocket-Burger-1388740504572269/,https://www.instagram.com/skyrocketburgers/,No,no_contact_found
HighFive Burger,"111 S Hall St, Dallas, TX 75226",https://skyrocketburger.com,Yes,(469) 577-9573,,85.0,1.0,32.7641744,-96.9675034,burger restaurant,Food & Restaurant,75203,,,,,https://facebook.com/Sky-Rocket-Burger-1388740504572269/,https://www.instagram.com/skyrocketburgers/,No,no_contact_found
Bowl and Burger,"111 S Hall St, Dallas, TX 75226",https://skyrocketburger.com,Yes,(469) 577-9573,,85.0,1.0,32.7641744,-96.9675034,burger restaurant,Food & Restaurant,75203,,,,,https://facebook.com/Sky-Rocket-Burger-1388740504572269/,https://www.instagram.com/skyrocketburgers/,No,no_contact_found
Hopdoddy Burger Bar,"111 S Hall St, Dallas, TX 75226",https://skyrocketburger.com,Yes,(469) 577-9573,,85.0,1.0,32.7641744,-96.9675034,burger restaurant,Food & Restaurant,75203,,,,,https://facebook.com/Sky-Rocket-Burger-1388740504572269/,https://www.instagram.com/skyrocketburgers/,No,no_contact_found
Good Luck Hamburgers Drive #3,"111 S Hall St, Dallas, TX 75226",https://skyrocketburger.com,Yes,(469) 577-9573,,85.0,1.0,32.7641744,-96.9675034,burger restaurant,Food & Restaurant,75203,,,,,https://facebook.com/Sky-Rocket-Burger-1388740504572269/,https://www.instagram.com/skyrocketburgers/,No,no_contact_found
Legend's Grill at Cedar Crest Golf Course,"111 S Hall St, Dallas, TX 75226",https://skyrocketburger.com,Yes,(469) 577-9573,,85.0,1.0,32.7641744,-96.9675034,burger restaurant,Food & Restaurant,75203,,,,,https://facebook.com/Sky-Rocket-Burger-1388740504572269/,https://www.instagram.com/skyrocketburgers/,No,no_contact_found
Norma's Cafe,"111 S Hall St, Dallas, TX 75226",https://skyrocketburger.com,Yes,(469) 577-9573,,85.0,1.0,32.7641744,-96.9675034,burger restaurant,Food & Restaurant,75203,,,,,https://facebook.com/Sky-Rocket-Burger-1388740504572269/,https://www.instagram.com/skyrocketburgers/,No,no_contact_found
Good Luck Drive In,"111 S Hall St, Dallas, TX 75226",https://skyrocketburger.com,Yes,(469) 577-9573,,85.0,1.0,32.7641744,-96.9675034,burger restaurant,Food & Restaurant,75203,,,,,https://facebook.com/Sky-Rocket-Burger-1388740504572269/,https://www.instagram.com/skyrocketburgers/,No,no_contact_found
Doda Burger & Sushi,"111 S Hall St, Dallas, TX 75226",https://skyrocketburger.com,Yes,(469) 577-9573,,85.0,1.0,32.7641744,-96.9675034,burger restaurant,Food & Restaurant,75203,,,,,https://facebook.com/Sky-Rocket-Burger-1388740504572269/,https://www.instagram.com/skyrocketburgers/,No,no_contact_found
Oddfellows,"316 W Seventh St, Dallas, TX 75208",https://oddfellowsdallas.com,Yes,(214) 944-5958,,142.0,3.0,32.7641744,-96.9675034,burger restaurant,Food & Restaurant,75203,eat@oddfellowsdallas.com,,,eat@oddfellowsdallas.com,https://www.facebook.com/OddfellowsOC/,https://www.instagram.com/oddfellowsoc/,Yes,found_homepage
Wulf Burger,"316 W Seventh St, Dallas, TX 75208",https://oddfellowsdallas.com,Yes,(214) 944-5958,,142.0,3.0,32.7641744,-96.9675034,burger restaurant,Food & Restaurant,75203,eat@oddfellowsdallas.com,,,eat@oddfellowsdallas.com,https://www.facebook.com/OddfellowsOC/,https://www.instagram.com/oddfellowsoc/,Yes,found_homepage
Sams Burger House Catering,"316 W Seventh St, Dallas, TX 75208",https://oddfellowsdallas.com,Yes,(214) 944-5958,,142.0,3.0,32.7641744,-96.9675034,burger restaurant,Food & Restaurant,75203,eat@oddfellowsdallas.com,,,eat@oddfellowsdallas.com,https://www.facebook.com/OddfellowsOC/,https://www.instagram.com/oddfellowsoc/,Yes,found_homepage
Village Burger Bar,"316 W Seventh St, Dallas, TX 75208",https://oddfellowsdallas.com,Yes,(214) 944-5958,,142.0,3.0,32.7641744,-96.9675034,burger restaurant,Food & Restaurant,75203,eat@oddfellowsdallas.com,,,eat@oddfellowsdallas.com,https://www.facebook.com/OddfellowsOC/,https://www.instagram.com/oddfellowsoc/,Yes,found_homepage
Keller's Hamburgers,"3699 McKinney Ave C-325, Dallas, TX 75204",https://villageburgerbar.com,Yes,(214) 443-9998,,538.0,1.0,32.7641744,-96.9675034,burger restaurant,Food & Restaurant,75203,,,,,,,No,no_contact_found
Cheesesteak House,"2015 W Davis St, Dallas, TX 75208",https://cheesesteakhousetx.com,Yes,(469) 941-4389,,927.0,1.0,32.7641744,-96.9675034,burger restaurant,Food & Restaurant,75203,,,,,https://www.facebook.com/cheesteakhouse,https://www.instagram.com/cheesesteakhouse/,No,no_contact_found
Rodeo Bar,"2015 W Davis St, Dallas, TX 75208",https://cheesesteakhousetx.com,Yes,(469) 941-4389,,927.0,1.0,32.7641744,-96.9675034,burger restaurant,Food & Restaurant,75203,,,,,https://www.facebook.com/cheesteakhouse,https://www.instagram.com/cheesesteakhouse/,No,no_contact_found
home of the king burger,"2015 W Davis St, Dallas, TX 75208",https://cheesesteakhousetx.com,Yes,(469) 941-4389,,927.0,1.0,32.7641744,-96.9675034,burger restaurant,Food & Restaurant,75203,,,,,https://www.facebook.com/cheesteakhouse,https://www.instagram.com/cheesesteakhouse/,No,no_contact_found
Edmond's Burgers & More,"2015 W Davis St, Dallas, TX 75208",https://cheesesteakhousetx.com,Yes,(469) 941-4389,,927.0,1.0,32.7641744,-96.9675034,burger restaurant,Food & Restaurant,75203,,,,,https://www.facebook.com/cheesteakhouse,https://www.instagram.com/cheesesteakhouse/,No,no_contact_found
MrBeast Burger,"2015 W Davis St, Dallas, TX 75208",https://cheesesteakhousetx.com,Yes,(469) 941-4389,,927.0,1.0,33.0205764,-96.895644,burger restaurant,Food & Restaurant,75203,,,,,https://www.facebook.com/cheesteakhouse,https://www.instagram.com/cheesesteakhouse/,No,no_contact_found
Son of a Butcher,"2026 Greenville Ave, Dallas, TX 75206",https://sobsliders.com,Yes,(469) 862-8780,,9.0,89.0,32.7509627,-96.9544901,burger restaurant,Food & Restaurant,75203,,,,,https://www.facebook.com/SOBGreenville,https://www.instagram.com/sobsliders/,No,no_contact_found
Burger House,"2026 Greenville Ave, Dallas, TX 75206",https://sobsliders.com,Yes,(469) 862-8780,,9.0,89.0,32.7509627,-96.9544901,burger restaurant,Food & Restaurant,75203,,,,,https://www.facebook.com/SOBGreenville,https://www.instagram.com/sobsliders/,No,no_contact_found
Liberty Burger,"1904 Abrams Pkwy, Dallas, TX 75214",https://givemelibertyburger.com,Yes,(214) 887-9999,,8.0,87.0,32.7509627,-96.9544901,burger restaurant,Food & Restaurant,75203,,,,,,,No,no_contact_found
National Anthem,"1904 Abrams Pkwy, Dallas, TX 75214",https://givemelibertyburger.com,Yes,(214) 887-9999,,8.0,87.0,32.7509627,-96.9544901,burger restaurant,Food & Restaurant,75203,,,,,,,No,no_contact_found
Chet's Dallas,"1904 Abrams Pkwy, Dallas, TX 75214",https://givemelibertyburger.com,Yes,(214) 887-9999,,8.0,87.0,32.7509627,-96.9544901,burger restaurant,Food & Restaurant,75203,,,,,,,No,no_contact_found
El Jordan Cafe,"1904 Abrams Pkwy, Dallas, TX 75214",https://givemelibertyburger.com,Yes,(214) 887-9999,,8.0,87.0,32.7509627,-96.9544901,burger restaurant,Food & Restaurant,75203,,,,,,,No,no_contact_found
Big Deal Burger,"1904 Abrams Pkwy, Dallas, TX 75214",https://givemelibertyburger.com,Yes,(214) 887-9999,,8.0,87.0,32.7509627,-96.9544901,burger restaurant,Food & Restaurant,75203,,,,,,,No,no_contact_found
Trolley Stop Cafe,"1904 Abrams Pkwy, Dallas, TX 75214",https://givemelibertyburger.com,Yes,(214) 887-9999,,8.0,87.0,32.7509627,-96.9544901,burger restaurant,Food & Restaurant,75203,,,,,,,No,no_contact_found
"Joe's Seafood, Burgers,and Bar-B-Que","1904 Abrams Pkwy, Dallas, TX 75214",https://givemelibertyburger.com,Yes,(214) 887-9999,,8.0,87.0,32.7509627,-96.9544901,burger restaurant,Food & Restaurant,75203,,,,,,,No,no_contact_found
Goodfriend Beer Garden & Burger House,"1904 Abrams Pkwy, Dallas, TX 75214",https://givemelibertyburger.com,Yes,(214) 887-9999,,8.0,87.0,32.7509627,-96.9544901,burger restaurant,Food & Restaurant,75203,,,,,,,No,no_contact_found
Flaming Burger,"1904 Abrams Pkwy, Dallas, TX 75214",https://givemelibertyburger.com,Yes,(214) 887-9999,,8.0,87.0,32.7509627,-96.9544901,burger restaurant,Food & Restaurant,75203,,,,,,,No,no_contact_found
A Plus Drive In Hamburger and The Grill,"1904 Abrams Pkwy, Dallas, TX 75214",https://givemelibertyburger.com,Yes,(214) 887-9999,,8.0,87.0,32.7509627,-96.9544901,burger restaurant,Food & Restaurant,75203,,,,,,,No,no_contact_found
Written by the Seasons,"1904 Abrams Pkwy, Dallas, TX 75214",https://givemelibertyburger.com,Yes,(214) 887-9999,,8.0,87.0,32.7509627,-96.9544901,burger restaurant,Food & Restaurant,75203,,,,,,,No,no_contact_found
Solo Burgers & Wings,"1904 Abrams Pkwy, Dallas, TX 75214",https://givemelibertyburger.com,Yes,(214) 887-9999,,8.0,87.0,32.7509627,-96.9544901,burger restaurant,Food & Restaurant,75203,,,,,,,No,no_contact_found
Paradiso,"1904 Abrams Pkwy, Dallas, TX 75214",https://givemelibertyburger.com,Yes,(214) 887-9999,,8.0,87.0,32.7509627,-96.9544901,burger restaurant,Food & Restaurant,75203,,,,,,,No,no_contact_found
Williams Fried Chicken #15,"938 S Corinth St Rd, Dallas, TX 75203",https://williamschicken.com,Yes,(214) 943-4918,,3.0,47.0,32.7887695,-96.8972618,chicken sandwich shop,Food & Restaurant,75203,hello@williamchicken.com,information@williamschicken.com,,hello@williamchicken.com | information@williamschicken.com,https://www.facebook.com/williamschicken/,https://www.instagram.com/williamschickenofficial/?hl=en,Yes,found_homepage
Lucky's Hot Chicken,"4505 Gaston Ave, Dallas, TX 75246",https://luckyshotchicken.com,Yes,(214) 443-7927,,137.0,2.0,32.7887695,-96.8972618,chicken sandwich shop,Food & Restaurant,75203,,,,,https://www.facebook.com/LuckysHotChicken/,https://www.instagram.com/luckyshotchicken/,No,no_contact_found
Trades Delicatessen,"4505 Gaston Ave, Dallas, TX 75246",https://luckyshotchicken.com,Yes,(214) 443-7927,,137.0,2.0,32.7887695,-96.8972618,chicken sandwich shop,Food & Restaurant,75203,,,,,https://www.facebook.com/LuckysHotChicken/,https://www.instagram.com/luckyshotchicken/,No,no_contact_found
Chicken Guy! Dallas,"321 N Bishop Ave, Dallas, TX 75208",https://hunkys.com,Yes,(214) 941-3322,,228.0,2.0,32.7574858,-96.9665053,chicken sandwich shop,Food & Restaurant,75203,,,,,https://www.facebook.com/,https://www.instagram.com/,No,no_contact_found
Social Chicken,"1700 Pacific Ave, Dallas, TX 75201",https://socialchicken.site,Yes,(469) 202-9969,,,,32.7574858,-96.9665053,chicken sandwich shop,Food & Restaurant,75203,socialchicken.central@gmail.com,,,socialchicken.central@gmail.com,,,Yes,found_subpage
Wing Bucket,"1700 Pacific Ave, Dallas, TX 75201",https://socialchicken.site,Yes,(469) 202-9969,,,,32.7574858,-96.9665053,chicken sandwich shop,Food & Restaurant,75203,socialchicken.central@gmail.com,,,socialchicken.central@gmail.com,,,Yes,found_subpage
Social Chicken,"1326 Botham Jean Blvd, Dallas, TX 75215",https://socialchicken.site,Yes,(214) 393-4464,,792.0,1.0,32.7574858,-96.9665053,chicken sandwich shop,Food & Restaurant,75203,socialchicken.central@gmail.com,,,socialchicken.central@gmail.com,,,Yes,found_subpage
Church's Texas Chicken,"700 N Pearl St Ste FC2, Dallas, TX 75201",https://socialchicken.site,Yes,(214) 393-4464,,1.0,5.0,32.7574858,-96.9665053,chicken sandwich shop,Food & Restaurant,75203,socialchicken.central@gmail.com,,,socialchicken.central@gmail.com,,,Yes,found_subpage
Rise Southern Biscuits & Righteous Chicken - Dallas Victory Park,"2414 Victory Park Ln, Dallas, TX 75219",https://risebiscuitschicken.com,Yes,(972) 431-0246,,1.0,45.0,32.7574858,-96.9665053,chicken sandwich shop,Food & Restaurant,75203,,,,,,,No,no_contact_found
Royal Fried Chicken,"2414 Victory Park Ln, Dallas, TX 75219",https://risebiscuitschicken.com,Yes,(972) 431-0246,,1.0,45.0,32.7574858,-96.9665053,chicken sandwich shop,Food & Restaurant,75203,,,,,,,No,no_contact_found
Mendocino Farms,"2000 Ross Ave, Dallas, TX 75201",https://mendocinofarms.com,Yes,(214) 379-1490,,8.0,25.0,32.7574858,-96.9665053,chicken sandwich shop,Food & Restaurant,75203,,,,,,,No,no_contact_found
Southside Steaks and Cakes,"3125 Al Lipscomb Way, Dallas, TX 75215",https://southsidesteaksandcakes.com,Yes,(469) 399-7644,,4.0,89.0,32.7574858,-96.9665053,chicken sandwich shop,Food & Restaurant,75203,info@southsidesteaksandcakes.com,,,info@southsidesteaksandcakes.com,https://www.facebook.com/wix,https://www.instagram.com/wix,Yes,found_homepage
Ruthie's Cafe,"1632 Martin Luther King Jr Blvd suite 100, Dallas, TX 75215",https://ruthiesforgood.com,Yes,(214) 377-7355,,3.0,34.0,32.7574858,-96.9665053,chicken sandwich shop,Food & Restaurant,75203,,,,,,,No,no_contact_found
Street's Fine Chicken,"3857 Cedar Springs Rd, Dallas, TX 75219",https://streetsfinechicken.com,Yes,(469) 917-7140,,697.0,2.0,32.7574858,-96.9665053,chicken sandwich shop,Food & Restaurant,75203,,,,,,,No,no_contact_found
Hops & Hens,"665 S Lamar St, Dallas, TX 75202",https://omnihotels.com,Yes,(214) 979-4512,,0.0,44.0,32.7574858,-96.9665053,chicken sandwich shop,Food & Restaurant,75203,,,,,,,No,no_contact_found
La Reunion,"229 N Bishop Ave, Dallas, TX 75208",https://lareunioncoffee.com,Yes,(972) 282-5918,,4.0,56.0,32.7574858,-96.9665053,chicken sandwich shop,Food & Restaurant,75203,,,,,,http://instagram.com/lareuniondallas,No,no_contact_found
Crown Grocery & Deli,"1210 S Hampton Rd, Dallas, TX 75208",https://crown-grocery-deli.poi.place,Yes,(214) 467-3810,,8.0,26.0,32.7574858,-96.9665053,chicken sandwich shop,Food & Restaurant,75203,,,,,,,No,no_contact_found
Catfish Smith Foods To Go,"4620 Botham Jean Blvd, Dallas, TX 75215",https://clover.com,Yes,,,523.0,1.0,32.7574858,-96.9665053,chicken sandwich shop,Food & Restaurant,75203,,,,,,,No,no_contact_found
Sandoitchi,"1604 Main St Suite 110, Dallas, TX 75201",https://sandoitchi.com,Yes,,,0.0,21.0,32.7574858,-96.9665053,chicken sandwich shop,Food & Restaurant,75203,order@sandoitchi.menu,,,order@sandoitchi.menu,,https://www.instagram.com/sando.itchi,Yes,found_homepage
Banh Mi Station,"1818 Sylvan Ave C100, Dallas, TX 75208",https://banhmistationdallas.com,Yes,(972) 629-9908,,6.0,54.0,32.7574858,-96.9665053,chicken sandwich shop,Food & Restaurant,75203,,,,,,,No,no_contact_found
The Market Cafe at Bonton Farms,"6911 Bexar St, Dallas, TX 75215",https://bontonfarms.org,Yes,(972) 707-0274,,6.0,21.0,32.7574858,-96.9665053,chicken sandwich shop,Food & Restaurant,75203,info@bontonfarms.org,volunteers@bontonfarms.org,volunteer@bontonfarms.org,info@bontonfarms.org | volunteers@bontonfarms.org | volunteer@bontonfarms.org,https://www.facebook.com/bontonfarms,https://www.instagram.com/bontonfarms/,Yes,found_homepage
Schlotzsky's Deli,"3903 Gaston Ave, Dallas, TX 75246",https://locations.schlotzskys.com,Yes,(214) 954-7558,,284.0,1.0,32.7574858,-96.9665053,chicken sandwich shop,Food & Restaurant,75203,,,,,https://www.facebook.com/Schlotzskys/,https://www.instagram.com/schlotzskys/,No,no_contact_found
Smackbird Hot Chicken,"In Cowboy Chicken, 17437 Preston Rd, Dallas, TX 75252",https://smackbird.com,Yes,(817) 214-2244,,6.0,9.0,32.9908985,-96.9471027,chicken sandwich shop,Food & Restaurant,75203,support@smackbird.com,,,support@smackbird.com,https://www.facebook.com/SmackbirdHotChicken/,https://www.instagram.com/smackbirdhotchicken/,Yes,found_homepage
Baby Back Shak,"1800 S Akard St, Dallas, TX 75215",https://babybackshak.com,Yes,(214) 428-7427,,23.0,1.0,32.767911,-96.9340838,chicken sandwich shop,Food & Restaurant,75203,babybackshak@yahoo.com,,,babybackshak@yahoo.com,https://www.facebook.com/BabyBackShak/,https://www.instagram.com/babybackshak/?hl=en,Yes,found_homepage
Dave's Hot Chicken,"14750 Preston Rd, Dallas, TX 75254",https://daveshotchicken.com,Yes,(214) 613-1099,,928.0,4.0,32.9483321,-96.9472969,chicken sandwich shop,Food & Restaurant,75203,,,,,https://www.facebook.com/ToLiveandFryInLA,https://www.instagram.com/daveshotchicken/,No,no_contact_found
Cafe Brazil - Bishop Arts,"611 N Bishop Ave #101, Dallas, TX 75208",https://cafebrazil.com,Yes,(214) 946-7927,,635.0,1.0,32.7828864,-96.9277549,chicken sandwich shop,Food & Restaurant,75203,,,,,,https://www.instagram.com/cafe_brazil_dfw,No,no_contact_found
Sloane's Corner,"2001 Ross Ave Suite 125, Dallas, TX 75201",https://sloanescorner.com,Yes,(214) 484-1395,,5.0,50.0,32.7828864,-96.9277549,chicken sandwich shop,Food & Restaurant,75203,,,,,,,No,no_contact_found
Off the Bone Barbeque,"1734 Botham Jean Blvd, Dallas, TX 75215",https://offthebonebarbeque.com,Yes,(214) 565-9551,,509.0,1.0,32.7828864,-96.9277549,chicken sandwich shop,Food & Restaurant,75203,,,,,,,No,no_contact_found
Jaquval Gastropub & Brewery,"312 W Seventh St, Dallas, TX 75208",https://jaquval.com,Yes,(972) 896-1108,,9.0,17.0,32.7828864,-96.9277549,chicken sandwich shop,Food & Restaurant,75203,info@jaquvaltrades.com,,,info@jaquvaltrades.com,,,Yes,found_homepage
Cretia's,"228 W Davis St, Dallas, TX 75208",https://cretias.com,Yes,(214) 831-6681,,247.0,1.0,32.7828864,-96.9277549,chicken sandwich shop,Food & Restaurant,75203,,,,,,,No,no_contact_found
East Hampton Sandwich Co.,"200 Crescent Ct Suite 100, Dallas, TX 75201",https://ehsandwich.com,Yes,(214) 698-5108,,2.0,13.0,32.7828864,-96.9277549,chicken sandwich shop,Food & Restaurant,75203,,,,,,,No,no_contact_found
Royal Fried Chicken and Seafood,"305 E Saner Ave A, Dallas, TX 75216",https://chownow.com,Yes,(214) 915-8775,,1.0,1.0,32.713396,-96.96449,fried chicken restaurant,Food & Restaurant,75203,,,,,,,No,no_contact_found
Crispy Chicken & Rice,"704 W Jefferson Blvd #B, Dallas, TX 75208",https://crispychickenandricejefferson.com,Yes,(214) 941-5877,,2.0,33.0,32.713396,-96.96449,fried chicken restaurant,Food & Restaurant,75203,veronica7948@myyahoo.com,,,veronica7948@myyahoo.com,,,Yes,found_homepage
Southern Fried Chicken Shack,"1639 South Blvd, Dallas, TX 75215",https://sfcshack.com,Yes,(469) 269-6479,,,,32.713396,-96.96449,fried chicken restaurant,Food & Restaurant,75203,,,,,,,No,no_contact_found
Louisiana Famous Fried Chicken,"460 N Lamar St Suite 200, Dallas, TX 75202",https://louisianafriedchickenhq.com,Yes,(214) 434-1474,,2.0,14.0,32.713396,-96.96449,fried chicken restaurant,Food & Restaurant,75203,admin@louisianafriedchickenhq.com,,,admin@louisianafriedchickenhq.com,https://www.facebook.com/LFChicken,,Yes,found_homepage
Williams Fried Chicken,"1212 W Kiest Blvd, Dallas, TX 75224",https://williamschicken.com,Yes,(214) 372-3711,,0.0,58.0,32.713396,-96.96449,fried chicken restaurant,Food & Restaurant,75203,hello@williamchicken.com,information@williamschicken.com,,hello@williamchicken.com | information@williamschicken.com,https://www.facebook.com/williamschicken/,https://www.instagram.com/williamschickenofficial/?hl=en,Yes,found_homepage
Williams Fried Chicken #03,"238 W Illinois Ave, Dallas, TX 75224",https://williamschicken.com,Yes,(214) 943-4001,,103.0,1.0,32.713396,-96.96449,fried chicken restaurant,Food & Restaurant,75203,hello@williamchicken.com,information@williamschicken.com,,hello@williamchicken.com | information@williamschicken.com,https://www.facebook.com/williamschicken/,https://www.instagram.com/williamschickenofficial/?hl=en,Yes,found_homepage
Louisiana Fried Chicken & Seafood,"124 S Carroll Ave, Dallas, TX 75226",https://louisianafriedchickenhq.com,Yes,(214) 821-5930,,3.0,72.0,32.713396,-96.96449,fried chicken restaurant,Food & Restaurant,75203,admin@louisianafriedchickenhq.com,,,admin@louisianafriedchickenhq.com,https://www.facebook.com/LFChicken,,Yes,found_homepage
Birdguesa,"5014 Ross Ave, Dallas, TX 75206",https://badchicken.com,Yes,(469) 206-0237,,530.0,2.0,32.8072428,-96.9184365,fried chicken restaurant,Food & Restaurant,75203,admin@badchicken.com,,,admin@badchicken.com,,https://www.instagram.com/badchickenrestaurant/,Yes,found_homepage
Mike's Chicken,"1133 N Zang Blvd, Dallas, TX 75203",https://wingstop.com,Yes,(214) 944-5925,,9.0,32.0,32.8072428,-96.9184365,fried chicken restaurant,Food & Restaurant,75203,,,,,,,No,no_contact_found
Church's Texas Chicken,"1133 N Zang Blvd, Dallas, TX 75203",https://wingstop.com,Yes,(214) 944-5925,,9.0,32.0,32.8072428,-96.9184365,fried chicken restaurant,Food & Restaurant,75203,,,,,,,No,no_contact_found
Juju's Chicken Tenders,"1133 N Zang Blvd, Dallas, TX 75203",https://wingstop.com,Yes,(214) 944-5925,,9.0,32.0,32.8072428,-96.9184365,fried chicken restaurant,Food & Restaurant,75203,,,,,,,No,no_contact_found
Williams Fried Chicken,"1133 N Zang Blvd, Dallas, TX 75203",https://wingstop.com,Yes,(214) 944-5925,,9.0,32.0,32.8072428,-96.9184365,fried chicken restaurant,Food & Restaurant,75203,,,,,,,No,no_contact_found
Williams Fried Chicken #01,"4875 Sunnyvale St, Dallas, TX 75216",https://williamschicken.com,Yes,(214) 375-5055,,2.0,80.0,32.6947133,-96.9167541,fried chicken restaurant,Food & Restaurant,75203,hello@williamchicken.com,information@williamschicken.com,,hello@williamchicken.com | information@williamschicken.com,https://www.facebook.com/williamschicken/,https://www.instagram.com/williamschickenofficial/?hl=en,Yes,found_homepage
PT's Fried Chicken & Fish,"4875 Sunnyvale St, Dallas, TX 75216",https://williamschicken.com,Yes,(214) 375-5055,,2.0,80.0,32.6947133,-96.9167541,fried chicken restaurant,Food & Restaurant,75203,hello@williamchicken.com,information@williamschicken.com,,hello@williamchicken.com | information@williamschicken.com,https://www.facebook.com/williamschicken/,https://www.instagram.com/williamschickenofficial/?hl=en,Yes,found_homepage
Williams Chicken #13,"4875 Sunnyvale St, Dallas, TX 75216",https://williamschicken.com,Yes,(214) 375-5055,,2.0,80.0,32.6947133,-96.9167541,fried chicken restaurant,Food & Restaurant,75203,hello@williamchicken.com,information@williamschicken.com,,hello@williamchicken.com | information@williamschicken.com,https://www.facebook.com/williamschicken/,https://www.instagram.com/williamschickenofficial/?hl=en,Yes,found_homepage
Louisiana Famous Fried Chicken,"4875 Sunnyvale St, Dallas, TX 75216",https://williamschicken.com,Yes,(214) 375-5055,,2.0,80.0,32.6947133,-96.9167541,fried chicken restaurant,Food & Restaurant,75203,hello@williamchicken.com,information@williamschicken.com,,hello@williamchicken.com | information@williamschicken.com,https://www.facebook.com/williamschicken/,https://www.instagram.com/williamschickenofficial/?hl=en,Yes,found_homepage
Williams Fried Chicken #02,"4875 Sunnyvale St, Dallas, TX 75216",https://williamschicken.com,Yes,(214) 375-5055,,2.0,80.0,32.6947133,-96.9167541,fried chicken restaurant,Food & Restaurant,75203,hello@williamchicken.com,information@williamschicken.com,,hello@williamchicken.com | information@williamschicken.com,https://www.facebook.com/williamschicken/,https://www.instagram.com/williamschickenofficial/?hl=en,Yes,found_homepage
Hall's Honey-Fried Chicken,"4875 Sunnyvale St, Dallas, TX 75216",https://williamschicken.com,Yes,(214) 375-5055,,2.0,80.0,32.6947133,-96.9167541,fried chicken restaurant,Food & Restaurant,75203,hello@williamchicken.com,information@williamschicken.com,,hello@williamchicken.com | information@williamschicken.com,https://www.facebook.com/williamschicken/,https://www.instagram.com/williamschickenofficial/?hl=en,Yes,found_homepage
Chicken House,"4105 W Camp Wisdom Rd, Dallas, TX 75237",https://hallshoneyfriedchickendtx.com,Yes,(469) 372-2600,,8.0,95.0,32.6623169,-97.0302841,fried chicken restaurant,Food & Restaurant,75203,,,,,,http://instagram.com/squarespace,No,no_contact_found
Wings World (West),"413 Jefferson Blvd, Dallas, TX 75208",https://charcooakcliff.com,Yes,(214) 856-1255,,757.0,2.0,32.7346499,-97.0004606,fried chicken restaurant,Food & Restaurant,75203,nicks99t@aol.com,,,nicks99t@aol.com,https://www.facebook.com/charco.broiler.5/,https://www.instagram.com/charcobroilerofficial/,Yes,found_homepage
Krispy Krunchy Chicken,"413 Jefferson Blvd, Dallas, TX 75208",https://charcooakcliff.com,Yes,(214) 856-1255,,757.0,2.0,32.7346499,-97.0004606,fried chicken restaurant,Food & Restaurant,75203,nicks99t@aol.com,,,nicks99t@aol.com,https://www.facebook.com/charco.broiler.5/,https://www.instagram.com/charcobroilerofficial/,Yes,found_homepage
Golden Chick,"413 Jefferson Blvd, Dallas, TX 75208",https://charcooakcliff.com,Yes,(214) 856-1255,,757.0,2.0,32.7346499,-97.0004606,fried chicken restaurant,Food & Restaurant,75203,nicks99t@aol.com,,,nicks99t@aol.com,https://www.facebook.com/charco.broiler.5/,https://www.instagram.com/charcobroilerofficial/,Yes,found_homepage
Church's Texas Chicken,"413 Jefferson Blvd, Dallas, TX 75208",https://charcooakcliff.com,Yes,(214) 856-1255,,757.0,2.0,32.7346499,-97.0004606,fried chicken restaurant,Food & Restaurant,75203,nicks99t@aol.com,,,nicks99t@aol.com,https://www.facebook.com/charco.broiler.5/,https://www.instagram.com/charcobroilerofficial/,Yes,found_homepage
Williams Chicken #22,"413 Jefferson Blvd, Dallas, TX 75208",https://charcooakcliff.com,Yes,(214) 856-1255,,757.0,2.0,32.7346499,-97.0004606,fried chicken restaurant,Food & Restaurant,75203,nicks99t@aol.com,,,nicks99t@aol.com,https://www.facebook.com/charco.broiler.5/,https://www.instagram.com/charcobroilerofficial/,Yes,found_homepage
Suya Feast,"413 Jefferson Blvd, Dallas, TX 75208",https://charcooakcliff.com,Yes,(214) 856-1255,,757.0,2.0,32.7346499,-97.0004606,fried chicken restaurant,Food & Restaurant,75203,nicks99t@aol.com,,,nicks99t@aol.com,https://www.facebook.com/charco.broiler.5/,https://www.instagram.com/charcobroilerofficial/,Yes,found_homepage
Trailer Birds,"413 Jefferson Blvd, Dallas, TX 75208",https://charcooakcliff.com,Yes,(214) 856-1255,,757.0,2.0,32.7346499,-97.0004606,fried chicken restaurant,Food & Restaurant,75203,nicks99t@aol.com,,,nicks99t@aol.com,https://www.facebook.com/charco.broiler.5/,https://www.instagram.com/charcobroilerofficial/,Yes,found_homepage
Tops Cafe,"413 Jefferson Blvd, Dallas, TX 75208",https://charcooakcliff.com,Yes,(214) 856-1255,,757.0,2.0,32.7346499,-97.0004606,fried chicken restaurant,Food & Restaurant,75203,nicks99t@aol.com,,,nicks99t@aol.com,https://www.facebook.com/charco.broiler.5/,https://www.instagram.com/charcobroilerofficial/,Yes,found_homepage
Henderson Chicken,"4703 Greenville Ave, Dallas, TX 75206",https://locations.jollibeefoods.com,Yes,(469) 899-9850,,356.0,1.0,32.7402721,-96.9610419,fried chicken restaurant,Food & Restaurant,75203,,,,,https://www.facebook.com/JollibeeUS/,https://www.instagram.com/jollibeeus/,No,no_contact_found
Phat Matt's Hot Wings,"2310 Martin Luther King Jr Blvd #101, Dallas, TX 75215",https://wingsworldfood.com,Yes,(972) 913-4092,,8.0,46.0,32.7574858,-96.9665053,hot wings restaurant,Food & Restaurant,75203,,,,,https://www.facebook.com/WingsWorldTX,http://www.instagram.com/thewingsworld,No,no_contact_found
Reaper Wings,"828 W Davis St, Dallas, TX 75208",https://bbbop.com,Yes,(469) 248-3702,,253.0,1.0,32.7493563,-96.9810445,hot wings restaurant,Food & Restaurant,75203,,,,,,,No,no_contact_found
Wings World - Wheatland,"828 W Davis St, Dallas, TX 75208",https://bbbop.com,Yes,(469) 248-3702,,253.0,1.0,32.7493563,-96.9810445,hot wings restaurant,Food & Restaurant,75203,,,,,,,No,no_contact_found
America's Best Wings,"828 W Davis St, Dallas, TX 75208",https://bbbop.com,Yes,(469) 248-3702,,253.0,1.0,32.7493563,-96.9810445,hot wings restaurant,Food & Restaurant,75203,,,,,,,No,no_contact_found
World of Wings,"828 W Davis St, Dallas, TX 75208",https://bbbop.com,Yes,(469) 248-3702,,253.0,1.0,32.7493563,-96.9810445,hot wings restaurant,Food & Restaurant,75203,,,,,,,No,no_contact_found
Valley Wings Dallas,"828 W Davis St, Dallas, TX 75208",https://bbbop.com,Yes,(469) 248-3702,,253.0,1.0,32.7493563,-96.9810445,hot wings restaurant,Food & Restaurant,75203,,,,,,,No,no_contact_found
Wings and More Place,"828 W Davis St, Dallas, TX 75208",https://bbbop.com,Yes,(469) 248-3702,,253.0,1.0,32.7493563,-96.9810445,hot wings restaurant,Food & Restaurant,75203,,,,,,,No,no_contact_found
Wingstop,"828 W Davis St, Dallas, TX 75208",https://bbbop.com,Yes,(469) 248-3702,,253.0,1.0,32.7493563,-96.9810445,hot wings restaurant,Food & Restaurant,75203,,,,,,,No,no_contact_found
America's Best Wings,"1326 Botham Jean Blvd, Dallas, TX 75215",https://johnnyschickenandwaffles.com,Yes,(972) 803-5401,,792.0,1.0,32.7493563,-96.9810445,hot wings restaurant,Food & Restaurant,75203,info@johnnyschickenandwaffles.com,,,info@johnnyschickenandwaffles.com,https://www.facebook.com/johnnyschickenusa,https://www.instagram.com/johnnyschickenusa/?__coig_restricted=1,Yes,found_homepage
Wing SZN,"1326 Botham Jean Blvd, Dallas, TX 75215",https://johnnyschickenandwaffles.com,Yes,(972) 803-5401,,792.0,1.0,32.7493563,-96.9810445,hot wings restaurant,Food & Restaurant,75203,info@johnnyschickenandwaffles.com,,,info@johnnyschickenandwaffles.com,https://www.facebook.com/johnnyschickenusa,https://www.instagram.com/johnnyschickenusa/?__coig_restricted=1,Yes,found_homepage
The Wing Shack,"1326 Botham Jean Blvd, Dallas, TX 75215",https://johnnyschickenandwaffles.com,Yes,(972) 803-5401,,792.0,1.0,32.8444051,-96.9318055,hot wings restaurant,Food & Restaurant,75203,info@johnnyschickenandwaffles.com,,,info@johnnyschickenandwaffles.com,https://www.facebook.com/johnnyschickenusa,https://www.instagram.com/johnnyschickenusa/?__coig_restricted=1,Yes,found_homepage
Buffalo Wild Wings,"3333 Cyn Blf Blvd, Dallas, TX 75211",https://buffalowildwings.com,Yes,(214) 333-5032,,169.0,2.0,32.8074988,-97.016998,hot wings restaurant,Food & Restaurant,75203,,,,,,,No,no_contact_found
The Nodding Donkey,"1700 Pacific Ave, Dallas, TX 75201",https://socialchicken.site,Yes,(469) 202-9969,,,,32.782268,-96.9409532,hot wings restaurant,Food & Restaurant,75203,socialchicken.central@gmail.com,,,socialchicken.central@gmail.com,,,Yes,found_subpage
Wing Boss,"1700 Pacific Ave, Dallas, TX 75201",https://socialchicken.site,Yes,(469) 202-9969,,,,32.782268,-96.9409532,hot wings restaurant,Food & Restaurant,75203,socialchicken.central@gmail.com,,,socialchicken.central@gmail.com,,,Yes,found_subpage
Phat Matt's,"7557 S Lancaster Rd, Dallas, TX 75241",https://phatmattshotwingsandfish.com,Yes,(972) 224-9464,,0.0,27.0,32.6536519,-96.927312,hot wings restaurant,Food & Restaurant,75203,,,,,,,No,no_contact_found
Boss Wings,"7557 S Lancaster Rd, Dallas, TX 75241",https://phatmattshotwingsandfish.com,Yes,(972) 224-9464,,0.0,27.0,32.6536519,-96.927312,hot wings restaurant,Food & Restaurant,75203,,,,,,,No,no_contact_found
Wing Boss,"7557 S Lancaster Rd, Dallas, TX 75241",https://phatmattshotwingsandfish.com,Yes,(972) 224-9464,,0.0,27.0,32.6536519,-96.927312,hot wings restaurant,Food & Restaurant,75203,,,,,,,No,no_contact_found
Wing Bucket,"4610 N Central Expy, Dallas, TX 75206",https://wingboss.com,Yes,(214) 370-4550,,2.0,3.0,32.8220772,-96.9294513,hot wings restaurant,Food & Restaurant,75203,,,,,https://www.facebook.com/WingBossCo,https://www.instagram.com/wingbossco/,No,no_contact_found
Eno's Pizza Tavern,"4610 N Central Expy, Dallas, TX 75206",https://wingboss.com,Yes,(214) 370-4550,,2.0,3.0,32.8220772,-96.9294513,hot wings restaurant,Food & Restaurant,75203,,,,,https://www.facebook.com/WingBossCo,https://www.instagram.com/wingbossco/,No,no_contact_found
Wingstop,"4610 N Central Expy, Dallas, TX 75206",https://wingboss.com,Yes,(214) 370-4550,,2.0,3.0,32.8220772,-96.9294513,hot wings restaurant,Food & Restaurant,75203,,,,,https://www.facebook.com/WingBossCo,https://www.instagram.com/wingbossco/,No,no_contact_found
Southern Classic Daiquiri Factory,"4610 N Central Expy, Dallas, TX 75206",https://wingboss.com,Yes,(214) 370-4550,,2.0,3.0,32.8220772,-96.9294513,hot wings restaurant,Food & Restaurant,75203,,,,,https://www.facebook.com/WingBossCo,https://www.instagram.com/wingbossco/,No,no_contact_found
Sportsbook,"4610 N Central Expy, Dallas, TX 75206",https://wingboss.com,Yes,(214) 370-4550,,2.0,3.0,32.8220772,-96.9294513,hot wings restaurant,Food & Restaurant,75203,,,,,https://www.facebook.com/WingBossCo,https://www.instagram.com/wingbossco/,No,no_contact_found
Wing Boss,"4610 N Central Expy, Dallas, TX 75206",https://wingboss.com,Yes,(214) 370-4550,,2.0,3.0,32.8220772,-96.9294513,hot wings restaurant,Food & Restaurant,75203,,,,,https://www.facebook.com/WingBossCo,https://www.instagram.com/wingbossco/,No,no_contact_found
Home Run Pizza,"4610 N Central Expy, Dallas, TX 75206",https://wingboss.com,Yes,(214) 370-4550,,2.0,3.0,32.8220772,-96.9294513,hot wings restaurant,Food & Restaurant,75203,,,,,https://www.facebook.com/WingBossCo,https://www.instagram.com/wingbossco/,No,no_contact_found
Pizza Patrn East Jefferson Blvd,"4610 N Central Expy, Dallas, TX 75206",https://wingboss.com,Yes,(214) 370-4550,,2.0,3.0,32.8220772,-96.9294513,hot wings restaurant,Food & Restaurant,75203,,,,,https://www.facebook.com/WingBossCo,https://www.instagram.com/wingbossco/,No,no_contact_found
It's Just Wings,"2015 W Davis St, Dallas, TX 75208",https://cheesesteakhousetx.com,Yes,(469) 941-4389,,927.0,1.0,32.7499872,-96.9956696,hot wings restaurant,Food & Restaurant,75203,,,,,https://www.facebook.com/cheesteakhouse,https://www.instagram.com/cheesesteakhouse/,No,no_contact_found
Hooters,"2015 W Davis St, Dallas, TX 75208",https://cheesesteakhousetx.com,Yes,(469) 941-4389,,927.0,1.0,32.7499872,-96.9956696,hot wings restaurant,Food & Restaurant,75203,,,,,https://www.facebook.com/cheesteakhouse,https://www.instagram.com/cheesesteakhouse/,No,no_contact_found
Cowtown Dogs,"234 S Riverfront Blvd A, Dallas, TX 75207",https://cowtowndogs.com,Yes,(469) 553-2265,,1.0,3.0,32.7756547,-97.3894827,hot dog stand,General,75203,info@cowtowndogs.com,,,info@cowtowndogs.com,,,Yes,found_subpage
The Best Hot Dog,"1710 Chalk Hill Rd, Dallas, TX 75212",https://facebook.com,Yes,(817) 841-2513,,4.0,3.0,32.7756547,-97.3894827,hot dog stand,General,75203,,,,,,,No,no_contact_found
TJ's Dawg House,"in the parking lot from 11am until 2pm, Food Truck at Lowe's in The Richardson Square Mall, 501 S Plano Rd, Richardson, TX 75081",https://facebook.com,Yes,(802) 777-1541,,5.0,32.0,32.7756547,-97.3894827,hot dog stand,General,75203,,,,,,,No,no_contact_found
Smokin Joes Inc,"3014 Throckmorton St, Dallas, TX 75219",https://smokinjoesinc.com,Yes,(972) 877-8577,,0.0,4.0,32.7756547,-97.3894827,hot dog stand,General,75203,,,,,,,No,no_contact_found
Hot Popped and Twisted,"2500 Victory Ave #302, Dallas, TX 75219",https://americanairlinescenter.com,Yes,(214) 665-4753,,,,32.7756547,-97.3894827,hot dog stand,General,75203,suites@americanairlinescenter.com,platinumseats@americanairlinescenter.com,platinumservices@americanairlinescenter.com,suites@americanairlinescenter.com | platinumseats@americanairlinescenter.com | platinumservices@americanairlinescenter.com | contactlevy@aacntr.com | reservations@americanairlinescenter.com | marketing@americanairlinescenter.com | eventbooking@americanairlinescenter.com | specialevents@americanairlinescenter.com | sponsorship@americanairlinescenter.com | parking@americanairlinescenter.com | aacbox@americanairlinescenter.com,http://facebook.com/insideaacenter,http://instagram.com/aacenter,Yes,found_subpage
Smokin' & Rollin' BBQ,"2017 S Riverfront Blvd, Dallas, TX 75207",https://dallassoulfood.com,Yes,(469) 628-3002,,0.0,34.0,32.7756547,-97.3894827,hot dog stand,General,75203,,,,,,,No,no_contact_found
Mr. Sugar Rush,"909 Dragon St, Dallas, TX 75207",https://mrsugarrush.com,Yes,(469) 458-6888,,384.0,2.0,32.7756547,-97.3894827,hot dog stand,General,75203,,,,,,,No,no_contact_found
Taqueria El Si Hay,"601 W Davis St, Dallas, TX 75208",https://taqueria-el-si-hay.shop,Yes,(214) 941-4042,,867.0,2.0,32.7756547,-97.3894827,hot dog stand,General,75203,,,,,,,No,no_contact_found
Lucky Dog Saloon,"2701 Cedar Springs Rd, Dallas, TX 75201",https://luckydogsaloon.dog,Yes,(214) 985-8811,,8.0,11.0,32.7756547,-97.3894827,hot dog stand,General,75203,info@luckydogsaloon.dog,,,info@luckydogsaloon.dog,https://www.facebook.com/LuckyDogDFW,https://www.instagram.com/luckydogsaloon2701,Yes,found_subpage
Rudolph's Meat Market and Sausage Factory,"2924 Elm St, Dallas, TX 75226",https://rudolphsmarket.com,Yes,(214) 741-1874,,6.0,12.0,32.7756547,-97.3894827,hot dog stand,General,75203,,,,,,,No,no_contact_found
Sonic Drive-In,"2412 S Zang Blvd, Dallas, TX 75224",https://sonicdrivein.com,Yes,(214) 946-2977,,316.0,1.0,32.7756547,-97.3894827,hot dog stand,General,75203,,,,,,,No,no_contact_found
Packing House Market,"3117 S Malcolm X Blvd, Dallas, TX 75215",https://packinghousemarketinc.com,Yes,(214) 421-2107,,6.0,85.0,32.7756547,-97.3894827,hot dog stand,General,75203,,,,,,,No,no_contact_found
DL Shaved Ice,"3741 S Malcolm X Blvd, Dallas, TX 75215",https://dl-shaved-ice.poi.place,Yes,(214) 484-8645,,5.0,67.0,32.7756547,-97.3894827,hot dog stand,General,75203,,,,,,,No,no_contact_found
Lockhart Smokehouse BBQ,"400 W Davis St, Dallas, TX 75208",https://lockhartsmokehouse.com,Yes,(214) 944-5521,,270.0,4.0,32.7756547,-97.3894827,hot dog stand,General,75203,amity@amitythomas.com,,,amity@amitythomas.com,https://www.facebook.com/lockhartsmokehouse/,https://www.instagram.com/lockhartsmokehouse,Yes,found_subpage
Seasoned Street Food,"921 W Commerce St, Dallas, TX 75208",https://seasonedstreetfood.com,Yes,(972) 469-0206,,4.0,4.0,32.7756547,-97.3894827,hot dog stand,General,75203,,,,,,,No,no_contact_found
Dog Haus Biergarten,"744 S Central Expy Suite 210, Richardson, TX 75080",https://richardson.doghaus.com,Yes,(214) 258-6867,,159.0,3.0,32.7756547,-97.3894827,hot dog stand,General,75203,richardson@doghaus.com,,,richardson@doghaus.com,https://www.facebook.com/doghausdogs,https://www.instagram.com/doghausdogs/,Yes,found_homepage
Beyond The Butchers,"920 S Harwood St shed 2 suite 168, Dallas, TX 75201",https://dallasfarmersmarket.org,Yes,(214) 655-6328,,5.0,20.0,32.7756547,-97.3894827,hot dog stand,General,75203,,,,,,,No,no_contact_found
Fuel City Dallas,"801 S Riverfront Blvd, Dallas, TX 75207",https://fuelcity.com,Yes,(214) 426-0011,,6.0,93.0,32.7756547,-97.3894827,hot dog stand,General,75203,,,,,https://www.facebook.com/WeAreFuelCity/,https://www.instagram.com/wearefuelcity/,No,no_contact_found
Press Box Grill,"SW Corner of Elm and, 1623 Main Street, N Ervay St #101, Dallas, TX 75201",https://pressboxgrill.com,Yes,(214) 747-8226,,634.0,1.0,32.7756547,-97.3894827,hot dog stand,General,75203,,,,,,,No,no_contact_found
Sonic Drive-In,"4801 Ross Ave, Dallas, TX 75204",https://sonicdrivein.com,Yes,(469) 778-2433,,869.0,1.0,32.7756547,-97.3894827,hot dog stand,General,75203,,,,,,,No,no_contact_found
Sonic Drive-In,"2429 W Ledbetter Dr, Dallas, TX 75233",https://sonicdrivein.com,Yes,(214) 467-4677,,134.0,1.0,32.7756547,-97.3894827,hot dog stand,General,75203,,,,,,,No,no_contact_found
Dallas Farmers Market,"920 S Harwood St, Dallas, TX 75201",https://dallasfarmersmarket.org,Yes,(214) 664-9110,,321.0,10.0,32.7756547,-97.3894827,hot dog stand,General,75203,,,,,,,No,no_contact_found
Lee Harvey's,"1807 Gould St, Dallas, TX 75215",https://leeharveysdallas.com,Yes,(214) 428-1555,,239.0,1.0,32.7756547,-97.3894827,hot dog stand,General,75203,,,,,,,No,no_contact_found
Dawg Life Doggy Daycare & Boarding- Dallas,"2721 Logan St, Dallas, TX 75215",https://dfwdawglife.com,Yes,(214) 717-2990,,6.0,31.0,32.7756547,-97.3894827,hot dog stand,General,75203,,,,,https://www.facebook.com/DfwDawgLife,https://www.instagram.com/dfw_dawglife/,No,no_contact_found
Opening Bell Coffee,"1409 Botham Jean Blvd, Dallas, TX 75215",https://openingbellcoffee.com,Yes,(945) 994-4618,,6.0,74.0,32.7756547,-97.3894827,hot dog stand,General,75203,info@mysite.com,hello@openingbellcoffee.com,,info@mysite.com | hello@openingbellcoffee.com,https://www.facebook.com/leliabroussardmusic/,https://www.instagram.com/openingbellcoffee/,Yes,found_homepage
Autonomous Society,"1928 S Akard St, Dallas, TX 75215",https://autonomousbrewpub.com,Yes,(469) 620-3131,,7.0,9.0,32.7756547,-97.3894827,hot dog stand,General,75203,deanitude@autonomousbrewpub.com,,,deanitude@autonomousbrewpub.com,https://www.facebook.com/AutonomousSocietyBrewpub/,https://www.instagram.com/autonomoussocietybrewpub/?hl=en,Yes,found_subpage
13 Barrels Craft House,"338 W Davis St, Dallas, TX 75208",https://13barrelsdallas.com,Yes,(214) 694-3726,,1.0,23.0,32.7756547,-97.3894827,hot dog stand,General,75203,,,,,,https://www.instagram.com/13_barrels/,No,no_contact_found
MELT Ice Creams - Bishop Arts,"405 N Bishop Ave, Dallas, TX 75208",https://melticecreams.com,Yes,(214) 432-0183,,1.0,18.0,32.7756547,-97.3894827,hot dog stand,General,75203,info@melticecreams.com,,,info@melticecreams.com,http://www.facebook.com/melticecreams,http://www.instagram.com/melticecreams,Yes,found_homepage
Bishop Exchange,"500 N Bishop Ave, Dallas, TX 75208",https://bishopexchangedallas.com,Yes,(214) 915-8441,,0.0,45.0,32.7756547,-97.3894827,hot dog stand,General,75203,bishopexchangedallas@gmail.com,,,bishopexchangedallas@gmail.com,https://www.facebook.com/bishopexchange,http://instagram.com/bishopexchangedallas,Yes,found_homepage
Tribal All Day Cafe,"263 N Bishop Ave, Dallas, TX 75208",https://livetribal.com,Yes,(469) 776-8003,,3.0,85.0,32.7756547,-97.3894827,hot dog stand,General,75203,,,,,,,No,no_contact_found
Brain Food Dallas,"1409 Botham Jean Blvd, Dallas, TX 75215",https://brainfooddallas.com,Yes,(214) 494-0795,,6.0,6.0,32.7756547,-97.3894827,hot dog stand,General,75203,steddy@brainfooddallas.com,,,steddy@brainfooddallas.com,,,Yes,found_homepage
McDonald's,"705 W Jefferson Blvd, Dallas, TX 75208",https://mcdonalds.com,Yes,(214) 946-0000,,761.0,1.0,32.743342,-96.8943957,drive through restaurant,Food & Restaurant,75203,,,,,https://www.facebook.com/McDonalds/,https://www.instagram.com/wearegolden/,No,no_contact_found
Dairy Queen,"2127 Fort Worth Ave, Dallas, TX 75211",https://dairyqueen.com,Yes,(214) 948-3345,,294.0,1.0,32.7620894,-96.9298463,drive through restaurant,Food & Restaurant,75203,,,,,,,No,no_contact_found
McDonald's,"1415 E Illinois Ave, Dallas, TX 75216",https://mcdonalds.com,Yes,(214) 374-4000,,358.0,2.0,32.720425,-96.8765508,drive through restaurant,Food & Restaurant,75203,,,,,https://www.facebook.com/McDonalds/,https://www.instagram.com/wearegolden/,No,no_contact_found
Tacos Cant Dallas,"2507 S Lancaster Rd, Dallas, TX 75216",https://tacoscantudallas.shop,Yes,(469) 906-3598,,4.0,69.0,32.720425,-96.8765508,drive through restaurant,Food & Restaurant,75203,placejoys.com@gmail.com,,,placejoys.com@gmail.com,,,Yes,found_homepage
Pollo Regio,"2716 W Davis St, Dallas, TX 75211",https://polloregio.com,Yes,(214) 330-0066,,153.0,9.0,32.7491317,-96.9350656,drive through restaurant,Food & Restaurant,75203,,,,,,,No,no_contact_found
Popeyes Louisiana Kitchen,"705 W Illinois Ave, Dallas, TX 75224",https://popeyes.com,Yes,(214) 941-4650,,54.0,1.0,32.7491317,-96.9350656,drive through restaurant,Food & Restaurant,75203,,,,,,,No,no_contact_found
Keller's Drive-In,"10554 Harry Hines Blvd, Dallas, TX 75220",https://facebook.com,Yes,(214) 357-3572,,807.0,1.0,32.8689661,-96.9541549,drive through restaurant,Food & Restaurant,75203,,,,,,,No,no_contact_found
Pollo Regio,"2410 W Illinois Ave, Dallas, TX 75233",https://polloregio.com,Yes,(214) 623-1898,,564.0,5.0,32.7201804,-96.8982961,drive through restaurant,Food & Restaurant,75203,,,,,,,No,no_contact_found
Wendy's,"1507 E Kiest Blvd, Dallas, TX 75216",https://locations.wendys.com,Yes,(214) 731-4139,,5.0,82.0,32.7090448,-96.8741343,drive through restaurant,Food & Restaurant,75203,,,,,https://www.facebook.com/wendys/,https://www.instagram.com/wendys/#,No,no_contact_found
Burger King,"801 N Riverfront Blvd, Dallas, TX 75207",https://burgerking.com,Yes,(214) 748-4077,,123.0,1.0,32.766982,-96.8792914,drive through restaurant,Food & Restaurant,75203,,,,,,,No,no_contact_found
Go Loco Street Tacos & Burritos,"2050 N Westmoreland Rd #110, Dallas, TX 75212",https://golocotacos.com,Yes,(972) 925-0776,,3.0,25.0,32.7706667,-96.9453656,drive through restaurant,Food & Restaurant,75203,,,,,,,No,no_contact_found
Burger King,"725 W Illinois Ave, Dallas, TX 75224",https://burgerking.com,Yes,(214) 941-0693,,8.0,87.0,32.7207776,-96.9071456,drive through restaurant,Food & Restaurant,75203,,,,,,,No,no_contact_found
Jack in the Box,"1228 Robert B Cullum Blvd, Dallas, TX 75210",https://locations.jackinthebox.com,Yes,(214) 928-9194,,614.0,1.0,32.776474,-96.8367242,drive through restaurant,Food & Restaurant,75203,,,,,https://www.facebook.com/jackinthebox/,https://www.instagram.com/jackinthebox/,No,no_contact_found
El Pollo Fiesta Inc,"903 S Hampton Rd, Dallas, TX 75208",https://pollofiestausa.com,Yes,,,8.0,53.0,32.7369912,-96.9292798,drive through restaurant,Food & Restaurant,75203,,,,,,,No,no_contact_found
McDonald's,"650 N Riverfront Blvd, Dallas, TX 75207",https://mcdonalds.com,Yes,(214) 651-7830,,233.0,2.0,32.7829241,-96.8865217,drive through restaurant,Food & Restaurant,75203,,,,,https://www.facebook.com/McDonalds/,https://www.instagram.com/wearegolden/,No,no_contact_found
Jack in the Box,"1301 N Hampton Rd, Dallas, TX 75208",https://locations.jackinthebox.com,Yes,(214) 941-1484,,699.0,1.0,32.7623601,-96.9293207,drive through restaurant,Food & Restaurant,75203,,,,,https://www.facebook.com/jackinthebox/,https://www.instagram.com/jackinthebox/,No,no_contact_found
McDonald's,"2747 Fort Worth Ave, Dallas, TX 75211",https://mcdonalds.com,Yes,(214) 330-0795,,994.0,1.0,32.7623601,-96.9293207,drive through restaurant,Food & Restaurant,75203,,,,,https://www.facebook.com/McDonalds/,https://www.instagram.com/wearegolden/,No,no_contact_found
Jack in the Box,"190 Continental Ave, Dallas, TX 75207",https://locations.jackinthebox.com,Yes,(214) 760-9324,,77.0,1.0,32.7833024,-96.888299,drive through restaurant,Food & Restaurant,75203,,,,,https://www.facebook.com/jackinthebox/,https://www.instagram.com/jackinthebox/,No,no_contact_found
McDonald's,"3802 Gaston Ave, Dallas, TX 75246",https://mcdonalds.com,Yes,(214) 827-4021,,880.0,2.0,32.7920401,-96.8507803,drive through restaurant,Food & Restaurant,75203,,,,,https://www.facebook.com/McDonalds/,https://www.instagram.com/wearegolden/,No,no_contact_found
Chick-fil-A,"8008 Cedar Springs Rd, Dallas, TX 75235",https://chick-fil-a.com,Yes,(214) 301-7514,,8.0,4.0,32.8459538,-96.9223406,drive through restaurant,Food & Restaurant,75203,,,,,,,No,no_contact_found
Popeyes Louisiana Kitchen,"4700 Ross Ave, Dallas, TX 75204",https://popeyes.com,Yes,(214) 821-8870,,606.0,1.0,32.8049456,-96.8493371,drive through restaurant,Food & Restaurant,75203,,,,,,,No,no_contact_found
Jack in the Box,"3811 Live Oak St, Dallas, TX 75204",https://locations.jackinthebox.com,Yes,(214) 826-2470,,636.0,1.0,32.7949239,-96.8543436,drive through restaurant,Food & Restaurant,75203,,,,,https://www.facebook.com/jackinthebox/,https://www.instagram.com/jackinthebox/,No,no_contact_found
Jack in the Box,"2611 S Hampton Rd, Dallas, TX 75224",https://locations.jackinthebox.com,Yes,(214) 337-8511,,46.0,1.0,32.7196549,-96.9294535,drive through restaurant,Food & Restaurant,75203,,,,,https://www.facebook.com/jackinthebox/,https://www.instagram.com/jackinthebox/,No,no_contact_found
Popeyes Louisiana Kitchen,"3308 W Davis St, Dallas, TX 75211",https://popeyes.com,Yes,(214) 333-4504,,5.0,93.0,32.74915,-96.9466381,drive through restaurant,Food & Restaurant,75203,,,,,,,No,no_contact_found
Pollo Regio,"4416 Live Oak St, Dallas, TX 75204",https://polloregio.com,Yes,(214) 782-9055,,860.0,3.0,32.7987945,-96.8486886,drive through restaurant,Food & Restaurant,75203,,,,,,,No,no_contact_found
Cowboy's Beer Barn,"908 S Riverfront Blvd, Dallas, TX 75207",https://cowboysbeerbarn.com,Yes,(972) 835-5532,,8.0,16.0,32.7389034,-96.8704328,drive through restaurant,Food & Restaurant,75203,info@cowboysbeerbarn.com,,,info@cowboysbeerbarn.com,https://www.facebook.com/cowboysbeerdallas,https://www.instagram.com/cowboysbeerbarn/,Yes,found_homepage
McDonald's,"3026 N Hampton Rd, Dallas, TX 75212",https://mcdonalds.com,Yes,(214) 905-3985,,407.0,2.0,32.7794775,-96.9281185,drive through restaurant,Food & Restaurant,75203,,,,,https://www.facebook.com/McDonalds/,https://www.instagram.com/wearegolden/,No,no_contact_found
McDonald's,"2407 S Hampton Rd, Dallas, TX 75233",https://mcdonalds.com,Yes,(214) 467-8351,,71.0,2.0,32.721607,-96.9297418,drive through restaurant,Food & Restaurant,75203,,,,,https://www.facebook.com/McDonalds/,https://www.instagram.com/wearegolden/,No,no_contact_found
Jack in the Box,"1020 S Westmoreland Rd, Dallas, TX 75211",https://locations.jackinthebox.com,Yes,(214) 331-5630,,101.0,1.0,32.721607,-96.9297418,drive through restaurant,Food & Restaurant,75203,,,,,https://www.facebook.com/jackinthebox/,https://www.instagram.com/jackinthebox/,No,no_contact_found
Gymkhana Indian Restaurant & Bar,"1408-1410 Main St, Dallas, TX 75202",https://gymkhanadallas.com,Yes,(469) 399-5335,,0.0,21.0,32.7803691,-96.8720906,drive through restaurant,Food & Restaurant,75203,,,,,https://www.facebook.com/profile.php?id=61583437289676,https://www.instagram.com/gymkhanaindianrestaurantbar/,No,no_contact_found
Taco Bell,"505 W Illinois Ave, Dallas, TX 75224",https://locations.tacobell.com,Yes,(214) 942-9846,,425.0,1.0,32.7206997,-96.9027359,drive through restaurant,Food & Restaurant,75203,,,,,https://www.facebook.com/tacobell,https://www.instagram.com/tacobell/,No,no_contact_found
Sunset Crab Shack,"534 Sunset Ave, Dallas, TX 75208",https://sunsetcrabshack.com,Yes,(214) 946-5650,,875.0,1.0,32.7206997,-96.9027359,drive through restaurant,Food & Restaurant,75203,,,,,,,No,no_contact_found
Emporium Pies,"314 N Bishop Ave, Dallas, TX 75208",https://emporiumpies.com,Yes,(469) 206-6126,,151.0,2.0,32.7206997,-96.9027359,drive through restaurant,Food & Restaurant,75203,,,,,https://www.facebook.com/emporiumpies/,https://www.instagram.com/emporiumpies/,No,no_contact_found
Starbucks Coffee Company,"2103 N Hall St, Dallas, TX 75204",https://starbucks.com,Yes,(469) 805-8029,,5.0,67.0,32.8072428,-96.8463387,drive through restaurant,Food & Restaurant,75203,press@starbucks.com,pressemea@starbucks.com,investorrelations@starbucks.com,press@starbucks.com | pressemea@starbucks.com | investorrelations@starbucks.com | partnerships@starbucks.com,https://facebook.com/starbucks,https://instagram.com/starbucks,Yes,found_subpage
FED UP FOOD TRUCKS DALLAS,"4211 S Great Trinity Forest Way, Dallas, TX 75241",https://fedupfoodtrucks.com,Yes,(817) 298-0918,,8.0,1.0,32.7030262,-97.3264817,food truck,Food & Restaurant,75203,info@fedupfoodtrucks.com,sharandajones@outlook.com,,info@fedupfoodtrucks.com | sharandajones@outlook.com,,,Yes,found_homepage
Food Truck Connector - Dallas Food Trucks,"2002 Ross Ave, Dallas, TX 75201",https://dallasfoodtruckcatering.com,Yes,(800) 934-6771,,2.0,1.0,32.7030262,-97.3264817,food truck,Food & Restaurant,75203,,,,,,,No,no_contact_found
Serious Salads Food Truck,"CBS 11 Food Truck Lane, 2012 Woodall Rodgers Fwy, Dallas, TX 75201",https://serioussalads.com,Yes,(972) 864-7374,,4.0,2.0,32.7030262,-97.3264817,food truck,Food & Restaurant,75203,,,,,https://www.facebook.com/SeriousSaladsDallas/,https://www.instagram.com/serioussaladsdallas/?hl=en,No,no_contact_found
Commerce Fork Food Co,"921 W Commerce St, Dallas, TX 75208",https://commerceforkfoodco.com,Yes,,,5.0,80.0,32.7030262,-97.3264817,food truck,Food & Restaurant,75203,,,,,,,No,no_contact_found
Yummy Pizza (Food Truck),"Klyde Warren Park, 2012 Woodall Rodgers Fwy Suite 403, Dallas, TX 75201",https://yummypizzatruck.com,Yes,(214) 809-8733,,4.0,12.0,32.7030262,-97.3264817,food truck,Food & Restaurant,75203,,,,,https://www.facebook.com/YummyFoodTrucks/,,No,no_contact_found
MLK Food Park,"1611 Martin Luther King Jr Blvd, Dallas, TX 75215",https://betterblock.org,Yes,,,2.0,1.0,32.7030262,-97.3264817,food truck,Food & Restaurant,75203,krista@betterblock.org,,,krista@betterblock.org,https://www.facebook.com/BetterBlock/,https://www.instagram.com/betterblock/,Yes,found_homepage
Truck Yard,"5624 Sears St, Dallas, TX 75206",https://truckyardcommissarykitchen.com,Yes,(877) 447-2967,,145.0,4.0,32.7030262,-97.3264817,food truck,Food & Restaurant,75203,,,,,,,No,no_contact_found
La Salsa Verde Taqueria - Food Truck,"2128 Fort Worth Ave, Dallas, TX 75211",https://lasalsaverdetaqueria.com,Yes,(469) 882-1166,,1.0,4.0,32.7030262,-97.3264817,food truck,Food & Restaurant,75203,,,,,https://www.facebook.com/LaSalsaVerdeTaqueriaTX/,https://www.instagram.com/la_salsa_verde_taqueria/,No,no_contact_found
Snappy Catfish Mobile Food Trailer-Catering,"1826 Bickers St, Dallas, TX 75212",https://snappycatfish.com,Yes,(214) 399-0512,,7.0,61.0,32.7030262,-97.3264817,food truck,Food & Restaurant,75203,,,,,https://www.facebook.com/597926077371168,https://www.instagram.com/snappyjefferson/,No,no_contact_found
What's The Flava! (Food Truck),"Dallas, TX 75201",https://instagram.com,Yes,,,7.0,1.0,32.7030262,-97.3264817,food truck,Food & Restaurant,75203,,,,,,,No,no_contact_found
Tacos La Gloria,"2301 Mountain Lake Rd, Dallas, TX 75224",https://tacoslaglorias.com,Yes,(469) 493-6136,,1.0,22.0,32.7030262,-97.3264817,food truck,Food & Restaurant,75203,tacoslagloriaa@gmail.com,,,tacoslagloriaa@gmail.com,,https://www.instagram.com/tacoslagloriaa/,Yes,found_subpage
Hopeboys Kitchen,"1317 S Tyler St, Dallas, TX 75224",https://instagram.com,Yes,(972) 904-7537,,4.0,11.0,32.7030262,-97.3264817,food truck,Food & Restaurant,75203,,,,,,,No,no_contact_found
Dolce Vida food truck,"5815 S Cockrell Hill Rd, Dallas, TX 75236",https://usmaperx.org,Yes,,,,,32.7030262,-97.3264817,food truck,Food & Restaurant,75203,,,,,,,No,no_contact_found
Dramatacos!,"921 W Commerce St, Dallas, TX 75208",https://eatdramatacos.com,Yes,(972) 947-0020,,6.0,1.0,32.7030262,-97.3264817,food truck,Food & Restaurant,75203,,,,,,,No,no_contact_found
Pinche Smokerz Tex-Mex BBQ LLC,"S Beckley Ave, Dallas, TX 75208",https://facebook.com,Yes,(469) 766-1084,,2.0,2.0,32.7030262,-97.3264817,food truck,Food & Restaurant,75203,,,,,,,No,no_contact_found
Ragin Casian,"921 W Commerce St, Dallas, TX 75208",https://ragincasian.com,Yes,(855) 822-7426,,8.0,7.0,32.7773536,-97.367169,food truck,Food & Restaurant,75203,,,,,,,No,no_contact_found
Tyler Station,"1300 S Polk St, Dallas, TX 75224",https://tylerstation.com,Yes,(972) 283-1111,,9.0,1.0,32.7773536,-97.367169,food truck,Food & Restaurant,75203,info@tylerstation.com,,,info@tylerstation.com,https://www.facebook.com/TylerStationDallas,https://www.instagram.com/tylerstation/,Yes,found_subpage
Sosa's BBQ,"3120 Fort Worth Ave, Dallas, TX 75211",https://instagram.com,Yes,(214) 478-0339,,9.0,17.0,32.7773536,-97.367169,food truck,Food & Restaurant,75203,,,,,,,No,no_contact_found
The Mayor's House By Selda,"635 N Zang Blvd, Dallas, TX 75208",https://themayorshousebyselda.com,Yes,(214) 617-5837,,130.0,3.0,32.7773536,-97.367169,food truck,Food & Restaurant,75203,,,,,,,No,no_contact_found
Stuffdt,"1819 Botham Jean Blvd, Dallas, TX 75215",https://order.online,Yes,(945) 283-3161,,,,32.7773536,-97.367169,food truck,Food & Restaurant,75203,,,,,,,No,no_contact_found
Hurtado Barbecue Dallas,"900 S Harwood St, Dallas, TX 75201",https://hurtadobbq.com,Yes,(214) 556-8136,,1.0,82.0,32.7773536,-97.367169,food truck,Food & Restaurant,75203,,,,,https://www.facebook.com/HurtadoBBQ/,https://www.instagram.com/hurtadobbq/,No,no_contact_found
Hunger Busters,"3116 Sylvan Ave, Dallas, TX 75212",https://hungerbusters.com,Yes,(469) 882-3033,,8.0,3.0,32.7773536,-97.367169,food truck,Food & Restaurant,75203,,,,,,,No,no_contact_found
The Dhaba,"5601 Sears St Ste B, Dallas, TX 75206",https://thedhaba.us,Yes,(469) 595-2700,,7.0,2.0,32.7773536,-97.367169,food truck,Food & Restaurant,75203,info@thedhaba.us,,,info@thedhaba.us,https://www.facebook.com/thedhaba.us,https://www.instagram.com/thedhaba.us,Yes,found_homepage
Jackschowhound,"1552 El Campo Dr, Dallas, TX 75218",https://jackschowhound.com,Yes,(817) 528-1634,,,,32.7773536,-97.367169,food truck,Food & Restaurant,75203,booking@jackschowhound.com,,,booking@jackschowhound.com,https://www.facebook.com/jackschowhound,,Yes,found_homepage
TTs Mobile IceHouse,"2560 Cedar Crest Blvd Ste. A, Dallas, TX 75203",https://ttsmobileicehouse.com,Yes,(214) 966-6906,,,,32.7773536,-97.367169,food truck,Food & Restaurant,75203,,,,,,,No,no_contact_found
Corinth Foods,"1812 Corinth St SUITE 110, Dallas, TX 75215",https://corinthfoods.com,Yes,(214) 421-0898,,,,32.7773536,-97.367169,food truck,Food & Restaurant,75203,,,,,,,No,no_contact_found
The POT baked potato bar,"1516 Martin Luther King Jr Blvd, Dallas, TX 75215",https://thepotpotato.com,Yes,(214) 210-9098,,1.0,24.0,32.7773536,-97.367169,food truck,Food & Restaurant,75203,info@thepotpotatobar.com,,,info@thepotpotatobar.com,https://www.facebook.com/ThePOTPotatobar,https://www.instagram.com/thepotbakedpotatobar/,Yes,found_homepage
So Icy,"423 Singleton Blvd, Dallas, TX 75212",https://itssoicy.com,Yes,(214) 600-1510,,2.0,18.0,32.7773536,-97.367169,food truck,Food & Restaurant,75203,contact@mysite.com,info@itssoicy.com,,contact@mysite.com | info@itssoicy.com,https://www.facebook.com/p/So-Icy-DFW-100070381356002/,https://www.instagram.com/soicydfw,Yes,found_homepage
Taco Y Vino,"213 W Eighth St, Dallas, TX 75208",https://tacoyvinodallas.com,Yes,(469) 372-0022,,5.0,95.0,32.7773536,-97.367169,food truck,Food & Restaurant,75203,,,,,http://www.facebook.com/tacoyVinoDallas,https://www.instagram.com/tacoyvino/,No,no_contact_found
Peticolas Brewing Company + Taproom / 2026 Soccer Watching Hotspot,"1301 Pace St, Dallas, TX 75207",https://peticolasbrewing.com,Yes,(214) 234-7600,,6.0,62.0,32.7773536,-97.367169,food truck,Food & Restaurant,75203,,,,,https://www.facebook.com/PeticolasBrewing,https://instagram.com/peticolas/,No,no_contact_found
Bellatrino Pizzeria,"920 S Harwood St #120, Dallas, TX 75201",https://bellatrinopizzeria.com,Yes,(214) 495-1303,,121.0,3.0,32.7773536,-97.367169,food truck,Food & Restaurant,75203,john@dallasbestpizza.com,,,john@dallasbestpizza.com,https://www.facebook.com/577830098915501,https://www.instagram.com/bella_trino,Yes,found_homepage
Shawarma Press - Dallas Arts District,"2000 Ross Ave #180, Dallas, TX 75201",https://shawarmapress.com,Yes,(972) 863-8467,,7.0,13.0,32.7773536,-97.367169,food truck,Food & Restaurant,75203,,,,,,,No,no_contact_found
Picol,"415 W Davis St, Dallas, TX 75208",https://picoleicecreams.com,Yes,(972) 803-3595,,3.0,72.0,32.7773536,-97.367169,food truck,Food & Restaurant,75203,,,,,,,No,no_contact_found
Mami Coco,"4500 Bryan St suite B, Dallas, TX 75204",https://mamicocodallas.com,Yes,(469) 275-0534,,8.0,68.0,32.7773536,-97.367169,food truck,Food & Restaurant,75203,mamicoco0316@gmail.com,dj_guz30@yahoo.com,,mamicoco0316@gmail.com | dj_guz30@yahoo.com,,https://www.instagram.com/mamicocorestaurant/,Yes,found_subpage
Birrieria Aguinaga BishopArts,"330 W Davis St, Dallas, TX 75208",https://birrieriaaguinaga.com,Yes,(972) 803-3660,,2.0,12.0,32.7773536,-97.367169,food truck,Food & Restaurant,75203,,,,,,,No,no_contact_found
Truck Yard,"5959 Grove Ln, The Colony, TX 75056",https://truckyard.com,Yes,(877) 517-4619,,158.0,4.0,32.7773536,-97.367169,food truck,Food & Restaurant,75203,,,,,,,No,no_contact_found
Oak Cliff Brewing Co,"1300 S Polk St #222, Dallas, TX 75224",https://oakcliffbrewing.com,Yes,,,5.0,27.0,32.7773536,-97.367169,food truck,Food & Restaurant,75203,sales@oakcliffbrewing.com,,,sales@oakcliffbrewing.com,http://facebook.com/oakcliffbrewing,http://instagram.com/oakcliffbrewing/,Yes,found_subpage
Turkey Leg Paradise,"1715 Botham Jean Blvd, Dallas, TX 75215",https://turkeylegparadisedallas.com,Yes,(469) 340-1391,,0.0,88.0,32.7773536,-97.367169,food truck,Food & Restaurant,75203,ccpalace35@gmail.com,,,ccpalace35@gmail.com,https://www.facebook.com/turkeylegparadise/,https://www.instagram.com/turkeylegparadise/,Yes,found_homepage
Luiege pizza truck,"4619 E Grand Ave, Dallas, TX 75223",https://luiegepizzatruck.wixsite.com,Yes,(469) 781-1880,,4.0,4.0,32.7870529,-97.3756772,mobile food vendor,Food & Restaurant,75203,,,,,,,No,no_contact_found
Tierra a Taza Coffee Cart - DFW Mobile Espresso Bar and Coffee Catering,"1800 N Field St Suite 125, Dallas, TX 75202",https://tatcoffeeco.com,Yes,(817) 918-8884,,3.0,4.0,32.7870529,-97.3756772,mobile food vendor,Food & Restaurant,75203,,,,,https://www.facebook.com/TATCoffeeLife/,https://www.instagram.com/tatcoffeelife,No,no_contact_found
Dallas Metro Food,"2356 Irving Blvd, Dallas, TX 75207",https://dallasmetrofood.com,Yes,(214) 253-0030,,1.0,1.0,32.7870529,-97.3756772,mobile food vendor,Food & Restaurant,75203,customerservice@dallasmetrofood.com,,,customerservice@dallasmetrofood.com,https://www.facebook.com/profile.php?id=100079248955286,https://www.instagram.com/dallasmetrofood/,Yes,found_homepage
Dallas Food Truck Association,"17304 Preston Rd Suite 800, Dallas, TX 75252",https://dalfta.org,Yes,(945) 218-6034,,,,32.7870529,-97.3756772,mobile food vendor,Food & Restaurant,75203,,,,,https://www.facebook.com/people/Dallas-Food-Truck-Association/61572376972021/#,https://www.instagram.com/dal_fta/,No,no_contact_found
Empire Fresh Produce,"1804 S Harwood St, Dallas, TX 75215",https://empirefreshproduce.com,Yes,(214) 238-3329,,8.0,2.0,32.7870529,-97.3756772,mobile food vendor,Food & Restaurant,75203,drivera@empirefreshproduce.com,,,drivera@empirefreshproduce.com,https://www.facebook.com/profile.php?id=100063559119842,,Yes,found_homepage
The Fud Trailer Dallas,"13657 S Jupiter Rd Ste 103, Dallas, TX 75238",https://thefudtrailer.com,Yes,(346) 234-6659,,8.0,10.0,32.7870529,-97.3756772,mobile food vendor,Food & Restaurant,75203,,,,,https://www.facebook.com/thefudtrailercompany,https://www.instagram.com/thefudtrailercompany/,No,no_contact_found
Gonzalez Food Products Mexsnax,"1610 Fort Worth Ave, Dallas, TX 75208",https://mexsnax.com,Yes,(214) 748-8225,,7.0,2.0,32.7870529,-97.3756772,mobile food vendor,Food & Restaurant,75203,info@mexsnax.com,,,info@mexsnax.com,https://www.facebook.com/mexsnax,https://www.instagram.com/mexsnax/,Yes,found_homepage
Lone Star Food Truck And Trailer Distributors,"6451 S Great Trinity Forest Way, Dallas, TX 75217",https://lonestarfoodtrailers.com,Yes,(214) 994-0452,,,,32.7870529,-97.3756772,mobile food vendor,Food & Restaurant,75203,lonestarfoodtruckandtrailers@gmial.com,lonestarfoodtruckandtrailers@gmail.com,,lonestarfoodtruckandtrailers@gmial.com | lonestarfoodtruckandtrailers@gmail.com,,,Yes,found_homepage
Craftenders Event Staffing LLC,"Creative Studio, 2346 Victory Park Ln, Dallas, TX 75219",https://thecraftenders.com,Yes,(972) 895-2601,,4.0,16.0,32.7870529,-97.3756772,mobile food vendor,Food & Restaurant,75203,,,,,https://www.facebook.com/craftstaff,https://www.instagram.com/_shakeandstrain_dfw,No,no_contact_found
Ace Mart Restaurant Supply,"4004 Ross Ave, Dallas, TX 75204",https://acemart.com,Yes,(214) 442-0720,,4.0,13.0,32.7870529,-97.3756772,mobile food vendor,Food & Restaurant,75203,,,,,,,No,no_contact_found
St. Drogo's Coffee Cart | DFW Mobile Espresso Bar,"4301 Bryan St, Dallas, TX 75204",https://saintdrogos.com,Yes,(940) 535-4849,,5.0,2.0,32.7870529,-97.3756772,mobile food vendor,Food & Restaurant,75203,,,,,,,No,no_contact_found
City Events Gourmet Food Truck,"8210 S Lancaster Rd, Dallas, TX 75241",https://cityeventsgourmet.com,Yes,(214) 574-8699,,,,32.7870529,-97.3756772,mobile food vendor,Food & Restaurant,75203,,,,,,,No,no_contact_found
Pearlie's Southern Kitchen,"1335 Admiral Nimitz Cir NT24F, Dallas, TX 75223",https://pearliessouthernkitchen.com,Yes,(972) 591-6827,,,,32.7870529,-97.3756772,mobile food vendor,Food & Restaurant,75203,,,,,,,No,no_contact_found
Amigos Meat Distributors / Dallas,"2525 W Commerce St, Dallas, TX 75212",https://amigosmeat.com,Yes,(214) 272-9948,,1.0,11.0,32.7743055,-97.4399526,mobile food vendor,Food & Restaurant,75203,,,,,https://www.facebook.com/amigosfoodsChi/,https://www.instagram.com/amigosfoods/,No,no_contact_found
Tacos Caita,"4321 Live Oak St, Dallas, TX 75204",https://uptown-eats.com,Yes,(214) 497-8636,,0.0,1.0,32.7743055,-97.4399526,mobile food vendor,Food & Restaurant,75203,,,,,,,No,no_contact_found
Creative Affairs Catering,"4318 Eastside Ave, Dallas, TX 75226",https://creativeaffairscatering.com,Yes,(972) 803-6619,,6.0,1.0,32.977085,-97.4996017,mobile food vendor,Food & Restaurant,75203,sales@creativeaffairscatering.com,,,sales@creativeaffairscatering.com,https://www.facebook.com/creativeaffairs.catering/#,https://www.instagram.com/creativeaffairscatering/#,Yes,found_homepage
Catering by Chef Richard,"5214 Botham Jean Blvd, Dallas, TX 75215",https://cateringbychefrichard.com,Yes,(972) 704-8100,,,,32.977085,-97.4996017,mobile food vendor,Food & Restaurant,75203,,,,,,,No,no_contact_found
Chevron,"309 S Marsalis Ave, Dallas, TX 75203",https://chevronwithtechron.com,Yes,(214) 242-8704,,6.0,3.0,32.977085,-97.4996017,mobile food vendor,Food & Restaurant,75203,,,,,https://www.facebook.com/Chevron,https://www.instagram.com/chevron,No,no_contact_found
Trouvi Cookie Company Weekend Booth At The Dallas Farmers Market,"133 Taylor St, Dallas, TX 75201",https://trouvicookies.com,Yes,(214) 552-8814,,8.0,3.0,32.977085,-97.4996017,mobile food vendor,Food & Restaurant,75203,info@trouvicookies.com,,,info@trouvicookies.com,https://www.facebook.com/TrouviCookieCo/,,Yes,found_homepage
Beyond the Box Catering,"2544 W Commerce St, Dallas, TX 75212",https://foodbeyondthebox.com,Yes,(214) 828-2228,,0.0,11.0,32.977085,-97.4996017,mobile food vendor,Food & Restaurant,75203,,,,,https://www.facebook.com/BeyondtheBoxCatering/,https://www.instagram.com/beyondthebox_catering/,No,no_contact_found
Bread Winners Catering,"3301 McKinney Ave Ste 100, Dallas, TX 75204",https://catering.breadwinnerscafe.com,Yes,(214) 484-6904,,2.0,2.0,32.977085,-97.4996017,mobile food vendor,Food & Restaurant,75203,,,,,,,No,no_contact_found
STAYLYTE INC,"539 W Commerce St #3546, Dallas, TX 75208",https://staylyte.com,Yes,(945) 308-3249,,,,32.977085,-97.4996017,mobile food vendor,Food & Restaurant,75203,orders@staylyte.com,filler@godaddy.com,,orders@staylyte.com | filler@godaddy.com,https://www.facebook.com/116263198130128,https://www.instagram.com/staylyte?igsh=c2pwb3c3OWgxdW8x&utm_source=qr,Yes,found_homepage
Porch Swing Iced Tea,"123 Taylor St, Dallas, TX 75201",https://porchswingicedtea.com,Yes,(940) 205-3549,,,,32.977085,-97.4996017,mobile food vendor,Food & Restaurant,75203,brett@porchswingicedtea.com,,,brett@porchswingicedtea.com,https://www.facebook.com/PorchSwingIcedTeaLLC,https://www.instagram.com/porchswingicedtea/,Yes,found_homepage
Ka-Tip Thai Street Food,"1011 S Pearl Expy #190, Dallas, TX 75201",https://katipthaidallas.com,Yes,(214) 238-2232,,1.0,41.0,32.7387752,-96.8700434,street food vendor,Food & Restaurant,75203,eat@katipthaidallas.com,,,eat@katipthaidallas.com,https://www.facebook.com/1837961973199537,https://www.instagram.com/katipthaistreetfood,Yes,found_homepage
Hibachi Street Food,"4321 Live Oak St, Dallas, TX 75204",https://hibachistreetfood.com,Yes,(214) 251-1014,,0.0,3.0,32.7987194,-96.8499615,street food vendor,Food & Restaurant,75203,,,,,,,No,no_contact_found
Main Street Market & Eatery,"3102 Main St, Dallas, TX 75226",https://mainstreetmarketdfw.com,Yes,(972) 685-6000,,4.0,9.0,32.7987194,-96.8499615,street food vendor,Food & Restaurant,75203,,,,,,https://www.instagram.com/mainstmarketdfw/,No,no_contact_found
Uptown Eats,"4321 Live Oak St, Dallas, TX 75204",https://uptown-eats.com,Yes,,,4.0,12.0,32.7987819,-96.8499069,street food vendor,Food & Restaurant,75203,,,,,,,No,no_contact_found
Recipe Oak Cliff,"1831 S Ewing Ave, Dallas, TX 75216",https://recipeoc.com,Yes,(469) 930-8284,,4.0,42.0,32.7251873,-96.8833158,street food vendor,Food & Restaurant,75203,info@recipeoc.com,,,info@recipeoc.com,,,Yes,found_subpage
Taco City x Chef Tastebudz,"600 Jackson St, Dallas, TX 75202",https://facebook.com,Yes,,,5.0,23.0,32.7774478,-96.8784315,street food vendor,Food & Restaurant,75203,,,,,,,No,no_contact_found
The Cedar Market Ranch,"2434 S Harwood St, Dallas, TX 75215",https://thecedarmarketranch.com,Yes,(214) 747-8118,,0.0,40.0,32.7774478,-96.8784315,street food vendor,Food & Restaurant,75203,info@thecedarmarketranch.com,,,info@thecedarmarketranch.com,https://www.facebook.com/p/The-Cedar-Market-Ranch-61556377361366/,https://www.instagram.com/cedarmarketranch,Yes,found_subpage
Caribbean Cabana,"920 S Harwood St, Dallas, TX 75201",https://caribbeancabana.top,Yes,(972) 945-7272,,3.0,52.0,32.7774478,-96.8784315,street food vendor,Food & Restaurant,75203,info@caribbeancabana.top,black9@qq.com,,info@caribbeancabana.top | black9@qq.com,,,Yes,found_homepage
La Calle Doce,"415 W Twelfth St, Dallas, TX 75208",https://lacalledoce-dallas.com,Yes,(214) 941-4304,,498.0,3.0,32.7774478,-96.8784315,street food vendor,Food & Restaurant,75203,info@lacalledoce.com,,,info@lacalledoce.com,https://www.facebook.com/106664606030236,https://www.instagram.com/lacalledoce,Yes,found_homepage
Veracruz Cafe,"408 N Bishop Ave #107, Dallas, TX 75208",https://veracruzdallas.com,Yes,(214) 948-4746,,176.0,1.0,32.7774478,-96.8784315,street food vendor,Food & Restaurant,75203,veracruzcatering@gmail.com,,,veracruzcatering@gmail.com,https://www.facebook.com/465687446811365,https://www.instagram.com/veracruzcafe,Yes,found_homepage
Dallas Farmers Market Produce Shed,"123 Taylor St, Dallas, TX 75201",https://dallasfarmersmarket.org,Yes,,,1.0,8.0,32.7774478,-96.8784315,street food vendor,Food & Restaurant,75203,,,,,,,No,no_contact_found
Dallas City Hall,"1500 Marilla St, Dallas, TX 75201",https://dallascityhall.com,Yes,(214) 670-3111,,8.0,29.0,32.7774478,-96.8784315,street food vendor,Food & Restaurant,75203,,,,,,,No,no_contact_found
Food Nation Cinco Cocinas Food Hall,"4711 Maple Ave, Dallas, TX 75219",https://cincococinas.com,Yes,(469) 917-9003,,2.0,8.0,32.7774478,-96.8784315,street food vendor,Food & Restaurant,75203,,,,,http://facebook.com/squarespace,http://instagram.com/cincococinas,No,no_contact_found
Cocos,"410 N Bishop Ave #106, Dallas, TX 75208",https://cocos.restaurant,Yes,(469) 781-0222,,5.0,52.0,32.7774478,-96.8784315,street food vendor,Food & Restaurant,75203,,,,,https://www.facebook.com/profile.php?id=100063470233489,https://www.instagram.com/cocosbishoparts/,No,no_contact_found
The Empanada Cookhouse,"1001 Ross Ave #118, Dallas, TX 75202",https://theempanadacookhouse.com,Yes,(214) 812-9644,,0.0,94.0,32.7774478,-96.8784315,street food vendor,Food & Restaurant,75203,,,,,,,No,no_contact_found
Doc Popcorn at Dallas Farmers Market,"920 S Harwood St Suite 179, Dallas, TX 75201",https://dfmpopcorn.com,Yes,(214) 417-8431,,2.0,5.0,32.7774478,-96.8784315,street food vendor,Food & Restaurant,75203,kellie@kcvsi.com,,,kellie@kcvsi.com,https://www.facebook.com/Doc-Popcorn-at-Dallas-Farmers-Market-787491368059514/,https://www.instagram.com/docpopcornatfarmers/,Yes,found_homepage
The Shed Dallas Farmers Market,"The Shed, 1010 S Pearl Expy, Dallas, TX 75201",https://dallasfarmersmarket.org,Yes,(214) 664-9110,,1.0,1.0,32.7774478,-96.8784315,street food vendor,Food & Restaurant,75203,,,,,,,No,no_contact_found
Getcha Roll On,"921 W Commerce St K33, Dallas, TX 75208",https://getcharollondtx.com,Yes,(469) 449-4455,,0.0,7.0,32.7774478,-96.8784315,street food vendor,Food & Restaurant,75203,,,,,,,No,no_contact_found
Gloria's Latin Cuisine,"600 N Bishop Ave, Dallas, TX 75208",https://gloriascuisine.com,Yes,(214) 948-3672,,631.0,3.0,32.7774478,-96.8784315,street food vendor,Food & Restaurant,75203,,,,,https://www.facebook.com/gloriaslatincuisine,https://www.instagram.com/gloriaslatincuisine/,No,no_contact_found
Urban Value Corner Store,"300 N Akard St #110, Dallas, TX 75201",https://urbanvaluestore.com,Yes,(972) 685-3996,,9.0,48.0,32.7774478,-96.8784315,street food vendor,Food & Restaurant,75203,,,,,,,No,no_contact_found
Four Corners Brewing Company,"1311 S Ervay St, Dallas, TX 75215",https://fcbrewing.com,Yes,,,5.0,61.0,32.7774478,-96.8784315,street food vendor,Food & Restaurant,75203,,,,,,,No,no_contact_found
Dock Local,"211 S Akard St, Dallas, TX 75202",https://thedocktexas.com,Yes,(469) 402-0731,,7.0,19.0,32.7774478,-96.8784315,street food vendor,Food & Restaurant,75203,,,,,,,No,no_contact_found
Bishop Bazaar,"200 N Bishop Ave, Dallas, TX 75208",https://bishoparts.com,Yes,,,,,32.7774478,-96.8784315,street food vendor,Food & Restaurant,75203,hello@bishoparts.com,,,hello@bishoparts.com,https://www.facebook.com/bishopartsdallas/,http://instagram.com/bishoparts,Yes,found_homepage
Super Mercado Monterrey,"300 E Jefferson Blvd, Dallas, TX 75203",https://super-mercado-monterrey.com,Yes,(214) 943-1086,,116.0,1.0,32.7774478,-96.8784315,street food vendor,Food & Restaurant,75203,,,,,https://www.facebook.com/SupermercadoMonterreyTX/,,No,no_contact_found
Packin' Bowls,"1868 Sylvan Ave d150, Dallas, TX 75208",https://packin-bowls.com,Yes,(972) 803-3345,,4.0,20.0,32.7774478,-96.8784315,street food vendor,Food & Restaurant,75203,,,,,,,No,no_contact_found
Kelley Produce,"920 S Harwood St Suite 162, Dallas, TX 75201",https://dallasfarmersmarket.org,Yes,,,8.0,3.0,32.7774478,-96.8784315,street food vendor,Food & Restaurant,75203,,,,,,,No,no_contact_found
Chan Thai & Pho 88,"436 W Davis St, Dallas, TX 75208",https://chanthaipho88.com,Yes,(214) 948-9956,,1.0,40.0,32.7774478,-96.8784315,street food vendor,Food & Restaurant,75203,pho88chanthai@gmail.com,,,pho88chanthai@gmail.com,https://www.facebook.com/Chan-Thai-Pho-88-102745335706840,https://www.instagram.com/chanthai_pho88/,Yes,found_homepage
Rex's Seafood and Market,"920 S Harwood St #150, Dallas, TX 75201",https://rexsseafood.com,Yes,(214) 272-9372,,3.0,68.0,32.7794352,-96.8336593,street food vendor,Food & Restaurant,75203,,,,,https://www.facebook.com/1580195052247355,,No,no_contact_found
Ten Bells Tavern,"231 W Eighth St, Dallas, TX 75208",https://tenbells2.com,Yes,,,9.0,59.0,32.7482594,-96.8979034,street food vendor,Food & Restaurant,75203,info@tenbellstavern.com,,,info@tenbellstavern.com,https://www.facebook.com/297548370293724,https://www.instagram.com/tenbellstavern,Yes,found_homepage
FULL CITY ROOSTER,"1810 S Akard St UNIT 100, Dallas, TX 75215",https://fullcityrooster.com,Yes,(214) 247-6394,,8.0,50.0,32.767665,-96.8618888,street food vendor,Food & Restaurant,75203,,,,,,,No,no_contact_found
Fiesta Mart #29,"611 W Jefferson Blvd, Dallas, TX 75208",https://fiestamart.com,Yes,(214) 944-3300,,851.0,2.0,32.7442579,-96.9051374,street food vendor,Food & Restaurant,75203,,,,,,,No,no_contact_found
Taqueria La Ventana,"920 S Harwood St Suite 140, Dallas, TX 75201",https://taquerialaventana.com,Yes,(214) 646-8181,,7.0,82.0,32.7778412,-96.8618685,street food vendor,Food & Restaurant,75203,,,,,https://www.facebook.com/TaqueriaLaVentana/,https://www.instagram.com/taquerialaventana/,No,no_contact_found
The Bishop Arts District,"403 N Bishop Ave, Dallas, TX 75208",https://bishopartsdistrict.com,Yes,(214) 942-4600,,7.0,16.0,32.7482613,-96.9005863,street food vendor,Food & Restaurant,75203,bishopartsdistrict@gmail.com,,,bishopartsdistrict@gmail.com,https://www.facebook.com/bishopartsdistrict,https://instagram.com/bishopartsdistrict,Yes,found_homepage
Cooking Borscht,"123 Taylor St, Dallas, TX 75201",https://cookingborscht.com,Yes,(405) 492-7202,,3.0,3.0,32.7856514,-96.8477547,street food vendor,Food & Restaurant,75203,,,,,,,No,no_contact_found
Xtreme Trailer Sales,"9809 C F Hawn Fwy, Dallas, TX 75217",https://xtstrailers.com,Yes,(972) 299-0040,,8.0,30.0,32.7133068,-97.2858184,food trailer,Food & Restaurant,75203,xtstrailers@gmail.com,,,xtstrailers@gmail.com,,,Yes,found_homepage
Texas Star Trailers,"11339 Emerald St, Dallas, TX 75229",https://texasstartrailers.com,Yes,(469) 506-3671,,1.0,3.0,32.7133068,-97.2858184,food trailer,Food & Restaurant,75203,,,,,,,No,no_contact_found
Eloisas kitchen,"16 Woodall Rodgers Fwy, Dallas, TX 75201",https://eloisaskitchen.com,Yes,(469) 251-3536,,2.0,29.0,32.7133068,-97.2858184,food trailer,Food & Restaurant,75203,eloisa@eloisaskitchen.com,,,eloisa@eloisaskitchen.com,,https://www.instagram.com/eloisitas/,Yes,found_homepage
Freshnez,"7508 Ambassador Row, Dallas, TX 75247",https://freshnezkitchen.com,Yes,(833) 888-3639,,8.0,38.0,32.7133068,-97.2858184,food trailer,Food & Restaurant,75203,20orders@freshnezkitchen.com,orders@freshnezkitchen.com,,20orders@freshnezkitchen.com | orders@freshnezkitchen.com,,,Yes,found_homepage
NTX Food Trailers,"4091 FM2933 Suite 200, McKinney, TX 75071",https://ntxfoodtrailers.com,Yes,(469) 212-6626,,,,33.2515494,-97.1404312,food trailer,Food & Restaurant,75203,,,,,,,No,no_contact_found
Cuates (kwa.tes) Kitchen,"3811 Fairmount St, Dallas, TX 75219",https://cuateskitchen.com,Yes,(214) 908-7336,,6.0,42.0,32.7887668,-97.3786667,food trailer,Food & Restaurant,75203,cuateskitchen@gmail.com,,,cuateskitchen@gmail.com,https://www.facebook.com/271900036676276,https://www.instagram.com/cuateskitchen,Yes,found_homepage
The Food Trap Dallas,"7634 S Great Trinity Forest Way, Dallas, TX 75217",https://thefoodtrapdallas.com,Yes,(214) 968-9096,,1.0,2.0,32.7887668,-97.3786667,food trailer,Food & Restaurant,75203,thefoodtrapdallas@gmail.com,,,thefoodtrapdallas@gmail.com,https://www.facebook.com/people/The-Food-Trap-Dallas/100027200392279/,https://www.instagram.com/the_foodtrapdallas/,Yes,found_homepage
Trailer Builder,"119 E 7th St, Justin, TX 76247",https://trailer-builder.com,Yes,(817) 964-0248,,2.0,3.0,33.0903817,-97.8699187,food trailer,Food & Restaurant,75203,sales@trailer-builder.com,,,sales@trailer-builder.com,https://www.facebook.com/TheTrailerBuilder,https://www.instagram.com/thetrailerbuilder/,Yes,found_homepage
Food Truck Park,"Richardson, TX 75080",https://new.dineoncampus.com,Yes,,,5.0,2.0,32.8106421,-97.388187,food trailer,Food & Restaurant,75203,,,,,,,No,no_contact_found
JRJ Trailers And More LLC,"324 Highmeadow Dr, Aubrey, TX 76227",https://jrjfoodtrailersllc.com,Yes,(214) 546-8238,,,,33.2920474,-97.5694595,food trailer,Food & Restaurant,75203,,,,,,,No,no_contact_found
Temporary Kitchens 123,"2911 Turtle Creek Blvd # 300, Dallas, TX 75219",https://temporarykitchens123.com,Yes,(800) 205-6106,,,,32.9283389,-97.5841487,food trailer,Food & Restaurant,75203,,,,,https://www.facebook.com/TemporaryKitchens123-1947281698695970/,,No,no_contact_found
Chef's Little Hut,"G, 1327 Empire Central Dr #260, Dallas, TX 75247",https://chefslittlehut.wixsite.com,Yes,(469) 844-7328,,,,33.141422,-97.2970887,food trailer,Food & Restaurant,75203,,,,,,,No,no_contact_found
Del Monte Fresh Produce Co,"1400 Parker St, Dallas, TX 75215",https://freshdelmonte.com,Yes,(214) 428-3600,,3.0,25.0,33.141422,-97.2970887,food trailer,Food & Restaurant,75203,info-uae@freshdelmonte.com,info-apac@freshdelmonte.com,consumerserviceeurope@freshdelmonte.com,info-uae@freshdelmonte.com | info-apac@freshdelmonte.com | consumerserviceeurope@freshdelmonte.com | communications@freshdelmonte.com | contact-ap@freshdelmonte.com | salesinquiry@freshdelmonte.com,https://www.facebook.com/DelMonteFreshProduce,http://instagram.com/delmontefresh,Yes,found_subpage
Well Grounded Coffee Community at Bishop Union,"111 W Davis St #170, Dallas, TX 75208",https://wellgrounded.coffee,Yes,(214) 608-7374,,2.0,4.0,32.752494,-96.8690067,cafe,Food & Restaurant,75203,wellgroundedcoffeecommunity@gmail.com,,,wellgroundedcoffeecommunity@gmail.com,https://www.facebook.com/wellgroundedcoffeeco,https://www.instagram.com/wellgroundedbu/,Yes,found_subpage
Slow and Steady Coffee,"1805 S Edgefield Ave, Dallas, TX 75224",https://slowandsteady.coffee,Yes,(972) 885-7343,,5.0,22.0,32.7460104,-96.9222824,cafe,Food & Restaurant,75203,,,,,,http://instagram.com/slow.steady.coffee/,No,no_contact_found
Hola Cafe Dallas,"413 N Tyler St, Dallas, TX 75208",https://holacafedallas.com,Yes,,,7.0,44.0,32.7460104,-96.9222824,cafe,Food & Restaurant,75203,,,,,https://www.facebook.com/Hola-Caf%C3%A9-Dallas-2049355511844162/,https://www.instagram.com/holacafedallas/?hl=en,No,no_contact_found
little joy cafe,"2105 S Edgefield Ave Unit B, Dallas, TX 75224",https://littlejoycafe.com,Yes,(972) 803-3527,,4.0,7.0,32.7460104,-96.9222824,cafe,Food & Restaurant,75203,,,,,,,No,no_contact_found
Palmieri Cafe,"307 N Bishop Ave, Dallas, TX 75208",https://palmiericafe.com,Yes,(945) 209-6962,,7.0,16.0,32.7460104,-96.9222824,cafe,Food & Restaurant,75203,info@palmiericafe.com,,,info@palmiericafe.com,https://www.facebook.com/pages/Palmieri-Cafe/272471529584425,,Yes,found_homepage
Xaman Cafe,"334 Jefferson Blvd, Dallas, TX 75208",https://xamancafe.com,Yes,(469) 687-0005,,3.0,98.0,32.7460104,-96.9222824,cafe,Food & Restaurant,75203,,,,,https://www.facebook.com/xamancafe,https://www.instagram.com/xamancafe/,No,no_contact_found
Everyday Works,"516 S Hampton Rd #180, Dallas, TX 75208",https://everydayworkscoffee.com,Yes,(214) 613-6074,,7.0,26.0,32.7460104,-96.9222824,cafe,Food & Restaurant,75203,info@mysite.com,everydayworks102@gmail.com,,info@mysite.com | everydayworks102@gmail.com,https://m.facebook.com/everydayworkscoffee?mibextid=fVIIUt,https://www.instagram.com/everydayworkscoffee/,Yes,found_subpage
Canela Caf,"627 Turner Ave, Dallas, TX 75208",https://canelacafe24.square.site,Yes,(214) 769-2349,,,,32.7460104,-96.9222824,cafe,Food & Restaurant,75203,,,,,,,No,no_contact_found
Espumoso Caff,"408 N Bishop Ave #105, Dallas, TX 75208",https://espumosocaffe.com,Yes,(214) 948-2055,,1.0,36.0,32.750924,-96.8807224,cafe,Food & Restaurant,75203,,,,,https://www.facebook.com/espumosocaffe,https://www.instagram.com/espumosocaffe,No,no_contact_found
White Rhino Coffee Roastery Cafe,"1607 Fort Worth Ave, Dallas, TX 75208",https://whiterhinocoffee.com,Yes,(469) 676-6566,,0.0,6.0,32.7657895,-96.9175427,cafe,Food & Restaurant,75203,,,,,https://www.facebook.com/WhiteRhinoC/,https://www.instagram.com/whiterhinocoffee/,No,no_contact_found
Otto's Coffee & Fine Foods,"1321 Commerce St, Dallas, TX 75202",https://adolphus.com,Yes,(214) 651-3685,,6.0,58.0,32.7799788,-96.8713244,cafe,Food & Restaurant,75203,hello@adolphus.com,,,hello@adolphus.com,https://www.facebook.com/TheAdolphus/,https://www.instagram.com/theadolphushotel/,Yes,found_homepage
Whisk Crepes Cafe,"408 W Eighth St, Dallas, TX 75208",https://whiskdallas.com,Yes,(469) 407-1899,,1.0,87.0,32.7799788,-96.8713244,cafe,Food & Restaurant,75203,,,,,http://www.facebook.com/whiskcrepescafe,https://www.instagram.com/whiskcrepes/,No,no_contact_found
Creperie Avenue Llc,"204 E 12th St, Dallas, TX 75203",https://facebook.com,Yes,(214) 515-8290,,2.0,1.0,32.7799788,-96.8713244,cafe,Food & Restaurant,75203,,,,,,,No,no_contact_found
Hola Cafe,"1845 Woodall Rodgers Fwy, Dallas, TX 75201",https://holacafedallas.com,Yes,,,4.0,6.0,32.7799788,-96.8713244,cafe,Food & Restaurant,75203,,,,,https://www.facebook.com/Hola-Caf%C3%A9-Dallas-2049355511844162/,https://www.instagram.com/holacafedallas/?hl=en,No,no_contact_found
Magnolias Sous Le Pont,"2727 N Harwood St, Dallas, TX 75201",https://magnoliasdallas.com,Yes,(469) 249-9222,,2.0,81.0,32.7497698,-96.9133806,cafe,Food & Restaurant,75203,catering@harwoodhospitality.com,press@harwoodhospitality.com,jyoung@harwoodinc.com,catering@harwoodhospitality.com | press@harwoodhospitality.com | jyoung@harwoodinc.com,https://www.facebook.com/pages/Magnolias-Sous-Le-Pont/1540789369513349,http://instagram.com/magnoliasdallas,Yes,found_subpage
Kessler Baking Studio Bishop Arts,"1129 N Beckley Ave, Dallas, TX 75203",https://kesslerbakingstudio.com,Yes,(214) 948-7412,,4.0,73.0,32.7497698,-96.9133806,cafe,Food & Restaurant,75203,,,,,,,No,no_contact_found
Alebrijes Cafe,"1323 W Clarendon Dr, Dallas, TX 75208",https://alebrijescafemanag.wixsite.com,Yes,(214) 290-2888,,7.0,21.0,32.7497698,-96.9133806,cafe,Food & Restaurant,75203,,,,,,,No,no_contact_found
Elephant Indian Bar & Grill-Beckley Ave,"1115 N Beckley Ave, Dallas, TX 75203",https://elephantgrill.com,Yes,(469) 248-0027,,2.0,39.0,32.7497698,-96.9133806,cafe,Food & Restaurant,75203,elephantgrill@gmail.com,elephant.mkonnekt@gmail.com,elephantindianbarandgrill@gmail.com,elephantgrill@gmail.com | elephant.mkonnekt@gmail.com | elephantindianbarandgrill@gmail.com,https://www.facebook.com/Elephantrestaurantdallas,https://www.instagram.com/elephantrestaurantdallas/?hl=en,Yes,found_homepage
Potpourri Boulangerie,"317 N Zang Blvd, Dallas, TX 75208",https://potpourrioakcliff.com,Yes,(214) 941-9941,,7.0,25.0,32.7497698,-96.9133806,cafe,Food & Restaurant,75203,info@potpourrioakcliff.com,,,info@potpourrioakcliff.com,https://www.facebook.com/Potpourri-Boulangerie-109414068461524,https://www.instagram.com/potpourri_boulangerie/,Yes,found_homepage
M2 Rivera Restaurante comida Hondurea Mexico,"910 S Corinth St Rd, Dallas, TX 75203",https://m2riverarestaurantllc.com,Yes,(214) 484-1559,,9.0,5.0,32.7386346,-96.8703498,cafe,Food & Restaurant,75203,info@m2riverarestaurantllc.com,,,info@m2riverarestaurantllc.com,https://www.facebook.com/profile.php?id=61576530689087,https://www.instagram.com/m2riverarestaurant/,Yes,found_homepage
Weekend Coffee,"1511 Commerce St, Dallas, TX 75201",https://ahhweekend.com,Yes,(214) 261-4545,,7.0,40.0,32.7386346,-96.8703498,cafe,Food & Restaurant,75203,,,,,https://www.facebook.com/TheJouleHotel/,https://www.instagram.com/weekendcoffee/,No,no_contact_found
DMA Cafe,"1717 N Harwood St, Dallas, TX 75201",https://dma.org,Yes,(214) 922-1835,,4.0,13.0,32.7881711,-96.873283,cafe,Food & Restaurant,75203,,,,,,,No,no_contact_found
Morsel's Coffee Shop,"555 S Lamar St, Dallas, TX 75202",https://omnihotels.com,Yes,(214) 652-4808,,9.0,5.0,32.7881711,-96.873283,cafe,Food & Restaurant,75203,,,,,,,No,no_contact_found
Palmieri Cafe,"920 S Harwood St UNIT 100, Dallas, TX 75201",https://palmiericafe.com,Yes,(214) 684-9932,,3.0,39.0,32.7881711,-96.873283,cafe,Food & Restaurant,75203,info@palmiericafe.com,,,info@palmiericafe.com,https://www.facebook.com/pages/Palmieri-Cafe/272471529584425,,Yes,found_homepage
Halperin Park,"Bridge Deck Park over, 626 S R.L. Thornton Fwy, I-35E, Dallas, TX 75203",https://halperinpark.org,Yes,(214) 845-7519,,,,32.7881711,-96.873283,cafe,Food & Restaurant,75203,park@halperinpark.org,,,park@halperinpark.org,https://www.facebook.com/HalperinPark,https://www.instagram.com/halperinpark/,Yes,found_homepage
Vicinity Coffee,"3033 Fairmount St, Dallas, TX 75201",https://marriott.com,Yes,(214) 239-0333,,3.0,2.0,32.7881711,-96.873283,cafe,Food & Restaurant,75203,,,,,,,No,no_contact_found
JuJu's Coffee,"6038 La Vista Dr, Dallas, TX 75206",https://jujuscoffee.com,Yes,(806) 676-5385,,9.0,20.0,32.8125933,-96.8342849,cafe,Food & Restaurant,75203,,,,,,https://instagram.com/jujuscoffee,No,no_contact_found
St. Paul Cafe,"1707 San Jacinto St, Dallas, TX 75201",https://firstdallas.org,Yes,(214) 969-7753,,2.0,19.0,32.7756396,-96.8814393,cafe,Food & Restaurant,75203,info@firstdallas.org,press@firstdallas.org,customerservice@ptv.org,info@firstdallas.org | press@firstdallas.org | customerservice@ptv.org,http://www.facebook.com/fbcdallas,https://instagram.com/firstdallas/,Yes,found_homepage
Westside Coffee,"4711 Westside Dr, Dallas, TX 75209",https://orderwestsidecoffee.com,Yes,(469) 753-9007,,7.0,9.0,32.8296645,-96.8919191,cafe,Food & Restaurant,75203,,,,,,,No,no_contact_found
Garden Cafe,"5310 Junius St, Dallas, TX 75214",https://gardencafe.net,Yes,(214) 887-8330,,7.0,91.0,32.8025749,-96.835733,cafe,Food & Restaurant,75203,gardencafetx@gmail.com,,,gardencafetx@gmail.com,https://www.facebook.com/gardencafedallas,https://www.instagram.com/gardencafetx/,Yes,found_homepage
Cafe Momentum,"1510 Pacific Ave, Dallas, TX 75201",https://cafemomentum.org,Yes,(214) 303-1234,,0.0,41.0,32.7819976,-96.8715392,cafe,Food & Restaurant,75203,,,,,,,No,no_contact_found
Farmer's Fridge,"Located in the main lobby, just right of the entrance in the micro-market area, 1441 N Beckley Ave, Dallas, TX 75203",https://farmersfridge.com,Yes,(312) 229-0428,,,,32.7819976,-96.8715392,cafe,Food & Restaurant,75203,,,,,https://www.facebook.com/farmersfridge,https://www.instagram.com/farmersfridge/,No,no_contact_found
Ascension Coffee - Crescent Court,"200 Crescent Ct #40, Dallas, TX 75201",https://ascension.coffee,Yes,(469) 941-4542,,5.0,73.0,32.7937984,-96.8759049,cafe,Food & Restaurant,75203,,,,,https://www.facebook.com/AscensionCoffee/,https://www.instagram.com/ascensioncoffee/,No,no_contact_found
Ascension Coffee - Design District,"1621 Oak Lawn Ave, Dallas, TX 75207",https://ascensiondallas.com,Yes,(214) 741-3211,,523.0,2.0,32.7937984,-96.8759049,cafe,Food & Restaurant,75203,,,,,https://www.facebook.com/AscensionCoffee/,https://www.instagram.com/ascensioncoffee/,No,no_contact_found
Los Sapitos,"325 E Jefferson Blvd, Dallas, TX 75203",https://sapitos.com,Yes,(214) 946-7012,,3.0,27.0,32.7937984,-96.8759049,cafe,Food & Restaurant,75203,,,,,https://www.facebook.com/LasRanitasRestaurant,http://instagram.com/ranitas.sapitos_dfw,No,no_contact_found
El Regio,"315 E Jefferson Blvd, Dallas, TX 75203",https://elregiotx.com,Yes,(945) 207-3028,,3.0,18.0,32.7937984,-96.8759049,cafe,Food & Restaurant,75203,,,,,,,No,no_contact_found
AllGood Cafe,"2934 Main St, Dallas, TX 75226",https://allgood-cafe.com,Yes,(469) 251-7706,,860.0,1.0,32.7937984,-96.8759049,cafe,Food & Restaurant,75203,,,,,,,No,no_contact_found
Eighteen~O~One Restaurant,"1801 N Griffin St, Dallas, TX 75202",https://dwazoo.com,Yes,(214) 720-2224,,9.0,2.0,32.7834726,-96.8773109,cafe,Food & Restaurant,75203,info@dwazoo.com,groups@dwazoo.com,media@dwazoo.com,info@dwazoo.com | groups@dwazoo.com | media@dwazoo.com,https://facebook.com/dallasWorldAquarium/,https://www.instagram.com/officialdwazoo/,Yes,found_subpage
Morazan Restaurant and Bakery,"426 Jefferson Blvd, Dallas, TX 75208",https://morazanrestaurantandbakerytx.com,Yes,(214) 272-8992,,9.0,9.0,32.7834726,-96.8773109,cafe,Food & Restaurant,75203,,,,,,,No,no_contact_found
Cafe Brazil - Deep Ellum,"2815 Elm St, Dallas, TX 75226",https://cafebrazil.com,Yes,(214) 747-2730,,591.0,2.0,32.7834726,-96.8773109,cafe,Food & Restaurant,75203,,,,,,https://www.instagram.com/cafe_brazil_dfw,No,no_contact_found
Buzz and Bustle Coffee & Bodega - The Village Dallas,"5610 Village Glen Dr, Dallas, TX 75206",https://buzzandbustledallas.com,Yes,(469) 659-6379,,5.0,33.0,32.8593228,-96.8360164,cafe,Food & Restaurant,75203,,,,,https://www.facebook.com/buzzandbustledallas/,https://www.instagram.com/reel/DWRe-wuAIXA/,No,no_contact_found
la Madeleine,"2121 San Jacinto St #120, Dallas, TX 75201",https://lamadeleine.com,Yes,(214) 220-3911,,2.0,14.0,32.7873644,-96.8692731,cafe,Food & Restaurant,75203,,,,,,,No,no_contact_found
Cedric's Coffee Shop,"939 W Jefferson Blvd suite 121, Dallas, TX 75208",https://instagram.com,Yes,,,1.0,1.0,32.7496746,-96.895721,coffee shop,Food & Restaurant,75203,,,,,,,No,no_contact_found
The Kava Bar Oak Cliff,"337 W Jefferson Blvd, Dallas, TX 75208",https://lovethekavabar.com,Yes,(214) 238-0559,,6.0,9.0,32.7496746,-96.895721,coffee shop,Food & Restaurant,75203,,,,,https://www.facebook.com/profile.php?id=100091995490145,https://www.instagram.com/thekavabardenton,No,no_contact_found
Inclusion Coffee,"2350 N Beckley Ave, Dallas, TX 75208",https://inclusioncoffee.com,Yes,(903) 780-4574,,,,32.7496746,-96.895721,coffee shop,Food & Restaurant,75203,,,,,,,No,no_contact_found
chimlanh,"1902 Botham Jean Blvd, Dallas, TX 75215",https://chimlanh.com,Yes,(214) 885-2975,,9.0,9.0,32.7656388,-96.8626804,coffee shop,Food & Restaurant,75203,caphe@chimlanh.com,,,caphe@chimlanh.com,,https://www.instagram.com/sandwich_hag/?hl=en,Yes,found_homepage
Oak Cliff Coffee Roasters,"817 W Davis St #120, Dallas, TX 75208",https://oakcliffcoffee.com,Yes,(214) 929-6752,,4.0,11.0,32.749622,-96.9088546,coffee shop,Food & Restaurant,75203,info@oakcliffcoffee.com,,,info@oakcliffcoffee.com,,,Yes,found_homepage
Deep Cuts Coffee,"in Skybridge, 1910 Pacific Ave 2060 2nd Floor, Dallas, TX 75201",https://deepcutscoffee.com,Yes,(214) 484-6098,,1.0,7.0,32.7826453,-96.8675591,coffee shop,Food & Restaurant,75203,info@deepcutscoffee.com,,,info@deepcutscoffee.com,https://www.facebook.com/p/Deep-Cuts-Coffee-61563465005765/,https://www.instagram.com/deepcutscoffee/,Yes,found_subpage
The Coffeehouse at Bonton Farms,"6911 Bexar St, Dallas, TX 75215",https://bontonfarms.shop,Yes,(972) 707-0274,,8.0,2.0,32.7347329,-96.8258553,coffee shop,Food & Restaurant,75203,info@bontonfarms.org,,,info@bontonfarms.org,https://facebook.com/bontonfarms,https://www.instagram.com/bontonfarms,Yes,found_homepage
Davis Street Espresso,"819 W Davis St, Dallas, TX 75208",https://oakcliffcoffee.com,Yes,(214) 941-0381,,0.0,62.0,32.7657895,-96.9175427,coffee shop,Food & Restaurant,75203,info@oakcliffcoffee.com,,,info@oakcliffcoffee.com,,,Yes,found_homepage
Soire Coffee Bar,"320 Singleton Blvd Suite 190, Dallas, TX 75212",https://soireecoffeebar.com,Yes,(972) 850-9030,,6.0,94.0,32.7799788,-96.8713244,coffee shop,Food & Restaurant,75203,info@soireecoffeebar.com,,,info@soireecoffeebar.com,https://www.facebook.com/soireecoffeebar/,https://www.instagram.com/soireecoffeebar?utm_source=web,Yes,found_homepage
White Rhino Coffee,"1401 Elm St Suite 100, Dallas, TX 75202",https://whiterhinocoffee.com,Yes,(214) 980-1150,,7.0,30.0,32.7799788,-96.8713244,coffee shop,Food & Restaurant,75203,,,,,https://www.facebook.com/WhiteRhinoC/,https://www.instagram.com/whiterhinocoffee/,No,no_contact_found
Houndstooth Coffee,"1878 Sylvan Ave e150, Dallas, TX 75208",https://houndstoothcoffee.com,Yes,(214) 238-2838,,5.0,50.0,32.7691884,-96.9075718,coffee shop,Food & Restaurant,75203,,,,,,,No,no_contact_found
Viewfinder Coffee Roasters,"335 Yorktown St, Dallas, TX 75208",https://viewfindercoffee.com,Yes,(469) 431-5135,,9.0,1.0,32.7691884,-96.9075718,coffee shop,Food & Restaurant,75203,wholesale@viewfindercoffee.com,,,wholesale@viewfindercoffee.com,http://facebook.com/viewfindercoffee,http://instagram.com/viewfindercoffee,Yes,found_subpage
The Berni Bean Coffee Company,"2820 Elm St, Dallas, TX 75226",https://thebernibean.com,Yes,(214) 238-6653,,2.0,16.0,32.7846492,-96.8548349,coffee shop,Food & Restaurant,75203,,,,,https://www.facebook.com/bernibeancoffee,https://www.instagram.com/bernibeancoffee/?hl=en,No,no_contact_found
Merit Coffee Co.,"2639 Main St, Dallas, TX 75226",https://meritcoffee.com,Yes,(469) 248-3440,,3.0,69.0,32.7846492,-96.8548349,coffee shop,Food & Restaurant,75203,shipping@meritcoffee.com,wholesale@meritcoffee.com,info@meritcoffee.com,shipping@meritcoffee.com | wholesale@meritcoffee.com | info@meritcoffee.com,,,Yes,found_subpage
The Berni Bean Coffee Company,"717 N Harwood St Ste 111, Dallas, TX 75201",https://thebernibean.com,Yes,(972) 863-9550,,6.0,36.0,32.7846492,-96.8548349,coffee shop,Food & Restaurant,75203,,,,,https://www.facebook.com/bernibeancoffee,https://www.instagram.com/bernibeancoffee/?hl=en,No,no_contact_found
Funny Library Coffee Shop,"1445 Turtle Creek Blvd, Dallas, TX 75207",https://virginhotels.com,Yes,(469) 359-7700,,6.0,20.0,32.7661775,-96.862183,coffee shop,Food & Restaurant,75203,,,,,,,No,no_contact_found
Uptown- Staycation Coffee Bar,"2100 McKinney Ave, Dallas, TX 75201",https://staycationcafe.com,Yes,,,,,32.7661775,-96.862183,coffee shop,Food & Restaurant,75203,,,,,,,No,no_contact_found
The Salty Donut,"414 W Davis St, Dallas, TX 75208",https://saltydonut.com,Yes,(972) 707-9889,,64.0,1.0,32.7917019,-96.8744634,coffee shop,Food & Restaurant,75203,donuts@saltydonut.com,social@saltydonut.com,,donuts@saltydonut.com | social@saltydonut.com,https://www.facebook.com/TheSaltyDonut/,https://www.instagram.com/thesaltydonut/,Yes,found_subpage
White Rock Coffee - Uptown at Rosewood Court,"2101 Cedar Springs Rd Suite 130, Dallas, TX 75201",https://wrcoffee.com,Yes,(214) 272-3037,,4.0,3.0,32.7917019,-96.8744634,coffee shop,Food & Restaurant,75203,info@wrcoffee.com,,,info@wrcoffee.com,https://www.facebook.com/whiterockcoffee,https://instagram.com/whiterockcoffee,Yes,found_homepage
Mokah Coffee & Tea,"2803 Taylor St, Dallas, TX 75226",https://mokahcoffeeandtea.com,Yes,(214) 651-0633,,5.0,39.0,32.7917019,-96.8744634,coffee shop,Food & Restaurant,75203,mokah@lifeindeepellum.com,hello@lifeindeepellum.com,,mokah@lifeindeepellum.com | hello@lifeindeepellum.com,https://www.facebook.com/lifeindeepellum,http://www.instagram.com/mokahcoffee/,Yes,found_homepage
Parterre,"1601 Elm St Ste 120, Dallas, TX 75201",https://parterredallas.com,Yes,(945) 209-0709,,1.0,40.0,32.7917019,-96.8744634,coffee shop,Food & Restaurant,75203,hello@parterredallas.com,,,hello@parterredallas.com,,https://www.instagram.com/parterredallas/?hl=en,Yes,found_homepage
Espresso Bar,"1618 Main St First Floor, 1618 Main St First Floor, Dallas, TX 75201",https://stores.neimanmarcus.com,Yes,(214) 741-6911,,,,32.7917019,-96.8744634,coffee shop,Food & Restaurant,75203,,,,,,,No,no_contact_found
White Rhino Coffee,"2909 Thomas Ave, Dallas, TX 75204",https://whiterhinocoffee.com,Yes,(214) 774-2406,,0.0,50.0,32.7917019,-96.8744634,coffee shop,Food & Restaurant,75203,,,,,https://www.facebook.com/WhiteRhinoC/,https://www.instagram.com/whiterhinocoffee/,No,no_contact_found
Katy Coffee Lab,"3111 N Houston St # 100, Dallas, TX 75219",https://katycoffeelab.co,Yes,(214) 238-9964,,6.0,12.0,32.7917019,-96.8744634,coffee shop,Food & Restaurant,75203,,,,,https://www.facebook.com/WordPresscom/,https://www.instagram.com/wordpressdotcom/,No,no_contact_found
The Wild Detectives,"314 W Eighth St, Dallas, TX 75208",https://thewilddetectives.com,Yes,(214) 942-0108,,760.0,1.0,32.7917019,-96.8744634,coffee shop,Food & Restaurant,75203,,,,,,,No,no_contact_found
White Rhino Coffee,"2700 Commerce St, Dallas, TX 75226",https://whiterhinocoffee.com,Yes,(214) 774-4460,,,,32.7917019,-96.8744634,coffee shop,Food & Restaurant,75203,,,,,https://www.facebook.com/WhiteRhinoC/,https://www.instagram.com/whiterhinocoffee/,No,no_contact_found
Fount Board & Table,"2414 Routh St, Dallas, TX 75201",https://fountboardandtable.com,Yes,(214) 214-5038,,8.0,22.0,32.7917019,-96.8744634,coffee shop,Food & Restaurant,75203,fount@fountboardandtable.com,,,fount@fountboardandtable.com,,,Yes,found_subpage
Commissary,"1217 Main St, Dallas, TX 75202",https://commissarydallas.com,Yes,(214) 827-2927,,8.0,88.0,32.7937984,-96.8759049,coffee shop,Food & Restaurant,75203,info@commissarydallas.com,jobs@commissarydallas.com,wholesale@commissarydallas.com,info@commissarydallas.com | jobs@commissarydallas.com | wholesale@commissarydallas.com | catering@commissarydallas.com | wholesale@commisarydallas.com,https://www.facebook.com/commissarydallas/hc_ref=ARS7FiyDUCp3_Q75u6DZTxVBfT0yr90qsB9a5iTigMKWKO9CQ_2B15d4jSRfx84tZ-w,https://www.instagram.com/commissarydallas/?hl=en,Yes,found_homepage
Hatchways Caf,"2346 Victory Park Ln Hatchways Caf, Dallas, TX 75219",https://hatchways.com,Yes,(214) 935-1655,,3.0,4.0,32.7937984,-96.8759049,coffee shop,Food & Restaurant,75203,desk@hatchways.com,,,desk@hatchways.com,,http://www.instagram.com/hatchwayscafevp,Yes,found_homepage
Village Baking Co. - Bishop Arts,"308 N Bishop Ave, Dallas, TX 75208",https://villagebakingco.com,Yes,(214) 296-9028,,9.0,22.0,32.7937984,-96.8759049,coffee shop,Food & Restaurant,75203,,,,,https://www.facebook.com/villagebakingcompany/,https://www.instagram.com/villagebake/?ref=badge,No,no_contact_found
Le Bon Temps Beignets and Coffee,"2932 Main St Suite 103, Dallas, TX 75226",https://lebontempsbeignets.com,Yes,(214) 444-3215,,1.0,75.0,32.784208,-96.8529568,coffee shop,Food & Restaurant,75203,sales@lebontempsbeignets.com,,,sales@lebontempsbeignets.com,,https://www.instagram.com/lebontempsbeignets/,Yes,found_homepage
The Weed Spot,"502 N Madison Ave, Dallas, TX 75208",https://weedspot420.com,Yes,(469) 250-7740,,8.0,18.0,32.7492988,-96.8983593,coffee shop,Food & Restaurant,75203,,,,,https://www.facebook.com/theweedspot/,https://www.instagram.com/weedspothouston/,No,no_contact_found
WFM Coffee Bar,"2510 McKinney Ave, Dallas, TX 75201",https://wholefoodsmarket.com,Yes,(469) 518-5814,,2.0,1.0,32.7959541,-96.873776,coffee shop,Food & Restaurant,75203,,,,,https://www.facebook.com/wholefoodsUK/,https://www.instagram.com/wholefoodsuk/,No,no_contact_found
Murray Street Coffee Shop,"103 Murray St, Dallas, TX 75226",https://murraystreetcoffee.com,Yes,(214) 655-2808,,2.0,35.0,32.7959541,-96.873776,coffee shop,Food & Restaurant,75203,,,,,,,No,no_contact_found
Houndstooth Coffee,"1900 N Henderson Ave, Dallas, TX 75206",https://houndstoothcoffee.com,Yes,(972) 863-9080,,5.0,55.0,32.7959541,-96.873776,coffee shop,Food & Restaurant,75203,,,,,,,No,no_contact_found
Triumphs Espresso & Whiskey,"141 Manufacturing St Suite 110, Dallas, TX 75207",https://triumphsdallas.com,Yes,,,0.0,51.0,32.794223,-96.9031385,espresso bar,General,75203,,,,,,,No,no_contact_found
Wayward Coffee Co,"1318 W Davis St, Dallas, TX 75208",https://waywardcoffee.co,Yes,,,3.0,30.0,32.794223,-96.9031385,espresso bar,General,75203,info@waywardcoffee.co,,,info@waywardcoffee.co,https://www.facebook.com/waywardcoffeeco,https://www.instagram.com/waywardcoffeeco,Yes,found_homepage
Tierra a Taza Coffee Co.,"Entrance on, 1800 N Field St, Munger Ave Suite 125, Dallas, TX 75202",https://tatcoffeeco.com,Yes,,,3.0,5.0,32.7801915,-96.870307,espresso bar,General,75203,,,,,https://www.facebook.com/TATCoffeeLife/,https://www.instagram.com/tatcoffeelife,No,no_contact_found
Urban Coffee,"901 Main St C117, Dallas, TX 75202",https://theurbancoffee.com,Yes,(214) 741-7400,,2.0,4.0,32.7801915,-96.870307,espresso bar,General,75203,,,,,,,No,no_contact_found
Espumoso Empanada + Espresso Bar,"3417 Gaston Ave #130, Dallas, TX 75246",https://espumosocaffe.com,Yes,(214) 459-1920,,7.0,25.0,32.8125933,-96.8342849,espresso bar,General,75203,,,,,https://www.facebook.com/espumosocaffe,https://www.instagram.com/espumosocaffe,No,no_contact_found
Khroma Coffee,"3401 Main St, Dallas, TX 75226",https://jemstudiosdallas.com,Yes,,,6.0,7.0,32.8125933,-96.8342849,espresso bar,General,75203,jemstudiosdallas@gmail.com,,,jemstudiosdallas@gmail.com,https://www.facebook.com/profile.php?id=61554140998198,https://www.instagram.com/jemstudiosdallas/?hl=en,Yes,found_homepage
Ascension Coffee Roasters - Roasting Facility (not a Cafe),"2500 Farrington St #180, Dallas, TX 75207",https://ascension.coffee,Yes,(469) 206-3371,,,,32.8296645,-96.8919191,espresso bar,General,75203,,,,,https://www.facebook.com/AscensionCoffee/,https://www.instagram.com/ascensioncoffee/,No,no_contact_found
Cultivar Coffee Roasting Co.,"1717 Main St #120, Dallas, TX 75201",https://cultivarcoffee.com,Yes,,,,,32.7404872,-96.8883423,espresso bar,General,75203,hello@cultivarcoffee.com,,,hello@cultivarcoffee.com,,https://instagram.com/cultivarcoffee,Yes,found_homepage
JW Market,"800 N Harwood St, Dallas, TX 75201",https://marriott.com,Yes,(214) 347-9499,,0.0,1.0,32.7867826,-96.8709178,espresso bar,General,75203,,,,,,,No,no_contact_found
Atlas Bishop Arts,"408 N Bishop Ave #101, Dallas, TX 75208",https://atlascocktailbar.com,Yes,(972) 970-9663,,2.0,45.0,32.7867826,-96.8709178,espresso bar,General,75203,b.williams@atlascocktailbar.com,ftwphone@atlascocktailbar.com,,b.williams@atlascocktailbar.com | ftwphone@atlascocktailbar.com,https://www.facebook.com/AtlasBishopArts/,https://www.instagram.com/atlasbishoparts,Yes,found_homepage
BeKinder Coffee,"6500 Greenville Ave ste 170, Dallas, TX 75206",https://bekindercoffeeus.org,Yes,(214) 776-9382,,1.0,8.0,32.8644742,-96.8390778,espresso bar,General,75203,sales@bekindercoffeeus.org,,,sales@bekindercoffeeus.org,https://www.facebook.com/BeKinderCoffee/,https://www.instagram.com/bekindercoffee/,Yes,found_homepage
Lemmon Drop Coffee Shop Dallas,"2505 N Fitzhugh Ave, Dallas, TX 75204",https://lemmondropcoffee.com,Yes,(214) 641-6377,,7.0,4.0,32.8115647,-96.8466554,espresso bar,General,75203,events@lemmondropcoffee.com,,,events@lemmondropcoffee.com,,https://www.instagram.com/lemmondropdallas/,Yes,found_homepage
Kaffeine Shop,"13440 T I Blvd Suite 1, Dallas, TX 75243",https://kaffeineshop.com,Yes,(214) 643-6477,,4.0,22.0,32.9304895,-96.8206393,espresso bar,General,75203,info@kaffeineshop.com,,,info@kaffeineshop.com,https://www.facebook.com/Kaffeineshopdallas/,https://www.instagram.com/Kaffeineshopdallas/,Yes,found_homepage
Sip Stir Coffee House,"3800 McKinney Ave #180, Dallas, TX 75204",https://sipstircoffeehouse.com,Yes,(469) 518-1117,,6.0,67.0,32.8091548,-96.8672521,espresso bar,General,75203,,,,,https://www.facebook.com/sipstircoffee/,http://instagram.com/sipstircoffee,No,no_contact_found
Noble Coyote Coffee Roasters,"819 Exposition Ave, Dallas, TX 75226",https://noblecoyotecoffee.com,Yes,(214) 321-4321,,8.0,21.0,32.7822861,-96.8394381,coffee roaster,Food & Restaurant,75203,marta@noblecoyotecoffee.com,,,marta@noblecoyotecoffee.com,https://www.facebook.com/noblecoyotecoffeeroasters/,http://instagram.com/noblecoyotecoffee,Yes,found_homepage
Tweed Coffee Roasters,"1355 Motor Cir, Dallas, TX 75207",https://tweedcoffee.com,Yes,,,8.0,1.0,32.7657895,-96.9175427,coffee roaster,Food & Restaurant,75203,howdy@tweedcoffee.com,,,howdy@tweedcoffee.com,,https://www.instagram.com/tweedcoffee/,Yes,found_homepage
Dilla Coffee Roasters,"3823 Ross Ave, Dallas, TX 75204",https://dillacoffee.com,Yes,(214) 821-9596,,1.0,2.0,32.7988656,-96.8575672,coffee roaster,Food & Restaurant,75203,,,,,https://www.facebook.com/originaldillacoffee/,https://www.instagram.com/dillacoffee/,No,no_contact_found
Wayward Coffee Co,"2025 E Irving Blvd #102, Dallas, TX 75207",https://waywardcoffee.co,Yes,,,4.0,34.0,32.7496746,-96.895721,coffee roaster,Food & Restaurant,75203,info@waywardcoffee.co,,,info@waywardcoffee.co,https://www.facebook.com/waywardcoffeeco,https://www.instagram.com/waywardcoffeeco,Yes,found_homepage
Frame Coffee Co.,"104 Cole St, Dallas, TX 75207",https://framecoffeeco.com,Yes,,,6.0,1.0,32.7881731,-96.8949858,coffee roaster,Food & Restaurant,75203,,,,,,,No,no_contact_found
Well Grounded Coffee Community at White Rock,"9219 Garland Rd # 2109, Dallas, TX 75218",https://wellgrounded.coffee,Yes,(214) 918-3538,,4.0,32.0,32.8307491,-96.778546,coffee roaster,Food & Restaurant,75203,wellgroundedcoffeecommunity@gmail.com,,,wellgroundedcoffeecommunity@gmail.com,https://www.facebook.com/wellgroundedcoffeeco,https://www.instagram.com/wellgroundedbu/,Yes,found_subpage
Pax & Beneficia Coffee - Victory Park,"1775 Payne St #100, Dallas, TX 75201",https://paxandbeneficia.com,Yes,(972) 803-3903,,7.0,10.0,32.8296645,-96.8919191,coffee roaster,Food & Restaurant,75203,support@paxandbeneficia.com,,,support@paxandbeneficia.com,,,Yes,found_subpage
Cultivar Coffee Roasting Co.,"1155 Peavy Rd, Dallas, TX 75218",https://cultivarcoffee.com,Yes,(469) 387-6289,,6.0,46.0,32.8391169,-96.7697437,coffee roaster,Food & Restaurant,75203,hello@cultivarcoffee.com,,,hello@cultivarcoffee.com,,https://instagram.com/cultivarcoffee,Yes,found_homepage
Mojo's Java,"1220 River Bend Dr Suite 250, Dallas, TX 75247",https://mojosjavatx.com,Yes,(254) 652-4563,,1.0,8.0,32.8162731,-96.9355938,coffee roaster,Food & Restaurant,75203,,,,,https://www.facebook.com/mojosjava/,https://www.instagram.com/mojos_java/,No,no_contact_found
Summer Moon Coffee,"4343 W Northwest Hwy #390, Dallas, TX 75220",https://locations.summermooncoffee.com,Yes,(972) 685-3554,,4.0,32.0,32.8642594,-96.9078999,coffee roaster,Food & Restaurant,75203,,,,,,,No,no_contact_found
White Rock Coffee - Historic Lakewood,"6312 La Vista Dr Suite D, Dallas, TX 75214",https://wrcoffee.com,Yes,(214) 613-2235,,4.0,4.0,32.8124472,-96.8259913,coffee roaster,Food & Restaurant,75203,info@wrcoffee.com,,,info@wrcoffee.com,https://www.facebook.com/whiterockcoffee,https://instagram.com/whiterockcoffee,Yes,found_homepage
Union,"3705 Cedar Springs Rd, Dallas, TX 75219",https://uniondallas.org,Yes,(469) 501-5440,,8.0,67.0,32.793769,-96.8777747,coffee roaster,Food & Restaurant,75203,coffee@uniondallas.org,,,coffee@uniondallas.org,,https://www.instagram.com/uniondallas?igsh=MXFwZjBwbTE0eTBudA==,Yes,found_homepage
LDU Coffee To Go,"2650 N Fitzhugh Ave #100, Dallas, TX 75204",https://lducoffee.com,Yes,(469) 739-1881,,3.0,70.0,32.793769,-96.8777747,coffee roaster,Food & Restaurant,75203,,,,,https://www.facebook.com/lducoffee,https://www.instagram.com/ldu.coffee,No,no_contact_found
Fairgrounds Craft Coffee and Tea,"4514 Cole Ave, Dallas, TX 75205",https://fairgrounds.cafe,Yes,(214) 774-9180,,6.0,27.0,32.793769,-96.8777747,coffee roaster,Food & Restaurant,75203,,,,,https://www.facebook.com/ourfairgrounds/,https://www.instagram.com/ourfairgrounds/,No,no_contact_found
Merit Coffee,"4228 Oak Lawn Ave, Dallas, TX 75219",https://meritcoffee.com,Yes,(469) 759-6221,,7.0,27.0,32.793769,-96.8777747,coffee roaster,Food & Restaurant,75203,shipping@meritcoffee.com,wholesale@meritcoffee.com,info@meritcoffee.com,shipping@meritcoffee.com | wholesale@meritcoffee.com | info@meritcoffee.com,,,Yes,found_subpage
White Rock Coffee,"10105 E NW Hwy, Dallas, TX 75238",https://wrcoffee.com,Yes,(214) 341-4774,,796.0,1.0,32.8646048,-96.7844204,coffee roaster,Food & Restaurant,75203,info@wrcoffee.com,,,info@wrcoffee.com,https://www.facebook.com/whiterockcoffee,https://instagram.com/whiterockcoffee,Yes,found_homepage
Merit Coffee Co.,"7865 Firefall Way Suite 180, Dallas, TX 75230",https://meritcoffee.com,Yes,(469) 206-0213,,6.0,15.0,32.8818143,-96.8432256,coffee roaster,Food & Restaurant,75203,shipping@meritcoffee.com,wholesale@meritcoffee.com,info@meritcoffee.com,shipping@meritcoffee.com | wholesale@meritcoffee.com | info@meritcoffee.com,,,Yes,found_subpage
Cavallini Coffee A Brand of Coffee by Globex America,"2324 Shorecrest Dr, Dallas, TX 75235",https://cavallinicoffee.com,Yes,(214) 353-0328,,6.0,2.0,32.8439834,-96.9413866,coffee roaster,Food & Restaurant,75203,,,,,,,No,no_contact_found
Tre Stelle Coffee Co.,"17390 Preston Rd Suite 210, Dallas, TX 75252",https://trestellecoffeeco.com,Yes,(972) 373-4355,,1.0,42.0,32.9895336,-96.8729568,coffee roaster,Food & Restaurant,75203,contact@trestellecoffeeco.com,,,contact@trestellecoffeeco.com,https://www.facebook.com/Tre-Stelle-Coffee-Co-101818161638598/,https://www.instagram.com/trestellecoffee/,Yes,found_homepage
Window Seat Coffee,"3018 Greenville Ave, Dallas, TX 75206",https://windowseatcoffee.com,Yes,(972) 645-7128,,9.0,17.0,32.8256516,-96.8419777,coffee roaster,Food & Restaurant,75203,contact@windowseatcoffee.com,,,contact@windowseatcoffee.com,,https://www.instagram.com/windowseatcoffee/,Yes,found_homepage
Easton Road Coffee,"11619 Cimarec St, Dallas, TX 75218",https://eastonroadcoffee.com,Yes,(214) 556-5896,,,,32.8519863,-96.7672683,coffee roaster,Food & Restaurant,75203,,,,,https://www.facebook.com/EastonRoadCoffee,,No,no_contact_found
Drip Coffee,"3888 Oak Lawn Ave, Dallas, TX 75219",https://dripcoffeeco.com,Yes,(469) 779-7089,,3.0,13.0,32.8159419,-96.8739439,coffee roaster,Food & Restaurant,75203,,,,,https://www.facebook.com/dripcoffeeco/,http://instagram.com/dripcoffeeco,No,no_contact_found
White Rock Coffee - University Park,"6715 Hillcrest Ave, Dallas, TX 75205",https://wrcoffee.com,Yes,(469) 759-6845,,8.0,5.0,32.8159419,-96.8739439,coffee roaster,Food & Restaurant,75203,info@wrcoffee.com,,,info@wrcoffee.com,https://www.facebook.com/whiterockcoffee,https://instagram.com/whiterockcoffee,Yes,found_homepage
El Porton Coffee,"9540 Garland Rd STE 401, Dallas, TX 75218",https://elportoncoffee.com,Yes,,,6.0,24.0,32.8338392,-96.7730556,coffee roaster,Food & Restaurant,75203,info@elportoncoffee.com,,,info@elportoncoffee.com,,https://www.instagram.com/elportoncoffee/,Yes,found_homepage
NATIVE COFFEE CO.,"4319 Alpha Rd, Dallas, TX 75244",https://thenativecoffeecompany.com,Yes,(214) 217-4744,,8.0,79.0,32.9334027,-96.9074869,coffee roaster,Food & Restaurant,75203,,,,,,,No,no_contact_found
Civil Pour Coffee + Beer,"8061 Walnut Hill Ln # 924, Dallas, TX 75231",https://civilpour.com,Yes,(972) 290-0216,,9.0,88.0,32.882032,-96.8397008,coffee roaster,Food & Restaurant,75203,,,,,https://www.facebook.com/civilpour/,https://instagram.com/civilpourtx,No,no_contact_found
TX Tea Room,"2815 Main St Suite B, Dallas, TX 75226",https://txtearoom.com,Yes,,,3.0,5.0,32.7477437,-97.4017418,tea house,Food & Restaurant,75203,info@txtearoom.com,,,info@txtearoom.com,https://www.facebook.com/profile.php?id=61565407216088,http://instagram.com/txtearoom,Yes,found_homepage
chasen matcha bar,"416 N Tyler St, Dallas, TX 75208",https://chasenmatchabar.com,Yes,,,5.0,11.0,32.7477437,-97.4017418,tea house,Food & Restaurant,75203,,,,,,,No,no_contact_found
Zakti The culture of tea,"1300 S Polk St #225, Dallas, TX 75224",https://zakti.com,Yes,(855) 924-7270,,,,32.7477437,-97.4017418,tea house,Food & Restaurant,75203,,,,,,,No,no_contact_found
Rakkasan Tea Company,"3002B Commerce St, Dallas, TX 75226",https://rakkasantea.com,Yes,,,4.0,2.0,32.7477437,-97.4017418,tea house,Food & Restaurant,75203,hello@rakkasantea.com,,,hello@rakkasantea.com,https://www.facebook.com/RakkasanTeaCompany/,https://www.instagram.com/rakkasantea/,Yes,found_homepage
The French Room,"1321 Commerce St, Dallas, TX 75202",https://adolphus.com,Yes,(214) 651-3615,,8.0,56.0,32.7477437,-97.4017418,tea house,Food & Restaurant,75203,hello@adolphus.com,,,hello@adolphus.com,https://www.facebook.com/TheAdolphus/,https://www.instagram.com/theadolphushotel/,Yes,found_homepage
Craft Boba Tea,"408 N Bishop Ave # 104, Dallas, TX 75208",https://craftbobatea.com,Yes,(469) 799-5315,,5.0,30.0,32.7477437,-97.4017418,tea house,Food & Restaurant,75203,,,,,,,No,no_contact_found
Tea Around Town,"646 Main St, Dallas, TX 75202",https://topviewtix.com,Yes,(212) 664-0300,,2.0,42.0,32.7477437,-97.4017418,tea house,Food & Restaurant,75203,,,,,,,No,no_contact_found
Bo Tea House,"9788 Walnut St Ste 120, Dallas, TX 75243",https://toasttab.com,Yes,(972) 803-5601,,5.0,21.0,32.7477437,-97.4017418,tea house,Food & Restaurant,75203,,,,,,,No,no_contact_found
Danfe Tea  Weekend Booth at Dallas Farmers Market,"Farmers Market, 131 Taylor St, Dallas, TX 75201",https://danfetea.com,Yes,(214) 335-9139,,6.0,32.0,32.7477437,-97.4017418,tea house,Food & Restaurant,75203,info@danfetea.com,,,info@danfetea.com,https://www.facebook.com/yourdanfe/,https://www.instagram.com/danfetea/,Yes,found_homepage
Forestwood Garden Tea Room,"5333 Forest Ln, Dallas, TX 75244",https://forestwoodmercantile.com,Yes,(972) 308-0060,,9.0,5.0,32.7477437,-97.4017418,tea house,Food & Restaurant,75203,clare@forestwoodmall.com,,,clare@forestwoodmall.com,https://www.facebook.com/forestwoodmall,https://www.instagram.com/forestwoodantiquesdallas/,Yes,found_homepage
Beatitudes Tea Room,"275 Market St, Lake Dallas, TX 75065",https://beatitudestearoom.com,Yes,(972) 987-9637,,2.0,23.0,33.1200107,-97.6033565,tea house,Food & Restaurant,75203,,,,,,,No,no_contact_found
Lonie,"2575 McKinnon St, Dallas, TX 75201",https://leoniedallas.com,Yes,(469) 405-1911,,4.0,8.0,33.1200107,-97.6033565,tea house,Food & Restaurant,75203,,,,,https://www.facebook.com/people/L%C3%A9onie/61578973727759/,https://www.instagram.com/leonie_hotelswexan,No,no_contact_found
Edylicious Tea Room,"621 N Hampton Rd Suite 110A, DeSoto, TX 75115",https://edylicious.com,Yes,(972) 274-1261,,0.0,3.0,32.6000694,-97.4344559,tea house,Food & Restaurant,75203,,,,,https://www.facebook.com/edylicioustearoom,https://www.instagram.com/edylicioustearoom/,No,no_contact_found
Brown Bag Coffees & Tea,"7610 N Stemmons Fwy suite 180, Dallas, TX 75247",https://brownbagcoffeeandtea.com,Yes,(214) 242-8524,,4.0,5.0,32.6000694,-97.4344559,tea house,Food & Restaurant,75203,,,,,,,No,no_contact_found
Craft Boba Tea,"320 Singleton Blvd #180, Dallas, TX 75212",https://craftbobatea.com,Yes,(972) 809-9557,,9.0,15.0,32.6000694,-97.4344559,tea house,Food & Restaurant,75203,,,,,,,No,no_contact_found
Teak Tearoom,"Second Floor Inside The Conservatory, 100 Highland Park Village, Dallas, TX 75205",https://instagram.com,Yes,(972) 863-8590,,,,32.6000694,-97.4344559,tea house,Food & Restaurant,75203,,,,,,,No,no_contact_found
HTeaO - Dallas (Frankford & Marsh),"3743 Frankford Rd, Dallas, TX 75287",https://hteao.com,Yes,(469) 310-0257,,3.0,50.0,32.9973668,-97.4259926,tea house,Food & Restaurant,75203,,,,,https://www.facebook.com/HTeaO/,https://www.instagram.com/hteao,No,no_contact_found
Pattea Lou's Tea Room,"770 S Main St Ste 430, Keller, TX 76248",https://pattealous.com,Yes,(682) 593-0139,,5.0,12.0,32.9217891,-97.8318695,tea house,Food & Restaurant,75203,info@pattealous.com,,,info@pattealous.com,,,Yes,found_homepage
Chocolate Angel Cafe & Tea Room,"635 W Campbell Rd, Richardson, TX 75080",https://chocolateangel.com,Yes,(972) 234-8099,,9.0,39.0,32.9772353,-97.3184026,tea house,Food & Restaurant,75203,chocolateangelrichardson@gmail.com,chocolateangel.highstreet@gmail.com,,chocolateangelrichardson@gmail.com | chocolateangel.highstreet@gmail.com,https://www.facebook.com/ChocolateAngelCafe,https://www.instagram.com/chocolateangelcafeandbakery/,Yes,found_homepage
The Trove,"320 W Seventh St, Dallas, TX 75208",https://eventbrite.com,Yes,(469) 994-8499,,9.0,37.0,32.9772353,-97.3184026,tea house,Food & Restaurant,75203,,,,,https://www.facebook.com/Eventbrite,https://www.instagram.com/eventbrite,No,no_contact_found
Coco's Tea Room & Bistro,"1641 W Northwest Hwy, Grapevine, TX 76051",https://cocostearoom.com,Yes,(817) 677-9660,,3.0,6.0,32.9396933,-97.6695752,tea house,Food & Restaurant,75203,cocos.tearoom@yahoo.com,,,cocos.tearoom@yahoo.com,https://www.facebook.com/Cocos-Tea-Room-and-Bistro-199209310216992/,https://www.instagram.com/cocostearoomandbistro/,Yes,found_subpage
Rose Garden Tea Room Arlington,"4720 S Cooper St, Arlington, TX 76017",https://therosegardentearoom.com,Yes,(817) 795-3093,,6.0,45.0,32.9396933,-97.6695752,tea house,Food & Restaurant,75203,therosegardentearoom@yahoo.com,,,therosegardentearoom@yahoo.com,https://www.facebook.com/2282675172021976,https://www.instagram.com/the_rosegardentearoomgl,Yes,found_homepage
TeaLatte Bar,"7517 Campbell Rd #608, Dallas, TX 75248",https://tealattebarrichardson.com,Yes,(945) 544-7816,,8.0,18.0,32.9791133,-97.3480497,tea house,Food & Restaurant,75203,tealattebaratdallas@gmail.com,,,tealattebaratdallas@gmail.com,https://www.facebook.com/tealattebar.richardson,https://www.instagram.com/tealattebar.richardson/,Yes,found_homepage
The Cultured Cup,"13731 Omega Rd, Farmers Branch, TX 75244",https://theculturedcup.com,Yes,(972) 960-1521,,3.0,22.0,32.9791133,-97.3480497,tea house,Food & Restaurant,75203,info@theculturedcup.com,,,info@theculturedcup.com,https://www.facebook.com/TheCulturedCup,https://www.instagram.com/theculturedcup/,Yes,found_homepage
Little Blue Bistro,"320 W Eighth St, Dallas, TX 75208",https://littlebluebistro.com,Yes,(214) 247-6454,,9.0,6.0,32.9791133,-97.3480497,tea house,Food & Restaurant,75203,,,,,,,No,no_contact_found
The Taschen Library,"1530 Main St STE 100, Dallas, TX 75201",https://thejouledallas.com,Yes,(214) 748-1300,,0.0,1.0,32.9791133,-97.3480497,tea house,Food & Restaurant,75203,,,,,https://www.facebook.com/TheJouleHotel/,https://www.instagram.com/thejouledallas,No,no_contact_found
Pillar,"408 N Bishop Ave #108, Dallas, TX 75208",https://pillardallas.com,Yes,(972) 803-3274,,5.0,16.0,32.9791133,-97.3480497,tea house,Food & Restaurant,75203,,,,,,,No,no_contact_found
The Rose Garden Tearoom Fort Worth,"7200 Camp Bowie Blvd, Fort Worth, TX 76116",https://the-mercantile.com,Yes,(817) 731-7673,,2.0,19.0,32.7188674,-98.0182171,tea house,Food & Restaurant,75203,info@the-mercantile.com,,,info@the-mercantile.com,https://www.facebook.com/themercantilefortworth/,https://www.instagram.com/themercantilefortworth/,Yes,found_homepage
Secret Garden Tea Room,"2601 Montgomery St, Fort Worth, TX 76107",https://montgomerystreetantiquemall.com,Yes,(817) 763-9787,,2.0,37.0,32.7188674,-98.0182171,tea house,Food & Restaurant,75203,,,,,https://www.facebook.com/Montgomery-Street-Antique-Mall-559907257355459/,,No,no_contact_found
MIRADOR,"1608 Elm St, Dallas, TX 75201",https://mirador-dallas.com,Yes,(214) 945-8200,,1.0,27.0,32.7426826,-97.3971592,tea house,Food & Restaurant,75203,,,,,,,No,no_contact_found
Tin Tulip Tearoom in the Cooper Street Antique Mall,"4905 S Cooper St Suite B, Arlington, TX 76017",https://cooperstreetantiquemall.com,Yes,(817) 557-8148,,5.0,21.0,32.6665077,-97.7082664,tea house,Food & Restaurant,75203,bigdogjr@gmail.com,,,bigdogjr@gmail.com,https://www.facebook.com/pages/Cooper-Street-Antique-Mall/500817389941704,,Yes,found_homepage
Feng Cha - Belt Line Dallas,"5225 Belt Line Rd #254, Dallas, TX 75254",https://fengchausa.com,Yes,(972) 850-9082,,2.0,41.0,32.9549655,-97.394468,tea house,Food & Restaurant,75203,,,,,https://www.facebook.com/FengChaUS,https://www.instagram.com/fengchausa/,No,no_contact_found
FleurTea,"100 S Main St #101c, Duncanville, TX 75116",https://instagram.com,Yes,(469) 759-6259,,8.0,8.0,32.9549655,-97.394468,tea house,Food & Restaurant,75203,,,,,https://developers.facebook.com/docs/instagram,https://about.instagram.com/,No,no_contact_found
Gong Cha Dallas,"11613 N Central Expy #106A, Dallas, TX 75243",https://gongchausa.com,Yes,(214) 774-9997,,0.0,24.0,32.9549655,-97.394468,tea house,Food & Restaurant,75203,,,,,https://www.facebook.com/gongchatea,https://www.instagram.com/gongchatea/,No,no_contact_found
Mermaid Raw Bar & Champagne Room,"308 N Bishop Ave, Dallas, TX 75208",https://mermaiddallas.com,Yes,(214) 944-5865,,5.0,1.0,32.9549655,-97.394468,tea house,Food & Restaurant,75203,,,,,,http://instagram.com/mermaidbardallas,No,no_contact_found
Nice Mezze Cocktail Bar,"233 W Seventh St Suite 120, Dallas, TX 75208",https://nicemezze.com,Yes,(214) 600-8069,,2.0,60.0,32.9549655,-97.394468,tea house,Food & Restaurant,75203,,,,,,,No,no_contact_found
3 Roses Tea Room & Gifts,"221 W Oak St, Denton, TX 76201",https://squarespace.com,Yes,(940) 783-1919,,8.0,6.0,33.2153165,-97.7114875,tea house,Food & Restaurant,75203,,,,,,,No,no_contact_found
Victorian Lady Tea Room,"114 E Market St, Mabank, TX 75147",https://m.facebook.com,Yes,(903) 887-1837,,4.0,24.0,32.366069,-96.6772592,tea house,Food & Restaurant,75203,,,,,,,No,no_contact_found
Hugos Seafood Bar,"334 W Davis St, Dallas, TX 75208",https://hugoseafoodbar.com,Yes,(214) 242-8651,,8.0,10.0,32.7493045,-97.4049057,tea house,Food & Restaurant,75203,,,,,,http://instagram.com/hugosbishoparts,No,no_contact_found
Lavishing Teas,"231 Texas St, Cedar Hill, TX 75104",https://lavishretreatspa.com,Yes,(469) 526-3444,,9.0,4.0,32.7493045,-97.4049057,tea house,Food & Restaurant,75203,lavishretreatspa@gmail.com,,,lavishretreatspa@gmail.com,https://www.facebook.com/LavishRetreatSpa/,https://www.instagram.com/lavishretreatspa/,Yes,found_homepage
Waterboy,"2645 S Hampton Rd, Dallas, TX 75224",https://facebook.com,Yes,(214) 337-3700,,7.0,32.0,32.7493045,-97.4049057,tea house,Food & Restaurant,75203,,,,,,,No,no_contact_found
ONEE Social Restaurant (formally Fivee Bistro),"1319 Botham Jean Blvd, Dallas, TX 75215",https://oneesocial.com,Yes,(972) 310-6166,,2.0,80.0,32.7493045,-97.4049057,tea house,Food & Restaurant,75203,info@oneesocial.com,,,info@oneesocial.com,https://www.facebook.com/liveatthefive,https://www.instagram.com/fiveebistrobar/,Yes,found_subpage
Besos Day & Night,"114 W Seventh St, Dallas, TX 75208",https://luxxgrouphospitality.com,Yes,(945) 367-1965,,2.0,4.0,32.7493045,-97.4049057,tea house,Food & Restaurant,75203,,,,,,,No,no_contact_found
Marys Rose Garden,"2240 Justin Rd, Highland Village, TX 75077",https://marysrosegarden.com,Yes,(214) 222-5114,,7.0,1.0,32.7493045,-97.4049057,tea house,Food & Restaurant,75203,rosegardenhv@yahoo.com,,,rosegardenhv@yahoo.com,https://www.facebook.com/profile.php?id=100093780870753&paipv=0&eav=Afa-ExkylMFaZD-YrcRsDP6oUWbNSsI2AQFQTchhuvwO_LAYyBqMROj_c8tjut81RlQ,https://www.instagram.com/marysrosegardenhv/,Yes,found_homepage
waddle tea.co,"921 W Commerce St, Dallas, TX 75208",https://waddletea.co,Yes,(945) 304-1542,,,,32.7482307,-97.4049615,boba tea shop,Food & Restaurant,75203,,,,,https://www.facebook.com/,https://www.instagram.com/,No,no_contact_found
FruTea Boba,"211 S Akard St STE 108, Dallas, TX 75202",https://fruteaboba.com,Yes,(901) 486-6515,,6.0,10.0,32.7482307,-97.4049615,boba tea shop,Food & Restaurant,75203,info@mysite.com,customerservice@fruteaboba.com,,info@mysite.com | customerservice@fruteaboba.com,https://www.facebook.com/profile.php?id=61578731338363&sk=photos,https://www.instagram.com/fruteaboba?igsh=MWN0emVuMXlodG5qYw%3D%3D&utm_source=qr,Yes,found_homepage
FENG CHA - Greenville Ave Dallas,"1917 Greenville Ave #130, Dallas, TX 75206",https://fengchausa.com,Yes,(469) 824-9991,,6.0,21.0,32.7482307,-97.4049615,boba tea shop,Food & Restaurant,75203,,,,,https://www.facebook.com/FengChaUS,https://www.instagram.com/fengchausa/,No,no_contact_found
Craft Boba Tea,"6105 Greenville Ave, Dallas, TX 75206",https://craftbobatea.com,Yes,(214) 789-4449,,7.0,44.0,32.7482307,-97.4049615,boba tea shop,Food & Restaurant,75203,,,,,,,No,no_contact_found
Mochio Mochi Donut & Boba Tea,"5420 Ross Ave #160, Dallas, TX 75206",https://mochiodonut.com,Yes,(214) 613-6216,,6.0,23.0,32.7482307,-97.4049615,boba tea shop,Food & Restaurant,75203,,,,,,,No,no_contact_found
Family Thais Asian Bistro,"at Pacific on train tracks, 208 N Market St #150, Dallas, TX 75202",https://thaifooddallas.com,Yes,(972) 773-9950,,243.0,1.0,32.7482307,-97.4049615,boba tea shop,Food & Restaurant,75203,,,,,,,No,no_contact_found
Boba LIcious Catering DFW,"1126 S Hampton Rd suite 100, Dallas, TX 75208",https://instagram.com,Yes,(469) 744-1494,,,,32.7482307,-97.4049615,boba tea shop,Food & Restaurant,75203,,,,,,,No,no_contact_found
Hugs Cafe Dallas,"2918 Live Oak St, Dallas, TX 75204",https://hugscafe.org,Yes,(469) 301-6900,,0.0,3.0,32.7482307,-97.4049615,boba tea shop,Food & Restaurant,75203,,,,,https://www.facebook.com/HugsCafe,https://www.instagram.com/hugscafe/?hl=en,No,no_contact_found
Olmo Market,"2111 S Edgefield Ave, Dallas, TX 75224",https://cocoandre.com,Yes,(214) 941-3030,,5.0,13.0,32.7482307,-97.4049615,boba tea shop,Food & Restaurant,75203,info@cocoandre.com,,,info@cocoandre.com,https://www.facebook.com/cocoandre/,https://www.instagram.com/cocoandre_chocolatier/p/DBhBakwPOXc/?img_index=1,Yes,found_subpage
La Chula Michoacana,"211 Jefferson Blvd, Dallas, TX 75208",https://orderlachulamichoacanatx.com,Yes,(214) 238-0513,,1.0,38.0,32.7482307,-97.4049615,boba tea shop,Food & Restaurant,75203,,,,,,,No,no_contact_found
Yely,"6760 Abrams Rd #115, Dallas, TX 75231",https://yely.one,Yes,(469) 261-9006,,5.0,24.0,32.7482307,-97.4049615,boba tea shop,Food & Restaurant,75203,admin@yely.one,,,admin@yely.one,https://www.facebook.com/yelycafe,https://www.instagram.com/yelycafe/,Yes,found_homepage
Sweet Rice Street Eats | Bishop,"831 W Davis St, Dallas, TX 75208",https://sweetricetx.com,Yes,(214) 613-6244,,5.0,26.0,32.7482307,-97.4049615,boba tea shop,Food & Restaurant,75203,,,,,https://www.facebook.com/sweetricetx,https://www.instagram.com/sweetricetx/,No,no_contact_found
Fat Straws Boba & Mochi Donuts (Alpha & Noel),"5301 Alpha Rd #38, Dallas, TX 75240",https://fatstraws.com,Yes,(972) 702-8181,,6.0,46.0,32.7482307,-97.4049615,boba tea shop,Food & Restaurant,75203,,,,,https://www.facebook.com/fatstraws,https://www.instagram.com/fatstraws/,No,no_contact_found
Hyphen Space,"4100 Commerce St #6, Dallas, TX 75226",https://hyphenspace.co,Yes,(469) 209-9430,,9.0,14.0,32.7482307,-97.4049615,boba tea shop,Food & Restaurant,75203,info@hyphenspace.co,,,info@hyphenspace.co,,,Yes,found_homepage
Feng Cha Irving,"2612 N Belt Line Rd, Irving, TX 75062",https://toasttab.com,Yes,(972) 600-8207,,3.0,88.0,32.7482307,-97.4049615,boba tea shop,Food & Restaurant,75203,,,,,,,No,no_contact_found
Asian Street Food,"2315 Burlington Blvd, Dallas, TX 75208",https://asianstreetfood.us,Yes,(469) 372-1010,,0.0,26.0,32.7482307,-97.4049615,boba tea shop,Food & Restaurant,75203,jensweetdreams@yahoo.com,,,jensweetdreams@yahoo.com,,,Yes,found_homepage
Feng Cha Grand Prairie,"1020 Mayfield Rd Suite 610, Grand Prairie, TX 75052",https://fengchausa.com,Yes,(972) 639-3163,,0.0,64.0,32.7482307,-97.4049615,boba tea shop,Food & Restaurant,75203,,,,,https://www.facebook.com/FengChaUS,https://www.instagram.com/fengchausa/,No,no_contact_found
Squishies Boba,"9850 Walnut Hill Ln #203, Dallas, TX 75238",https://facebook.com,Yes,(972) 807-2562,,0.0,26.0,32.7482307,-97.4049615,boba tea shop,Food & Restaurant,75203,,,,,,,No,no_contact_found
Sharetea,"13350 Dallas Pkwy #520, Dallas, TX 75240",https://1992sharetea.com,Yes,(214) 484-1482,,4.0,62.0,32.7482307,-97.4049615,boba tea shop,Food & Restaurant,75203,service@1992sharetea.com,,,service@1992sharetea.com,https://www.facebook.com/shareteausa,https://www.instagram.com/sharetea,Yes,found_homepage
Boba Tea & Treats,"4135 Belt Line Rd, Addison, TX 75001",https://bobateatreats.com,Yes,(972) 239-5544,,2.0,39.0,32.7482307,-97.4049615,boba tea shop,Food & Restaurant,75203,,,,,https://www.facebook.com/BobateatreatsAddison,https://www.instagram.com/boba.teatreats/,No,no_contact_found
The Dolly Llama,"2817 Howell St Suite 210, Dallas, TX 75204",https://thedollyllamaus.com,Yes,(972) 480-7661,,3.0,63.0,32.7482307,-97.4049615,boba tea shop,Food & Restaurant,75203,,,,,,,No,no_contact_found
Bubble Shubble Boba Tea,"1111 Coker St, Irving, TX 75062",https://facebook.com,Yes,(972) 457-0600,,4.0,9.0,32.7482307,-97.4049615,boba tea shop,Food & Restaurant,75203,,,,,,,No,no_contact_found
9 Rabbits Bakery,"2546 Royal Ln, Dallas, TX 75229",https://9rabbitsbakery.com,Yes,(972) 243-4478,,400.0,1.0,32.7482307,-97.4049615,boba tea shop,Food & Restaurant,75203,,,,,https://www.facebook.com/9rabbitsxbobahouse/,https://www.instagram.com/9rabbits/?hl=en,No,no_contact_found
Boba Latte,"115 S Greenville Ave # 113, Richardson, TX 75081",https://bobalatte.com,Yes,(972) 480-8889,,4.0,86.0,32.7482307,-97.4049615,boba tea shop,Food & Restaurant,75203,info@bobalatte.com,,,info@bobalatte.com,https://www.facebook.com/bobalatte/,http://www.instagram.com/boba_latte,Yes,found_homepage
Chicha San Chen,"2225 Old Denton Rd STE 135, Carrollton, TX 75006",https://chichasanchentx.com,Yes,(469) 892-2082,,5.0,39.0,32.7482307,-97.4049615,boba tea shop,Food & Restaurant,75203,chichasanchen.carrolltontx@gmail.com,bobaatx88@gmail.com,,chichasanchen.carrolltontx@gmail.com | bobaatx88@gmail.com,https://www.facebook.com/chichasanchensocal/,https://www.instagram.com/chichasanchen.tx/,Yes,found_homepage
Fat Straws Boba & Mochi Donuts (Forest),"11810 Preston Rd #150, Dallas, TX 75230",https://fatstraws.com,Yes,(469) 547-2195,,4.0,55.0,32.7482307,-97.4049615,bubble tea cafe,Food & Restaurant,75203,,,,,https://www.facebook.com/fatstraws,https://www.instagram.com/fatstraws/,No,no_contact_found
Bubble Bubble Tea House - Rockwall,"493 E Interstate 30, Rockwall, TX 75087",https://bubblebubbleteahouse.com,Yes,(469) 434-0492,,2.0,61.0,32.893542,-97.0486802,bubble tea cafe,Food & Restaurant,75203,,,,,,,No,no_contact_found
TP Tea - Richardson,"400 N Greenville Ave #14, Richardson, TX 75081",https://pos.chowbus.com,Yes,(972) 685-6902,,1.0,29.0,32.8001562,-97.3782074,bubble tea cafe,Food & Restaurant,75203,,,,,,,No,no_contact_found
Heath Boba Tea & Desserts,"515 Laurence Dr, Heath, TX 75032",https://heathbobatea.uorder.io,Yes,(469) 338-5287,,3.0,21.0,32.8411093,-97.0477235,bubble tea cafe,Food & Restaurant,75203,,,,,,,No,no_contact_found
rocketbelly,"300 E Abram St #150, Arlington, TX 76010",https://rocketbelly.net,Yes,,,6.0,43.0,32.7354086,-97.6810694,bubble tea cafe,Food & Restaurant,75203,hi@rocketbelly.net,,,hi@rocketbelly.net,,,Yes,found_subpage
Rosi's Salvadoran Fusion Cuisine,"313 W Jefferson Blvd, Dallas, TX 75208",https://rosisrestaurants.com,Yes,(214) 200-3070,,3.0,17.0,32.7404872,-96.8883423,diner,Food & Restaurant,75203,rosis.sfc@gmail.com,,,rosis.sfc@gmail.com,https://www.facebook.com/ROSISCUISINE?mibextid=ZbWKwL,https://www.instagram.com/rosis_salvadoran_fusion/#,Yes,found_homepage
Original Market Diner,"4434 Harry Hines Blvd, Dallas, TX 75219",https://originalmarketdiner.com,Yes,(214) 521-0992,,289.0,3.0,32.8059834,-96.9001607,diner,Food & Restaurant,75203,originalmarketdiner@yahoo.com,,,originalmarketdiner@yahoo.com,,,Yes,found_homepage
Gonzalez Restaurant,"416 W Jefferson Blvd, Dallas, TX 75208",https://gonzalestexmexdallas.com,Yes,(214) 946-5333,,232.0,2.0,32.7488035,-96.9002824,diner,Food & Restaurant,75203,reygan2@aol.com,,,reygan2@aol.com,,https://www.instagram.com/gonzalezonjefferson/,Yes,found_homepage
La Comida Mexican Kitchen and Cocktails,"1101 N Beckley Ave, Dallas, TX 75203",https://lacomidamexicankitchentx.com,Yes,(214) 272-7437,,5.0,81.0,32.7488035,-96.9002824,diner,Food & Restaurant,75203,mariolacomida@gmail.com,,,mariolacomida@gmail.com,https://facebook.com/513695375431721,,Yes,found_homepage
Mama's Daughters' Diner,"2014 Irving Blvd, Dallas, TX 75207",https://mamasdaughtersdiner.com,Yes,(214) 742-8646,,378.0,3.0,32.7952723,-96.9001884,diner,Food & Restaurant,75203,,,,,https://www.facebook.com/mamasdaughtersdiner,,No,no_contact_found
3Eleven Kitchen and Cocktails,"311 N Market St # 100, Dallas, TX 75202",https://3elevendallas.com,Yes,(214) 744-1423,,542.0,5.0,32.741608,-96.9010829,diner,Food & Restaurant,75203,filler@godaddy.com,,,filler@godaddy.com,,,Yes,found_homepage
Doc B's Restaurant,"2021 McKinney Ave #190, Dallas, TX 75201",https://docbsrestaurant.com,Yes,(469) 998-2330,,7.0,95.0,32.790975,-96.8758202,diner,Food & Restaurant,75203,,,,,,,No,no_contact_found
Victor's Restaurant & Bar,"3022 W Davis St, Dallas, TX 75211",https://victorsdallas.com,Yes,(469) 577-4177,,6.0,82.0,32.7494073,-96.9431299,diner,Food & Restaurant,75203,contact@victorsdallas.com,,,contact@victorsdallas.com,https://www.facebook.com/victorsdallas,https://www.instagram.com/victorsdfw,Yes,found_homepage
Maple Leaf Diner,"12817 Preston Rd #129, Dallas, TX 75230",https://mldiner.com,Yes,(214) 434-1626,,194.0,5.0,32.923259,-96.8774778,diner,Food & Restaurant,75203,info@mldiner.com,,,info@mldiner.com,https://www.facebook.com/MapleLeafDiner/,,Yes,found_subpage
The Free Man Cajun Cafe & Lounge,"2630 Commerce St, Dallas, TX 75226",https://freemandallas.com,Yes,,,651.0,3.0,32.7826364,-96.857048,diner,Food & Restaurant,75203,thefreemandallas@gmail.com,,,thefreemandallas@gmail.com,https://www.facebook.com/100064738204718,https://www.instagram.com/thefreemandallas,Yes,found_homepage
Nova,"1417 W Davis St, Dallas, TX 75208",https://novadallas.com,Yes,(214) 484-7123,,22.0,1.0,32.749796,-96.9169994,diner,Food & Restaurant,75203,,,,,https://www.facebook.com/NovaDallasTX,,No,no_contact_found
Fearing's Restaurant,"2121 McKinney Ave, Dallas, TX 75201",https://fearingsrestaurant.com,Yes,(214) 922-4848,,124.0,1.0,32.7680192,-96.8685598,diner,Food & Restaurant,75203,s@ritzcarlton.com,,,s@ritzcarlton.com,https://www.facebook.com/FearingsRestaurant,https://www.instagram.com/fearingsdallas/,Yes,found_homepage
Sketches of Spain,"321 N Zang Blvd, Dallas, TX 75208",https://sketchesofspain.com,Yes,(214) 484-6006,,622.0,1.0,32.7680192,-96.8685598,diner,Food & Restaurant,75203,,,,,,,No,no_contact_found
The Metropolitan On Main | Restaurant & Bar | Main Street District | Downtown Dallas,"2032 Main St, Dallas, TX 75201",https://themetropolitanonmain.com,Yes,(214) 741-2233,,5.0,33.0,32.7680192,-96.8685598,diner,Food & Restaurant,75203,info@themetropolitancafedallas.com,,,info@themetropolitancafedallas.com,https://www.facebook.com/176728435529489,https://www.instagram.com/themetropolitanonmain,Yes,found_homepage
Hamilton's Restaurant & Cocktail Lounge,"1011 S Akard St, Dallas, TX 75215",https://hamiltonsatlorenzo.com,Yes,(214) 273-3000,,8.0,3.0,32.7680192,-96.8685598,diner,Food & Restaurant,75203,info@lorenzohotel.com,hr@lorenzohotel.com,,info@lorenzohotel.com | hr@lorenzohotel.com,https://m.facebook.com/people/Hamiltons-at-Lorenzo/100065077566311/,https://www.instagram.com/hamiltonsatlorenzo/?hl=en,Yes,found_homepage
El Globo Restaurant,"212 S Llewellyn Ave, Dallas, TX 75208",https://elglobodallas.com,Yes,(214) 617-8739,,5.0,31.0,32.7436464,-96.9040341,diner,Food & Restaurant,75203,elglobotaqueria@yahoo.com,,,elglobotaqueria@yahoo.com,https://www.facebook.com/elgloboDTX/,,Yes,found_homepage
The Henry,"2301 N Akard St Suite 250, Dallas, TX 75201",https://thehenryrestaurant.com,Yes,(972) 677-9560,,405.0,3.0,32.7497698,-96.9133806,American diner,Food & Restaurant,75203,,,,,https://www.facebook.com/TheHenryRestaurant,https://www.instagram.com/thehenryrestaurant,No,no_contact_found
Texas Spice,"555 S Lamar St, Dallas, TX 75202",https://omnihotels.com,Yes,(214) 652-4810,,8.0,74.0,32.768059,-96.8678122,American diner,Food & Restaurant,75203,,,,,,,No,no_contact_found
The Diner,"3330 Belt Line Rd, Farmers Branch, TX 75234",https://dinerdallas.com,Yes,(972) 243-8646,,224.0,2.0,32.9528541,-96.9386749,American diner,Food & Restaurant,75203,,,,,https://www.facebook.com/dinerdallas/,,No,no_contact_found
Encina,"614 W Davis St, Dallas, TX 75208",https://encinadallas.com,Yes,(945) 306-3067,,3.0,43.0,32.7824625,-96.8769511,American diner,Food & Restaurant,75203,encinadallas@icloud.com,,,encinadallas@icloud.com,https://www.facebook.com/EncinaDallas,https://www.instagram.com/encinadallas/,Yes,found_homepage
Asador,"2222 N Stemmons Fwy, Dallas, TX 75207",https://asadorrestaurant.com,Yes,(214) 267-4815,,7.0,40.0,32.7824625,-96.8769511,American diner,Food & Restaurant,75203,asador_reservations@marriott.com,,,asador_reservations@marriott.com,https://www.facebook.com/AsadorDallas/,https://www.instagram.com/asador_dallas/?hl=en,Yes,found_homepage
CBD Provisions,"1530 Main St STE 100, Dallas, TX 75201",https://thejouledallas.com,Yes,(214) 261-4500,,329.0,1.0,32.7824625,-96.8769511,American diner,Food & Restaurant,75203,,,,,https://www.facebook.com/TheJouleHotel/,https://www.instagram.com/thejouledallas,No,no_contact_found
The Rustic,"3656 Howell St, Dallas, TX 75204",https://therustic.com,Yes,(214) 730-0596,,127.0,6.0,32.7824625,-96.8769511,American diner,Food & Restaurant,75203,,,,,,,No,no_contact_found
Haywire,"1920 McKinney Ave Ste 100, Dallas, TX 75201",https://haywirerestaurant.com,Yes,(469) 501-5522,,951.0,1.0,32.7824625,-96.8769511,American diner,Food & Restaurant,75203,,,,,https://www.facebook.com/haywirerestaurant,https://www.instagram.com/haywirerestaurants/,No,no_contact_found
Kitchen + Kocktails,"1933 Elm St, Dallas, TX 75201",https://kitchenkocktailsusa.com,Yes,(469) 472-5445,,259.0,19.0,32.7824625,-96.8769511,American diner,Food & Restaurant,75203,,,,,,,No,no_contact_found
Cafe 43,"2943 SMU Boulevard, Dallas, TX 75205",https://bushcenter.org,Yes,(214) 200-4302,,5.0,16.0,32.8413794,-96.850494,American diner,Food & Restaurant,75203,,,,,https://www.facebook.com/TheBushCenter,https://www.instagram.com/thebushcenter/,No,no_contact_found
Ida Claire,"5001 Belt Line Rd, Dallas, TX 75254",https://ida-claire.com,Yes,(214) 377-8227,,738.0,7.0,32.9544465,-96.8979248,American diner,Food & Restaurant,75203,,,,,https://www.facebook.com/idasouthofordinary,https://www.instagram.com/idasouthofordinary/,No,no_contact_found
Brass Ram,"2130 Commerce St 2nd Floor, Dallas, TX 75201",https://brassram.com,Yes,(469) 677-6170,,8.0,29.0,32.7360215,-96.8698355,American diner,Food & Restaurant,75203,,,,,,,No,no_contact_found
Darren's American Grill,"7602 N Jupiter Rd #100, Garland, TX 75044",https://darrensamericangrill.com,Yes,(972) 414-4009,,6.0,83.0,32.9841702,-96.7540847,American diner,Food & Restaurant,75203,info@darrensamericangrill.com,,,info@darrensamericangrill.com,https://www.facebook.com/DarrensAmGrill/,,Yes,found_homepage
Pyramid,"1717 N Akard St, Dallas, TX 75201",https://pyramidrestaurant.com,Yes,(214) 720-5249,,3.0,15.0,32.7497964,-96.9003622,American diner,Food & Restaurant,75203,,,,,,,No,no_contact_found
Beehive (Restaurant-Bar-Lounge),"1514 Elm St #130, Dallas, TX 75201",https://thebeehiverestaurant.com,Yes,(469) 848-1515,,5.0,39.0,32.7497964,-96.9003622,American diner,Food & Restaurant,75203,,,,,,,No,no_contact_found
Black Bear Diner Mesquite,"3730 Towne Crossing Blvd, Mesquite, TX 75150",https://blackbeardiner.com,Yes,(972) 587-9847,,668.0,1.0,32.8162567,-96.7021325,American diner,Food & Restaurant,75203,,,,,,,No,no_contact_found
Uno Mas Tex Mex,"1525 Main St, Dallas, TX 75201",https://unomastexmex.com,Yes,,,474.0,5.0,32.743438,-96.9010765,American diner,Food & Restaurant,75203,downtowndallas@unomastexmex.com,,,downtowndallas@unomastexmex.com,,https://www.instagram.com/unomastexmex/,Yes,found_homepage
Flower Child,"2101 Cedar Springs Rd, Dallas, TX 75201",https://iamaflowerchild.com,Yes,(469) 904-6310,,3.0,95.0,32.7940761,-96.8784362,American diner,Food & Restaurant,75203,,,,,https://www.facebook.com/EatFlowerChild,https://www.instagram.com/EatFlowerChild/,No,no_contact_found
Ocean Prime,"2101 Cedar Springs Rd #150, Dallas, TX 75201",https://ocean-prime.com,Yes,(214) 965-0440,,88.0,2.0,32.7940761,-96.8784362,American diner,Food & Restaurant,75203,,,,,https://www.facebook.com/OceanPrime/,https://www.instagram.com/oceanprime/,No,no_contact_found
Sevy's Grill,"8201 Preston Rd, Dallas, TX 75225",https://sevys.com,Yes,(214) 265-7389,,9.0,65.0,32.8623876,-96.8769202,American diner,Food & Restaurant,75203,sevyscatering@aol.com,,,sevyscatering@aol.com,https://www.facebook.com/Sevys-Grill-108030515903804/,https://www.instagram.com/sevysgrill/,Yes,found_homepage
Lexus Platinum Club,"2500 Victory Ave, Dallas, TX 75219",https://americanairlinescenter.com,Yes,(214) 665-4753,,9.0,8.0,32.7900231,-96.8819528,American diner,Food & Restaurant,75203,suites@americanairlinescenter.com,platinumseats@americanairlinescenter.com,platinumservices@americanairlinescenter.com,suites@americanairlinescenter.com | platinumseats@americanairlinescenter.com | platinumservices@americanairlinescenter.com | contactlevy@aacntr.com | reservations@americanairlinescenter.com | marketing@americanairlinescenter.com | eventbooking@americanairlinescenter.com | specialevents@americanairlinescenter.com | sponsorship@americanairlinescenter.com | parking@americanairlinescenter.com | aacbox@americanairlinescenter.com,http://facebook.com/insideaacenter,http://instagram.com/aacenter,Yes,found_subpage
Harwood Tavern,"333 S Harwood St, Dallas, TX 75201",https://harwoodtaverndallas.com,Yes,(469) 899-7904,,9.0,71.0,32.7900231,-96.8819528,American diner,Food & Restaurant,75203,,,,,https://www.facebook.com/HarwoodTavern,https://www.instagram.com/harwoodtavern/,No,no_contact_found
Tejano Sports Bar y Cocina,"119 Jefferson Blvd, Dallas, TX 75208",https://tejanosportsbar.com,Yes,(214) 352-3333,,1.0,10.0,32.7900231,-96.8819528,American diner,Food & Restaurant,75203,,,,,,,No,no_contact_found
Sixty Vines,"500 Crescent Ct Suite 160, Dallas, TX 75201",https://sixtyvines.com,Yes,(214) 814-8463,,802.0,2.0,32.7900231,-96.8819528,American diner,Food & Restaurant,75203,,,,,,,No,no_contact_found
Scout Dallas,"1914 Commerce St, Dallas, TX 75201",https://scoutdallas.com,Yes,(469) 320-8993,,2.0,20.0,32.7900231,-96.8819528,American diner,Food & Restaurant,75203,khunter@sunwestpr.com,,,khunter@sunwestpr.com,https://www.facebook.com/ScoutDFW/,https://www.instagram.com/scout_dallas/,Yes,found_subpage
Dakota's Steakhouse,"600 N Akard St, Dallas, TX 75201",https://dakotasrestaurant.com,Yes,(214) 740-4001,,243.0,2.0,32.7900231,-96.8819528,American diner,Food & Restaurant,75203,,,,,,,No,no_contact_found
Pepe's & Mito's,"2911 Elm St, Dallas, TX 75226",https://pepesandmitos.com,Yes,(214) 741-1901,,684.0,1.0,32.7900231,-96.8819528,American diner,Food & Restaurant,75203,,,,,https://www.facebook.com/pepesandmitos/,https://www.instagram.com/pepeandmitosmexcafe/,No,no_contact_found
Te Deseo,"2700 Olive St, Dallas, TX 75201",https://tedeseo.com,Yes,(214) 646-1314,,164.0,2.0,32.7900231,-96.8819528,American diner,Food & Restaurant,75203,,,,,https://www.facebook.com/tedeseodal/,https://www.instagram.com/tedeseodal/,No,no_contact_found
LOCAL restaurant,"2936 Elm St # A, Dallas, TX 75226",https://localdallas.com,Yes,(214) 752-7500,,9.0,23.0,32.7900231,-96.8819528,American diner,Food & Restaurant,75203,info@localdallas.com,,,info@localdallas.com,,https://www.instagram.com/local_dallas/,Yes,found_homepage
"Crazy Brothers Breakfast, Lunch, and Dinner","7812 S Great Trinity Forest Way, Dallas, TX 75217",https://crazybrotherscuisine.com,Yes,(214) 309-1720,,5.0,83.0,32.7118148,-96.8321366,family diner,Food & Restaurant,75203,bookings@crazybrotherscuisine.com,info@crazybrotherscuisine.com,,bookings@crazybrotherscuisine.com | info@crazybrotherscuisine.com,https://www.facebook.com/crazybrotherz,https://www.instagram.com/crazybrotherz,Yes,found_subpage
Breakfast Brothers,"3704 W Camp Wisdom Rd Ste 110, Dallas, TX 75237",https://breakfastbrothers.com,Yes,(469) 277-7543,,347.0,3.0,32.7641744,-96.9675034,family diner,Food & Restaurant,75203,,,,,,,No,no_contact_found
Luckys Caf,"3531 Oak Lawn Ave, Dallas, TX 75219",https://luckysdallas.com,Yes,(214) 522-3500,,558.0,2.0,32.7641744,-96.9675034,family diner,Food & Restaurant,75203,,,,,,,No,no_contact_found
Taqueria Taxco,"2809 S Lancaster Rd, Dallas, TX 75216",https://ttaxco.com,Yes,(469) 372-5985,,152.0,1.0,32.7641744,-96.9675034,family diner,Food & Restaurant,75203,,,,,,,No,no_contact_found
Norma's Cafe,"9100 N Central Expy #151, Dallas, TX 75231",https://normascafe.com,Yes,(214) 361-8646,,59.0,3.0,32.872498,-96.9129473,family diner,Food & Restaurant,75203,,,,,https://www.facebook.com/NormasCafe/,https://www.instagram.com/normascafe/,No,no_contact_found
Derby Restaurant Dallas,"9100 John W. Carpenter Fwy, Dallas, TX 75247",https://derbyrestaurants.com,Yes,(469) 780-9222,,2.0,85.0,32.8265457,-97.0272217,family diner,Food & Restaurant,75203,,,,,,,No,no_contact_found
Medieval Times Dinner & Tournament,"2021 N Stemmons Fwy, Dallas, TX 75207",https://medievaltimes.com,Yes,(888) 935-6878,,429.0,15.0,32.7794769,-96.9439328,family diner,Food & Restaurant,75203,orderhelp@medievaltimes.com,,,orderhelp@medievaltimes.com,,,Yes,found_subpage
Roma's Italian Bistro,"839 W Jefferson Blvd, Dallas, TX 75208",https://myromasbistro.com,Yes,(469) 828-1085,,1.0,39.0,32.7794769,-96.9439328,family diner,Food & Restaurant,75203,,,,,,,No,no_contact_found
The Magic Time Machine,"5003 Belt Line Rd, Dallas, TX 75254",https://magictimemachine.com,Yes,(972) 980-1903,,505.0,4.0,32.9546338,-96.9694946,family diner,Food & Restaurant,75203,,,,,https://www.facebook.com/TheMagicTimeMachine/,https://www.instagram.com/themagictimemachine,No,no_contact_found
Bread Winners Cafe & Bakery,"3301 McKinney Ave, Dallas, TX 75204",https://breadwinnerscafe.com,Yes,(214) 556-1334,,986.0,2.0,32.7849871,-96.927222,family diner,Food & Restaurant,75203,info@breadwinnerscafe.com,,,info@breadwinnerscafe.com,https://www.facebook.com/BreadWinnersCafe/,https://www.instagram.com/breadwinnerscafe/,Yes,found_homepage
Lindy's Restaurant,"13425 Seagoville Rd, Dallas, TX 75253",https://lindysdallas.com,Yes,(972) 557-5659,,253.0,2.0,32.701374,-96.7479172,family diner,Food & Restaurant,75203,,,,,https://www.facebook.com/lindysdallas/,https://www.instagram.com/lindysdallas,No,no_contact_found
Dream Cafe,"2811 McKinney Ave Suite 26, 2808 Howell St Parking Garage, Dallas, TX 75204",https://dreamcafedallas.com,Yes,(214) 954-0486,,173.0,1.0,32.7440052,-96.9759443,family diner,Food & Restaurant,75203,,,,,,,No,no_contact_found
Cenzo's Pizza & Deli,"1700 W 10th St, Dallas, TX 75208",https://cenzospizzaanddeli.com,Yes,(972) 773-9234,,6.0,33.0,32.7440052,-96.9759443,family diner,Food & Restaurant,75203,whatsup@cenzospizzaanddeli.com,,,whatsup@cenzospizzaanddeli.com,http://facebook.com/cenzosoakcliff,http://instagram.com/cenzospizzaanddeli,Yes,found_homepage
The Hubcap Cafe,"4636 Ross Ave, Dallas, TX 75204",https://dallas24hourclub.org,Yes,(214) 823-3200,,8.0,1.0,32.7645774,-97.4000003,breakfast diner,Food & Restaurant,75203,info@dallas24hourclub.org,,,info@dallas24hourclub.org,https://www.facebook.com/Dallas24HourClub,https://www.instagram.com/d24hourclub/,Yes,found_homepage
Crickle's and Co.,"Front door faces, 4000 Cedar Springs Road, Throckmorton St Suite E, Dallas, TX 75219",https://cricklesandco.com,Yes,(214) 306-9568,,161.0,1.0,32.7645774,-97.4000003,breakfast diner,Food & Restaurant,75203,cricklesandco@gmail.com,,,cricklesandco@gmail.com,https://www.facebook.com/122923951398,https://www.instagram.com/cricklesandco,Yes,found_homepage
Dream Cafe Lakewood,"6465 E Mockingbird Ln #380, Dallas, TX 75214",https://dreamcafelakewood.com,Yes,(214) 824-2503,,113.0,1.0,32.7645774,-97.4000003,breakfast diner,Food & Restaurant,75203,,,,,,,No,no_contact_found
Grill & Vine,"1201 Main St, Dallas, TX 75202",https://marriott.com,Yes,(972) 408-9200,,6.0,11.0,32.7645774,-97.4000003,breakfast diner,Food & Restaurant,75203,,,,,https://www.facebook.com/groups/marriottbonvoyinsiders/,https://www.instagram.com/marriottbonvoy/,No,no_contact_found
ASTRA Kitchen + Lounge,"1717 Leonard St, Dallas, TX 75201",https://astradallas.com,Yes,(972) 629-0924,,1.0,55.0,32.7645774,-97.4000003,breakfast diner,Food & Restaurant,75203,info@astradallas.com,,,info@astradallas.com,https://www.facebook.com/astradfw/,https://www.instagram.com/astradfw,Yes,found_subpage
Overeasy,"1914 Commerce St, Dallas, TX 75201",https://overeasydallas.com,Yes,(469) 320-8998,,4.0,70.0,32.7645774,-97.4000003,breakfast diner,Food & Restaurant,75203,khunter@sunwestpr.com,,,khunter@sunwestpr.com,https://www.facebook.com/OvereasyDallas/,https://www.instagram.com/overeasydallas/,Yes,found_subpage
Rose Caf,"4205 Buena Vista St Suite 160, Dallas, TX 75205",https://rosecafedallas.com,Yes,(214) 272-3993,,7.0,44.0,32.7645774,-97.4000003,breakfast diner,Food & Restaurant,75203,,,,,https://www.facebook.com/rosecafekt/,https://www.instagram.com/rosecafekt/,No,no_contact_found
Mercat Bistro,"2501 N Harwood St Suite 225, Dallas, TX 75201",https://mercatbistro.com,Yes,(214) 953-0917,,116.0,1.0,32.7645774,-97.4000003,breakfast diner,Food & Restaurant,75203,,,,,https://www.facebook.com/mercatbistro,https://www.instagram.com/mercatbistro,No,no_contact_found
Little Daisy,"1401 Elm St, Dallas, TX 75202",https://littledaisydallas.com,Yes,(469) 726-4121,,9.0,40.0,32.7812588,-96.8729923,lunch diner,Food & Restaurant,75203,,,,,,https://www.instagram.com/littledaisydallas/,No,no_contact_found
Little Ruby's Dallas,"2305 Cedar Springs Rd suite 150, Dallas, TX 75201",https://rubyscafe.com,Yes,(945) 468-2966,,6.0,8.0,32.7812588,-96.8729923,lunch diner,Food & Restaurant,75203,,,,,https://www.facebook.com/littlerubyscafe/,https://www.instagram.com/rubyscafe/?hl=en,No,no_contact_found
The Hampton Social - Dallas,"1520 Main St, Dallas, TX 75201",https://thehamptonsocial.com,Yes,(469) 498-9890,,538.0,3.0,32.7812588,-96.8729923,lunch diner,Food & Restaurant,75203,,,,,,,No,no_contact_found
City Hall Bistro,"1321 Commerce St, Dallas, TX 75202",https://adolphus.com,Yes,(214) 651-3686,,6.0,81.0,32.7812588,-96.8729923,lunch diner,Food & Restaurant,75203,hello@adolphus.com,,,hello@adolphus.com,https://www.facebook.com/TheAdolphus/,https://www.instagram.com/theadolphushotel/,Yes,found_homepage
The Woolworth,"1520 Elm St #201, Dallas, TX 75201",https://thewoolworthdallas.com,Yes,(214) 814-0588,,411.0,8.0,32.7812588,-96.8729923,lunch diner,Food & Restaurant,75203,info@thewoolworthdallas.com,,,info@thewoolworthdallas.com,https://www.facebook.com/TheWoolworth/,https://www.instagram.com/thewoolworth/,Yes,found_homepage
Hudson House,"4448 Lovers Ln, Dallas, TX 75225",https://hudsonhouse.com,Yes,(214) 583-2255,,839.0,1.0,32.8515194,-96.8838592,lunch diner,Food & Restaurant,75203,lascolinas@hudsonhousehp.com,,,lascolinas@hudsonhousehp.com,http://www.facebook.com/HudsonHouseHP,http://instagram.com/thehudsonhouse,Yes,found_subpage
The Finch,"5307 E Mockingbird Ln #150, Dallas, TX 75206",https://thefinchdallas.com,Yes,(469) 893-0990,,203.0,1.0,32.8369462,-96.8495587,lunch diner,Food & Restaurant,75203,,,,,,https://www.instagram.com/thefinchrestaurant/,No,no_contact_found
Y.O. Ranch Steakhouse,"702 Ross Ave, Dallas, TX 75202",https://yoranchsteakhouse.com,Yes,(214) 744-3287,,847.0,10.0,32.7812903,-96.8785191,lunch diner,Food & Restaurant,75203,,,,,,,No,no_contact_found
Meso Maya Comida y Copas,"1611 McKinney Ave, Dallas, TX 75202",https://mesomaya.com,Yes,(214) 484-6555,,461.0,6.0,32.7812903,-96.8785191,lunch diner,Food & Restaurant,75203,,,,,,,No,no_contact_found
Goodwins,"2905 Greenville Ave, Dallas, TX 75206",https://goodwinsdallas.com,Yes,(214) 272-9677,,3.0,39.0,32.8236684,-96.8424562,lunch diner,Food & Restaurant,75203,ops@goodwinsdallas.com,,,ops@goodwinsdallas.com,https://www.facebook.com/people/Goodwins/61555524021742/?mibextid=WC7FNe&rdid=rfxCFfnnTrdPKq9M,https://www.instagram.com/goodwins.dtx/?igsh=ZGcwNmRwOXVyYW92&utm_source=qr,Yes,found_homepage
Al Biernat's Oak Lawn,"4217 Oak Lawn Ave, Dallas, TX 75219",https://albiernats.com,Yes,(214) 219-2201,,678.0,2.0,32.8203061,-96.8747713,lunch diner,Food & Restaurant,75203,,,,,,,No,no_contact_found
Terry Black's Barbecue,"3025 Main St, Dallas, TX 75226",https://terryblacksbbq.com,Yes,(469) 399-0081,,766.0,12.0,32.7848915,-96.8520059,lunch diner,Food & Restaurant,75203,,,,,https://www.facebook.com/terryblacksbbq,https://www.instagram.com/terryblacks_bbq/,No,no_contact_found
Eddie Deen & Company Catering,"1724 Cockrell Ave, Dallas, TX 75215",https://eddiedeen.com,Yes,(888) 535-3336,,7.0,6.0,32.7664494,-97.3682356,catering company,Food & Restaurant,75203,stagesetter@eddiedeen.com,,,stagesetter@eddiedeen.com,https://l.facebook.com/l.php?u=https%3A%2F%2Fwww.hralliance.net%2FApply%2FFindPosition.aspx%3FslocationId%3D7680%26sjobId%26search%3DSearch%26fbclid%3DIwZXh0bgNhZW0CMTAAYnJpZBExejRRaHJ3RWw0TnFCYVA1dgEe5rbs9xyOhOIDHZuqq_SbsjDx_aPLtuAmE1D6zuah1uifiktxnfADFJs-o4w_aem_d7gvzCDJIqua6Wng5Nj3MQ&h=AT2yMYxduUV7UYHxsmhg7l6b7XlbU-bRU3DYacUpSGjm57nRx0zw2oohxjVYXfDWGs6ydUr2_BWkIoVIX2U2Dcv-KmYSaPYY4q4qQzXnPLL9f1gQ8iJbDsyvlYp-t6Nysgqa8c4Y2IGMmFU4&__tn__=-UK-R&c[0]=AT1pWOgKPDGWQg70NuVPZ5hqimvLAreUzm6Tf-dNY2gCssNoKU8oc5BIcvJrg_YtipZuhAD9r9FpRsxRvudLkCWFl2ziOQeX9pcf1zbe8_UAY8MV083AFATCeNuXBjloZouigbPh-szC-gNpI7wjAWCMWUmOZsPLZdpcpq7jnN3IWX_3G7FPkx8v352vW1UGxTGv0FLbaa-xUs2U7PTNDbvvbQ,https://www.instagram.com/eddiedeenco.catering,Yes,found_homepage
Vestals Catering,"1403 Dragon St, Dallas, TX 75207",https://vestalscatering.com,Yes,(972) 803-3806,,4.0,16.0,32.7664494,-97.3682356,catering company,Food & Restaurant,75203,,,,,,,No,no_contact_found
Paramount Fresh Catering Co.,"2723 Elm St, Dallas, TX 75226",https://pfcatering.com,Yes,(214) 884-9070,,0.0,2.0,32.7664494,-97.3682356,catering company,Food & Restaurant,75203,,,,,https://www.facebook.com/yourcateringhandle,https://www.instagram.com/yourcateringhandle,No,no_contact_found
Wendy Krispin Caterer,"528 S Hall St, Dallas, TX 75226",https://wendykrispincaterer.com,Yes,(214) 748-5559,,5.0,19.0,32.7664494,-97.3682356,catering company,Food & Restaurant,75203,info@wendykrispincaterer.com,,,info@wendykrispincaterer.com,https://www.facebook.com/wendy.krispin,https://www.instagram.com/Wendy_Krispin/,Yes,found_subpage
Longhorn Catering & Events,"4005 Swiss Ave, Dallas, TX 75204",https://longhorncateringandevents.com,Yes,(972) 913-4808,,9.0,1.0,32.7664494,-97.3682356,catering company,Food & Restaurant,75203,info@longhorncateringandevents.com,,,info@longhorncateringandevents.com,,,Yes,found_homepage
Blue Fire Catering,"Dragon St, Dallas, TX 75207",https://bluefirecatering.com,Yes,(214) 699-5097,,7.0,2.0,32.7664494,-97.3682356,catering company,Food & Restaurant,75203,,,,,,,No,no_contact_found
Fork and knife catering,"2404 Cedar Springs Rd, Dallas, TX 75201",https://chefsamforkandknife.com,Yes,(972) 880-0709,,,,32.7664494,-97.3682356,catering company,Food & Restaurant,75203,,,,,,,No,no_contact_found
Sophisticated Delights Contemporary Catering- Dfw,"1409 S Lamar St suite 211, Dallas, TX 75215",https://sophisticateddelights.com,Yes,(713) 515-5021,,0.0,1.0,32.7664494,-97.3682356,catering company,Food & Restaurant,75203,,,,,http://www.facebook.com/sophisticateddelights,https://instagram.com/sophisticateddelights,No,no_contact_found
YOUR CHEF DRE,"200 W Commerce St Suite 103, Dallas, TX 75208",https://yourchefdre.com,Yes,(469) 607-4174,,0.0,12.0,32.7664494,-97.3682356,catering company,Food & Restaurant,75203,,,,,https://www.facebook.com/yourchefdre,https://www.instagram.com/yourchefdre/,No,no_contact_found
Lush Catering Company,"6211 Owens St UNIT 120, Dallas, TX 75235",https://lushcatering.co,Yes,(972) 432-5403,,2.0,3.0,32.7664494,-97.3682356,catering company,Food & Restaurant,75203,,,,,,,No,no_contact_found
KCI Hospitality LLC,"4131 N Central Expy Suite 900, Dallas, TX 75204",https://kcihospitality.com,Yes,(469) 342-4863,,2.0,17.0,32.7664494,-97.3682356,catering company,Food & Restaurant,75203,,,,,https://www.facebook.com/KingzCateringInc/#,https://www.instagram.com/kcihospitalityllc,No,no_contact_found
Rosy's Catering,"2422 W Kiest Blvd, Dallas, TX 75233",https://mydallasquinceanera.com,Yes,(972) 672-5815,,4.0,5.0,32.7664494,-97.3682356,catering company,Food & Restaurant,75203,,,,,https://www.facebook.com/mydallasquinceanera,https://www.instagram.com/dallasquinceanera/,No,no_contact_found
Cohost Events,"3150 Iron Ridge St, Dallas, TX 75247",https://cohost.events,Yes,(214) 775-0822,,9.0,2.0,32.7664494,-97.3682356,catering company,Food & Restaurant,75203,,,,,,https://www.instagram.com/cohostevents/,No,no_contact_found
CN Catering,"8805 Sovereign Row, Dallas, TX 75247",https://cncatering.com,Yes,(214) 821-2514,,7.0,12.0,32.8192295,-97.4625511,catering company,Food & Restaurant,75203,info@cncatering.com,,,info@cncatering.com,https://www.facebook.com/CNCateringDallas/,https://www.instagram.com/cncatering/,Yes,found_homepage
G Texas Catering | Dallas Fort Worth Catering,"10319 Finnell St, Dallas, TX 75220",https://gtexascatering.com,Yes,(214) 421-0774,,0.0,4.0,32.8192295,-97.4625511,catering company,Food & Restaurant,75203,info@gtexascatering.com,,,info@gtexascatering.com,https://www.facebook.com/gtxcatering/,https://www.instagram.com/gtexascatering/,Yes,found_subpage
Chef Kristen Catering Services LLC,"2156 W Northwest Hwy #312, Dallas, TX 75220",https://thechefkristen.com,Yes,(214) 802-4333,,3.0,1.0,32.8192295,-97.4625511,catering company,Food & Restaurant,75203,,,,,http://www.facebook.com/TheChefKristen,http://instagram.com/chef.kristen,No,no_contact_found
Diwa Kitchen Co.,"2017 S Ervay St, Dallas, TX 75215",https://diwakitchen.com,Yes,(972) 757-9594,,,,32.8192295,-97.4625511,catering company,Food & Restaurant,75203,info@diwakitchen.com,,,info@diwakitchen.com,https://www.facebook.com/diwakitchen,https://www.instagram.com/diwakitchen/?hl=en,Yes,found_homepage
Beyond the Box Weddings,"2544 W Commerce St b, Dallas, TX 75212",https://btbweddings.com,Yes,(469) 687-2889,,4.0,1.0,32.8192295,-97.4625511,catering company,Food & Restaurant,75203,,,,,//facebook.com/beyondtheboxcatering,https://www.instagram.com/beyondthebox_catering/,No,no_contact_found
Culinary Art Catering,"4241 Sigma Rd suite a, Dallas, TX 75244",https://culinaryartcatering.com,Yes,(972) 744-0660,,0.0,5.0,32.8192295,-97.4625511,catering company,Food & Restaurant,75203,info@culinaryartcatering.com,,,info@culinaryartcatering.com,,https://www.instagram.com/culinaryart1/,Yes,found_homepage
A La Carte Catering & Cakes,"2750 Northaven Rd Suite 304, Dallas, TX 75229",https://alacartedallas.com,Yes,(972) 488-2245,,5.0,3.0,32.8192295,-97.4625511,catering company,Food & Restaurant,75203,alc@alacartedallas.com,,,alc@alacartedallas.com,https://www.facebook.com/ALaCarteCateringDallas,https://www.instagram.com/alc_catering/,Yes,found_subpage
Wolfgang Puck Catering - Nasher Sculpture Center,"2001 Flora St, Dallas, TX 75201",https://wolfgangpuckcatering.com,Yes,(972) 787-2082,,0.0,4.0,32.8192295,-97.4625511,catering company,Food & Restaurant,75203,,,,,,,No,no_contact_found
Savory Catering,"5855 Maple Ave, Dallas, TX 75235",https://savory-catering.com,Yes,(844) 358-5855,,1.0,1.0,32.8192295,-97.4625511,catering company,Food & Restaurant,75203,info@calwink.com,,,info@calwink.com,https://www.facebook.com/savorycateringdallas/,https://www.instagram.com/savorycateringdallas/,Yes,found_homepage
Union Station Wolfgang Puck,"400 S Houston St 3rd floor, Dallas, TX 75202",https://unionstationdallas.com,Yes,(214) 712-7210,,9.0,7.0,32.8192295,-97.4625511,catering company,Food & Restaurant,75203,,,,,https://www.facebook.com/unionstationdallas,https://www.instagram.com/unionstationdallas/,No,no_contact_found
Wolfgang Puck Catering,"2201 N Field St, Dallas, TX 75201",https://wolfgangpuck.com,Yes,(214) 463-2720,,,,32.8192295,-97.4625511,catering company,Food & Restaurant,75203,,,,,https://www.facebook.com/wolfgangpuck,https://www.instagram.com/wolfgangpuck/,No,no_contact_found
"Royal Catering, Inc.","800 S Central Expy, Richardson, TX 75080",https://royalcateringdfw.com,Yes,(972) 437-1466,,8.0,23.0,32.9420303,-97.3212555,catering company,Food & Restaurant,75203,sales@royalcateringdfw.com,,,sales@royalcateringdfw.com,https://www.facebook.com/royalcateringdfw,https://www.instagram.com/royalcateringdfw/,Yes,found_homepage
Awesome Catering DFW,"2205 W Division St Suite A5, Arlington, TX 76012",https://awesomecateringdfw.com,Yes,(817) 200-6355,,8.0,14.0,32.7363121,-97.7210478,catering company,Food & Restaurant,75203,info@awesomecateringdfw.com,,,info@awesomecateringdfw.com,https://www.facebook.com/awesomecateringdfw,https://www.instagram.com/awesomecateringdfw,Yes,found_homepage
The Room on Main,"2030 Main St 6th floor, Dallas, TX 75201",https://theroomonmain.com,Yes,(214) 742-1526,,7.0,15.0,32.7360215,-97.3745199,catering company,Food & Restaurant,75203,info@theroomonmain.com,,,info@theroomonmain.com,https://www.facebook.com/TheRoomonMain,https://www.instagram.com/theroomonmain/,Yes,found_homepage
Dallas Addison Catering,"4141 Billy Mitchell Dr, Addison, TX 75001",https://dallasaddisoncatering.com,Yes,(972) 620-3000,,,,32.7360215,-97.3745199,catering company,Food & Restaurant,75203,dallascatering@earthlink.net,chefsantos@dallasaddisoncatering.com,,dallascatering@earthlink.net | chefsantos@dallasaddisoncatering.com,https://www.facebook.com/profile.php?id=100024665240181,https://www.instagram.com/dallasaddisoncatering,Yes,found_homepage
Lofty Spaces,"816 Montgomery St, Dallas, TX 75215",https://loftyspaces.net,Yes,(214) 457-6789,,4.0,55.0,32.7492937,-97.3754301,catering company,Food & Restaurant,75203,,,,,,,No,no_contact_found
Mission Oak Cliff,"111 S Beckley Ave, Dallas, TX 75203",https://missionoakcliff.org,Yes,(214) 942-6407,,9.0,4.0,32.7492937,-97.3754301,catering company,Food & Restaurant,75203,,,,,http://www.facebook.com/missionoakcliff,http://instagram.com/missionoakcliff,No,no_contact_found
Corporate Caterers,"1837 W Frankford Rd Ste 110, Carrollton, TX 75007",https://corporatecaterers.com,Yes,(972) 446-4727,,8.0,1.0,32.7492937,-97.3754301,catering company,Food & Restaurant,75203,,,,,https://www.facebook.com/CorpCaterers/,https://www.instagram.com/corpcaterers/,No,no_contact_found
Southern Gentlemen catering,"2251 Crown Rd, Dallas, TX 75229",https://sgdfw.com,Yes,(214) 710-1443,,0.0,9.0,32.7664494,-97.3682356,catering service,Food & Restaurant,75203,jonathan@sgdfw.com,,,jonathan@sgdfw.com,https://www.facebook.com/profile.php?id=61550748268106,https://www.instagram.com/southerngentdfw,Yes,found_homepage
Great Days Bartending LLC,"539 W Commerce St Suite 886, Dallas, TX 75208",https://greatdaysbartending.com,Yes,(214) 459-7805,,4.0,5.0,32.8640983,-97.4703666,catering service,Food & Restaurant,75203,info@greatdaysbartending.com,,,info@greatdaysbartending.com,https://www.facebook.com/profile.php?id=100076150489911,https://www.instagram.com/greatdaysbartending/?igshid=YmMyMTA2M2Y%3D,Yes,found_homepage
Freshella Catering Dallas,"7145 John W. Carpenter Fwy suite a, Dallas, TX 75247",https://freshella.com,Yes,(214) 905-6060,,7.0,7.0,32.8640983,-97.4703666,catering service,Food & Restaurant,75203,,,,,,,No,no_contact_found
Ladales Catering,"1718 S Ewing Ave, Dallas, TX 75216",https://order.online,Yes,(469) 677-4975,,,,32.9659836,-97.5129496,catering service,Food & Restaurant,75203,,,,,,,No,no_contact_found
The Artisan Craft Kitchen,"2330 Flora St #200, Dallas, TX 75201",https://theartisandallas.com,Yes,(214) 270-1490,,5.0,10.0,32.9659836,-97.5129496,catering service,Food & Restaurant,75203,info@theartisandallas.com,,,info@theartisandallas.com,https://www.facebook.com/TheArtisanDallas/?ref=br_rs,https://www.instagram.com/theartisandallas/,Yes,found_homepage
Catering by Chef Richard,"3603 Ross Ave, Dallas, TX 75204",https://cateringbychefrichard.com,Yes,(972) 704-8100,,,,32.9659836,-97.5129496,catering service,Food & Restaurant,75203,,,,,,,No,no_contact_found
Texas Catering,"13605 Midway Rd Ste 120, Farmers Branch, TX 75244",https://texascatering.com,Yes,(214) 351-6000,,5.0,3.0,32.9659836,-97.5129496,catering service,Food & Restaurant,75203,,,,,https://www.facebook.com/TexasCateringDallas/,,No,no_contact_found
Heart To Heart Catering & Events,"4252 Spring Valley Rd, Farmers Branch, TX 75244",https://hearttoheartcatering.com,Yes,(972) 327-3111,,5.0,8.0,32.9659836,-97.5129496,catering service,Food & Restaurant,75203,mark@hearttoheartcatering.com,info@hearttoheartcatering.com,,mark@hearttoheartcatering.com | info@hearttoheartcatering.com,https://www.facebook.com/hearttoheartcateringdallas/,https://www.instagram.com/hearttoheartcatering/,Yes,found_homepage
D-Squared Catering,"519 E Hwy 67, Duncanville, TX 75137",https://dsquaredcatering.com,Yes,(469) 552-1911,,9.0,4.0,32.7881901,-97.3770158,catering service,Food & Restaurant,75203,,,,,https://www.facebook.com/DSquaredCatering/,https://www.instagram.com/dsquaredcatering/,No,no_contact_found
Thornhill Catering,"4315 Action St, Garland, TX 75042",https://thornhillcatering.com,Yes,(972) 401-3336,,3.0,9.0,32.7881901,-97.3770158,catering service,Food & Restaurant,75203,,,,,,,No,no_contact_found
Wolfgang Puck Catering,"8303 Elmbrook Dr, Dallas, TX 75247",https://wolfgangpuck.com,Yes,(214) 974-9598,,,,32.8244576,-97.443308,catering service,Food & Restaurant,75203,,,,,https://www.facebook.com/wolfgangpuck,https://www.instagram.com/wolfgangpuck/,No,no_contact_found
Aguas Chicas DFW,"920 S Harwood St, Dallas, TX 75201",https://linktr.ee,Yes,,,4.0,1.0,32.8244576,-97.443308,catering service,Food & Restaurant,75203,support@linktr.ee,,,support@linktr.ee,,https://www.instagram.com/linktr.ee/,Yes,found_subpage
Lush Dessert Bar,"921 W Commerce St, Dallas, TX 75208",https://lushdessertbar.com,Yes,(682) 593-5874,,,,32.4346041,-97.3851663,catering service,Food & Restaurant,75203,,,,,https://www.facebook.com/wix,https://www.instagram.com/wix,No,no_contact_found
Feast Events & Catering,"14841 Dallas Pkwy Suite 145, Dallas, TX 75254",https://feasteventscatering.com,Yes,(469) 405-1800,,7.0,1.0,32.7430719,-97.5403772,event catering,Food & Restaurant,75203,info@feasteventsdfw.com,,,info@feasteventsdfw.com,https://www.facebook.com/109940594772701,https://www.instagram.com/feasteventsdfw,Yes,found_homepage
Party Of 5,"244 W Davis St, Dallas, TX 75208",https://partyof5bishoparts.com,Yes,(214) 468-4210,,3.0,12.0,32.7430719,-97.5403772,event catering,Food & Restaurant,75203,info@partyof5bishoparts.com,,,info@partyof5bishoparts.com,,https://www.instagram.com/partyof5_bishoparts,Yes,found_homepage
DEC on Dragon,"1414 Dragon St, Dallas, TX 75207",https://decondragon.com,Yes,(972) 400-2242,,7.0,21.0,32.7910045,-97.3960096,event catering,Food & Restaurant,75203,,,,,,,No,no_contact_found
Howell and Dragon,"1130 Dragon St # 120, Dallas, TX 75207",https://howellanddragon.com,Yes,(214) 926-0019,,5.0,8.0,32.7910045,-97.3960096,event catering,Food & Restaurant,75203,info@howellanddragon.com,,,info@howellanddragon.com,https://www.facebook.com/Howell-and-Dragon/,https://www.instagram.com/howellanddragon/,Yes,found_homepage
"Just In Case Catering, LLC","2156 W Northwest Hwy #312, Dallas, TX 75220",https://justincasecatering.com,Yes,(682) 334-2206,,1.0,2.0,32.7910045,-97.3960096,event catering,Food & Restaurant,75203,filler@godaddy.com,,,filler@godaddy.com,https://www.facebook.com/2016846291882321,https://www.instagram.com/justincasecateringllc,Yes,found_homepage
The Hall on Dragon,"1500 Dragon Street, Suites C & D, Dallas, TX 75207",https://thehallondragon.com,Yes,(214) 384-0098,,7.0,12.0,32.7910045,-97.3960096,event catering,Food & Restaurant,75203,info@thehallondragon.com,,,info@thehallondragon.com,https://www.facebook.com/thehallondragon,https://scontent.cdninstagram.com/v/t51.82787-15/584967445_18355145287166159_7079558655302344023_n.jpg?stp=dst-jpg_e35_tt6&_nc_cat=106&ccb=7-5&_nc_sid=18de74&efg=eyJlZmdfdGFnIjoiQ0FST1VTRUxfSVRFTS5iZXN0X2ltYWdlX3VybGdlbi5DMyJ9&_nc_ohc=KwA54WCppVAQ7kNvwHbIzyK&_nc_oc=Adlbl0kiLl-gNCvyIHo2sGPoHR4v_7EWWmMeDI36YQutNVa7jtbMbQ1EVSF-PA7_3Ek&_nc_zt=23&_nc_ht=scontent.cdninstagram.com&edm=AM6HXa8EAAAA&_nc_gid=vSDDEnXTYM88WTsZEWr29g&oh=00_AfmcuLswAkJCeWkolFeh7d2ySH0AWL1JO1G9DTGO5nuuCw&oe=693F555E,Yes,found_homepage
Union Station Dallas,"401-499 S Houston St, Dallas, TX 75202",https://unionstationdallas.com,Yes,(214) 712-7210,,6.0,9.0,32.7910045,-97.3960096,event catering,Food & Restaurant,75203,,,,,https://www.facebook.com/unionstationdallas,https://www.instagram.com/unionstationdallas/,No,no_contact_found
Food Glorious Food,"8303 Elmbrook Dr, Dallas, TX 75247",https://fgfcatering.com,Yes,(214) 368-8619,,7.0,4.0,32.7910045,-97.3960096,event catering,Food & Restaurant,75203,hellofgf@ciemail.com,,,hellofgf@ciemail.com,https://www.facebook.com/fgfcateringtx/,https://www.instagram.com/fgfcatering/,Yes,found_homepage
Level Two Events,"1250 Slocum St, Dallas, TX 75207",https://leveltwoevents.com,Yes,(214) 674-0976,,4.0,10.0,32.7910045,-97.3960096,event catering,Food & Restaurant,75203,jim@leveltwoevents.com,,,jim@leveltwoevents.com,,http://instagram.com/leveltwo.events,Yes,found_homepage
Post Park Events & Community Space,"2001 S Ervay St Suite 100, Dallas, TX 75215",https://postparks.biz,Yes,(945) 299-5265,,7.0,3.0,32.7910045,-97.3960096,event catering,Food & Restaurant,75203,,,,,https://www.facebook.com/post.park.community,https://www.instagram.com/postpark__/,No,no_contact_found
Love Jones Creations,"1409 Botham Jean Blvd, Dallas, TX 75215",https://lovejonescreations.com,Yes,(469) 993-5854,,,,32.7910045,-97.3960096,event catering,Food & Restaurant,75203,,,,,,,No,no_contact_found
The Mason Dallas,"115 S Beckley Ave, Dallas, TX 75203",https://themasondallas.com,Yes,(214) 730-0005,,2.0,8.0,32.7910045,-97.3960096,event catering,Food & Restaurant,75203,info@themasondallas.com,,,info@themasondallas.com,https://www.facebook.com/themasondallas/,https://www.instagram.com/themasondallas/?hl=en,Yes,found_homepage
The Crown Room,"300 Reunion Blvd E, Dallas, TX 75207",https://crownblockdallas.com,Yes,(214) 321-3149,,,,32.7910045,-97.3960096,event catering,Food & Restaurant,75203,,,,,https://www.facebook.com/crownblockdallas/,https://www.instagram.com/crownblockdallas/,No,no_contact_found
House of DIRT,"408 W Seventh St, Dallas, TX 75208",https://houseofdirt.com,Yes,(214) 242-9533,,9.0,6.0,32.7910045,-97.3960096,event catering,Food & Restaurant,75203,events@houseofdirt.com,,,events@houseofdirt.com,http://www.facebook.com/houseofdirtvenue,http://instagram.com/houseofdirtvenue,Yes,found_homepage
By Bobby Catering,"1435 Dragon St, Dallas, TX 75207",https://bybobbycatering.com,Yes,(214) 238-6065,,,,32.7910045,-97.3960096,event catering,Food & Restaurant,75203,,,,,,https://www.instagram.com/bybobbycatering/,No,no_contact_found
Mata Hari House,"154 Leslie St, Dallas, TX 75207",https://mataharihouse.com,Yes,(214) 674-6636,,0.0,9.0,32.7430719,-97.5403772,wedding catering,Food & Restaurant,75203,collette@mataharihouse.com,booking@mataharihouse.com,,collette@mataharihouse.com | booking@mataharihouse.com,https://www.facebook.com/MataHariHouseDallas,https://www.instagram.com/mata.hari.house/,Yes,found_homepage
Krimson Park,"208 N Market St # 300, Dallas, TX 75202",https://krimsonpark.com,Yes,(214) 929-6326,,5.0,2.0,32.933996,-97.4166559,wedding catering,Food & Restaurant,75203,booking@krimsonpark.com,,,booking@krimsonpark.com,https://www.facebook.com/people/Krimson-Park/61573133068492/,https://www.instagram.com/krimsonparkevents,Yes,found_subpage
The Venue at 400 North Ervay,"400 N Ervay St, Dallas, TX 75201",https://boxwoodhospitality.com,Yes,(817) 617-7400,,3.0,3.0,32.933996,-97.4166559,wedding catering,Food & Restaurant,75203,,,,,,,No,no_contact_found
Crystal Frasier Weddings,"2510 Boll St, Dallas, TX 75204",https://crystalfrasier.com,Yes,(972) 342-7960,,,,32.933996,-97.4166559,wedding catering,Food & Restaurant,75203,crystal@crystalfrasier.com,,,crystal@crystalfrasier.com,https://www.facebook.com/crystalfrasierweddings,https://www.instagram.com/crystalfrasierweddings/,Yes,found_homepage
Posh Couture Rentals,"101 Cole St, Dallas, TX 75207",https://poshcouturerentals.com,Yes,(972) 818-3200,,6.0,4.0,32.933996,-97.4166559,wedding catering,Food & Restaurant,75203,info@poshcouturerentals.com,,,info@poshcouturerentals.com,https://www.facebook.com/poshcouturerentals,https://www.instagram.com/poshcouturerentals,Yes,found_homepage
Brake & Clutch Warehouse,"3601 Main St #120, Dallas, TX 75226",https://brakeandclutchwarehouse.com,Yes,,,2.0,11.0,32.933996,-97.4166559,wedding catering,Food & Restaurant,75203,info@brakeandclutchwarehouse.com,,,info@brakeandclutchwarehouse.com,https://www.facebook.com/brakeandclutchwarehouse,https://www.instagram.com/brakeandclutchwarehouse,Yes,found_subpage
Preston Hollow Caterers,"3300 W Mockingbird Ln, Dallas, TX 75205",https://prestonhollowcatering.com,Yes,(214) 739-0350,,5.0,1.0,32.776184,-97.3842431,wedding catering,Food & Restaurant,75203,catering@phcatering.net,,,catering@phcatering.net,,,Yes,found_homepage
Hickory Street Annex,"501 S Second Ave B-200, Dallas, TX 75226",https://hickorystreetannex.com,Yes,(214) 558-4315,,8.0,15.0,32.776184,-97.3842431,wedding catering,Food & Restaurant,75203,michelle@hickorystreetannex.com,,,michelle@hickorystreetannex.com,https://www.facebook.com/hickorystreetannexdallas,https://www.instagram.com/hickorystreetannex/,Yes,found_homepage
Mi Cocina,"2000 Woodall Rodgers Fwy, Dallas, TX 75201",https://micocina.com,Yes,(214) 531-6061,,123.0,2.0,32.8160548,-97.4468768,food catering,Food & Restaurant,75203,,,,,https://www.facebook.com/MiCocinaTexmex,https://www.instagram.com/micocina/,No,no_contact_found
Hendrix Hill,"4318 Eastside Ave, Dallas, TX 75226",https://hendrixhill.com,Yes,(214) 775-9959,,3.0,1.0,32.8160548,-97.4468768,food catering,Food & Restaurant,75203,main@hendrixhill.com,,,main@hendrixhill.com,https://www.facebook.com/HendrixHillProvisions/,https://www.instagram.com/hendrixhillprovisions,Yes,found_homepage
Dallas Culinary Company,"9016 Garland Rd, Dallas, TX 75218",https://dallasculinaryco.com,Yes,(469) 876-2188,,4.0,1.0,32.8160548,-97.4468768,food catering,Food & Restaurant,75203,,,,,,,No,no_contact_found
Rosie's Recipes and Catering,"Dallas, TX 75241",https://weebly.com,Yes,(469) 818-3081,,,,32.7970303,-97.3642535,food catering,Food & Restaurant,75203,,,,,,,No,no_contact_found
Kuluntu Bakery,"900 E Clarendon Dr #165, Dallas, TX 75203",https://kuluntubakery.org,Yes,(469) 933-4960,,9.0,5.0,32.757638,-97.40002,bakery,Food & Restaurant,75203,,,,,,https://www.instagram.com/kuluntubakery/,No,no_contact_found
Chic Bakery,"238 Sunset Ave, Dallas, TX 75000",https://chiccustomcakes.com,Yes,(214) 942-2266,,6.0,12.0,32.757638,-97.40002,bakery,Food & Restaurant,75203,,,,,https://www.facebook.com/share/16LZS7RsUH/?mibextid=wwXIfr,https://www.instagram.com/chicbakerycakes?igsh=dnM2ZW1neXpwcDl5,No,no_contact_found
Vera's Bakery,"932 W Davis St, Dallas, TX 75208",https://verasbakerydallas.com,Yes,(214) 943-2167,,6.0,46.0,32.757638,-97.40002,bakery,Food & Restaurant,75203,,,,,,,No,no_contact_found
Oak Cliff Bread,"1300 S Polk St #230, Dallas, TX 75224",https://oakcliffbread.com,Yes,(682) 439-5319,,0.0,14.0,32.757638,-97.40002,bakery,Food & Restaurant,75203,,,,,,,No,no_contact_found
Montecito Baking Co.,"921 W Commerce St, Dallas, TX 75208",https://montecito-baking-co.square.site,Yes,(347) 429-4320,,5.0,3.0,32.757638,-97.40002,bakery,Food & Restaurant,75203,,,,,,,No,no_contact_found
"Designs By Cake Daddy, LLC","3155 S Lancaster Rd #130, Dallas, TX 75216",https://imyourcakedaddy.com,Yes,(469) 297-8993,,4.0,12.0,32.757638,-97.40002,bakery,Food & Restaurant,75203,imyourcakedaddy@gmail.com,,,imyourcakedaddy@gmail.com,https://www.facebook.com/pg/cakedaddydfw/reviews/?ref=page_internal,https://www.instagram.com/cakedaddydfw/,Yes,found_homepage
CarnellsCakery,"3911 S Lancaster Rd # 100A, Dallas, TX 75216",https://carnellscakerydfw.com,Yes,(214) 680-3747,,2.0,17.0,32.757638,-97.40002,bakery,Food & Restaurant,75203,carnellscakery@gmail.com,,,carnellscakery@gmail.com,,,Yes,found_homepage
La Roca Bakery /panaderia y pasteleria.,"3812 W Clarendon Dr, Dallas, TX 75211",https://facebook.com,Yes,(214) 238-2056,,7.0,26.0,32.757638,-97.40002,bakery,Food & Restaurant,75203,,,,,,,No,no_contact_found
Miz. G's House of Pies,"2315 Sutter St, Dallas, TX 75216",https://mizgshouseofpies.com,Yes,(214) 946-9717,,1.0,11.0,32.757638,-97.40002,bakery,Food & Restaurant,75203,,,,,,,No,no_contact_found
Cake4One,"1807 E Levee St, Dallas, TX 75207",https://cake4one.com,Yes,(214) 310-1320,,1.0,24.0,32.757638,-97.40002,bakery,Food & Restaurant,75203,,,,,,,No,no_contact_found
Snap Bakeshop,"1430 Dragon St Unit 1 Building 2, Dallas, TX 75207",https://snapbakeshop.com,Yes,(214) 916-9481,,3.0,5.0,32.757638,-97.40002,bakery,Food & Restaurant,75203,snapbakeshop@gmail.com,,,snapbakeshop@gmail.com,https://www.facebook.com/snapbakeshop,https://www.instagram.com/snapbakeshop,Yes,found_homepage
JOY Macarons,"839 W Davis St, Dallas, TX 75208",https://joymacarons.com,Yes,(214) 434-1922,,0.0,33.0,32.757638,-97.40002,bakery,Food & Restaurant,75203,,,,,,,No,no_contact_found
Pinkitzel Bishop Arts,"417 N Bishop Ave, Dallas, TX 75208",https://pinkitzel.com,Yes,(972) 666-7465,,3.0,1.0,32.757638,-97.40002,bakery,Food & Restaurant,75203,info@pinkitzel.com,party@pinkitzel.com,jobs@pinkitzel.com,info@pinkitzel.com | party@pinkitzel.com | jobs@pinkitzel.com,,http://instagram.com/pinkitzel,Yes,found_subpage
La Estrella Y Familia Bakery,"1111 Singleton Blvd, Dallas, TX 75212",https://m.facebook.com,Yes,(469) 227-7271,,6.0,22.0,32.757638,-97.40002,bakery,Food & Restaurant,75203,,,,,,,No,no_contact_found
Jayemi's Outside The Box Bakery,"Na, Dallas, TX 75203",https://facebook.com,Yes,(214) 407-1023,,,,32.757638,-97.40002,bakery,Food & Restaurant,75203,,,,,,,No,no_contact_found
Cannon Bakery,"1718 N Market St, Dallas, TX 75202",https://cannonbakery.com,Yes,(469) 318-2229,,0.0,40.0,32.757638,-97.40002,bakery,Food & Restaurant,75203,info@cannonbakery.com,,,info@cannonbakery.com,https://www.facebook.com/profile.php?id=61559946846080,https://www.instagram.com/kokopelli_sweets/,Yes,found_homepage
Val's Cheesecakes,"1112 S Akard St, Dallas, TX 75215",https://valsbluelabel.com,Yes,(214) 468-4203,,3.0,42.0,32.757638,-97.40002,bakery,Food & Restaurant,75203,,,,,https://www.facebook.com/valscheesecakes,https://www.instagram.com/valscheesecakes/,No,no_contact_found
Reveles Mexican Bakery,"2610 Sylvan Ave, Dallas, TX 75212",https://reveles-bakery.edan.io,Yes,(972) 803-3231,,2.0,20.0,32.757638,-97.40002,bakery,Food & Restaurant,75203,,,,,https://www.facebook.com/panaderiareveles/,,No,no_contact_found
San Martin Bakery and Restaurant,"3120 McKinney Ave, Dallas, TX 75204",https://sanmartinbakery.us,Yes,(469) 802-6652,,102.0,4.0,32.757638,-97.40002,bakery,Food & Restaurant,75203,,,,,,,No,no_contact_found
CakeFlower,"2544 W Commerce St Suite C, Dallas, TX 75212",https://cake-flower.com,Yes,(469) 275-0228,,3.0,4.0,32.757638,-97.40002,bakery,Food & Restaurant,75203,,,,,https://www.facebook.com/cakeflowerdfw,https://www.instagram.com/cakeflower_dfw/,No,no_contact_found
Lone Star Donuts & Tacos,"1727 N Beckley Ave, Dallas, TX 75203",https://lsdonutsandtacos.com,Yes,(214) 238-7023,,9.0,29.0,32.757638,-97.40002,bakery,Food & Restaurant,75203,,,,,,,No,no_contact_found
Lubellas patisserie LLC,"10323 Ferguson Rd, Dallas, TX 75228",https://lubellaspatisserie.com,Yes,(469) 978-1801,,0.0,61.0,32.757638,-97.40002,bakery,Food & Restaurant,75203,info@lubellaspatisserie.com,,,info@lubellaspatisserie.com,https://www.facebook.com/100071934936029,https://www.instagram.com/lubellaspatisserie,Yes,found_homepage
Whole Foods Bakery,"2510 McKinney Ave, Dallas, TX 75201",https://wholefoodsmarket.com,Yes,(469) 945-7997,,,,32.757638,-97.40002,bakery,Food & Restaurant,75203,,,,,https://www.facebook.com/wholefoodsUK/,https://www.instagram.com/wholefoodsuk/,No,no_contact_found
Soon Ja's Bakery,"2330 Royal Ln STE 700, Dallas, TX 75229",https://soonjasbakery.com,Yes,(972) 789-1700,,3.0,54.0,32.8952115,-97.4776412,bakery,Food & Restaurant,75203,soonja@soonjasbakery.com,,,soonja@soonjasbakery.com,https://www.facebook.com/soonjasbakery,https://www.instagram.com/soonjasbakery/,Yes,found_homepage
Baked,"921 W Commerce St, Dallas, TX 75208",https://bakeddallas.com,Yes,(469) 432-3181,,,,32.8952115,-97.4776412,bakery,Food & Restaurant,75203,,,,,,,No,no_contact_found
Fluellen Cupcakes,"1408 Elm St, Dallas, TX 75202",https://fluellencupcakes.com,Yes,(469) 248-0856,,3.0,64.0,32.8952115,-97.4776412,bakery,Food & Restaurant,75203,,,,,https://www.facebook.com/FluellenCupcakes/,https://www.instagram.com/fluellencupcakes/?hl=en,No,no_contact_found
Candor Bread,"819 W Davis St, Dallas, TX 75208",https://candorbread.com,Yes,(214) 929-6752,,,,32.8952115,-97.4776412,bakery,Food & Restaurant,75203,info@candorbread.com,,,info@candorbread.com,http://www.facebook.com/CandorBreadOC,http://instagram.com/candorbreadoc,Yes,found_homepage
Chelles Macarons,"920 S Harwood St #191, Dallas, TX 75201",https://chellesmacarons.com,Yes,(972) 638-0837,,3.0,5.0,32.8952115,-97.4776412,bakery,Food & Restaurant,75203,info@chellesmacarons.com,,,info@chellesmacarons.com,https://www.facebook.com/chellesmacarons?ref=aymt_homepage_panel,https://www.instagram.com/p/B3gAsl9nBsu/,Yes,found_homepage
Sugar & Sage Bakery,"4314 Lovers Ln, Dallas, TX 75225",https://sugarandsagebakery.com,Yes,(469) 759-6697,,2.0,41.0,32.8952115,-97.4776412,bakery,Food & Restaurant,75203,,,,,,,No,no_contact_found
Zaguan Latin Caf & Bakery,"Zaguan Latin Cafe & Bakery, 2604 Oak Lawn Ave, Dallas, TX 75219",https://zaguan.com,Yes,(214) 219-8393,,135.0,2.0,32.8952115,-97.4776412,bakery,Food & Restaurant,75203,,,,,,,No,no_contact_found
The Cupcake Experience,"3900 Commerce St, Dallas, TX 75226",https://thecupcakeexperience.com,Yes,(214) 287-9021,,9.0,5.0,32.8952115,-97.4776412,bakery,Food & Restaurant,75203,thecupcakeexperience1@gmail.com,,,thecupcakeexperience1@gmail.com,,https://www.instagram.com/thecupcakeexperience1/,Yes,found_subpage
Leila Bakery & Cafe,"6041 Oram St, Dallas, TX 75206",https://leilabakery.com,Yes,(972) 807-6297,,4.0,25.0,32.8952115,-97.4776412,bakery,Food & Restaurant,75203,info@leilabakery.com,,,info@leilabakery.com,https://www.facebook.com/leilabakerycafe?mibextid=wwXIfr&mibextid=wwXIfr,https://www.instagram.com/leilabakerycafe,Yes,found_homepage
Del Norte Bakery #4,"3210 Falls Dr, Dallas, TX 75211",https://delnorte-bakery.edan.io,Yes,(214) 339-8644,,0.0,9.0,32.8952115,-97.4776412,bakery,Food & Restaurant,75203,,,,,,,No,no_contact_found
D's Sourdough,"Farmers Market Open Air Shed, 1010 S Pearl St, Dallas, TX 75201",https://dsbreads.com,Yes,(972) 348-0706,,0.0,2.0,32.8952115,-97.4776412,bakery,Food & Restaurant,75203,debra@dsbreads.com,,,debra@dsbreads.com,https://www.facebook.com/DsSourdough/,https://www.instagram.com/dssourdough/,Yes,found_homepage
Panini Bakery & Cakes,"6063 Sherry Ln, Dallas, TX 75225",https://paninibakery.com,Yes,(214) 363-1225,,4.0,9.0,32.8952115,-97.4776412,bakery,Food & Restaurant,75203,,,,,,,No,no_contact_found
Selina Renee Baking Studio,"1150 Empire Central Pl #102, Dallas, TX 75247",https://selinarenee.com,Yes,(972) 803-8266,,5.0,8.0,32.8952115,-97.4776412,bakery,Food & Restaurant,75203,,,,,//facebook.com/sweetsbyselina,//instagram.com/selinareneebakingstudio,No,no_contact_found
Cavalier Donuts & Coffee,"111 Continental Ave Ste 200, Dallas, TX 75207",https://royalcavalierbakery.square.site,Yes,(214) 760-2494,,5.0,3.0,32.8952115,-97.4776412,bakery,Food & Restaurant,75203,,,,,,,No,no_contact_found
Tiff's Treats Cookie Delivery,"1001 Ross Ave #120, Dallas, TX 75202",https://cookiedelivery.com,Yes,(214) 720-0500,,9.0,43.0,32.8952115,-97.4776412,bakery,Food & Restaurant,75203,,,,,https://www.facebook.com/tiffstreats,https://www.instagram.com/tiffstreats/,No,no_contact_found
Cake Bar,"2629 N Stemmons Fwy Suite101, Dallas, TX 75207",https://cakebardallas.com,Yes,(214) 272-8259,,546.0,1.0,32.8952115,-97.4776412,bakery,Food & Restaurant,75203,orders@cakebardallas.com,,,orders@cakebardallas.com,,,Yes,found_homepage
Daisy Cakes,"5200 Lemmon Ave #101, Dallas, TX 75209",https://daisycakesdallas.com,Yes,(469) 291-7301,,9.0,16.0,32.8952115,-97.4776412,bakery,Food & Restaurant,75203,,,,,http://facebook.com/daisycakesdallas,https://www.instagram.com/daisycakesdallas,No,no_contact_found
Kim's Donuts,"311 S Zang Blvd, Dallas, TX 75208",https://instagram.com,Yes,(214) 948-6367,,5.0,26.0,32.8952115,-97.4776412,bakery,Food & Restaurant,75203,,,,,https://developers.facebook.com/docs/instagram,https://about.instagram.com/,No,no_contact_found
Corner Bakery Cafe,"600 N Pearl St Ste S100, Dallas, TX 75201",https://cornerbakerycafe.com,Yes,(214) 969-0507,,5.0,16.0,32.8952115,-97.4776412,bakery,Food & Restaurant,75203,press@cornerbakerycafe.com,,,press@cornerbakerycafe.com,https://www.facebook.com/cornerbakerycafe,https://www.instagram.com/cornerbakery/,Yes,found_subpage
Sweet donuts & Desserts,"420 N Tyler St, Dallas, TX 75208",https://instagram.com,Yes,(214) 892-6404,,0.0,1.0,32.7488238,-96.9095008,donut shop,Food & Restaurant,75203,,,,,,,No,no_contact_found
La Rue Doughnut,"3011 Gulden Ln #117, Dallas, TX 75212",https://laruedoughnuts.com,Yes,(945) 278-6598,,3.0,29.0,32.7488238,-96.9095008,donut shop,Food & Restaurant,75203,,,,,,https://www.instagram.com/larue_doughnuts/?hl=en,No,no_contact_found
The Salty Donut,"2049 N Pearl St, Dallas, TX 75201",https://saltydonut.com,Yes,(469) 530-9639,,9.0,12.0,32.7902854,-96.8729362,donut shop,Food & Restaurant,75203,donuts@saltydonut.com,social@saltydonut.com,,donuts@saltydonut.com | social@saltydonut.com,https://www.facebook.com/TheSaltyDonut/,https://www.instagram.com/thesaltydonut/,Yes,found_subpage
Southern Maid Donuts,"937 W Davis St, Dallas, TX 75208",https://southernmaiddonuts.com,Yes,(214) 941-4046,,2.0,30.0,32.7419274,-96.9281588,donut shop,Food & Restaurant,75203,information@southernmaiddonuts.com,,,information@southernmaiddonuts.com,,,Yes,found_homepage
Kiest Doughnuts,"1150 W Kiest Blvd Ste 330, Dallas, TX 75224",https://kiest-doughnuts.poi.place,Yes,(214) 372-1009,,4.0,12.0,32.7419274,-96.9281588,donut shop,Food & Restaurant,75203,,,,,,,No,no_contact_found
Good Morning Donut,"3206 W Davis St Suite #104, Dallas, TX 75211",https://usplaces.me,Yes,(214) 330-8855,,6.0,33.0,32.7419274,-96.9281588,donut shop,Food & Restaurant,75203,,,,,,,No,no_contact_found
Donuts-N-Coffee,"3232 W Illinois Ave #100, Dallas, TX 75211",https://donutsandcoffees.com,Yes,(214) 339-2233,,7.0,55.0,32.7200622,-96.9459211,donut shop,Food & Restaurant,75203,,,,,,,No,no_contact_found
Voodoo Doughnut,"1806 Greenville Ave Suite 120, Dallas, TX 75206",https://voodoodoughnut.com,Yes,(945) 666-0121,,2.0,53.0,32.8124303,-96.8420594,donut shop,Food & Restaurant,75203,,,,,,,No,no_contact_found
Urban Donut & Coffee,"2805 Allen St #119, Dallas, TX 75204",https://urbandonut.com,Yes,(469) 444-1302,,5.0,37.0,32.8007334,-96.8734325,donut shop,Food & Restaurant,75203,,,,,,,No,no_contact_found
Donuts Deli,"2406 N Haskell Ave., Dallas, TX 75204",https://ginghisdonutsdeli.com,Yes,(214) 913-4122,,6.0,15.0,32.8007334,-96.8734325,donut shop,Food & Restaurant,75203,,,,,,,No,no_contact_found
The Spelled Milk,"712 W Davis St, Dallas, TX 75208",https://thespelledmilk.com,Yes,(214) 484-3714,,8.0,49.0,32.7493871,-96.9066376,donut shop,Food & Restaurant,75203,michael@thespelledmilk.com,,,michael@thespelledmilk.com,https://www.facebook.com/profile.php?id=100092549150009&mibextid=LQQJ4d,https://instagram.com/thespelledmilk?igshid=MzRlODBiNWFlZA==,Yes,found_homepage
RINGS DONUTS AND COFFEE,"6053 Sherry Ln, Dallas, TX 75225",https://ringsdonuts.com,Yes,(214) 915-8101,,5.0,23.0,32.8624524,-96.8792775,donut shop,Food & Restaurant,75203,,,,,,,No,no_contact_found
Corner Donuts,"2825 Live Oak St, Dallas, TX 75204",https://facebook.com,Yes,(214) 515-9044,,5.0,17.0,32.7901501,-96.859994,donut shop,Food & Restaurant,75203,,,,,,,No,no_contact_found
Moe's Delights,"2839 S Ervay St, Dallas, TX 75215",https://moesdelights.com,Yes,(214) 699-7713,,0.0,4.0,32.757638,-97.40002,pastry shop,General,75203,,,,,,,No,no_contact_found
"Dude, Sweet Chocolate","336 W Eighth St #4643, Dallas, TX 75208",https://dudesweetchocolate.com,Yes,(682) 458-9855,,2.0,35.0,32.757638,-97.40002,pastry shop,General,75203,orders@dudesweetchocolate.com,,,orders@dudesweetchocolate.com,https://www.facebook.com/dudesweetchocolate/,https://www.instagram.com/dudesweetchocolate/,Yes,found_homepage
Emporium Pies,"2708 Main St #110, Dallas, TX 75226",https://emporiumpies.com,Yes,(972) 982-2757,,64.0,1.0,32.757638,-97.40002,pastry shop,General,75203,,,,,https://www.facebook.com/emporiumpies/,https://www.instagram.com/emporiumpies/,No,no_contact_found
Paris Baguette,"2534 Royal Ln Ste 130, Dallas, TX 75229",https://parisbaguette.com,Yes,(469) 680-3400,,6.0,3.0,32.757638,-97.40002,pastry shop,General,75203,,,,,https://www.facebook.com/parisbaguetteus/,https://www.instagram.com/parisbaguette_usa/,No,no_contact_found
Le Rve Gelato & Ptisserie,"12817 Preston Rd Suite #133, Dallas, TX 75230",https://lerevegp.com,Yes,(469) 372-5913,,2.0,58.0,32.757638,-97.40002,pastry shop,General,75203,,,,,,,No,no_contact_found
Mara Andre Boutique Bakery,"6906 Snider Plaza, Dallas, TX 75205",https://mariaandree.com,Yes,(469) 868-6097,,9.0,5.0,32.757638,-97.40002,pastry shop,General,75203,,,,,https://www.facebook.com/Maria-Andree-Boutique-Bakery-102178438047099/,https://instagram.com/maboutiquebakery,No,no_contact_found
Samantha Miller Pastry,"4100 Commerce St #12, Dallas, TX 75226",https://samanthamillerpastry.com,Yes,(203) 313-8039,,,,32.8052723,-97.3891346,pastry shop,General,75203,info@samanthamillerpastry.com,,,info@samanthamillerpastry.com,,https://instagram.com/samanthamillerpastry,Yes,found_homepage
Nothing Bundt Cakes,"2005 Fort Worth Ave Suite 120, Dallas, TX 75208",https://nothingbundtcakes.com,Yes,(214) 238-8285,,6.0,2.0,32.8052723,-97.3891346,pastry shop,General,75203,,,,,,,No,no_contact_found
Grandmas Bakery,"17977 Preston Rd, Dallas, TX 75252",https://grandmasbakerydfw.com,Yes,(972) 863-3779,,1.0,71.0,32.8052723,-97.3891346,pastry shop,General,75203,,,,,https://www.facebook.com/GrandmasBakeryDFW,https://www.instagram.com/grandmasbakerydfw/,No,no_contact_found
Kate Weiser Chocolate,"3011 Gulden Ln #115, Dallas, TX 75212",https://kateweiserchocolate.com,Yes,(469) 619-4929,,2.0,42.0,32.7493018,-97.3755294,pastry shop,General,75203,support@kateweiserchocolate.com,customerservice@kateweiserchocolate.com,,support@kateweiserchocolate.com | customerservice@kateweiserchocolate.com,https://www.facebook.com/officialkwchocolate/,https://www.instagram.com/officialkwchocolate/?hl=en,Yes,found_subpage
Botolino Gelato Artigianale,"269 N Bishop Ave, Dallas, TX 75208",https://botolino.com,Yes,(214) 643-6817,,4.0,10.0,32.7469328,-96.9005925,dessert shop,Food & Restaurant,75203,info@botolino.com,,,info@botolino.com,https://www.facebook.com/botolinogelato/,https://www.instagram.com/botolino_gelato/,Yes,found_homepage
Swirled Peace,"309 W Eighth St, Dallas, TX 75208",https://swirledpeace.com,Yes,(972) 863-8447,,5.0,14.0,32.7469328,-96.9005925,dessert shop,Food & Restaurant,75203,contact@swirledpeace.com,,,contact@swirledpeace.com,,http://instagram.com/swirled.peace,Yes,found_homepage
The Spun Cow Creamery,"211 S Akard St STE #101, Dallas, TX 75202",https://thespuncow.com,Yes,(256) 374-2990,,2.0,41.0,32.7469328,-96.9005925,dessert shop,Food & Restaurant,75203,info@thespuncow.com,,,info@thespuncow.com,https://www.facebook.com/wix,https://www.instagram.com/wix,Yes,found_homepage
NOLA snoballs,"349 W Jefferson Blvd, Dallas, TX 75208",https://nola-snoballs.com,Yes,(214) 507-5843,,6.0,11.0,32.7469328,-96.9005925,dessert shop,Food & Restaurant,75203,,,,,,,No,no_contact_found
The Peach Cobbler Factory,"3035 Canton St Suite 110, Dallas, TX 75226",https://peachcobblerfactory.com,Yes,(972) 863-8246,,7.0,42.0,32.8001562,-96.873523,dessert shop,Food & Restaurant,75203,,,,,https://www.facebook.com/FranchiseopportunitiesPeachCobblerFactory,https://www.instagram.com/peachcobblerfactory,No,no_contact_found
Dessert Lab,"4520 Frankford Rd #1000, Dallas, TX 75287",https://dessertlabdallas.com,Yes,(469) 489-0538,,181.0,1.0,32.9968931,-96.9030243,dessert shop,Food & Restaurant,75203,dessertlabdallas@gmail.com,,,dessertlabdallas@gmail.com,,https://www.instagram.com/dessertlabdallas/,Yes,found_homepage
CocoAndr Chocolatier & Horchateria,"2111 S Edgefield Ave, Dallas, TX 75224",https://cocoandre.com,Yes,(214) 941-3030,,1.0,35.0,32.7248574,-96.9169864,dessert shop,Food & Restaurant,75203,info@cocoandre.com,,,info@cocoandre.com,https://www.facebook.com/cocoandre/,https://www.instagram.com/cocoandre_chocolatier/p/DBhBakwPOXc/?img_index=1,Yes,found_subpage
Insomnia Cookies,"2656 Main St, Dallas, TX 75226",https://insomniacookies.com,Yes,(469) 789-2645,,2.0,44.0,32.7835461,-96.8563145,dessert shop,Food & Restaurant,75203,,,,,,,No,no_contact_found
Van Leeuwen Ice Cream,"2649 Main St, Dallas, TX 75226",https://vanleeuwenicecream.com,Yes,(212) 377-7183,,1.0,21.0,32.7835461,-96.8563145,dessert shop,Food & Restaurant,75203,,,,,,,No,no_contact_found
Insomnia Cookies,"2422 Victory Park Ln #100, Dallas, TX 75219",https://insomniacookies.com,Yes,(469) 839-6227,,3.0,35.0,32.7835461,-96.8563145,dessert shop,Food & Restaurant,75203,,,,,,,No,no_contact_found
Botolino Gelato Artigianale,"2116 Greenville Ave, Dallas, TX 75206",https://botolino.com,Yes,(469) 776-9077,,302.0,1.0,32.7835461,-96.8563145,dessert shop,Food & Restaurant,75203,info@botolino.com,,,info@botolino.com,https://www.facebook.com/botolinogelato/,https://www.instagram.com/botolino_gelato/,Yes,found_homepage
Neveria y Paleteria La Mexicana,"1322 W Clarendon Dr, Dallas, TX 75208",https://lamexicanatx.com,Yes,(469) 399-6897,,3.0,10.0,32.7482112,-96.9002702,dessert shop,Food & Restaurant,75203,,,,,https://www.facebook.com/profile.php?id=61561046046445&mibextid=LQQJ4d,https://www.instagram.com/lamexicana.dtx,No,no_contact_found
Rico's Paleteria y Taqueria,"655 W Illinois Ave Suite 907, Dallas, TX 75224",https://ricospaleteria.com,Yes,(469) 372-6208,,780.0,1.0,32.7219763,-96.9071482,dessert shop,Food & Restaurant,75203,,,,,,,No,no_contact_found
Chocolate Secrets,"3926 Oak Lawn Ave, Dallas, TX 75219",https://mychocolatesecrets.com,Yes,(214) 252-9801,,621.0,1.0,32.817097,-96.874207,dessert shop,Food & Restaurant,75203,manager@mychocolatesecrets.com,,,manager@mychocolatesecrets.com,https://www.facebook.com/wix,https://www.instagram.com/wix,Yes,found_homepage
Cone Creamery Dallas Farmers Market,"920 S Harwood St #121, Dallas, TX 75201",https://ccdfm.square.site,Yes,(972) 987-7450,,1.0,4.0,32.817097,-96.874207,dessert shop,Food & Restaurant,75203,,,,,,,No,no_contact_found
Dessert Lab,"329 E Polk St Suite 100, Richardson, TX 75081",https://dessertlabdallas.com,Yes,(469) 590-3909,,152.0,1.0,32.9475493,-96.8011485,dessert shop,Food & Restaurant,75203,dessertlabdallas@gmail.com,,,dessertlabdallas@gmail.com,,https://www.instagram.com/dessertlabdallas/,Yes,found_homepage
Jeni's Splendid Ice Creams,"2422 Victory Park Ln #100, Dallas, TX 75219",https://jenis.com,Yes,(972) 597-8098,,8.0,8.0,32.7660867,-96.8954281,dessert shop,Food & Restaurant,75203,contact@jenis.com,events@jenis.com,catering@jenis.com,contact@jenis.com | events@jenis.com | catering@jenis.com | press@jenis.com,https://www.facebook.com/JenisIceCreams/,https://www.instagram.com/jenisicecreams/?hl=en,Yes,found_subpage
See's Candies,"8687 N Central Expy #2360, Dallas, TX 75225",https://chocolateshops.sees.com,Yes,(469) 232-9279,,4.0,18.0,32.867948,-96.8444548,dessert shop,Food & Restaurant,75203,,,,,http://www.facebook.com/Sees.Candies,https://instagram.com/seescandies/,No,no_contact_found
Five Mile Chocolate,"819 W Davis St, Dallas, TX 75208",https://fivemilechocolate.com,Yes,(214) 929-6752,,,,32.7496995,-96.9088167,dessert shop,Food & Restaurant,75203,info@fivemilechocolate.com,,,info@fivemilechocolate.com,,,Yes,found_homepage
Tiff's Treats Cookie Delivery,"2242 Fort Worth Ave #110, Dallas, TX 75211",https://cookiedelivery.com,Yes,(972) 863-1400,,9.0,7.0,32.7496995,-96.9088167,dessert shop,Food & Restaurant,75203,,,,,https://www.facebook.com/tiffstreats,https://www.instagram.com/tiffstreats/,No,no_contact_found
04 La DUNI Baking & Coffee Studio,"2612 Irving Blvd, Dallas, TX 75207",https://ladunihub.com,Yes,(214) 520-7300,,54.0,1.0,32.8012378,-96.9139217,dessert shop,Food & Restaurant,75203,eborga@venduni.com,duni@laduni.com,metka@laduni.com,eborga@venduni.com | duni@laduni.com | metka@laduni.com,https://www.facebook.com/LaDuniLove/,https://www.instagram.com/ladunilove/,Yes,found_subpage
Great One Cookie Company,"1025 N Stemmons Fwy Suite 600, Dallas, TX 75207",https://greatonecookies.com,Yes,(214) 219-3111,,5.0,7.0,32.8021821,-96.8720185,dessert shop,Food & Restaurant,75203,order@greatonecookies.com,,,order@greatonecookies.com,https://www.facebook.com/GreatOneCookieCompany,https://www.instagram.com/greatonecookies/,Yes,found_homepage
Rocket Fizz Deep Ellum,"2701 Main St #160, Dallas, TX 75226",https://rocketfizz.com,Yes,(972) 773-9155,,5.0,23.0,32.8021821,-96.8720185,dessert shop,Food & Restaurant,75203,info@rocketfizz.com,,,info@rocketfizz.com,https://www.facebook.com/rocketfizz/,https://www.instagram.com/rocketfizzofficial/,Yes,found_subpage
RicoMex Ice Cream Wholesale,"655 W Illinois Ave #907, Dallas, TX 75224",https://ricospaleteria.com,Yes,(214) 952-2925,,,,32.7219631,-96.9071429,dessert shop,Food & Restaurant,75203,,,,,,,No,no_contact_found
Milk  Cream,"1929 Greenville Ave, Dallas, TX 75206",https://m.facebook.com,Yes,(214) 434-1739,,275.0,1.0,32.8143739,-96.8425117,ice cream shop,Food & Restaurant,75203,,,,,,,No,no_contact_found
Parlor's Handcrafted Ice Creams,"6465 E Mockingbird Ln Suite 465, Dallas, TX 75214",https://parlorsicecreams.com,Yes,(214) 281-5057,,6.0,22.0,32.8371552,-96.8234913,ice cream shop,Food & Restaurant,75203,info@parlorsicecreams.com,,,info@parlorsicecreams.com,,https://www.instagram.com/parlorsicecreams/,Yes,found_homepage
Pokey O's Cookies & Ice Cream - Dallas,"3034 E Mockingbird Ln, Dallas, TX 75205",https://pokeyos.com,Yes,(214) 987-1200,,0.0,26.0,32.8371625,-96.8523433,ice cream shop,Food & Restaurant,75203,info@pokeyos.com,midcities@pokeyos.com,,info@pokeyos.com | midcities@pokeyos.com,http://facebook.com/pokeyos,http://instagram.com/pokeyos,Yes,found_homepage
Howdy Homemade Ice Cream,"12300 Inwood Rd Ste 200, Dallas, TX 75244",https://howdyhomemade.com,Yes,(214) 484-1552,,7.0,56.0,32.9154364,-96.8893758,ice cream shop,Food & Restaurant,75203,,,,,,,No,no_contact_found
Picol,"2656 Main St #110, Dallas, TX 75226",https://picolepop.com,Yes,(469) 372-1404,,1.0,25.0,32.7440462,-96.859112,ice cream shop,Food & Restaurant,75203,,,,,,,No,no_contact_found
1:29 FRESH,"196 W Davis St Suite 120, Dallas, TX 75208",https://129fresh.com,Yes,(214) 238-7528,,9.0,17.0,32.7492597,-96.9690716,smoothie bar,Food & Restaurant,75203,kingdomfamilymanagementllc@gmail.com,,,kingdomfamilymanagementllc@gmail.com,https://www.facebook.com/people/129-Fresh/61550644764252/#,,Yes,found_homepage
Juice Bay 365,"1210 Botham Jean Blvd, Dallas, TX 75215",https://juicebay365.com,Yes,,,7.0,5.0,32.7492597,-96.9690716,smoothie bar,Food & Restaurant,75203,juicebay365@gmail.com,,,juicebay365@gmail.com,,,Yes,found_homepage
JuiceLand,"1888 Sylvan Ave f150, Dallas, TX 75208",https://juiceland.com,Yes,(214) 760-4828,,1.0,51.0,32.7492597,-96.9690716,smoothie bar,Food & Restaurant,75203,,,,,https://www.facebook.com/JuiceLandAustin/,https://www.instagram.com/juiceland/,No,no_contact_found
JuiceLand,"2633 McKinney Ave #170, Dallas, TX 75204",https://juiceland.com,Yes,(214) 466-8586,,6.0,43.0,32.7492597,-96.9690716,smoothie bar,Food & Restaurant,75203,,,,,https://www.facebook.com/JuiceLandAustin/,https://www.instagram.com/juiceland/,No,no_contact_found
Juicebabe,"920 S Harwood St Suite 112, Dallas, TX 75201",https://juicebabedallas.com,Yes,(214) 484-3735,,9.0,8.0,32.7492597,-96.9690716,smoothie bar,Food & Restaurant,75203,nayebgroup@yahoo.com,,,nayebgroup@yahoo.com,https://www.facebook.com/juicebabedallas,http://instagram.com/juicebabedallas,Yes,found_homepage
CNTRD JUICE,"2424 Victory Park Ln, Dallas, TX 75202",https://instagram.com,Yes,,,6.0,3.0,32.7492597,-96.9690716,smoothie bar,Food & Restaurant,75203,,,,,,,No,no_contact_found
Sol Good Juice,"2513 N Fitzhugh Ave suit 100, Dallas, TX 75204",https://solgoodjuices.com,Yes,(214) 613-2600,,2.0,6.0,32.7492597,-96.9690716,smoothie bar,Food & Restaurant,75203,solgoodjuice@gmail.com,,,solgoodjuice@gmail.com,,https://www.instagram.com/solgoodjuice/,Yes,found_homepage
Fruitbowl,"3851 Cedar Springs Rd A, Dallas, TX 75219",https://fruitsbowl.com,Yes,(469) 653-1787,,0.0,24.0,32.7492597,-96.9690716,smoothie bar,Food & Restaurant,75203,,,,,,,No,no_contact_found
Smoothie King,"2222 Fort Worth Ave Suite 135, Dallas, TX 75211",https://locations.smoothieking.com,Yes,(972) 803-6242,,5.0,20.0,32.7492597,-96.9690716,smoothie bar,Food & Restaurant,75203,,,,,,,No,no_contact_found
everbowl,"200 Crescent Ct Suite 60, Dallas, TX 75201",https://everbowl.com,Yes,(972) 925-9025,,3.0,30.0,32.7492597,-96.9690716,smoothie bar,Food & Restaurant,75203,,,,,https://www.facebook.com/everbowl,https://www.instagram.com/everbowlcraftsuperfood/,No,no_contact_found
Main Squeeze Juice Co.,"7324 Gaston Ave # 123, Dallas, TX 75214",https://mainsqueezejuiceco.com,Yes,(469) 708-7197,,0.0,27.0,32.8115221,-96.8751156,smoothie bar,Food & Restaurant,75203,,,,,https://www.facebook.com/msjcfranchising/,https://www.instagram.com/mainsqueezejuiceco/,No,no_contact_found
Pressed Juicery,"2222 McKinney Ave Suite 230, Dallas, TX 75201",https://pressed.com,Yes,(214) 969-9001,,3.0,14.0,32.7251873,-96.9554136,smoothie bar,Food & Restaurant,75203,info@pressed.com,pressed@azionepr.com,wholesale@pressed.com,info@pressed.com | pressed@azionepr.com | wholesale@pressed.com | catering@pressed.com | accounts.payable@pressed.com | hr@pressed.com,https://www.facebook.com/PressedOfficial,https://www.instagram.com/pressedjuicery/,Yes,found_subpage
Juice Babe,"3417 Gaston Ave Suite 120, Dallas, TX 75246",https://juicebabedallas.com,Yes,(214) 484-1410,,5.0,2.0,32.7251873,-96.9554136,smoothie bar,Food & Restaurant,75203,nayebgroup@yahoo.com,,,nayebgroup@yahoo.com,https://www.facebook.com/juicebabedallas,http://instagram.com/juicebabedallas,Yes,found_homepage
The Juice Bar,"66 Highland Park Village #2733, Dallas, TX 75205",https://thejuicebardallas.com,Yes,(469) 914-5551,,7.0,3.0,32.835778,-96.9495556,smoothie bar,Food & Restaurant,75203,,,,,,,No,no_contact_found
Nekter Juice Bar,"8403 Pickwick Ln, Dallas, TX 75225",https://locations.nekterjuicebar.com,Yes,(972) 629-9428,,6.0,9.0,32.835778,-96.9495556,smoothie bar,Food & Restaurant,75203,,,,,https://www.facebook.com/nekterjuicebar,https://instagram.com/nekterjuicebar,No,no_contact_found
Elia Greek Tavern,"205 N Bishop Ave, Dallas, TX 75208",https://eliagreektaverndallas.com,Yes,(214) 600-8239,,9.0,36.0,32.835778,-96.9495556,smoothie bar,Food & Restaurant,75203,,,,,,,No,no_contact_found
Smoothie Factory,"8702 S Polk St, Dallas, TX 75232",https://smoothiefactorykitchen.com,Yes,(972) 228-3202,,6.0,10.0,32.6437017,-96.983477,smoothie bar,Food & Restaurant,75203,,,,,https://www.facebook.com/smoothiefactorypluskitchen,https://www.instagram.com/smoothiefactorykitchen,No,no_contact_found
Nekter Juice Bar,"6712 Snider Plaza, Dallas, TX 75205",https://locations.nekterjuicebar.com,Yes,(214) 585-5815,,9.0,13.0,32.7571043,-96.9674272,smoothie bar,Food & Restaurant,75203,,,,,https://www.facebook.com/nekterjuicebar,https://instagram.com/nekterjuicebar,No,no_contact_found
The Juice Bar,"8687 N Central Expy #2372, Dallas, TX 75225",https://thejuicebardallas.com,Yes,(214) 265-5075,,9.0,8.0,32.8685017,-96.9177081,smoothie bar,Food & Restaurant,75203,,,,,,,No,no_contact_found
Smoothie King,"3903 Lemmon Ave, Dallas, TX 75219",https://locations.smoothieking.com,Yes,(214) 599-6213,,4.0,85.0,32.8127704,-96.9512832,smoothie bar,Food & Restaurant,75203,,,,,,,No,no_contact_found
The GEM Organic Food & Juice,"6102 Luther Ln, Dallas, TX 75225",https://insidethegem.com,Yes,(214) 750-2929,,9.0,6.0,32.8127704,-96.9512832,smoothie bar,Food & Restaurant,75203,info@insidethegem.com,,,info@insidethegem.com,https://www.facebook.com/TheGEMJuiceBar/,https://www.instagram.com/p/DCAJi5tSGwh/,Yes,found_homepage
Clean Juice,"9820 N Central Expy #510, Dallas, TX 75231",https://locations.cleanjuice.com,Yes,(469) 372-0507,,5.0,18.0,32.8127704,-96.9512832,smoothie bar,Food & Restaurant,75203,,,,,https://www.facebook.com/cleanjuice/,https://www.instagram.com/cleanjuice/,No,no_contact_found
Tropical Smoothie Cafe,"4560 W Mockingbird Ln Suite 118, Dallas, TX 75209",https://tropicalsmoothiecafe.com,Yes,(214) 351-7037,,2.0,45.0,32.8127704,-96.9512832,smoothie bar,Food & Restaurant,75203,,,,,https://www.facebook.com/tropicalsmoothiecafe,http://instagram.com/tropicalsmoothiecafe,No,no_contact_found
Ann's Health Food Center & Market,"2634 S Zang Blvd, Dallas, TX 75224",https://annshfc.com,Yes,(214) 942-9483,,6.0,45.0,32.8127704,-96.9512832,smoothie bar,Food & Restaurant,75203,,,,,https://www.facebook.com/annshfc/?fref=nf,,No,no_contact_found
Tiny Victories,"604 N Tyler St, Dallas, TX 75208",https://tinyvictoriesoc.com,Yes,(972) 685-7055,,8.0,49.0,32.8127704,-96.9512832,smoothie bar,Food & Restaurant,75203,info@tinyvictoriesoc.com,reservations@tinyvictoriesoc.com,,info@tinyvictoriesoc.com | reservations@tinyvictoriesoc.com,http://facebook.com/tinyvictoriesoc,http://instagram.com/tinyvictoriesoc,Yes,found_homepage
Daquiri To Go,"543 S Riverfront Blvd, Dallas, TX 75207",https://myfrozendrinks.org,Yes,(214) 741-0600,,40.0,1.0,32.8127704,-96.9512832,smoothie bar,Food & Restaurant,75203,,,,,,,No,no_contact_found
The Juice Bar,"12050 Inwood Rd, Dallas, TX 75244",https://thejuicebardallas.com,Yes,(972) 726-7777,,6.0,9.0,32.9126826,-96.9621976,smoothie bar,Food & Restaurant,75203,,,,,,,No,no_contact_found
Raw x Rooted,"2737 Carpenter Ave, Dallas, TX 75215",https://rawxrooted.com,Yes,(469) 416-9792,,0.0,1.0,32.7492597,-96.9690716,juice bar,Food & Restaurant,75203,,,,,,,No,no_contact_found
fit factory grill and smoothies,"921 W Commerce St, Dallas, TX 75208",https://fitfactorymeals.com,Yes,(682) 409-9150,,8.0,2.0,32.7492597,-96.9690716,juice bar,Food & Restaurant,75203,,,,,,,No,no_contact_found
JuiceLand,"3001 Knox St #109, Dallas, TX 75205",https://juiceland.com,Yes,(214) 833-8985,,1.0,7.0,32.7454042,-96.9623436,juice bar,Food & Restaurant,75203,,,,,https://www.facebook.com/JuiceLandAustin/,https://www.instagram.com/juiceland/,No,no_contact_found
JuiceLand,"6465 E Mockingbird Ln Suite 365, Dallas, TX 75214",https://juiceland.com,Yes,(214) 273-2392,,9.0,10.0,32.8375395,-96.8946222,juice bar,Food & Restaurant,75203,,,,,https://www.facebook.com/JuiceLandAustin/,https://www.instagram.com/juiceland/,No,no_contact_found
JuiceLand,"5600 W Lovers Ln #114, Dallas, TX 75209",https://juiceland.com,Yes,(469) 317-7879,,7.0,32.0,32.850601,-96.961108,juice bar,Food & Restaurant,75203,,,,,https://www.facebook.com/JuiceLandAustin/,https://www.instagram.com/juiceland/,No,no_contact_found
Nora Bar and Grill,"1888 Sylvan Ave f120, Dallas, TX 75208",https://noradallas.com,Yes,(972) 803-3686,,0.0,46.0,32.850601,-96.961108,juice bar,Food & Restaurant,75203,,,,,https://www.facebook.com/norabishoparts,https://www.instagram.com/norarestaurantdallas/,No,no_contact_found
The Perfect Garnish Co.,"2533 Cedar Crest Blvd suite 100, Dallas, TX 75203",https://theperfectgarnish.co,Yes,(214) 949-6468,,,,32.835901,-96.9728466,juice bar,Food & Restaurant,75203,support@theperfectgarnish.co,,,support@theperfectgarnish.co,,,Yes,found_subpage
Revive Bowl,"920 S Harwood St suite 180, Dallas, TX 75201",https://revivebowl.com,Yes,(214) 272-7311,,4.0,2.0,32.835901,-96.9728466,juice bar,Food & Restaurant,75203,,,,,,,No,no_contact_found
Zen Sushi in the Bishop Arts,"380 W Seventh St, Dallas, TX 75208",https://zensushidallas.com,Yes,(214) 946-9699,,0.0,43.0,32.835901,-96.9728466,juice bar,Food & Restaurant,75203,info@zensushidallas.com,,,info@zensushidallas.com,,,Yes,found_homepage
LadyLove Lounge & Sound,"310 W Seventh St, Dallas, TX 75208",https://ladylovesound.com,Yes,(972) 733-9032,,5.0,36.0,32.835901,-96.9728466,juice bar,Food & Restaurant,75203,ladylovesound@gmail.com,,,ladylovesound@gmail.com,,https://www.instagram.com/ladylovedallas/?hl=en,Yes,found_homepage
NEONY Pizza Works,"829 W Davis St, Dallas, TX 75208",https://neonypizza.com,Yes,(214) 484-2485,,6.0,30.0,32.7496853,-96.9812057,pizza restaurant,Food & Restaurant,75203,,,,,https://www.facebook.com/neonypizza/,https://www.instagram.com/neonypizza/,No,no_contact_found
Shema`s Pizza Place,"921 W Commerce St K10, Dallas, TX 75208",https://shemaspizza.com,Yes,(681) 489-9384,,,,32.7496853,-96.9812057,pizza restaurant,Food & Restaurant,75203,,,,,,,No,no_contact_found
Old Hag's Pizza Dallas,"1315 W Davis St, Dallas, TX 75208",https://oldhagspizzadallas.com,Yes,(214) 941-8080,,7.0,96.0,32.7496853,-96.9812057,pizza restaurant,Food & Restaurant,75203,,,,,,,No,no_contact_found
Right Slice Pizza,"1302 Main St, Dallas, TX 75202",https://rightslicepizzadallas.com,Yes,(469) 240-1482,,0.0,3.0,32.7496853,-96.9812057,pizza restaurant,Food & Restaurant,75203,dallasrrs@gmail.com,,,dallasrrs@gmail.com,https://www.facebook.com/rightslicepizzamainstreet/,,Yes,found_homepage
South Polk Pizzeria,"3939 S Polk St #527, Dallas, TX 75224",https://clover.com,Yes,(214) 200-3137,,5.0,44.0,32.7496853,-96.9812057,pizza restaurant,Food & Restaurant,75203,,,,,,,No,no_contact_found
Zalat Pizza,"1210 Botham Jean Blvd Suite 1118, Dallas, TX 75215",https://zalatpizza.com,Yes,(214) 484-8368,,3.0,88.0,32.7496853,-96.9812057,pizza restaurant,Food & Restaurant,75203,,,,,https://www.facebook.com/zalatpizza/,https://www.instagram.com/zalatpizza,No,no_contact_found
Mister O1 Extraordinary Pizza Turtle Creek,"3838 Oak Lawn Ave suite p175, Dallas, TX 75219",https://mistero1.com,Yes,(214) 432-4434,,840.0,4.0,32.7496853,-96.9812057,pizza restaurant,Food & Restaurant,75203,,,,,,,No,no_contact_found
Pie Tap Pizza + Rotisserie + Bar,"1212 Oak Lawn Ave, Dallas, TX 75207",https://pie-tap.com,Yes,(469) 677-0997,,705.0,2.0,32.7496853,-96.9812057,pizza restaurant,Food & Restaurant,75203,,,,,,,No,no_contact_found
Good Side Pizza Pub,"2538 Elm St, Dallas, TX 75226",https://goodsidepizza.com,Yes,(469) 817-4663,,0.0,16.0,32.7496853,-96.9812057,pizza restaurant,Food & Restaurant,75203,,,,,,,No,no_contact_found
Sara's Pizza | Dallas,"2627 W Jefferson Blvd St: 217, Dallas, TX 75211",https://sarapizzadallas.com,Yes,(214) 585-5821,,6.0,13.0,32.7496853,-96.9812057,pizza restaurant,Food & Restaurant,75203,raedalan22@gmail.com,,,raedalan22@gmail.com,https://www.facebook.com/paliospizzacafedowntown,https://www.instagram.com/saras_pizza_dallas,Yes,found_homepage
Papa Johns Pizza,"1127 N Beckley Ave, Dallas, TX 75203",https://locations.papajohns.com,Yes,(214) 943-8888,,7.0,24.0,32.7496853,-96.9812057,pizza restaurant,Food & Restaurant,75203,,,,,https://www.facebook.com/papajohnsus,https://www.instagram.com/papajohns/,No,no_contact_found
Poco Fiasco,"2823 McKinnon St, Dallas, TX 75201",https://pocofiasco.com,Yes,(214) 894-7626,,2.0,26.0,32.7496853,-96.9812057,pizza restaurant,Food & Restaurant,75203,,,,,https://www.facebook.com/pocofiasco,https://www.instagram.com/pocofiasco/,No,no_contact_found
Cane Rosso,"2612 Commerce St, Dallas, TX 75226",https://canerosso.com,Yes,(214) 741-1188,,702.0,2.0,32.7496853,-96.9812057,pizza restaurant,Food & Restaurant,75203,jobs@canerosso.com,,,jobs@canerosso.com,https://www.facebook.com/canerossotx/,http://www.instagram.com/canerossotx,Yes,found_subpage
Zuzu's Pitsa Dallas,"4321 Live Oak St Unit 106, Dallas, TX 75204",https://pitsa.pizza,Yes,(469) 982-5973,,7.0,1.0,32.7496853,-96.9812057,pizza restaurant,Food & Restaurant,75203,info@pitsa.pizza,,,info@pitsa.pizza,https://www.facebook.com/pitsa.us,https://www.instagram.com/pitsa.pizza,Yes,found_homepage
Pegasus Pizza,"665 S Lamar St, Dallas, TX 75202",https://omnihotels.com,Yes,(214) 979-4512,,3.0,6.0,32.7496853,-96.9812057,pizza restaurant,Food & Restaurant,75203,,,,,,,No,no_contact_found
Partenope Ristorante,"1903 Main St, Dallas, TX 75201",https://partenopedallas.com,Yes,(214) 463-6222,,38.0,1.0,32.7496853,-96.9812057,pizza restaurant,Food & Restaurant,75203,ciao@partenopedallas.com,richardson@partenopedallas.com,,ciao@partenopedallas.com | richardson@partenopedallas.com,https://www.facebook.com/partenopedallas,https://www.instagram.com/partenopedallas/,Yes,found_subpage
i Fratelli Pizza Downtown Dallas,"1001 Ross Ave Suite 122, Dallas, TX 75202",https://ifratellipizza.com,Yes,(469) 399-1679,,3.0,25.0,32.7496853,-96.9812057,pizza restaurant,Food & Restaurant,75203,,,,,https://www.facebook.com/ifratellipizza,https://www.instagram.com/ifratellipizza/,No,no_contact_found
Campisi's,"1520 Elm St #111, Dallas, TX 75201",https://campisis.us,Yes,(214) 752-0141,,160.0,2.0,32.7496853,-96.9812057,pizza restaurant,Food & Restaurant,75203,cater@campisis.us,,,cater@campisis.us,https://www.facebook.com/CampisisRestaurants,https://www.instagram.com/campisisrestaurants/,Yes,found_homepage
Pizzati | Pizza  Pasta  Wings & More,"4032 Cedar Springs Rd, Dallas, TX 75219",https://pizzatiusa.com,Yes,(972) 863-8603,,6.0,28.0,32.7496853,-96.9812057,pizza restaurant,Food & Restaurant,75203,info@pizzatiusa.com,,,info@pizzatiusa.com,https://www.facebook.com/profile.php?id=100086653952795,https://www.instagram.com/pizzati_dallas/,Yes,found_homepage
Zio Al's Pizza & Pasta - Cedar Springs,"3851 Cedar Springs Rd, Dallas, TX 75219",https://zioals.com,Yes,(469) 677-0016,,277.0,1.0,32.7496853,-96.9812057,pizza restaurant,Food & Restaurant,75203,,,,,,,No,no_contact_found
Peter Piper Pizza,"729 W Jefferson Blvd, Dallas, TX 75208",https://locations.peterpiperpizza.com,Yes,(214) 943-6582,,269.0,2.0,32.7496853,-96.9812057,pizza restaurant,Food & Restaurant,75203,,,,,https://www.facebook.com/peterpiperpizza,https://instagram.com/peterpiperpizza,No,no_contact_found
Pizzana,"3219 Knox St, Dallas, TX 75205",https://pizzana.com,Yes,(214) 440-4400,,0.0,30.0,32.7496853,-96.9812057,pizza restaurant,Food & Restaurant,75203,,,,,,https://instagram.com/pizzana/,No,no_contact_found
Pizzeria Carina,"6005 Berkshire Ln, Dallas, TX 75225",https://carina.pizza,Yes,(214) 774-9747,,5.0,30.0,32.8650936,-96.9523513,pizza restaurant,Food & Restaurant,75203,,,,,,,No,no_contact_found
Cicis Pizza,"655 W Illinois Ave Bldg 200 B-102 & B-104, Dallas, TX 75224",https://cicis.com,Yes,(214) 943-7700,,404.0,1.0,32.7225533,-96.9759876,pizza restaurant,Food & Restaurant,75203,,,,,,,No,no_contact_found
i Fratelli Pizza,"2815 Allen St, Dallas, TX 75204",https://ifratellipizza.com,Yes,(214) 720-0070,,6.0,36.0,32.7225533,-96.9759876,pizza restaurant,Food & Restaurant,75203,,,,,https://www.facebook.com/ifratellipizza,https://www.instagram.com/ifratellipizza/,No,no_contact_found
Carmine's Pizza Downtown,"2006 San Jacinto St #100, Dallas, TX 75201",https://carminespizzadallas.com,Yes,(214) 520-6000,,2.0,99.0,32.7225533,-96.9759876,pizza restaurant,Food & Restaurant,75203,,,,,https://www.facebook.com/carminespizzadowntown,https://www.instagram.com/carminespizzadowntown/,No,no_contact_found
Mama Mia's Pizza & Pasta,"2935 Elm St, Dallas, TX 75226",https://mamamiapizzaandpasta.org,Yes,(214) 484-1046,,2.0,77.0,32.7225533,-96.9759876,pizza restaurant,Food & Restaurant,75203,bagleyk@mamamiapizzaandpasta.org,,,bagleyk@mamamiapizzaandpasta.org,https://www.facebook.com/123108511073686,https://www.instagram.com/mamamiapizzadeepellum,Yes,found_homepage
Pizza Patrn Fort Worth Ave,"2222 Fort Worth Ave Ste 140, Dallas, TX 75211",https://order.pizzapatron.com,Yes,(214) 943-9191,,9.0,4.0,32.7225533,-96.9759876,pizza restaurant,Food & Restaurant,75203,,,,,,,No,no_contact_found
Serious Pizza,"2807 Elm St, Dallas, TX 75226",https://seriouspizza.com,Yes,(469) 949-9234,,269.0,6.0,32.7225533,-96.9759876,pizza restaurant,Food & Restaurant,75203,,,,,https://www.facebook.com/seriouspizzadeepellum,https://www.instagram.com/seriouspizza/,No,no_contact_found
MONDO PIZZA,"4436 Lemmon Ave, Dallas, TX 75219",https://mondopizzaco.com,Yes,(214) 446-5450,,2.0,39.0,32.819052,-96.9574044,pizza restaurant,Food & Restaurant,75203,,,,,,,No,no_contact_found
Thunderbird Pies,"7328 Gaston Ave #110, Dallas, TX 75214",https://thunderbirdpies.com,Yes,(469) 577-1077,,0.0,47.0,32.8110102,-96.8755378,pizza restaurant,Food & Restaurant,75203,,,,,https://www.facebook.com/thunderbirdpies,https://www.instagram.com/thunderbirdpies,No,no_contact_found
Grimaldi's Pizzeria,"3636 McKinney Ave Ste. 190, Dallas, TX 75204",https://grimaldispizzeria.com,Yes,(214) 559-4611,,478.0,1.0,32.8070815,-96.9404291,pizza restaurant,Food & Restaurant,75203,grimaldis@wearebreadandbutter.com,jbertholdi@jba-re.com,,grimaldis@wearebreadandbutter.com | jbertholdi@jba-re.com,https://www.facebook.com/GrimaldisPizzeria/,https://www.instagram.com/grimaldispizzeria/?hl=en,Yes,found_subpage
Sassetta,"1530 Main St STE 100, Dallas, TX 75201",https://thejouledallas.com,Yes,(214) 290-7555,,1.0,71.0,32.8070815,-96.9404291,pizza restaurant,Food & Restaurant,75203,,,,,https://www.facebook.com/TheJouleHotel/,https://www.instagram.com/thejouledallas,No,no_contact_found
Delucca Gaucho Pizza & Wine - Dallas,"1628 Oak Lawn Ave Ste 100, Dallas, TX 75207",https://delucca.com,Yes,(214) 774-9903,,250.0,2.0,32.8070815,-96.9404291,pizza restaurant,Food & Restaurant,75203,info@delucca.com,,,info@delucca.com,https://www.facebook.com/deluccagauchopizza/,https://www.instagram.com/deluccagauchopizza/,Yes,found_subpage
Divino's Pizza,"708 S Peak St, Dallas, TX 75246",https://divinospizzadallas.com,Yes,(214) 828-1772,,8.0,31.0,32.8070815,-96.9404291,pizza restaurant,Food & Restaurant,75203,,,,,,,No,no_contact_found
Porta Di Roma,"1623 Main St Ste 104, Dallas, TX 75201",https://portadiromarestaurant.com,Yes,(214) 752-0855,,128.0,1.0,32.8070815,-96.9404291,pizza restaurant,Food & Restaurant,75203,portadiroma08@yahoo.com,,,portadiroma08@yahoo.com,https://www.facebook.com/515053412319821,https://www.instagram.com/portadiroma_db,Yes,found_homepage
Pizza Patrn South Hampton Road,"2519 S Hampton Rd, Dallas, TX 75224",https://pizzapatron.com,Yes,(214) 623-9220,,6.0,41.0,32.8070815,-96.9404291,pizza restaurant,Food & Restaurant,75203,,,,,https://www.facebook.com/pizzapatron,https://www.instagram.com/pizzapatron/,No,no_contact_found
Lucia,"287 N Bishop Ave, Dallas, TX 75208",https://luciadallas.com,Yes,(214) 948-4998,,9.0,69.0,32.8070815,-96.9404291,pizza restaurant,Food & Restaurant,75203,,,,,https://www.facebook.com/Lucia-Dallas-118749384831092,,No,no_contact_found
Prince Street Pizza,"2820 N Henderson Ave, Dallas, TX 75206",https://princestreetpizza.com,Yes,(214) 484-2523,,3.0,60.0,32.8070815,-96.9404291,pizza restaurant,Food & Restaurant,75203,,,,,,,No,no_contact_found
Roma's Pizza & Italian Restaurant,"7033 Greenville Ave, Dallas, TX 75231",https://romasdallas.com,Yes,(214) 373-0500,,870.0,1.0,32.8070815,-96.9404291,pizza restaurant,Food & Restaurant,75203,,,,,,,No,no_contact_found
LA Gourmet Pizza,"2709 McKinney Ave, Dallas, TX 75204",https://lagourmetpizza.com,Yes,(214) 981-9337,,8.0,40.0,32.8070815,-96.9404291,pizza restaurant,Food & Restaurant,75203,,,,,https://www.facebook.com/lagourmetpizzadallas,https://instagram.com/lagourmetpizza,No,no_contact_found
Pizza Large,"4817 Ross Ave, Dallas, TX 75204",https://pizzalarge.com,Yes,(972) 467-4123,,2.0,20.0,32.8070815,-96.9404291,pizza restaurant,Food & Restaurant,75203,,,,,,,No,no_contact_found
North Italia,"2301 N Akard St Ste 280, Dallas, TX 75201",https://northitalia.com,Yes,(972) 619-3770,,401.0,1.0,32.8070815,-96.9404291,pizza restaurant,Food & Restaurant,75203,,,,,https://www.facebook.com/NorthItalia,https://www.instagram.com/eatnorthitalia,No,no_contact_found
Piggie Pies Pizza,"3707 Greenville Ave, Dallas, TX 75206",https://piggiepiespizza.com,Yes,(214) 821-6465,,291.0,1.0,32.8070815,-96.9404291,pizza restaurant,Food & Restaurant,75203,,,,,,,No,no_contact_found
Broadway Pizza,"700 N Pearl St n104, Dallas, TX 75201",https://broadwaypizzadallas.com,Yes,(214) 720-2221,,4.0,7.0,32.8070815,-96.9404291,pizza restaurant,Food & Restaurant,75203,,,,,,,No,no_contact_found
Lovers Pizza & Pasta,"6434 E Mockingbird Ln #113, Dallas, TX 75214",https://loverspizzapasta.com,Yes,(214) 823-2262,,8.0,32.0,32.8070815,-96.9404291,pizza restaurant,Food & Restaurant,75203,,,,,,,No,no_contact_found
Pizza Inn,"4304 Live Oak St, Dallas, TX 75204",https://pizzainn.com,Yes,(214) 826-8855,,7.0,67.0,32.8070815,-96.9404291,pizza restaurant,Food & Restaurant,75203,,,,,,,No,no_contact_found
Cicis Pizza,"4800 Columbia Ave Ste 102, Dallas, TX 75226",https://cicis.com,Yes,(214) 370-3404,,39.0,1.0,32.8070815,-96.9404291,pizza restaurant,Food & Restaurant,75203,,,,,,,No,no_contact_found
Brother's Pizza & Pasta,"10455 N Central Expy #104, Dallas, TX 75230",https://brothersdallas.com,Yes,(469) 708-4187,,6.0,78.0,32.8070815,-96.9404291,pizza restaurant,Food & Restaurant,75203,,,,,,,No,no_contact_found
CiboDivino Marketplace,"1868 Sylvan Ave d100, Dallas, TX 75208",https://cibodivinomkt.com,Yes,(214) 653-2426,,7.0,51.0,32.8070815,-96.9404291,pizza restaurant,Food & Restaurant,75203,info@cibodivinomkt.com,,,info@cibodivinomkt.com,https://www.facebook.com/pages/CiboDivino-Marketplace/1509983099248858,https://instagram.com/cibodivinomkt/,Yes,found_homepage
Olivellas Pizza and Wine,"6465 E Mockingbird Ln #525, Dallas, TX 75214",https://olivellas.com,Yes,(469) 730-2626,,9.0,58.0,32.8070815,-96.9404291,pizza restaurant,Food & Restaurant,75203,,,,,https://www.facebook.com/OlivellasDallas/,https://www.instagram.com/olivellasdallas/,No,no_contact_found
Chicago Pizza Dallas,"3701 W Northwest Hwy suite 309, Dallas, TX 75220",https://chicagopizzaandpastatx.com,Yes,(469) 310-1515,,5.0,43.0,32.8070815,-96.9404291,pizza restaurant,Food & Restaurant,75203,,,,,,,No,no_contact_found
Ravenna Italian Grille & Bar,"115 S Field St, Dallas, TX 75202",https://ravennadallas.com,Yes,(214) 744-9333,,163.0,1.0,32.8070815,-96.9404291,pizza restaurant,Food & Restaurant,75203,,,,,https://www.facebook.com/Ravenna-Italian-Grille-Bar-558828070832360/?ref=br_rs,https://www.instagram.com/ravennadallas/channel/,No,no_contact_found
Pizza Hut,"603 S Tyler St Suite 100, Dallas, TX 75208",https://locations.pizzahut.com,Yes,(214) 948-2001,,5.0,43.0,32.8070815,-96.9404291,pizza restaurant,Food & Restaurant,75203,,,,,https://www.facebook.com/PizzaHut,https://www.instagram.com/pizzahut/?hl=en,No,no_contact_found
Social Pie,"5855 Maple Ave, Dallas, TX 75235",https://socialpie.kitchen,Yes,(469) 930-4483,,161.0,1.0,32.8070815,-96.9404291,pizza restaurant,Food & Restaurant,75203,,,,,https://www.facebook.com/socialpiedallas/,https://www.instagram.com/socialpiedallas/,No,no_contact_found
Olivellas Pizza and Wine,"3406 McFarlin Blvd, Dallas, TX 75205",https://olivellas.com,Yes,(214) 528-7070,,7.0,46.0,32.8070815,-96.9404291,pizza restaurant,Food & Restaurant,75203,,,,,https://www.facebook.com/OlivellasDallas/,https://www.instagram.com/olivellasdallas/,No,no_contact_found
Pizza Hut,"3233 Fort Worth Ave, Dallas, TX 75211",https://locations.pizzahut.com,Yes,(214) 339-2158,,6.0,92.0,32.7496853,-96.9812057,pizza delivery,Food & Restaurant,75203,,,,,https://www.facebook.com/PizzaHut,https://www.instagram.com/pizzahut/?hl=en,No,no_contact_found
Marco's Pizza,"921 W Commerce St, Dallas, TX 75208",https://marcos.com,Yes,,,1.0,1.0,32.7496853,-96.9812057,pizza delivery,Food & Restaurant,75203,,,,,https://www.facebook.com/MarcosPizza/,https://www.instagram.com/marcospizza/,No,no_contact_found
Pizza Hut,"2110 E Ledbetter Dr, Dallas, TX 75216",https://locations.pizzahut.com,Yes,(214) 376-3337,,6.0,75.0,32.7496853,-96.9812057,pizza delivery,Food & Restaurant,75203,,,,,https://www.facebook.com/PizzaHut,https://www.instagram.com/pizzahut/?hl=en,No,no_contact_found
Pizza Hut,"222 Continental Ave, Dallas, TX 75207",https://locations.pizzahut.com,Yes,(972) 925-0630,,4.0,35.0,32.7496853,-96.9812057,pizza delivery,Food & Restaurant,75203,,,,,https://www.facebook.com/PizzaHut,https://www.instagram.com/pizzahut/?hl=en,No,no_contact_found
Zalat Pizza,"2519 N Fitzhugh Ave, Dallas, TX 75204",https://zalatpizza.com,Yes,(214) 370-9786,,208.0,2.0,32.7496853,-96.9812057,pizza delivery,Food & Restaurant,75203,,,,,https://www.facebook.com/zalatpizza/,https://www.instagram.com/zalatpizza,No,no_contact_found
Pizza Hut,"2248 W Illinois Ave, Dallas, TX 75224",https://locations.pizzahut.com,Yes,(214) 330-1300,,3.0,63.0,32.7496853,-96.9812057,pizza delivery,Food & Restaurant,75203,,,,,https://www.facebook.com/PizzaHut,https://www.instagram.com/pizzahut/?hl=en,No,no_contact_found
Domino's Pizza,"940 N Riverfront Blvd, Dallas, TX 75207",https://dominos.com,Yes,(469) 480-3030,,1.0,41.0,32.7496853,-96.9812057,pizza delivery,Food & Restaurant,75203,,,,,,,No,no_contact_found
Little Caesars Pizza,"3200 S Lancaster Rd, Dallas, TX 75216",https://littlecaesars.com,Yes,(214) 374-5500,,4.0,45.0,32.7496853,-96.9812057,pizza delivery,Food & Restaurant,75203,,,,,,,No,no_contact_found
Domino's Pizza,"4880 Sunnyvale St #2714, Dallas, TX 75216",https://dominos.com,Yes,(214) 376-6060,,5.0,76.0,32.7496853,-96.9812057,pizza delivery,Food & Restaurant,75203,,,,,,,No,no_contact_found
Pizza Hut,"4787 Vista Wood Blvd Suite 110, Dallas, TX 75232",https://locations.pizzahut.com,Yes,(214) 375-0005,,0.0,78.0,32.7496853,-96.9812057,pizza delivery,Food & Restaurant,75203,,,,,https://www.facebook.com/PizzaHut,https://www.instagram.com/pizzahut/?hl=en,No,no_contact_found
Domino's Pizza,"1050 N Westmoreland Rd Ste 110, Dallas, TX 75211",https://dominos.com,Yes,(214) 333-2371,,2.0,75.0,32.7496853,-96.9812057,pizza delivery,Food & Restaurant,75203,,,,,,,No,no_contact_found
Domino's Pizza,"2180 Robert B Cullum Blvd, Dallas, TX 75210",https://dominos.com,Yes,(972) 707-1666,,1.0,36.0,32.7698286,-96.9000781,pizza delivery,Food & Restaurant,75203,,,,,,,No,no_contact_found
Elliott Pizza,"4817 Ross Ave, Dallas, TX 75204",https://saquic-taco.square.site,Yes,(972) 467-0674,,8.0,6.0,32.7698286,-96.9000781,pizza delivery,Food & Restaurant,75203,,,,,,,No,no_contact_found
Greenville Avenue Pizza Company,"1923 Greenville Ave, Dallas, TX 75206",https://gapc.co,Yes,(214) 826-5404,,393.0,2.0,32.7698286,-96.9000781,pizza delivery,Food & Restaurant,75203,contactus@gapco.pizza,,,contactus@gapco.pizza,https://www.facebook.com/GreenvilleAvenuePizzaCompany,https://www.instagram.com/greenvilleavenuepizzacompany,Yes,found_subpage
Papa Johns Pizza,"3206 W Davis St, Dallas, TX 75211",https://locations.papajohns.com,Yes,(214) 467-2222,,3.0,23.0,32.7492793,-97.0173122,pizza delivery,Food & Restaurant,75203,,,,,https://www.facebook.com/papajohnsus,https://www.instagram.com/papajohns/,No,no_contact_found
Little Caesars Pizza,"655 W Illinois Ave, Dallas, TX 75224",https://littlecaesars.com,Yes,(214) 941-8700,,1.0,30.0,32.7492793,-97.0173122,pizza delivery,Food & Restaurant,75203,,,,,,,No,no_contact_found
Domino's Pizza,"1111 W Ledbetter Dr Ste 450, Dallas, TX 75224",https://dominos.com,Yes,(469) 320-9555,,8.0,29.0,32.6919391,-96.9862626,pizza delivery,Food & Restaurant,75203,,,,,,,No,no_contact_found
Cicis Pizza To Go,"3420 W Illinois Ave, Dallas, TX 75211",https://cicis.com,Yes,(214) 467-3800,,6.0,21.0,32.719382,-97.0195485,pizza delivery,Food & Restaurant,75203,,,,,,,No,no_contact_found
Pizza Hut,"4540 Ross Ave Suite 130, Dallas, TX 75204",https://locations.pizzahut.com,Yes,(214) 827-1177,,6.0,60.0,32.8233879,-96.9340484,pizza delivery,Food & Restaurant,75203,,,,,https://www.facebook.com/PizzaHut,https://www.instagram.com/pizzahut/?hl=en,No,no_contact_found
Domino's Pizza,"2615 Oak Lawn Ave, Dallas, TX 75219",https://dominos.com,Yes,(214) 520-7100,,4.0,47.0,32.8233879,-96.9340484,pizza delivery,Food & Restaurant,75203,,,,,,,No,no_contact_found
Cicis Pizza,"4398 Dallas Fort Worth Turnpike, Dallas, TX 75211",https://cicis.com,Yes,(214) 337-6624,,96.0,1.0,32.7630595,-97.0428778,pizza delivery,Food & Restaurant,75203,,,,,,,No,no_contact_found
Domino's Pizza,"2419 W Illinois Ave, Dallas, TX 75211",https://dominos.com,Yes,(214) 330-4883,,6.0,59.0,32.7630595,-97.0428778,pizza delivery,Food & Restaurant,75203,,,,,,,No,no_contact_found
Papa Johns Pizza,"3501 McKinney Ave, Dallas, TX 75204",https://locations.papajohns.com,Yes,(214) 219-7272,,9.0,45.0,32.8067667,-96.9427822,pizza delivery,Food & Restaurant,75203,,,,,https://www.facebook.com/papajohnsus,https://www.instagram.com/papajohns/,No,no_contact_found
Domino's Pizza,"4420 Gaston Ave, Dallas, TX 75246",https://dominos.com,Yes,(214) 828-9090,,7.0,76.0,32.8067667,-96.9427822,pizza delivery,Food & Restaurant,75203,,,,,,,No,no_contact_found
Pizza Hut,"2261 Singleton Blvd Suite 108, Dallas, TX 75212",https://locations.pizzahut.com,Yes,(214) 905-1129,,3.0,45.0,32.8067667,-96.9427822,pizza delivery,Food & Restaurant,75203,,,,,https://www.facebook.com/PizzaHut,https://www.instagram.com/pizzahut/?hl=en,No,no_contact_found
Pizza Hut,"3439 Oak Lawn Ave, Dallas, TX 75219",https://locations.pizzahut.com,Yes,(214) 522-1414,,4.0,48.0,32.8067667,-96.9427822,pizza delivery,Food & Restaurant,75203,,,,,https://www.facebook.com/PizzaHut,https://www.instagram.com/pizzahut/?hl=en,No,no_contact_found
PANE NOSTRO,"508 W Seventh St, Dallas, TX 75208",https://pane-nostro.com,Yes,(214) 425-3280,,2.0,10.0,32.7434019,-96.9095334,Italian restaurant,Food & Restaurant,75203,admin@pane-nostro.com,,,admin@pane-nostro.com,https://www.facebook.com/panenostrotx,https://www.instagram.com/panenostrotx/,Yes,found_homepage
La Stella Cucina Verace,"2330 Flora St #150, Dallas, TX 75201",https://lastellatx.com,Yes,(469) 663-7800,,542.0,2.0,32.789528,-96.8698334,Italian restaurant,Food & Restaurant,75203,management@lastellatx.com,,,management@lastellatx.com,https://www.facebook.com/LaStellaDallas/,https://www.instagram.com/lastelladallas/,Yes,found_homepage
Enoteca Italia,"3102 Oak Lawn Ave #116, Dallas, TX 75219",https://enotecaitaliadallas.com,Yes,(972) 685-2112,,8.0,85.0,32.8087154,-96.8798963,Italian restaurant,Food & Restaurant,75203,,,,,,,No,no_contact_found
Due' Cucina Italian restaurant - Lakewood,"1900 Abrams Pkwy, Dallas, TX 75214",https://duecucina.com,Yes,(214) 242-9489,,9.0,98.0,32.8128493,-96.8246099,Italian restaurant,Food & Restaurant,75203,,,,,,,No,no_contact_found
Ari's Pantry,"1307 1/2 W Davis St, Dallas, TX 75208",https://arispantry.com,Yes,(214) 884-8336,,2.0,6.0,32.7484173,-96.9005633,Italian restaurant,Food & Restaurant,75203,info@arispantry.com,,,info@arispantry.com,https://www.facebook.com/ChefArieh,https://www.instagram.com/arispantry/,Yes,found_homepage
Monarch Restaurant,"1401 Elm St 49th Floor, Dallas, TX 75201",https://monarchrestaurants.com,Yes,(214) 945-2222,,722.0,1.0,32.7484173,-96.9005633,Italian restaurant,Food & Restaurant,75203,,,,,https://www.facebook.com/monarchrestaurants/,https://www.instagram.com/monarchrestaurants/,No,no_contact_found
The Sicilian Butcher,"5225 Belt Line Rd Suite 240, Dallas, TX 75254",https://thesicilianbutcher.com,Yes,(972) 364-7741,,182.0,1.0,32.9545595,-96.8897949,Italian restaurant,Food & Restaurant,75203,,,,,,,No,no_contact_found
Saint Rocco's New York Italian,"3011 Gulden Ln #100, Dallas, TX 75212",https://saintroccosdallas.com,Yes,(469) 320-9707,,710.0,1.0,32.749796,-96.9169994,Italian restaurant,Food & Restaurant,75203,,,,,,,No,no_contact_found
Terilli's Restaurant,"2815 Greenville Ave, Dallas, TX 75206",https://terillis.com,Yes,(214) 827-3993,,802.0,1.0,32.8230388,-96.8425067,Italian restaurant,Food & Restaurant,75203,,,,,,,No,no_contact_found
Cremona Bistro Italian Kitchen,"2704 Worthington St, Dallas, TX 75204",https://cremonabistro.com,Yes,(214) 871-1115,,2.0,69.0,32.8230388,-96.8425067,Italian restaurant,Food & Restaurant,75203,,,,,,,No,no_contact_found
Dolce Riviera,"2950 N Harwood St #115, Dallas, TX 75201",https://dolceriviera.com,Yes,(469) 458-6623,,17.0,1.0,32.78262,-96.8575028,Italian restaurant,Food & Restaurant,75203,hello@dolceriviera.com,,,hello@dolceriviera.com,http://facebook.com/dolcerivieradal,http://www.instagram.com/dolcerivieradal,Yes,found_subpage
Avanti Restaurant,"2720 McKinney Ave, Dallas, TX 75204",https://avantirestaurants.com,Yes,(214) 871-4955,,7.0,75.0,32.78262,-96.8575028,Italian restaurant,Food & Restaurant,75203,,,,,,,No,no_contact_found
Ari's Pantry - Downtown,"1800 Main St Suite 124, Dallas, TX 75201",https://arispantry.com,Yes,(972) 707-1150,,8.0,5.0,32.78262,-96.8575028,Italian restaurant,Food & Restaurant,75203,info@arispantry.com,,,info@arispantry.com,https://www.facebook.com/ChefArieh,https://www.instagram.com/arispantry/,Yes,found_homepage
Urbano Cafe,"1410 N Fitzhugh Ave, Dallas, TX 75204",https://urbanodallas.com,Yes,(214) 823-8550,,3.0,27.0,32.78262,-96.8575028,Italian restaurant,Food & Restaurant,75203,,,,,https://www.facebook.com/UrbanoCafe,https://www.instagram.com/urbanocafe,No,no_contact_found
The Charles,"1632 Market Center Blvd, Dallas, TX 75207",https://thecharlesdallas.com,Yes,(469) 917-9000,,3.0,83.0,32.7929297,-96.8939483,Italian restaurant,Food & Restaurant,75203,reservations@thecharlesdallas.com,,,reservations@thecharlesdallas.com,https://www.facebook.com/thecharlesdallas,https://www.instagram.com/thecharlesdallas,Yes,found_homepage
Ospi Dallas,"1621 Oak Lawn Ave ste b, Dallas, TX 75207",https://ospi.com,Yes,(214) 484-2842,,,,32.7929297,-96.8939483,Italian restaurant,Food & Restaurant,75203,,,,,,,No,no_contact_found
Olive Garden Italian Restaurant,"3351 Cyn Blf Blvd, Dallas, TX 75211",https://olivegarden.com,Yes,(214) 333-1927,,365.0,3.0,32.7665844,-96.9470664,Italian restaurant,Food & Restaurant,75203,,,,,,,No,no_contact_found
Campisi's,"5610 E Mockingbird Ln, Dallas, TX 75206",https://campisis.us,Yes,(214) 827-0355,,759.0,2.0,32.8362356,-96.8437728,Italian restaurant,Food & Restaurant,75203,cater@campisis.us,,,cater@campisis.us,https://www.facebook.com/CampisisRestaurants,https://www.instagram.com/campisisrestaurants/,Yes,found_homepage
il Bracco,"8416 Preston Center Plaza, Dallas, TX 75225",https://ilbraccorestaurant.com,Yes,(214) 361-0100,,5.0,81.0,32.8362356,-96.8437728,Italian restaurant,Food & Restaurant,75203,postoak@ilbraccorestaurant.com,,,postoak@ilbraccorestaurant.com,https://www.facebook.com/ilbraccopostoak,https://www.instagram.com/ilbraccopostoak,Yes,found_subpage
Carbone Dallas,"1617 Hi Line Dr Ste 395, Dallas, TX 75207",https://carbonedallas.com,Yes,(469) 290-6009,,4.0,95.0,32.7957359,-96.8924256,Italian restaurant,Food & Restaurant,75203,reservations@carbonedallas.com,,,reservations@carbonedallas.com,https://www.facebook.com/majorfoodgroup,https://www.instagram.com/carbonerestaurants/,Yes,found_homepage
CiboDivino Centro,"2001 Bryan St #100, Dallas, TX 75201",https://cibodivinomkt.com,Yes,(214) 214-8466,,0.0,4.0,32.7957359,-96.8924256,Italian restaurant,Food & Restaurant,75203,info@cibodivinomkt.com,,,info@cibodivinomkt.com,https://www.facebook.com/pages/CiboDivino-Marketplace/1509983099248858,https://instagram.com/cibodivinomkt/,Yes,found_homepage
Via Triozzi,"1806 Greenville Ave Suite 120, Dallas, TX 75206",https://viatriozzi.com,Yes,(469) 897-5679,,4.0,30.0,32.8124527,-96.842109,Italian restaurant,Food & Restaurant,75203,ciao@viatriozzi.com,meredith@gopl8ted.com,,ciao@viatriozzi.com | meredith@gopl8ted.com,,,Yes,found_homepage
The Saint - Design District,"1000 N Riverfront Blvd, Dallas, TX 75207",https://thesaintdallas.com,Yes,(214) 258-6152,,3.0,44.0,32.7865817,-96.8894221,Italian restaurant,Food & Restaurant,75203,caleb@hooperhc.com,sergio@hooperhc.com,clark@hooperhc.com,caleb@hooperhc.com | sergio@hooperhc.com | clark@hooperhc.com | carlon@hooperhc.com | alison@lindseymillerpr.com,,https://www.instagram.com/thesaintdallas/?hl=en,Yes,found_subpage
Vino,"1617 Hi Line Dr, Dallas, TX 75207",https://vino.carbonedallas.com,Yes,(469) 290-6009,,8.0,22.0,32.7865817,-96.8894221,Italian restaurant,Food & Restaurant,75203,reservations@carbonevino.com,,,reservations@carbonevino.com,,,Yes,found_homepage
Taverna,"3312 Knox St, Dallas, TX 75205",https://tavernabylombardi.com,Yes,(214) 520-9933,,225.0,1.0,32.7865817,-96.8894221,Italian restaurant,Food & Restaurant,75203,,,,,,,No,no_contact_found
Il Pastaio di Eataly,"8687 N Central Expy #2172, Dallas, TX 75225",https://eataly.com,Yes,(469) 759-2800,,9.0,33.0,32.8681017,-96.8469529,Italian restaurant,Food & Restaurant,75203,media@eataly.com,guestrelations@eataly.com,lascuola@eataly.com,media@eataly.com | guestrelations@eataly.com | lascuola@eataly.com | privatedining@eataly.com | nyc.donations@eataly.com | dt-guestrelations@eataly.com | dt-privatedining@eataly.com | foodiversita@eataly.com | ny-catering@eataly.com | bostonguestrelations@eataly.com | boston.lascuola@eataly.com | bostoncatering@eataly.com | boston.privatedining@eataly.com | guestrelationschi@eataly.com | chilascuola@eataly.com | chiprivatedining@eataly.com | eda.guestrelations@eataly.com | eda-lascuola@eataly.com | esv-guestrelations@eataly.com | esv-scuola@eataly.com | esv-events@eataly.com | elv.guestrelations@eataly.com | groupdining@parkmgm.com | elv.events@eataly.com | la-guestrelations@eataly.com | la.lascuola@eataly.com | la.donations@eataly.com | soho-guestrelations@eataly.com | esh-guestrelations@eataly.com | eav.guestrelations@eataly.com | eav.lascuola@eataly.com | eav.privatedining@eataly.com | eav.catering@eataly.com | ekp-guestrelations@eataly.com | ewp.guestrelations@eataly.com | ewp-scuola@eataly.com | wpb.privatedining@eataly.com | customerservice@eataly.com | elv.donations@eataly.com | la.events@eataly.com | ewp-guestrelations@eataly.com,,,Yes,found_subpage
Gallo Nero Italian Bistro,"1905 Greenville Ave, Dallas, TX 75206",https://gallonerodallastx.com,Yes,(972) 598-0800,,4.0,54.0,32.8136704,-96.8426204,Italian restaurant,Food & Restaurant,75203,gallonerodallas1905@gmail.com,,,gallonerodallas1905@gmail.com,https://www.facebook.com/260378447164699,https://www.instagram.com/gallo_nero_dallas,Yes,found_homepage
Parrino's,"300 Reunion Blvd, Dallas, TX 75207",https://hyatt.com,Yes,(214) 712-7144,,2.0,9.0,32.7757534,-96.8816267,Italian restaurant,Food & Restaurant,75203,,,,,,,No,no_contact_found
Holy Ravioli,"4337 Lovers Ln, Dallas, TX 75225",https://holyravioli.com,Yes,(214) 696-3993,,4.0,5.0,32.8509,-96.8815795,Italian restaurant,Food & Restaurant,75203,,,,,http://www.facebook.com/holy-ravioli-364713525625,http://www.instagram.com/theholyravioli/,No,no_contact_found
Scalini's Pizza & Pasta,"2021 Abrams Rd, Dallas, TX 75214",https://scalinisdallas.com,Yes,(214) 821-8088,,6.0,85.0,32.8146431,-96.8253131,Italian restaurant,Food & Restaurant,75203,info@scalinisdallas.com,,,info@scalinisdallas.com,https://www.facebook.com/scalinisdallas,,Yes,found_homepage
Panevino Osteria,"5000 Belt Line Rd #300, Dallas, TX 75254",https://panevinoosteria.com,Yes,(469) 677-1536,,9.0,83.0,32.9535136,-96.8970175,Italian restaurant,Food & Restaurant,75203,panevinoaddisontx@gmail.com,,,panevinoaddisontx@gmail.com,https://www.facebook.com/319462985473451,,Yes,found_homepage
Barsotti's,"4208 Oak Lawn Ave, Dallas, TX 75219",https://barsottis-dallas.com,Yes,(214) 522-4208,,9.0,40.0,32.7971039,-96.8913305,Italian restaurant,Food & Restaurant,75203,info@barsottis-dallas.com,,,info@barsottis-dallas.com,,https://www.instagram.com/barsottisdallas/,Yes,found_homepage
Kenny's Italian Kitchen,"5100 Belt Line Rd #764, Dallas, TX 75254",https://kennysitalian.com,Yes,(972) 661-9380,,719.0,2.0,32.9522166,-96.891742,Italian restaurant,Food & Restaurant,75203,e.mardeda@kennysfood.com,,,e.mardeda@kennysfood.com,https://www.facebook.com/KennysItalian/,https://www.instagram.com/kennysrestaurantgroup/,Yes,found_subpage
Ari's Pantry - Trinity Groves,"3011 Gulden Ln Suite 119, Dallas, TX 75212",https://arispantry.com,Yes,(214) 884-8359,,4.0,1.0,32.7876235,-96.870807,Italian restaurant,Food & Restaurant,75203,info@arispantry.com,,,info@arispantry.com,https://www.facebook.com/ChefArieh,https://www.instagram.com/arispantry/,Yes,found_homepage
Two Guys From Italy,"11637 Webb Chapel Rd, Dallas, TX 75229",https://twoguysfromitalyrestaurant.com,Yes,(972) 247-6814,,759.0,2.0,32.9080703,-96.9448387,Italian restaurant,Food & Restaurant,75203,twoguysfromitalydallas@gmail.com,,,twoguysfromitalydallas@gmail.com,https://www.facebook.com/twoguysfromitalyrestaurant,,Yes,found_homepage
Alfonso's,"718 N Buckner Blvd #222, Dallas, TX 75218",https://alfonsositalianrestaurant.com,Yes,(214) 327-7777,,9.0,42.0,32.846518,-96.7831728,Italian restaurant,Food & Restaurant,75203,,,,,,,No,no_contact_found
Eataly Dallas,"8687 N Central Expy #2172, Dallas, TX 75225",https://eataly.com,Yes,(469) 759-2800,,332.0,4.0,32.8682073,-96.847738,Italian restaurant,Food & Restaurant,75203,media@eataly.com,guestrelations@eataly.com,lascuola@eataly.com,media@eataly.com | guestrelations@eataly.com | lascuola@eataly.com | privatedining@eataly.com | nyc.donations@eataly.com | dt-guestrelations@eataly.com | dt-privatedining@eataly.com | foodiversita@eataly.com | ny-catering@eataly.com | bostonguestrelations@eataly.com | boston.lascuola@eataly.com | bostoncatering@eataly.com | boston.privatedining@eataly.com | guestrelationschi@eataly.com | chilascuola@eataly.com | chiprivatedining@eataly.com | eda.guestrelations@eataly.com | eda-lascuola@eataly.com | esv-guestrelations@eataly.com | esv-scuola@eataly.com | esv-events@eataly.com | elv.guestrelations@eataly.com | groupdining@parkmgm.com | elv.events@eataly.com | la-guestrelations@eataly.com | la.lascuola@eataly.com | la.donations@eataly.com | soho-guestrelations@eataly.com | esh-guestrelations@eataly.com | eav.guestrelations@eataly.com | eav.lascuola@eataly.com | eav.privatedining@eataly.com | eav.catering@eataly.com | ekp-guestrelations@eataly.com | ewp.guestrelations@eataly.com | ewp-scuola@eataly.com | wpb.privatedining@eataly.com | customerservice@eataly.com | elv.donations@eataly.com | la.events@eataly.com | ewp-guestrelations@eataly.com,,,Yes,found_subpage
Pecan Lodge,"2702 Main St, Dallas, TX 75226",https://pecanlodge.com,Yes,(214) 748-8900,,519.0,8.0,32.7848915,-96.9241037,BBQ restaurant,Food & Restaurant,75203,catering@pecanlodge.com,,,catering@pecanlodge.com,https://www.facebook.com/PecanLodge/,https://www.instagram.com/pecanlodge/,Yes,found_homepage
Koolys BBQ,"1219 E Illinois Ave, Dallas, TX 75216",https://koolysbbq.shop,Yes,(214) 779-4681,,517.0,1.0,32.7848915,-96.9241037,BBQ restaurant,Food & Restaurant,75203,,,,,,,No,no_contact_found
Texas BBQ Pit,"2910 S Beckley Ave Ste 100, Dallas, TX 75216",https://texasbbqpit.com,Yes,(945) 360-3044,,4.0,2.0,32.7848915,-96.9241037,BBQ restaurant,Food & Restaurant,75203,texasbbqpitdallas@gmail.com,,,texasbbqpitdallas@gmail.com,https://www.facebook.com/profile.php?id=61577914721949,https://www.instagram.com/texasbbqpit,Yes,found_homepage
BBQ DNA,"211 N Ervay St Ste 110, Dallas, TX 75201",https://bbq-dna.com,Yes,(214) 702-1388,,6.0,20.0,32.7848915,-96.9241037,BBQ restaurant,Food & Restaurant,75203,info@bbqdna.com,,,info@bbqdna.com,,,Yes,found_homepage
Smokey Blacks BBQ,"4248 S Fitzhugh Ave suite A, Dallas, TX 75210",https://smokeyblacks.com,Yes,(214) 463-1901,,4.0,2.0,32.7848915,-96.9241037,BBQ restaurant,Food & Restaurant,75203,,,,,,,No,no_contact_found
T D's Barbecue,"3403 S Lancaster Rd, Dallas, TX 75216",https://visitdallas.com,Yes,(214) 372-9840,,281.0,1.0,32.7848915,-96.9241037,BBQ restaurant,Food & Restaurant,75203,accounting@visitdallas.com,,,accounting@visitdallas.com,https://www.facebook.com/visitdallas,https://www.instagram.com/visit_dallas/,Yes,found_subpage
SmokeCliff Texas Barbecue,"1424 Bonnie View Rd, Dallas, TX 75203",https://smokecliff.com,Yes,(214) 537-6545,,,,32.7848915,-96.9241037,BBQ restaurant,Food & Restaurant,75203,undercoveroven@gmail.com,filler@godaddy.com,,undercoveroven@gmail.com | filler@godaddy.com,,,Yes,found_homepage
Brisket Rules,"211 S Akard St, Dallas, TX 75202",https://brisketrules.com,Yes,(469) 796-9681,,6.0,5.0,32.7848915,-96.9241037,BBQ restaurant,Food & Restaurant,75203,,,,,https://www.facebook.com/110104288691644,https://www.instagram.com/brisketrules/,No,no_contact_found
Smokestack Bar & Grill,"921 W Commerce St Ste 128, Dallas, TX 75208",https://smokestackbarngrilltx.com,Yes,(469) 878-0062,,,,32.7848915,-96.9241037,BBQ restaurant,Food & Restaurant,75203,,,,,,,No,no_contact_found
Smokey John's,"1820 W Mockingbird Ln #18, Dallas, TX 75235",https://smokeyjohns.com,Yes,(214) 352-2752,,320.0,2.0,32.8215317,-96.9987625,BBQ restaurant,Food & Restaurant,75203,,,,,,,No,no_contact_found
Strouderosa BBQ,"9090 Skillman St Suite 174a, Dallas, TX 75243",https://strouderosa.com,Yes,(469) 954-3333,,0.0,46.0,32.8973373,-96.8645724,BBQ restaurant,Food & Restaurant,75203,,,,,https://www.facebook.com/strouderosa/,https://www.instagram.com/strouderosa/,No,no_contact_found
Oak'd BBQ,"5500 Greenville Ave # 1300, Dallas, TX 75206",https://oakdbbq.com,Yes,(214) 242-8671,,129.0,2.0,32.8973373,-96.8645724,BBQ restaurant,Food & Restaurant,75203,,,,,,,No,no_contact_found
Slow Bone BBQ,"2234 Irving Blvd, Dallas, TX 75207",https://slowbone.com,Yes,(214) 377-7727,,31.0,2.0,32.7963461,-96.978373,BBQ restaurant,Food & Restaurant,75203,catering@slowbone.com,,,catering@slowbone.com,https://www.facebook.com/SlowBoneBBQ,https://www.instagram.com/slowbonebbq/,Yes,found_homepage
Heim Barbecue on Mockingbird,"3130 W Mockingbird Ln, Dallas, TX 75235",https://heimbbq.com,Yes,(469) 397-4346,,898.0,1.0,32.7963461,-96.978373,BBQ restaurant,Food & Restaurant,75203,catering@heimbbq.com,info@heimbbq.com,,catering@heimbbq.com | info@heimbbq.com,https://www.facebook.com/heimbarbecue,https://www.instagram.com/heimbarbecue/#,Yes,found_subpage
Texas Best Smokehouse,"4880 Mountain Creek Pkwy, Dallas, TX 75236",https://texasbestsmokehouse.com,Yes,(972) 709-7534,,9.0,78.0,32.672389,-97.1124006,BBQ restaurant,Food & Restaurant,75203,,,,,,,No,no_contact_found
Sammy's Bar-B-Q,"2126 Leonard St, Dallas, TX 75201",https://sammysbarbeque.com,Yes,(214) 880-9064,,1.0,64.0,32.7928899,-96.9438942,BBQ restaurant,Food & Restaurant,75203,sammysbarbecue@gmail.com,,,sammysbarbecue@gmail.com,https://www.facebook.com/sammystexasbbq,https://www.instagram.com/sammysbbqdallastx/,Yes,found_homepage
Sonny Bryan's Smokehouse,"2202 Inwood Rd, Dallas, TX 75235",https://sonnybryans.com,Yes,(214) 357-7120,,81.0,3.0,32.7928899,-96.9438942,BBQ restaurant,Food & Restaurant,75203,,,,,,,No,no_contact_found
The Original Roy Hutchins Barbeque,"3000 TX-114, Trophy Club, TX 76262",https://royhutchinsbbq.com,Yes,(682) 237-4100,,531.0,3.0,32.9863416,-97.3143351,BBQ restaurant,Food & Restaurant,75203,info@royhutchinsbbq.com,,,info@royhutchinsbbq.com,https://www.facebook.com/royhutchinsbbq,https://www.instagram.com/royhutchinsbbq,Yes,found_subpage
Jack Ruby's Saloon and Grill,"1710 N Record St, Dallas, TX 75202",https://jackrubysaloon.com,Yes,(972) 314-8001,,4.0,16.0,32.7784343,-96.9721939,BBQ restaurant,Food & Restaurant,75203,vicky.roan@jackrubysaloon.com,joe.groves@amicuscorporation.com,onstage@jackrubysaloon.com,vicky.roan@jackrubysaloon.com | joe.groves@amicuscorporation.com | onstage@jackrubysaloon.com,,,Yes,found_subpage
Big Al's Smokehouse BBQ,"3317 Inwood Rd, Dallas, TX 75235",https://bigalsbbq.com,Yes,(214) 350-2649,,355.0,1.0,32.7784343,-96.9721939,BBQ restaurant,Food & Restaurant,75203,,,,,https://www.facebook.com/bigalssmokehouse/,https://www.instagram.com/bigalsbbqdallas/?hl=en,No,no_contact_found
Two Podners Restaurant,"1441 Robert B Cullum Blvd Suite 100, Dallas, TX 75210",https://twopodnersbbq.com,Yes,(214) 421-5387,,172.0,2.0,32.7784343,-96.9721939,BBQ restaurant,Food & Restaurant,75203,,,,,,,No,no_contact_found
Hardeman's BBQ,"2425 W Kiest Blvd, Dallas, TX 75233",https://hardemans-bbq.poi.place,Yes,(214) 330-2210,,2.0,32.0,32.7784343,-96.9721939,BBQ restaurant,Food & Restaurant,75203,,,,,,,No,no_contact_found
Lil E Bar-B-Q,"7620 S Great Trinity Forest Way, Dallas, TX 75217",https://lilvees-bbq.com,Yes,(214) 484-2592,,3.0,42.0,32.7123067,-96.8353681,BBQ restaurant,Food & Restaurant,75203,,,,,https://www.facebook.com/p/Lil-Vee-Bar-B-Q-100063572052789/,https://www.instagram.com/lilveebbq/,No,no_contact_found
Odom's Bar-B-Que,"1971 Singleton Blvd, Dallas, TX 75212",https://odomsbbq.com,Yes,(214) 631-3538,,424.0,1.0,32.7478757,-96.9692722,BBQ restaurant,Food & Restaurant,75203,,,,,,,No,no_contact_found
Mike Anderson's Barbeque House & Catering Company,"5410 Harry Hines Blvd, Dallas, TX 75235",https://mabbq.com,Yes,(214) 630-0735,,332.0,1.0,32.7478757,-96.9692722,BBQ restaurant,Food & Restaurant,75203,,,,,,,No,no_contact_found
Hardeman's BBQ & Soul Food,"6931 Scyene Rd, Dallas, TX 75227",https://toast.site,Yes,(214) 388-5252,,8.0,49.0,32.763819,-96.8457329,BBQ restaurant,Food & Restaurant,75203,,,,,,,No,no_contact_found
TABOON Mediterranean grill,"921 W Commerce St, Dallas, TX 75208",https://taboonusa.com,Yes,(214) 556-9013,,0.0,3.0,32.7734985,-96.9813907,BBQ restaurant,Food & Restaurant,75203,taboondallas@lonestarprosperityinc.com,,,taboondallas@lonestarprosperityinc.com,https://www.facebook.com/share/1CncqusnVW/?mibextid=wwXIfr,https://www.instagram.com/taboon_mediterraneandfw?igsh=cWxkdDRjbXhveXhk,Yes,found_homepage
Aloha Hawaiian Barbecue,"5610 Lemmon Ave A1, Dallas, TX 75209",https://alohabbq.top,Yes,(214) 521-8868,,0.0,81.0,32.7734985,-96.9813907,BBQ restaurant,Food & Restaurant,75203,info@alohabbq.top,black9@qq.com,,info@alohabbq.top | black9@qq.com,,,Yes,found_homepage
Dickey's Barbecue Pit,"4475 Adler Dr Ste 106, Dallas, TX 75211",https://dickeys.com,Yes,(214) 377-9171,,1.0,59.0,32.7734985,-96.9813907,BBQ restaurant,Food & Restaurant,75203,accessibility@dickeys.com,,,accessibility@dickeys.com,https://www.facebook.com/dickeysbarbecuepit/,https://www.instagram.com/dickeysbarbecuepit,Yes,found_subpage
Back Country BBQ,"6940 Greenville Ave, Dallas, TX 75231",https://backcountrybbq.com,Yes,(214) 696-6940,,7.0,82.0,32.8724696,-96.9075688,BBQ restaurant,Food & Restaurant,75203,,,,,,,No,no_contact_found
Cattleack Barbeque,"13628 Gamma Rd, Farmers Branch, TX 75244",https://cattleackbbq.com,Yes,(972) 805-0999,,111.0,2.0,32.9346139,-96.980456,BBQ restaurant,Food & Restaurant,75203,andrew@cattleackbbq.com,,,andrew@cattleackbbq.com,,,Yes,found_homepage
Dickey's Barbecue Pit,"2324 McKinney Ave, Dallas, TX 75201",https://dickeys.com,Yes,(469) 248-3149,,6.0,24.0,32.7804991,-96.9460578,BBQ restaurant,Food & Restaurant,75203,accessibility@dickeys.com,,,accessibility@dickeys.com,https://www.facebook.com/dickeysbarbecuepit/,https://www.instagram.com/dickeysbarbecuepit,Yes,found_subpage
Mesquite BBQ Since 1959,"145 E Davis St, Mesquite, TX 75149",https://mbbq1959.com,Yes,(972) 285-6573,,556.0,1.0,32.7662532,-96.7416599,BBQ restaurant,Food & Restaurant,75203,,,,,https://www.facebook.com/pages/Mesquite-Barbecue/427684237290797,https://www.instagram.com/mesquitebbq1959/,No,no_contact_found
Manpuku Japanese BBQ Dallas,"2023 Greenville Ave, Dallas, TX 75206",https://manpukuus.com,Yes,(469) 677-0818,,8.0,29.0,32.7493563,-96.9810445,BBQ restaurant,Food & Restaurant,75203,,,,,https://www.facebook.com/Manpuku.Dallas,https://www.instagram.com/manpuku.cali/,No,no_contact_found
Big Daddy's Hawaiian BBQ (Dallas),"921 W Commerce St, Dallas, TX 75208",https://bigdaddyshawaiianbbq.com,Yes,(323) 238-3320,,5.0,1.0,32.7493563,-96.9810445,BBQ restaurant,Food & Restaurant,75203,hello@bigdaddyshawaiianbbq.com,,,hello@bigdaddyshawaiianbbq.com,,,Yes,found_homepage
Dickey's Barbecue Pit,"2910 Ruder St SUITE B, Dallas, TX 75212",https://dickeys.com,Yes,(214) 631-1639,,0.0,5.0,32.7781893,-97.0626014,BBQ restaurant,Food & Restaurant,75203,accessibility@dickeys.com,,,accessibility@dickeys.com,https://www.facebook.com/dickeysbarbecuepit/,https://www.instagram.com/dickeysbarbecuepit,Yes,found_subpage
5 STAR GRILL,"3330 Elsie Faye Heggins St, Dallas, TX 75215",https://5stargrill.com,Yes,(214) 278-6826,,2.0,17.0,32.7605695,-96.8905062,BBQ restaurant,Food & Restaurant,75203,tino01@sbcglobal.net,,,tino01@sbcglobal.net,https://www.facebook.com/FiveStarGrill/,https://www.instagram.com/fivestargrilldallas/,Yes,found_homepage
Dickey's Barbecue Pit Central,"4610 N Central Expy, Dallas, TX 75206",https://dickeys.com,Yes,(214) 370-4550,,181.0,1.0,32.7605695,-96.8905062,BBQ restaurant,Food & Restaurant,75203,accessibility@dickeys.com,,,accessibility@dickeys.com,https://www.facebook.com/dickeysbarbecuepit/,https://www.instagram.com/dickeysbarbecuepit,Yes,found_subpage
Shivas Bar and Grill,"1001 Ross Ave #132, Dallas, TX 75202",https://shivasbarandgrill.com,Yes,(469) 250-1429,,295.0,17.0,32.7605695,-96.8905062,BBQ restaurant,Food & Restaurant,75203,shivasbarandgrillmkonnekt@gmail.com,,,shivasbarandgrillmkonnekt@gmail.com,https://facebook.com/shivasbarandgrill/,https://instagram.com//shivasbarandgrill,Yes,found_homepage
Kafi BBQ,"8140 N MacArthur Blvd #100, Irving, TX 75063",https://kafibbq.com,Yes,(469) 844-7669,,2.0,78.0,32.9200127,-97.1012691,BBQ restaurant,Food & Restaurant,75203,info@kafibbq.com,,,info@kafibbq.com,,https://www.instagram.com/kafibbq/?hl=en,Yes,found_subpage
K C's Bar & Grill,"3317 S Malcolm X Blvd, Dallas, TX 75215",https://k-cs-bar-grill.poi.place,Yes,(214) 421-3051,,2.0,9.0,32.7734831,-96.9813892,BBQ restaurant,Food & Restaurant,75203,,,,,,,No,no_contact_found
Dickey's Barbecue Pit,"3254 Irving Blvd, Dallas, TX 75247",https://dickeys.com,Yes,(214) 638-5123,,1.0,33.0,32.7734831,-96.9813892,BBQ restaurant,Food & Restaurant,75203,accessibility@dickeys.com,,,accessibility@dickeys.com,https://www.facebook.com/dickeysbarbecuepit/,https://www.instagram.com/dickeysbarbecuepit,Yes,found_subpage
Maskaras Mexican Grill,"2423 W Kiest Blvd, Dallas, TX 75233",https://maskarasmexicangrill.com,Yes,(469) 466-9282,,201.0,2.0,32.7734831,-96.9813892,BBQ restaurant,Food & Restaurant,75203,,,,,https://www.facebook.com/maskarasmexicangrill/,https://www.instagram.com/maskarasmexicangrill/,No,no_contact_found
Smokin A's Good Eats,"324 E Belt Line Rd, DeSoto, TX 75115",https://smokinasgoodeats.com,Yes,(469) 439-4500,,8.0,17.0,32.5887425,-96.9959642,BBQ restaurant,Food & Restaurant,75203,allgreatplates@gmail.com,allgreatplates@gmaill.com,,allgreatplates@gmail.com | allgreatplates@gmaill.com,https://www.facebook.com/smokinasgoodeats,https://www.instagram.com/smokinasgoodeats,Yes,found_homepage
Panther City BBQ,"201 E Hattie St, Fort Worth, TX 76104",https://panthercitybbq.com,Yes,(682) 250-4464,,403.0,2.0,32.7381809,-97.468946,BBQ restaurant,Food & Restaurant,75203,panthercitybbq@gmail.com,,,panthercitybbq@gmail.com,https://www.facebook.com/817PantherCityBBQ/,https://www.instagram.com/panthercitybbq/,Yes,found_homepage
Baker's Ribs,"601 N Haskell Ave., Dallas, TX 75246",https://bakersribs.com,Yes,(214) 748-5433,,0.0,9.0,32.7848915,-96.9241037,barbecue restaurant,Food & Restaurant,75203,,,,,https://www.facebook.com/BakersRibs/,https://www.instagram.com/bakersribs/,No,no_contact_found
Bam's BBQ and Soul Food,"3121 S Great Trinity Forest Way Suite 101, Dallas, TX 75216",https://smokedbbqdallas.com,Yes,(469) 206-6601,,2.0,11.0,32.7848915,-96.9241037,barbecue restaurant,Food & Restaurant,75203,,,,,,,No,no_contact_found
Smokey Joe's BBQ,"6403 S R L Thornton Fwy, Dallas, TX 75232",https://smokeyjoesbbqdallas.com,Yes,(214) 371-8081,,815.0,1.0,32.6700909,-96.9674132,barbecue restaurant,Food & Restaurant,75203,filler@godaddy.com,,,filler@godaddy.com,,,Yes,found_homepage
Gyu-Kaku Japanese BBQ,"2939 Main St, Dallas, TX 75226",https://gyu-kaku.com,Yes,(214) 484-2744,,7.0,11.0,32.7847511,-96.9250271,barbecue restaurant,Food & Restaurant,75203,,,,,,,No,no_contact_found
Sweet Georgia Brown,"2840 E Ledbetter Dr, Dallas, TX 75216",https://sweetgeorgiabrown.shop,Yes,(214) 375-2020,,216.0,7.0,32.7847511,-96.9250271,barbecue restaurant,Food & Restaurant,75203,placejoys.com@gmail.com,,,placejoys.com@gmail.com,,,Yes,found_homepage
Blu's Barbeque & BBQ Catering,"17630 Preston Rd Suite 115, Dallas, TX 75252",https://blusbarbeque.com,Yes,(972) 316-7478,,807.0,1.0,32.9346139,-96.980456,barbecue restaurant,Food & Restaurant,75203,info@blusbarbeque.com,,,info@blusbarbeque.com,https://www.facebook.com/BlusBarbeque,https://www.instagram.com/blusbarbeque/,Yes,found_homepage
"The Great Greek Mediterranean Grill - Dallas,TX","921 W Commerce St, Dallas, TX 75208",https://thegreatgreekgrill.com,Yes,(469) 884-7328,,7.0,8.0,32.7734831,-96.9813892,barbecue restaurant,Food & Restaurant,75203,,,,,,,No,no_contact_found
Smokers house smoke shop,"1001 Kings Hwy B, Dallas, TX 75208",https://smokers-house-smoke-shop.square.site,Yes,(866) 524-1995,,8.0,19.0,32.7061854,-96.9451457,smokehouse restaurant,Food & Restaurant,75203,,,,,,,No,no_contact_found
Loro Asian Smokehouse & Bar,"1812 N Haskell Ave., Dallas, TX 75204",https://loroeats.com,Yes,(214) 833-4983,,496.0,1.0,32.7276294,-96.9499834,smokehouse restaurant,Food & Restaurant,75203,,,,,,,No,no_contact_found
Smoky Rose,"8602 Garland Rd, Dallas, TX 75218",https://smokyrose.com,Yes,(469) 776-5655,,162.0,3.0,32.8230587,-96.8585905,smokehouse restaurant,Food & Restaurant,75203,info@smokyrose.com,,,info@smokyrose.com,https://www.facebook.com/smokyrosedallas,http://instagram.com/dallassmokyrose,Yes,found_homepage
BBQ Revolt,"539 W Commerce St #971, Dallas, TX 75208",https://bbqrevolt.com,Yes,,,,,32.7732574,-96.9774984,smokehouse restaurant,Food & Restaurant,75203,,,,,,,No,no_contact_found
One90 Smoked Meats,"10240 E NW Hwy, Dallas, TX 75238",https://one90smokedmeats.com,Yes,(214) 346-3287,,5.0,65.0,32.8638781,-96.8534882,smokehouse restaurant,Food & Restaurant,75203,,,,,https://www.facebook.com/one90smokedmeats/,https://www.instagram.com/one90smokedmeats/,No,no_contact_found
Texas Smokehouse Bar-B-Que,"800 E Arapaho Rd # 101, Richardson, TX 75081",https://txsmokehousebbq.com,Yes,(972) 699-1521,,3.0,43.0,32.9602941,-96.8575881,smokehouse restaurant,Food & Restaurant,75203,info@txsmokehousebbq.com,,,info@txsmokehousebbq.com,https://www.facebook.com/TexasSmokeHouseBBQ/,,Yes,found_homepage
Smokin' BBQ,"305 N Hampton Rd, DeSoto, TX 75115",https://smokin-bbqllc.com,Yes,(469) 779-6042,,4.0,6.0,32.5937043,-97.0017442,smokehouse restaurant,Food & Restaurant,75203,,,,,https://www.facebook.com/Smokin-BBQ-878332578984229/,https://www.instagram.com/smokinbbqllc/,No,no_contact_found
The Owners Box,"555 S Lamar St, Dallas, TX 75202",https://omnihotels.com,Yes,(214) 652-4805,,0.0,61.0,32.7497433,-96.9760076,smokehouse restaurant,Food & Restaurant,75203,,,,,,,No,no_contact_found
Winsome Prime,"331 Singleton Blvd, Dallas, TX 75212",https://winsomeprime.com,Yes,(214) 550-6748,,788.0,1.0,32.743438,-96.9010765,steakhouse,Food & Restaurant,75203,houston@winsomeprime.com,,,houston@winsomeprime.com,https://www.facebook.com/warwickhouston,https://www.instagram.com/winsomeprime/,Yes,found_subpage
The Liam's Steakhouse,"1713 N Market St, Dallas, TX 75202",https://theliamssteakhouse.com,Yes,(214) 468-4729,,559.0,1.0,32.743438,-96.9010765,steakhouse,Food & Restaurant,75203,,,,,,,No,no_contact_found
Nuri Steakhouse,"2401 Cedar Springs Rd suite 120, Dallas, TX 75201",https://nuristeakhouse.com,Yes,(469) 270-1745,,7.0,63.0,32.797347,-96.8780268,steakhouse,Food & Restaurant,75203,info@nuristeakhouse.com,,,info@nuristeakhouse.com,https://www.facebook.com/NuriSteakhouse,https://www.instagram.com/nuristeakhouse/?hl=en,Yes,found_subpage
Andreas Prime Steaks & Seafood Uptown Dallas,"2222 McKinney Ave Suite 200, Dallas, TX 75201",https://andreassteakhouse.com,Yes,(214) 389-0071,,6.0,6.0,32.797347,-96.8780268,steakhouse,Food & Restaurant,75203,andreas@andreassteakhouse.com,,,andreas@andreassteakhouse.com,https://www.facebook.com/andreassteakhouse/,https://www.instagram.com/andreassteakhouse/,Yes,found_homepage
Stillwell's,"2575 McKinnon St, Dallas, TX 75201",https://stillwellsdallas.com,Yes,(469) 405-1911,,1.0,29.0,32.797347,-96.8780268,steakhouse,Food & Restaurant,75203,,,,,,https://www.instagram.com/stillwellsdallas/,No,no_contact_found
Tango Room,"1617 Hi Line Dr Suite 250, Dallas, TX 75207",https://tangoroomdallas.com,Yes,(214) 252-8595,,4.0,23.0,32.797347,-96.8780268,steakhouse,Food & Restaurant,75203,,,,,,,No,no_contact_found
STK Steakhouse,"2000 McKinney Ave, Dallas, TX 75201",https://stksteakhouse.com,Yes,(972) 842-9450,,677.0,5.0,32.797347,-96.8780268,steakhouse,Food & Restaurant,75203,,,,,https://www.facebook.com/eatSTK/,https://www.instagram.com/eatstk,No,no_contact_found
Perry's Steakhouse & Grille,"2100 Olive St Suite #100, Dallas, TX 75201",https://perryssteakhouse.com,Yes,(214) 855-5151,,159.0,4.0,32.797347,-96.8780268,steakhouse,Food & Restaurant,75203,,,,,https://www.facebook.com/PerrysDining/,https://www.instagram.com/perrys_steakhouse,No,no_contact_found
Wicked Butcher Dallas,"1717 Main St, Dallas, TX 75201",https://wickedbutcher.com,Yes,(214) 444-7740,,7.0,32.0,32.797347,-96.8780268,steakhouse,Food & Restaurant,75203,,,,,https://www.facebook.com/wickedbutcher,http://instagram.com/wickedbutcher,No,no_contact_found
VALENTINAS,"424 W Davis St, Dallas, TX 75208",https://venaquicocina.com,Yes,(214) 377-8997,,0.0,17.0,32.797347,-96.8780268,steakhouse,Food & Restaurant,75203,eat@venaquicocina.com,,,eat@venaquicocina.com,,,Yes,found_homepage
Corrientes 348 Argentinian Steakhouse,"1807 Ross Ave, Dallas, TX 75201",https://corrientes348.com,Yes,(214) 220-0348,,609.0,1.0,32.797347,-96.8780268,steakhouse,Food & Restaurant,75203,dallas@corrientes348.com,,,dallas@corrientes348.com,https://www.facebook.com/Corrientes348Dallas,https://www.instagram.com/corrientes348steakhouse/#,Yes,found_subpage
Town Hearth,"1617 Market Center Blvd, Dallas, TX 75207",https://townhearth.com,Yes,(214) 761-1617,,849.0,1.0,32.797347,-96.8780268,steakhouse,Food & Restaurant,75203,,,,,,,No,no_contact_found
EVELYN,"1201 Turtle Creek Blvd, Dallas, TX 75207",https://evelyndallastx.com,Yes,(469) 965-2105,,5.0,78.0,32.797347,-96.8780268,steakhouse,Food & Restaurant,75203,,,,,https://www.facebook.com/p/Evelyn-Dallas-61574614011890/,https://www.instagram.com/evelyndallastx/?utm_source=ig_web_button_share_sheet&igsh=ZDNlZDc0MzIxNw%3D%3D#,No,no_contact_found
Culpepper Cattle Co.,"3309 Elm St Suite 100, Dallas, TX 75226",https://culpeppercattleco.com,Yes,(214) 646-3085,,4.0,73.0,32.797347,-96.8780268,steakhouse,Food & Restaurant,75203,marketing@unco.com,,,marketing@unco.com,https://www.facebook.com/culpeppercattlecompany,https://www.instagram.com/culpeppercattleco/,Yes,found_homepage
Del Frisco's Double Eagle Steakhouse,"2323 Olive St, Dallas, TX 75201",https://delfriscos.com,Yes,(972) 490-9000,,334.0,2.0,32.797347,-96.8780268,steakhouse,Food & Restaurant,75203,,,,,https://www.facebook.com/DelFrisco/,https://www.instagram.com/del.friscos/,No,no_contact_found
Texas de Brazil - Dallas,"2727 Cedar Springs Rd, Dallas, TX 75201",https://texasdebrazil.com,Yes,(214) 740-4911,,217.0,3.0,32.797347,-96.8780268,steakhouse,Food & Restaurant,75203,,,,,https://www.facebook.com/TexasdeBrazil/,https://www.instagram.com/texasdebrazil/,No,no_contact_found
Pappas Bros. Steakhouse,"10477 Lombardy Ln, Dallas, TX 75220",https://pappasbros.com,Yes,(214) 366-2000,,568.0,3.0,32.8669325,-96.9696904,steakhouse,Food & Restaurant,75203,,,,,https://www.facebook.com/PappasBros,https://www.instagram.com/pappasbrossteakhouse/,No,no_contact_found
Dusty's,"2613 Elm St, Dallas, TX 75226",https://dustysdeepellum.com,Yes,,,4.0,33.0,32.7843941,-96.8581441,steakhouse,Food & Restaurant,75203,info@dustysdeepellum.com,jeff@dustysdeepellum.com,,info@dustysdeepellum.com | jeff@dustysdeepellum.com,http://www.facebook.com/,https://instagram.com/,Yes,found_subpage
Bob's Steak & Chop House,"4300 Lemmon Ave, Dallas, TX 75219",https://bobs-steakandchop.com,Yes,(214) 528-9446,,337.0,1.0,32.7843941,-96.8581441,steakhouse,Food & Restaurant,75203,c.watson@bobs-steakandchop.com,m.morris@bobs-steakandchop.com,,c.watson@bobs-steakandchop.com | m.morris@bobs-steakandchop.com,https://www.facebook.com/BobsSteakChopHouse,https://www.instagram.com/bobs_steakandchop/,Yes,found_subpage
Dunston's Steak House,"8526 Harry Hines Blvd, Dallas, TX 75235",https://dunstonssteakhouse.com,Yes,(214) 637-3513,,769.0,2.0,32.8377421,-96.9364309,steakhouse,Food & Restaurant,75203,dunstons@icloud.com,dunstons.booktbd@gmail.com,,dunstons@icloud.com | dunstons.booktbd@gmail.com,,,Yes,found_subpage
Paparazzi Chophouse,"2525 Elm St Suite #150, Dallas, TX 75226",https://paparazzichophouse.com,Yes,(469) 998-0013,,5.0,59.0,32.7842143,-96.859737,steakhouse,Food & Restaurant,75203,info@paparazzichophouse.com,,,info@paparazzichophouse.com,,https://www.instagram.com/papzzlounge/,Yes,found_subpage
Nick & Sam's,"3008 Maple Ave, Dallas, TX 75201",https://nick-sams.com,Yes,(214) 871-7444,,125.0,4.0,32.7842143,-96.859737,steakhouse,Food & Restaurant,75203,info@nick-sams.com,,,info@nick-sams.com,https://www.facebook.com/nickandsams,https://www.instagram.com/nickandsams,Yes,found_homepage
Fogo de Cho Brazilian Steakhouse,"2619 McKinney Ave #150, Dallas, TX 75204",https://fogodechao.com,Yes,(214) 720-2777,,578.0,6.0,32.7842143,-96.859737,steakhouse,Food & Restaurant,75203,,,,,https://www.facebook.com/fogorestaurants,https://www.instagram.com/fogo/,No,no_contact_found
The Reserve at The Highland,"5300 E Mockingbird Ln, Dallas, TX 75206",https://thereserveatthehighland.com,Yes,(214) 443-9339,,284.0,1.0,32.8359912,-96.8502652,steakhouse,Food & Restaurant,75203,info@thereserveatthehighland.com,,,info@thereserveatthehighland.com,https://www.facebook.com/TheReserveatTheHighland/,https://www.instagram.com/reserveatthehighland/,Yes,found_subpage
The Capital Grille,"500 Crescent Ct, Dallas, TX 75201",https://thecapitalgrille.com,Yes,(214) 303-0500,,684.0,1.0,32.8359912,-96.8502652,steakhouse,Food & Restaurant,75203,,,,,,,No,no_contact_found
Dunston's Steak House,"5423 W Lovers Ln, Dallas, TX 75209",https://dunstonssteakhouse.com,Yes,(214) 352-8320,,389.0,1.0,32.8517523,-96.891805,steakhouse,Food & Restaurant,75203,dunstons@icloud.com,dunstons.booktbd@gmail.com,,dunstons@icloud.com | dunstons.booktbd@gmail.com,,,Yes,found_subpage
Crown Block Dallas,"300 Reunion Blvd E, Dallas, TX 75207",https://crownblockdallas.com,Yes,(214) 321-3149,,647.0,1.0,32.7755358,-96.8810088,steakhouse,Food & Restaurant,75203,,,,,https://www.facebook.com/crownblockdallas/,https://www.instagram.com/crownblockdallas/,No,no_contact_found
12 Cuts Brazilian Steakhouse,"18010 Dallas Pkwy, Dallas, TX 75287",https://12cutssteakhouse.com,Yes,(469) 779-7012,,68.0,2.0,32.9954486,-96.9005885,steakhouse,Food & Restaurant,75203,groupevents@12cutssteakhouse.com,,,groupevents@12cutssteakhouse.com,https://www.facebook.com/12CutsSteakhouse,https://instagram.com/12cutssteak/,Yes,found_homepage
The Old Warsaw,"2512 Maple Ave, Dallas, TX 75201",https://oldwarsaw.com,Yes,(214) 528-0032,,1.0,86.0,32.7952812,-96.8757129,steakhouse,Food & Restaurant,75203,oldwarsaw@oldwarsaw.com,,,oldwarsaw@oldwarsaw.com,https://www.facebook.com/TheOldWarsaw,https://www.instagram.com/oldwarsawdallas/,Yes,found_homepage
Saltgrass Steak House,"13561 N Central Expy, Dallas, TX 75243",https://saltgrass.com,Yes,(469) 330-0152,,656.0,3.0,32.9331254,-96.8281735,steakhouse,Food & Restaurant,75203,,,,,https://www.facebook.com/saltgrass/,https://www.instagram.com/saltgrass/,No,no_contact_found
Saltgrass Steak House,"4101 Lyndon B Johnson Fwy, Dallas, TX 75244",https://saltgrass.com,Yes,(972) 243-9440,,782.0,2.0,32.9245965,-96.9146584,steakhouse,Food & Restaurant,75203,,,,,https://www.facebook.com/saltgrass/,https://www.instagram.com/saltgrass/,No,no_contact_found
Kenny's Wood Fired Grill,"5000 Belt Line Rd Suite 775, Dallas, TX 75254",https://kennyswoodfiredgrill.com,Yes,(972) 392-9663,,185.0,4.0,32.9533806,-96.8957545,steakhouse,Food & Restaurant,75203,j.pierce@kennysfood.com,,,j.pierce@kennysfood.com,https://www.facebook.com/KennysWoodFiredGrill/,https://www.instagram.com/kennysrestaurantgroup/,Yes,found_subpage
Chamberlain's Steak & Fish,"5330 Belt Line Rd, Dallas, TX 75254",https://chamberlainssteakhouse.com,Yes,(972) 934-2467,,442.0,2.0,32.9533806,-96.8957545,steakhouse,Food & Restaurant,75203,,,,,,,No,no_contact_found
Al Biernat's North,"5251 Spring Valley Rd, Dallas, TX 75254",https://albiernats.com,Yes,(972) 239-3400,,113.0,2.0,32.9533806,-96.8957545,steakhouse,Food & Restaurant,75203,,,,,,,No,no_contact_found
Villas Grill Brazilian Steakhouse,"12817 Preston Rd Suite 425, Dallas, TX 75230",https://villasgrill.net,Yes,(214) 238-2797,,114.0,1.0,32.9245198,-96.8782569,steakhouse,Food & Restaurant,75203,,,,,,,No,no_contact_found
Texas,"3609 Shire Blvd, Richardson, TX 75082",https://texas1846.com,Yes,(972) 664-9975,,791.0,2.0,33.0021069,-96.7600328,steakhouse,Food & Restaurant,75203,info@thesonoftexas.com,,,info@thesonoftexas.com,https://www.facebook.com/TEXAS-Beef-Fish-Fowl-289326117799263,https://www.instagram.com/texas_restaurant/?hl=en,Yes,found_homepage
Truluck's Ocean's Finest Seafood and Crab,"2401 McKinney Ave, Dallas, TX 75201",https://trulucks.com,Yes,(214) 220-2401,,453.0,2.0,32.7948633,-96.8750794,steakhouse,Food & Restaurant,75203,houstonevents@trulucks.com,,,houstonevents@trulucks.com,https://www.facebook.com/TrulucksRestaurantGroup/,https://www.instagram.com/trulucksrestaurant/,Yes,found_subpage
Chimichurri Latin Bistro & Bar,"324 W Seventh St, Dallas, TX 75208",https://chimichurrilatibistro.com,Yes,(469) 240-9740,,2.0,59.0,32.7948633,-96.8750794,steakhouse,Food & Restaurant,75203,,,,,https://www.facebook.com/ChimichurriBishopArts/,https://www.instagram.com/chimichurribishoparts,No,no_contact_found
WaBa Grill,"2222 Fort Worth Ave Ste 120, Dallas, TX 75211",https://locations.wabagrill.com,Yes,(469) 718-8628,,3.0,14.0,32.7496083,-96.899007,grill restaurant,Food & Restaurant,75203,,,,,,,No,no_contact_found
Roti Grill,"Near American Airline Center, 2401 Victory Park Ln #120, Dallas, TX 75219",https://rotigrill.us,Yes,(214) 953-1011,,7.0,27.0,32.7877258,-96.8815603,grill restaurant,Food & Restaurant,75203,rotifrisco@gmail.com,,,rotifrisco@gmail.com,https://www.facebook.com/rotigrilldallas/,,Yes,found_subpage
Rodeo Grill Steakhouse,"1055 Regal Row ste 150, Dallas, TX 75247",https://rodeobrazil.com,Yes,(469) 233-7877,,2.0,1.0,32.8270722,-96.9597906,grill restaurant,Food & Restaurant,75203,,,,,,,No,no_contact_found
Otis Eatery,"2009 S Beckley Ave, Dallas, TX 75224",https://otiseatery.com,Yes,(469) 364-0353,,,,32.741647,-96.9281548,grill restaurant,Food & Restaurant,75203,,,,,,,No,no_contact_found
NOMAD Grills,"607 N Clinton Ave, Dallas, TX 75208",https://nomadgrills.com,Yes,,,2.0,2.0,32.7496541,-96.8996114,grill restaurant,Food & Restaurant,75203,hello@nomadgrills.com,,,hello@nomadgrills.com,https://facebook.com/nomadgrills,https://instagram.com/nomadgrills,Yes,found_homepage
The Grill,"2824 N Buckner Blvd, Dallas, TX 75228",https://tiktok.com,Yes,(214) 792-9290,,0.0,2.0,32.8117558,-96.7570871,grill restaurant,Food & Restaurant,75203,,,,,,https://www.instagram.com/tiktok,No,no_contact_found
Sapitos Bar Y Grill,"2260 W Illinois Ave, Dallas, TX 75224",https://sapitos.com,Yes,(214) 333-8404,,0.0,14.0,32.7193819,-96.9277497,grill restaurant,Food & Restaurant,75203,,,,,https://www.facebook.com/LasRanitasRestaurant,http://instagram.com/ranitas.sapitos_dfw,No,no_contact_found
Bobbie's Airway Grill,"5959 Royal Ln #515, Dallas, TX 75230",https://bobbiesrestaurant.com,Yes,(214) 272-8754,,7.0,32.0,32.896355,-96.8765953,grill restaurant,Food & Restaurant,75203,prestonroyal@bobbiesrestaurant.com,,,prestonroyal@bobbiesrestaurant.com,https://www.facebook.com/BobbiesAirwayGrill,https://www.instagram.com/BobbiesAirwayGrill/,Yes,found_homepage
SR Steak + Spirits,"2201 N Stemmons Fwy Floor 27, Dallas, TX 75207",https://sersteak.com,Yes,(214) 761-7479,,7.0,77.0,32.7997871,-96.9016709,grill restaurant,Food & Restaurant,75203,rachael.sigmond@hilton.com,,,rachael.sigmond@hilton.com,https://www.facebook.com/sersteak,https://www.instagram.com/sersteakspirits,Yes,found_subpage
Circle Grill,"3701 N Buckner Blvd, Dallas, TX 75228",https://ordercirclegrill.com,Yes,(214) 617-3524,,343.0,1.0,32.8003831,-96.7553041,grill restaurant,Food & Restaurant,75203,,,,,,,No,no_contact_found
Pesca Coastal Classics and Seafood Boils,"3011 Gulden Ln #107, Dallas, TX 75212",https://pescacoastalclassics.com,Yes,(469) 206-9920,,6.0,11.0,32.7493045,-97.4049057,seafood restaurant,Food & Restaurant,75203,hello@pescacoastalclassics.com,,,hello@pescacoastalclassics.com,,https://www.instagram.com/pescacoastalclassics/,Yes,found_homepage
El Gordo Seafood,"451 W Davis St, Dallas, TX 75208",https://elgordobishoparts.com,Yes,(469) 496-5026,,9.0,13.0,32.7493045,-97.4049057,seafood restaurant,Food & Restaurant,75203,elgordoseafoodllc@gmail.com,,,elgordoseafoodllc@gmail.com,,https://www.instagram.com/elgordoseafood/,Yes,found_homepage
Pier 88 Boiling Seafood & Bar Dallas,"10560 Walnut St #100, Dallas, TX 75243",https://pier88dallas.com,Yes,(214) 501-2713,,3.0,44.0,32.7493045,-97.4049057,seafood restaurant,Food & Restaurant,75203,,,,,,,No,no_contact_found
The Kickin' Crab Oakcliff,"3434 W Illinois Ave #200, Dallas, TX 75211",https://thekickincrab.com,Yes,(972) 808-6689,,7.0,29.0,32.7493045,-97.4049057,seafood restaurant,Food & Restaurant,75203,,,,,https://www.facebook.com/KickinCrabIrvine/,https://www.instagram.com/kickincrab/,No,no_contact_found
Crab Pot Boil House and Oyster Bar,"601 Fort Worth Ave, Dallas, TX 75208",https://crabpotboilhouse.com,Yes,(214) 831-1576,,2.0,31.0,32.7493045,-97.4049057,seafood restaurant,Food & Restaurant,75203,dallascrabpot@gmail.com,,,dallascrabpot@gmail.com,,https://www.instagram.com/thecrabpotdallas/,Yes,found_homepage
S & D Oyster Company,"2701 McKinney Ave, Dallas, TX 75204",https://sdoyster.com,Yes,(214) 880-0111,,3.0,91.0,32.7493045,-97.4049057,seafood restaurant,Food & Restaurant,75203,therese@sdoyster.com,,,therese@sdoyster.com,https://www.facebook.com/137216016150731,https://www.instagram.com/sdoyster,Yes,found_homepage
Mason's Famous Lobster Rolls,"2301 N Akard St Suite 260, Dallas, TX 75201",https://masonslobster.com,Yes,(972) 209-8235,,5.0,21.0,32.7493045,-97.4049057,seafood restaurant,Food & Restaurant,75203,,,,,,,No,no_contact_found
Green Point Seafood and Oyster Bar,"3219 Knox St, Dallas, TX 75205",https://greenpointdallas.com,Yes,(214) 258-6063,,6.0,38.0,32.7493045,-97.4049057,seafood restaurant,Food & Restaurant,75203,info@greenpointdallas.com,,,info@greenpointdallas.com,,https://www.instagram.com/green.pointdallas/,Yes,found_homepage
Ronnie's Catfish & More,"3034 E Illinois Ave, Dallas, TX 75216",https://ronnies.top,Yes,(469) 399-0725,,3.0,43.0,32.7493045,-97.4049057,seafood restaurant,Food & Restaurant,75203,black9@qq.com,,,black9@qq.com,,,Yes,found_homepage
Hook Line & Sinker,"3103 Lemmon Ave E, Dallas, TX 75204",https://hookline-sinker.com,Yes,(214) 965-0707,,21.0,3.0,32.7493045,-97.4049057,seafood restaurant,Food & Restaurant,75203,,,,,,,No,no_contact_found
Big Shucks Seafood Restaurant & Oyster Bar,"6232 E Mockingbird Ln, Dallas, TX 75214",https://awshucksdallas.com,Yes,(214) 887-6353,,409.0,3.0,32.7493045,-97.4049057,seafood restaurant,Food & Restaurant,75203,,,,,,,No,no_contact_found
Aw Shucks Seafood Restaurant & Oyster Bar,"3601 Greenville Ave, Dallas, TX 75206",https://awshucksdallas.com,Yes,(214) 821-9449,,431.0,2.0,32.7493045,-97.4049057,seafood restaurant,Food & Restaurant,75203,,,,,,,No,no_contact_found
Del Mar Seafood Restaurant,"2706 Samuell Blvd Suite 110A, Dallas, TX 75223",https://delmarseafoodrestaurant.com,Yes,(214) 258-6761,,1.0,34.0,32.7493045,-97.4049057,seafood restaurant,Food & Restaurant,75203,,,,,https://www.facebook.com/profile.php?id=100063646926545,https://www.instagram.com/delmar_seafood/reels/,No,no_contact_found
Flying Fish,"1838 Irving Blvd, Dallas, TX 75207",https://flyingfishinthe.net,Yes,(214) 390-9311,,831.0,2.0,32.7493045,-97.4049057,seafood restaurant,Food & Restaurant,75203,sponsorship@anotherplanet.com,,,sponsorship@anotherplanet.com,https://www.facebook.com/flyingfishrestaurant/,https://www.instagram.com/flyingfishrestaurant/,Yes,found_subpage
Montlake Cut,"8220 Westchester Dr b, Dallas, TX 75225",https://mlcdallas.com,Yes,(214) 739-8220,,5.0,33.0,32.7493045,-97.4049057,seafood restaurant,Food & Restaurant,75203,,,,,,,No,no_contact_found
Aunt Irene's Kitchen,"2802 Lagow St, Dallas, TX 75210",https://aikdallas.com,Yes,(972) 878-5669,,652.0,3.0,32.7493045,-97.4049057,seafood restaurant,Food & Restaurant,75203,,,,,,,No,no_contact_found
J & S Catfish,"4831 S Lancaster Rd, Dallas, TX 75216",https://facebook.com,Yes,(214) 376-4110,,36.0,1.0,32.7493045,-97.4049057,seafood restaurant,Food & Restaurant,75203,,,,,,,No,no_contact_found
Seafood Shack - Dallas,"3701 W Northwest Hwy, Dallas, TX 75220",https://seafoodshackdallas.com,Yes,(214) 351-2000,,840.0,1.0,32.7493045,-97.4049057,seafood restaurant,Food & Restaurant,75203,,,,,,,No,no_contact_found
Rex's Seafood and Market,"6713 W Northwest Hwy, Dallas, TX 75225",https://rexsseafood.com,Yes,(214) 758-0566,,0.0,52.0,32.7493045,-97.4049057,seafood restaurant,Food & Restaurant,75203,,,,,https://www.facebook.com/1580195052247355,,No,no_contact_found
Dan's Seafood & Chicken,"8360 S Polk St, Dallas, TX 75232",https://dansdallas.com,Yes,(214) 468-4142,,8.0,70.0,32.7493045,-97.4049057,seafood restaurant,Food & Restaurant,75203,,,,,https://www.facebook.com/Dansseafoodandchicken3,https://www.instagram.com/dansseafood/,No,no_contact_found
Pappadeaux Seafood Kitchen,"3520 Oak Lawn Ave, Dallas, TX 75219",https://pappadeaux.com,Yes,(214) 521-4700,,836.0,6.0,32.7493045,-97.4049057,seafood restaurant,Food & Restaurant,75203,,,,,https://www.facebook.com/PappadeauxSeafoodKitchen,https://www.instagram.com/pappadeaux/?hl=en,No,no_contact_found
Fish n Tails Oyster Bar,"1152 N Buckner Blvd, Dallas, TX 75218",https://fishntails.com,Yes,(469) 250-7296,,124.0,1.0,32.7493045,-97.4049057,seafood restaurant,Food & Restaurant,75203,info@fishntails.com,,,info@fishntails.com,https://www.facebook.com/fishntailstx/,https://www.instagram.com/fishntailstx/,Yes,found_homepage
Mariscos La Reyna #2,"909 W Davis St, Dallas, TX 75208",https://mariscoslareyna.com,Yes,(214) 941-1704,,9.0,49.0,32.7493045,-97.4049057,seafood restaurant,Food & Restaurant,75203,,,,,https://www.facebook.com/MARISCOSLAREYNA/,https://www.instagram.com/mariscoslareynainc/,No,no_contact_found
Boil Daddy - Deep Ellum,"2639 Elm St #100, Dallas, TX 75226",https://theboildaddy.com,Yes,(214) 964-0056,,5.0,13.0,32.7493045,-97.4049057,seafood restaurant,Food & Restaurant,75203,info@theboilddaddy.com,,,info@theboilddaddy.com,,https://www.instagram.com/theboildaddy,Yes,found_homepage
Mariscos La Marea #1 Seafood & Bar,"704 S Walton Walker Blvd, Dallas, TX 75211",https://mariscoslamarea.shop,Yes,(214) 467-8300,,747.0,1.0,32.7493045,-97.4049057,seafood restaurant,Food & Restaurant,75203,,,,,,,No,no_contact_found
El Tiburon Seafood & Grill,"4115 Jefferson Blvd, Dallas, TX 75211",https://eltiburonseafoodgrilltx.com,Yes,(469) 817-3261,,7.0,37.0,32.7493045,-97.4049057,seafood restaurant,Food & Restaurant,75203,,,,,,,No,no_contact_found
Pappadeaux Seafood Kitchen,"10428 Lombardy Ln, Dallas, TX 75220",https://pappadeaux.com,Yes,(214) 358-1912,,846.0,5.0,32.7493045,-97.4049057,seafood restaurant,Food & Restaurant,75203,,,,,https://www.facebook.com/PappadeauxSeafoodKitchen,https://www.instagram.com/pappadeaux/?hl=en,No,no_contact_found
Even Coast,"5463 Belt Line Rd #100, Dallas, TX 75254",https://even-coast.com,Yes,(682) 868-3836,,7.0,40.0,32.7493045,-97.4049057,seafood restaurant,Food & Restaurant,75203,,,,,https://www.facebook.com/people/Even-Coast/61553612666931/?mibextid=LQQJ4d,https://www.instagram.com/even_coast,No,no_contact_found
The Oceanaire Seafood Room,"13340 Dallas Pkwy, Dallas, TX 75240",https://theoceanaire.com,Yes,(972) 759-2277,,403.0,1.0,32.7493045,-97.4049057,seafood restaurant,Food & Restaurant,75203,,,,,,,No,no_contact_found
laughing crab - cajun seafood,"10220 Technology Blvd E, Dallas, TX 75220",https://laughingcrabds.com,Yes,(972) 803-5007,,4.0,18.0,32.7493045,-97.4049057,seafood restaurant,Food & Restaurant,75203,,,,,,,No,no_contact_found
Half Shells,"6617 Snider Plaza, Dallas, TX 75205",https://fishcitygrill.com,Yes,(214) 691-8164,,3.0,45.0,32.7493045,-97.4049057,seafood restaurant,Food & Restaurant,75203,,,,,https://www.facebook.com/fishcitygrill,https://www.instagram.com/fishcitygrill/,No,no_contact_found
Mariscos La Reyna #1,"517 Jefferson Blvd, Dallas, TX 75208",https://mariscoslareyna.com,Yes,(214) 941-6661,,3.0,44.0,32.7493045,-97.4049057,seafood restaurant,Food & Restaurant,75203,,,,,https://www.facebook.com/MARISCOSLAREYNA/,https://www.instagram.com/mariscoslareynainc/,No,no_contact_found
The Crab Station - Oyster Bar (Deep Ellum),"2813 Commerce St, Dallas, TX 75226",https://thecrabstation.com,Yes,(214) 242-9850,,1.0,94.0,32.7493045,-97.4049057,seafood restaurant,Food & Restaurant,75203,,,,,,,No,no_contact_found
The Boiling Crab,"13340 Audelia Rd #106, Dallas, TX 75243",https://theboilingcrab.com,Yes,(972) 272-7086,,651.0,3.0,32.7493045,-97.4049057,seafood restaurant,Food & Restaurant,75203,,,,,https://www.facebook.com/theboilingcrab/?ref=br_rs,https://instagram.com/boilingcrab/,No,no_contact_found
Billy Can Can,"2386 Victory Park Ln, Dallas, TX 75219",https://billycancan.com,Yes,(214) 296-2610,,9.0,77.0,32.7493045,-97.4049057,seafood restaurant,Food & Restaurant,75203,reservations@billycancan.com,,,reservations@billycancan.com,https://www.facebook.com/BillyCanCan,https://www.instagram.com/billycancansaloon/,Yes,found_homepage
Palapas The Original Seafood Bar,"1418 Greenville Ave, Dallas, TX 75206",https://originalpalapas.com,Yes,(469) 214-2103,,8.0,93.0,32.7493045,-97.4049057,seafood restaurant,Food & Restaurant,75203,,,,,,,No,no_contact_found
Flying Fish,"6126 Luther Ln, Dallas, TX 75225",https://flyingfishinthe.net,Yes,(214) 696-3474,,232.0,1.0,32.7493045,-97.4049057,seafood restaurant,Food & Restaurant,75203,sponsorship@anotherplanet.com,,,sponsorship@anotherplanet.com,https://www.facebook.com/flyingfishrestaurant/,https://www.instagram.com/flyingfishrestaurant/,Yes,found_subpage
Nate + Titus Seafood & Grill,"Inside PhoVietz Seafood & Grill, 2555 Inwood Rd, Dallas, TX 75235",https://nateandtitusdallas.com,Yes,(214) 272-3682,,5.0,3.0,32.7493045,-97.4049057,seafood restaurant,Food & Restaurant,75203,,,,,,,No,no_contact_found
TJ's Seafood Market & Grill Preston Royal,"6025 Royal Ln #110, Dallas, TX 75230",https://tjsseafood.com,Yes,(214) 691-2369,,4.0,63.0,32.7493045,-97.4049057,seafood restaurant,Food & Restaurant,75203,,,,,,,No,no_contact_found
Bucky Moonshine's,"2912 Elm St, Dallas, TX 75226",https://buckymoonshines.shop,Yes,(214) 748-6901,,653.0,1.0,32.7493045,-97.4049057,seafood restaurant,Food & Restaurant,75203,,,,,,,No,no_contact_found
El Jalapeno Taqueria & Seafood (Formerly Ocean Shak),"3444 Irving Blvd, Dallas, TX 75247",https://eljalapenotaqueriaandseafoodtx.com,Yes,(214) 238-6734,,1.0,49.0,32.7493045,-97.4049057,seafood restaurant,Food & Restaurant,75203,,,,,,,No,no_contact_found
The Crab Station - Walnut Dallas,"9780 Walnut St #270, Dallas, TX 75243",https://thecrabstation.com,Yes,(972) 889-3888,,140.0,1.0,32.7493045,-97.4049057,seafood restaurant,Food & Restaurant,75203,,,,,,,No,no_contact_found
Urban Seafood Company,"1104 14th St, Plano, TX 75074",https://urbanseafoodcompany.com,Yes,(214) 251-8771,,81.0,1.0,32.7493045,-97.4049057,seafood restaurant,Food & Restaurant,75203,,,,,,https://www.instagram.com/urbanseafoodco/,No,no_contact_found
Krab Kingz,"917 N Hampton Rd #101, DeSoto, TX 75115",https://krabkingzdfw.com,Yes,(469) 297-4733,,305.0,1.0,32.7493045,-97.4049057,seafood restaurant,Food & Restaurant,75203,,,,,https://www.facebook.com/kkntarrant/,https://www.instagram.com/KKntarrant/,No,no_contact_found
Cherrys Seafood & More,"4767 S R. L. Thornton Fwy, Dallas, TX 75232",https://instagram.com,Yes,(214) 643-9991,,,,32.7493045,-97.4049057,seafood restaurant,Food & Restaurant,75203,,,,,,,No,no_contact_found
Lefty's Lobster and Chowder House,"4021 Belt Line Rd, Addison, TX 75001",https://leftyslobster.com,Yes,(972) 774-9518,,99.0,1.0,32.7493045,-97.4049057,seafood restaurant,Food & Restaurant,75203,,,,,http://www.facebook.com/leftyslobster,,No,no_contact_found
Avra Dallas,"300 Crescent Ct #120, Dallas, TX 75201",https://theavragroup.com,Yes,(214) 294-8888,,1.0,23.0,32.7493045,-97.4049057,seafood restaurant,Food & Restaurant,75203,,,,,,https://www.instagram.com/avraestiatorio/,No,no_contact_found
Old Monk Oak Cliff,"810 W Davis St, Dallas, TX 75208",https://oldmonkoakcliff.com,Yes,(469) 868-8158,,2.0,11.0,32.7641744,-96.8954056,fish and chips,General,75203,mail@oldmonkoakcliff.com,,,mail@oldmonkoakcliff.com,,https://www.instagram.com/oldmonkoakcliff/,Yes,found_subpage
Cannon's Corner Irish Pub,"1314 W Davis St, Dallas, TX 75208",https://cannonsirishpub.com,Yes,(214) 643-6442,,1.0,69.0,32.7492726,-96.8983676,fish and chips,General,75203,,,,,,,No,no_contact_found
The Crafty Irishman,"1800 Main St, Dallas, TX 75201",https://thecraftyirishman.com,Yes,(972) 707-7589,,675.0,2.0,32.7811311,-96.8683602,fish and chips,General,75203,,,,,,,No,no_contact_found
Patrick Kennedy's Irish Pub,"1201 Main St #100, Dallas, TX 75202",https://patrickkennedysirishpub.com,Yes,(214) 964-0078,,8.0,48.0,32.7804796,-96.8782718,fish and chips,General,75203,,,,,,,No,no_contact_found
St. Pete's Dancing Marlin,"2730 Commerce St, Dallas, TX 75226",https://stpetesdancingmarlin.com,Yes,(214) 698-1511,,1.0,72.0,32.7794769,-96.871835,fish and chips,General,75203,,,,,https://www.facebook.com/theDancingMarlin/,https://www.instagram.com/stpetes_dancingmarlin/,No,no_contact_found
WBS Catfish,"8102 S Polk St, Dallas, TX 75232",https://wbscatfish.com,Yes,(972) 224-6995,,5.0,14.0,32.6487692,-96.9115374,fish and chips,General,75203,,,,,,,No,no_contact_found
Dive Coastal Cuisine,"3404 Rankin Ave, Dallas, TX 75205",https://divecoastal.com,Yes,(214) 891-1700,,7.0,24.0,32.84954,-96.8595318,fish and chips,General,75203,info@divecoastal.com,,,info@divecoastal.com,https://www.facebook.com/DiveCoastalCuisine/,https://www.instagram.com/dive_dallas/,Yes,found_subpage
AL CHILE TAQUERIA,"527 Sunset Ave, Dallas, TX 75208",https://alchiletaqueria.com,Yes,(214) 942-3557,,4.0,31.0,32.743403,-96.8961538,fish and chips,General,75203,,,,,,,No,no_contact_found
El Ranchito,"610 Jefferson Blvd, Dallas, TX 75208",https://elranchito-dallas.com,Yes,(214) 946-4238,,810.0,3.0,32.743403,-96.8961538,fish and chips,General,75203,,,,,https://www.facebook.com/107505742603686,https://www.instagram.com/elranchito214,No,no_contact_found
Lovers Seafood & Market,"5200 W Lovers Ln, Dallas, TX 75209",https://loversseafoodmarket.com,Yes,(214) 414-9880,,1.0,86.0,32.8509875,-96.8943007,fish and chips,General,75203,,,,,https://www.facebook.com/ShinseiRestaurant,https://www.instagram.com/shinseirestaurant/?hl=en,No,no_contact_found
Ronnie's Catfish & More,"1231 E Red Bird Ln, Dallas, TX 75241",https://order.online,Yes,(214) 372-6565,,0.0,97.0,32.6755934,-96.8767774,fish and chips,General,75203,,,,,,,No,no_contact_found
Juicy Seafood & Bar,"39779 Lyndon B Johnson Fwy Ste #170, Dallas, TX 75237",https://juicyseafoodandbar.com,Yes,(469) 697-6105,,391.0,1.0,32.7496274,-97.4068808,shrimp restaurant,Food & Restaurant,75203,,,,,,,No,no_contact_found
Catch,"3005 Maple Ave, Dallas, TX 75201",https://catchrestaurants.com,Yes,(214) 983-1440,,6.0,42.0,32.7496274,-97.4068808,shrimp restaurant,Food & Restaurant,75203,catchscottsdalereservations@catchhg.com,,,catchscottsdalereservations@catchhg.com,,https://www.instagram.com/catch/,Yes,found_subpage
Virginias Restaurant,"923 S Hampton Rd, Dallas, TX 75208",https://facebook.com,Yes,(214) 948-7411,,5.0,15.0,32.7363305,-96.9291473,breakfast restaurant,Food & Restaurant,75203,,,,,,,No,no_contact_found
Good Graces,"3033 Fairmount St, Dallas, TX 75201",https://goodgracesdallas.com,Yes,(972) 433-9344,,2.0,9.0,32.7770885,-96.87913,breakfast restaurant,Food & Restaurant,75203,,,,,https://www.facebook.com/GoodGracesDallas/,http://www.instagram.com/goodgracesdallas/p/DLXkCjfsUdL/,No,no_contact_found
Starship Bagel,"1520 Elm St #107, Dallas, TX 75201",https://starshipbagel.com,Yes,(469) 772-9606,,7.0,37.0,32.8127688,-96.8770965,breakfast restaurant,Food & Restaurant,75203,,,,,,,No,no_contact_found
State & Allen,"2400 Allen St, Dallas, TX 75204",https://stateandallen.com,Yes,(214) 239-1990,,6.0,88.0,32.797553,-96.8700858,breakfast restaurant,Food & Restaurant,75203,,,,,https://www.facebook.com/StateAndAllen/,https://www.instagram.com/stateandallen/,No,no_contact_found
Yolk - One Arts Plaza,"1722 Routh St #132, Dallas, TX 75201",https://eatyolk.com,Yes,(214) 855-9655,,208.0,2.0,32.7914516,-96.8674153,breakfast restaurant,Food & Restaurant,75203,info@eatyolk.com,,,info@eatyolk.com,https://www.facebook.com/EatYolk,http://instagram.com/eatyolk#,Yes,found_homepage
The Original Pancake House DFW,"2900 Lemmon Ave E #200, Dallas, TX 75204",https://ophdfw.com,Yes,(214) 528-7215,,431.0,4.0,32.7937984,-96.8759049,breakfast restaurant,Food & Restaurant,75203,comments@ophdfw.com,,,comments@ophdfw.com,https://www.facebook.com/ophdfw/,https://instagram.com/ophdfw,Yes,found_subpage
Mas Street Tacos,"1722 N Market St, Dallas, TX 75202",https://getmastacos.com,Yes,(214) 468-4735,,4.0,59.0,32.7937984,-96.8759049,breakfast restaurant,Food & Restaurant,75203,,,,,,,No,no_contact_found
Local Tap & Table,"3333 Harry Hines Blvd Suite 100, Dallas, TX 75201",https://localtapandtable.com,Yes,(469) 283-2000,,826.0,3.0,32.7569652,-96.8953231,brunch restaurant,Food & Restaurant,75203,contact@localtapandtable.com,,,contact@localtapandtable.com,,,Yes,found_homepage
The Operators Club,"2019 N Lamar St Suite 100, Dallas, TX 75202",https://operatorsclub.com,Yes,(469) 389-2121,,3.0,73.0,32.7488035,-96.9002824,brunch restaurant,Food & Restaurant,75203,,,,,,,No,no_contact_found
Bucket and Rope,"600 S Harwood St, Dallas, TX 75201",https://bucketandrope.com,Yes,(469) 866-3343,,2.0,24.0,32.7786252,-96.8639452,brunch restaurant,Food & Restaurant,75203,,,,,,https://www.instagram.com/wix,No,no_contact_found
Isabelles,"2575 McKinnon St, Dallas, TX 75201",https://hotelswexan.com,Yes,(469) 405-1911,,4.0,2.0,32.7497964,-96.9003622,brunch restaurant,Food & Restaurant,75203,,,,,,,No,no_contact_found
Saint Ann Restaurant & Bar,"2501 N Harwood St Suite 225, Dallas, TX 75201",https://saintanndallas.com,Yes,(214) 782-9807,,291.0,1.0,32.797553,-96.8700858,brunch restaurant,Food & Restaurant,75203,,,,,https://www.facebook.com/saintanndallas/,https://www.instagram.com/saintanndallas/,No,no_contact_found
360 Brunch House,"5331 E Mockingbird Ln #160, Dallas, TX 75206",https://360brunchhouse.com,Yes,(214) 964-0871,,6.0,66.0,32.8373457,-96.8484234,brunch restaurant,Food & Restaurant,75203,,,,,,,No,no_contact_found
Yardbird Table & Bar,"2121 N Pearl St St 170, Dallas, TX 75201",https://runchickenrun.com,Yes,(469) 208-2441,,506.0,2.0,32.7755358,-96.8810088,brunch restaurant,Food & Restaurant,75203,,,,,https://www.facebook.com/YardbirdRestaurants,https://www.instagram.com/yardbirdrestaurants/,No,no_contact_found
El Catrin,"835 Jefferson Blvd, Dallas, TX 75208",https://elcatrindallas.com,Yes,(972) 325-6998,,2.0,43.0,32.7755358,-96.8810088,brunch restaurant,Food & Restaurant,75203,ferbet88@icloud.com,,,ferbet88@icloud.com,,,Yes,found_homepage
The Conservatory,"400 Crescent Ct, Dallas, TX 75201",https://crescentcourt.com,Yes,(214) 871-3240,,8.0,1.0,32.7755358,-96.8810088,brunch restaurant,Food & Restaurant,75203,,,,,,,No,no_contact_found
The Standard Pour,"2900 McKinney Ave, Dallas, TX 75204",https://tspdallas.com,Yes,(214) 935-1370,,388.0,1.0,32.7673584,-96.8681238,brunch restaurant,Food & Restaurant,75203,info@tspdallas.com,,,info@tspdallas.com,https://www.facebook.com/TheStandardPour,https://www.instagram.com/thestandardpour/,Yes,found_homepage
Terranova Caf,"2015 Market Center Blvd, Dallas, TX 75207",https://hilton.com,Yes,(214) 741-7481,,9.0,2.0,32.7673584,-96.8681238,brunch restaurant,Food & Restaurant,75203,,,,,,,No,no_contact_found
The Original Pancake House,"4343 W Northwest Hwy #375, Dallas, TX 75220",https://ophdfw.com,Yes,(214) 351-2012,,51.0,2.0,32.864317,-96.9803353,pancake house,General,75203,comments@ophdfw.com,,,comments@ophdfw.com,https://www.facebook.com/ophdfw/,https://instagram.com/ophdfw,Yes,found_subpage
Waffle House,"5111 Ross Ave, Dallas, TX 75206",https://locations.wafflehouse.com,Yes,(214) 824-2539,,305.0,2.0,32.756665,-96.9755338,waffle house,General,75203,,,,,https://www.facebook.com/WaffleHouse,https://www.instagram.com/wafflehouseofficial/,No,no_contact_found
Waffle House,"3818 W Illinois Ave, Dallas, TX 75211",https://locations.wafflehouse.com,Yes,(214) 467-1906,,458.0,1.0,32.7200351,-97.1710093,waffle house,General,75203,,,,,https://www.facebook.com/WaffleHouse,https://www.instagram.com/wafflehouseofficial/,No,no_contact_found
Waffle House,"9777 Greenville Ave, Dallas, TX 75243",https://locations.wafflehouse.com,Yes,(214) 971-8771,,7.0,50.0,32.908493,-97.0358131,waffle house,General,75203,,,,,https://www.facebook.com/WaffleHouse,https://www.instagram.com/wafflehouseofficial/,No,no_contact_found
Waffle House,"2291 W Northwest Hwy, Dallas, TX 75220",https://locations.wafflehouse.com,Yes,(214) 351-9910,,181.0,2.0,32.861999,-97.1792808,waffle house,General,75203,,,,,https://www.facebook.com/WaffleHouse,https://www.instagram.com/wafflehouseofficial/,No,no_contact_found
Waffle House,"8111 E R L Thornton Fwy, Dallas, TX 75228",https://locations.wafflehouse.com,Yes,(214) 660-9212,,587.0,1.0,32.7947631,-96.9898395,waffle house,General,75203,,,,,https://www.facebook.com/WaffleHouse,https://www.instagram.com/wafflehouseofficial/,No,no_contact_found
Waffle House,"1416 S Interstate 35 E SERVICE RD, Lancaster, TX 75134",https://locations.wafflehouse.com,Yes,(972) 224-1324,,539.0,1.0,32.7947631,-96.9898395,waffle house,General,75203,,,,,https://www.facebook.com/WaffleHouse,https://www.instagram.com/wafflehouseofficial/,No,no_contact_found
Waffle House,"1106 S Cockrell Hill Rd, Duncanville, TX 75137",https://locations.wafflehouse.com,Yes,(972) 780-2983,,635.0,1.0,32.6402425,-97.1792696,waffle house,General,75203,,,,,https://www.facebook.com/WaffleHouse,https://www.instagram.com/wafflehouseofficial/,No,no_contact_found
Waffle House,"2000 E Irving Blvd, Irving, TX 75060",https://locations.wafflehouse.com,Yes,(972) 579-9252,,590.0,1.0,32.6402425,-97.1792696,waffle house,General,75203,,,,,https://www.facebook.com/WaffleHouse,https://www.instagram.com/wafflehouseofficial/,No,no_contact_found
Waffle House,"1507 N Beckley Ave, DeSoto, TX 75115",https://locations.wafflehouse.com,Yes,(972) 228-3855,,498.0,1.0,32.6402425,-97.1792696,waffle house,General,75203,,,,,https://www.facebook.com/WaffleHouse,https://www.instagram.com/wafflehouseofficial/,No,no_contact_found
"Cheba Hut ""Toasted"" Subs","2808 Main St, Dallas, TX 75226",https://chebahut.com,Yes,(469) 466-9368,,8.0,72.0,32.7838285,-96.8549881,sandwich shop,Food & Restaurant,75203,,,,,https://www.facebook.com/chebahut/,https://www.instagram.com/chebahut/?hl=en,No,no_contact_found
Jimmy's Food Store,"4901 Bryan St, Dallas, TX 75206",https://jimmysfoodstore.com,Yes,(214) 823-6180,,910.0,2.0,32.7928033,-96.8508676,sandwich shop,Food & Restaurant,75203,paul@jimmysfoodstore.com,,,paul@jimmysfoodstore.com,,,Yes,found_homepage
Bread Zeppelin,"1300 Main St, Dallas, TX 75202",https://breadzeppelin.com,Yes,(214) 749-0819,,0.0,71.0,32.7928033,-96.8508676,sandwich shop,Food & Restaurant,75203,,,,,,,No,no_contact_found
Kingdom Sandwich,"3101 Martin Luther King Jr Blvd, Dallas, TX 75215",https://kingdom-sandwich.ueniweb.com,Yes,,,,,32.7725472,-96.8371607,sandwich shop,Food & Restaurant,75203,,,,,https://www.facebook.com/share.php?u=https%3A//kingdom-sandwich.ueniweb.com&title=Kingdom%20Sandwich,https://www.instagram.com/kingdomsandwichinc,No,no_contact_found
Jersey Mike's Subs,"2150 Fort Worth Ave, Dallas, TX 75211",https://jerseymikes.com,Yes,(214) 306-0938,,8.0,10.0,32.7608429,-96.9299914,sandwich shop,Food & Restaurant,75203,privacy@jerseymikes.com,,,privacy@jerseymikes.com,https://www.facebook.com/jerseymikes,https://www.instagram.com/jerseymikes,Yes,found_subpage
Jimmy John's,"1414 Elm St, Dallas, TX 75202",https://locations.jimmyjohns.com,Yes,(214) 741-2970,,4.0,24.0,32.7805685,-96.8722362,sandwich shop,Food & Restaurant,75203,,,,,https://www.facebook.com/jimmyjohns/,https://www.instagram.com/jimmyjohns/,No,no_contact_found
"Moudis (Bagels, Deli, and Mediterranean)","1700 Pacific Ave Ste C107, Dallas, TX 75201",https://instagram.com,Yes,,,0.0,35.0,32.7805685,-96.8722362,sandwich shop,Food & Restaurant,75203,,,,,,,No,no_contact_found
Potbelly,"3417 Gaston Ave, Dallas, TX 75246",https://potbelly.com,Yes,(469) 872-5182,,6.0,24.0,32.7901484,-96.8537131,sandwich shop,Food & Restaurant,75203,,,,,,,No,no_contact_found
Schlotzsky's Deli,"8235 N Stemmons Fwy, Dallas, TX 75247",https://locations.schlotzskys.com,Yes,(214) 630-9944,,59.0,1.0,32.8247161,-96.9446461,sandwich shop,Food & Restaurant,75203,,,,,https://www.facebook.com/Schlotzskys/,https://www.instagram.com/schlotzskys/,No,no_contact_found
Potbelly,"2222 McKinney Ave, Dallas, TX 75201",https://potbelly.com,Yes,(214) 303-1007,,1.0,30.0,32.7933716,-96.8742287,sandwich shop,Food & Restaurant,75203,,,,,,,No,no_contact_found
Jimmy John's,"2416 Victory Park Ln Ste. C7, Dallas, TX 75219",https://locations.jimmyjohns.com,Yes,(214) 981-9121,,0.0,14.0,32.7933716,-96.8742287,sandwich shop,Food & Restaurant,75203,,,,,https://www.facebook.com/jimmyjohns/,https://www.instagram.com/jimmyjohns/,No,no_contact_found
Fond,"1601 Elm St suite 110, Dallas, TX 75201",https://fond-dallas.com,Yes,(972) 803-6045,,3.0,12.0,32.7933716,-96.8742287,sandwich shop,Food & Restaurant,75203,filler@godaddy.com,,,filler@godaddy.com,https://www.facebook.com/profile.php?id=100095127563521,https://www.instagram.com/fonddallas,Yes,found_homepage
Jason's Deli,"5400 E Mockingbird Ln, Dallas, TX 75206",https://jasonsdeli.com,Yes,(214) 821-7021,,94.0,1.0,32.7933716,-96.8742287,sandwich shop,Food & Restaurant,75203,,,,,,,No,no_contact_found
Jimmy John's,"4201 Gaston Ave #112, Dallas, TX 75246",https://locations.jimmyjohns.com,Yes,(214) 515-9177,,2.0,30.0,32.7933716,-96.8742287,sandwich shop,Food & Restaurant,75203,,,,,https://www.facebook.com/jimmyjohns/,https://www.instagram.com/jimmyjohns/,No,no_contact_found
Jimmy John's,"2817 Howell St #220, Dallas, TX 75204",https://locations.jimmyjohns.com,Yes,(214) 720-3800,,3.0,14.0,32.8001483,-96.8735063,sandwich shop,Food & Restaurant,75203,,,,,https://www.facebook.com/jimmyjohns/,https://www.instagram.com/jimmyjohns/,No,no_contact_found
East Hampton Sandwich Co.,"6912 Snider Plaza, Dallas, TX 75205",https://ehsandwich.com,Yes,(214) 363-2888,,9.0,54.0,32.8497019,-96.8597279,sandwich shop,Food & Restaurant,75203,,,,,,,No,no_contact_found
Goodfriend Package,"1155 Peavy Rd, Dallas, TX 75218",https://goodfrienddallas.com,Yes,(972) 807-2899,,9.0,59.0,32.8391949,-96.7696452,sandwich shop,Food & Restaurant,75203,,,,,,,No,no_contact_found
Fig & Favor,"2850 N Harwood St Suite 110, Dallas, TX 75201",https://figandfavordal.com,Yes,(469) 480-6260,,7.0,2.0,32.7574858,-96.8944075,sandwich shop,Food & Restaurant,75203,hello@figandfavor.com,press@harwoodhospitality.com,,hello@figandfavor.com | press@harwoodhospitality.com,,https://www.instagram.com/figandfavordal/,Yes,found_homepage
Grilled Cheese Society,"1914 Commerce St, Dallas, TX 75201",https://grilledcheesesociety.com,Yes,(888) 663-7270,,0.0,1.0,32.7574858,-96.8944075,sandwich shop,Food & Restaurant,75203,,,,,,,No,no_contact_found
Potbelly,"1201 Elm St Ste LL09, Dallas, TX 75270",https://potbelly.com,Yes,(214) 573-8727,,6.0,6.0,32.7574858,-96.8944075,sandwich shop,Food & Restaurant,75203,,,,,,,No,no_contact_found
Snarf's Sandwiches,"6630 Snider Plaza, Dallas, TX 75205",https://eatsnarfs.com,Yes,(214) 249-9220,,0.0,1.0,32.7587503,-96.9696756,sub shop,Food & Restaurant,75203,st@.7bit.wfpex,,,st@.7bit.wfpex,https://www.facebook.com/SnarfsSandwiches,https://www.instagram.com/SnarfsSandwiches/,Yes,found_subpage
Subway,"655 West Illinois Ave, 116 Bldg 100, #15, Suite, Dallas, TX 75224",https://restaurants.subway.com,Yes,(214) 941-7827,,8.0,31.0,32.7587503,-96.9696756,sub shop,Food & Restaurant,75203,,,,,,,No,no_contact_found
Subway,"910 S Hampton Rd Suite A, Dallas, TX 75208",https://restaurants.subway.com,Yes,(214) 941-2211,,5.0,18.0,32.7587503,-96.9696756,sub shop,Food & Restaurant,75203,,,,,,,No,no_contact_found
New York Sub,"3411 Asbury St, Dallas, TX 75205",https://nyscatering.com,Yes,(312) 420-0029,,0.0,34.0,32.7587503,-96.9696756,sub shop,Food & Restaurant,75203,,,,,https://m.facebook.com/NewYorkSub/,https://www.instagram.com/new_york_sub_hp/,No,no_contact_found
Subway,"1302 Elm St 1st Floor, Dallas, TX 75202",https://restaurants.subway.com,Yes,(214) 747-1088,,0.0,38.0,32.7587503,-96.9696756,sub shop,Food & Restaurant,75203,,,,,,,No,no_contact_found
7-Eleven,"302 N Marsalis Ave, Dallas, TX 75203",https://7-eleven.com,Yes,(214) 946-5018,,9.0,5.0,32.7515316,-96.9592857,sub shop,Food & Restaurant,75203,,,,,https://www.facebook.com/7Eleven,https://www.instagram.com/7eleven/,No,no_contact_found
Murphy's Deli,"1601 Elm St # B150, Dallas, TX 75201",https://murphysdeli.com,Yes,(214) 220-9008,,,,32.7515316,-96.9592857,sub shop,Food & Restaurant,75203,,,,,https://www.facebook.com/murphysdeli,https://www.instagram.com/murphysdeli,No,no_contact_found
Murphy's Deli,"Comerica Bank Tower, 1717 1717 Main St Suite C-100, Dallas, TX 75201",https://murphysdeli.com,Yes,(214) 741-3567,,,,32.7515316,-96.9592857,sub shop,Food & Restaurant,75203,,,,,https://www.facebook.com/murphysdeli,https://www.instagram.com/murphysdeli,No,no_contact_found
Triple D Deli,"4248 S Fitzhugh Ave suite A, Dallas, TX 75210",https://tripleddeli.com,Yes,(214) 463-1901,,,,32.7771742,-96.8229445,deli,General,75203,,,,,,,No,no_contact_found
Cindi's NY Deli & Restaurant,"11111 N Central Expy Suite G, Dallas, TX 75243",https://cindisnydeli.com,Yes,(214) 739-0918,,637.0,2.0,32.9006069,-96.8419714,deli,General,75203,,,,,https://www.facebook.com/CindisDeli,https://www.instagram.com/CindisDeli,No,no_contact_found
Cedars Village Market,"2020 S Harwood St, Dallas, TX 75215",https://cedarsvillagemarket.com,Yes,(214) 845-6069,,8.0,12.0,32.7444811,-96.8879929,deli,General,75203,cvm@cedarsvillagemarket.com,,,cvm@cedarsvillagemarket.com,https://facebook.com/cedarsvillagemarket,https://instagram.com/cedarsvillagemarket,Yes,found_homepage
Cindis NY Deli & Restaurant,"3565 Forest Ln, Dallas, TX 75234",https://cindisnydeli.com,Yes,(972) 241-9204,,400.0,1.0,32.9100599,-96.9315037,deli,General,75203,,,,,https://www.facebook.com/CindisDeli,https://www.instagram.com/CindisDeli,No,no_contact_found
Deli News Dallas,"17062 Preston Rd STE 100, Dallas, TX 75248",https://delinewsdallastx.com,Yes,(972) 733-3354,,428.0,1.0,32.9830598,-96.875342,deli,General,75203,,,,,https://www.facebook.com/DeliNewsDallas/,https://www.instagram.com/delinewsdallas?utm_source=ig_web_button_share_sheet&igsh=ZDNlZDc0MzIxNw==,No,no_contact_found
Tom Thumb,"315 S Hampton Rd, Dallas, TX 75208",https://local.tomthumb.com,Yes,(214) 331-0160,,0.0,3.0,32.7426149,-96.9304784,deli,General,75203,,,,,,,No,no_contact_found
Cindis NY Deli & Restaurant,"7522 Campbell Rd #117, Dallas, TX 75248",https://cindisnydeli.com,Yes,(972) 248-0608,,110.0,1.0,32.9775551,-96.8424718,deli,General,75203,,,,,https://www.facebook.com/CindisDeli,https://www.instagram.com/CindisDeli,No,no_contact_found
deliduo,"921 W Commerce St K3, Dallas, TX 75208",https://deliduo.co,Yes,(945) 304-1542,,,,32.7476875,-96.8875989,deli,General,75203,hello@deliduo.co,,,hello@deliduo.co,https://www.facebook.com/profile.php?id=61565622656099,https://www.instagram.com/deliduo.co/,Yes,found_subpage
Tom Thumb,"2727 Live Oak St, Dallas, TX 75204",https://local.tomthumb.com,Yes,(214) 273-2115,,16.0,1.0,32.7476875,-96.8875989,deli,General,75203,,,,,,,No,no_contact_found
Subway,"1222 Commerce St Suite 150, Dallas, TX 75202",https://restaurants.subway.com,Yes,(214) 741-3229,,8.0,20.0,32.782268,-96.8688554,hoagie shop,Food & Restaurant,75203,,,,,,,No,no_contact_found
Kendall's Soul Food,"907 Elm St, Dallas, TX 75202",https://kendallssoulfood.com,Yes,(432) 599-0565,,0.0,21.0,32.78246,-96.9664427,soul food restaurant,Food & Restaurant,75203,,,,,,,No,no_contact_found
Kendall Karsens Upscale Soul Food,"3939 S Polk St #305, Dallas, TX 75224",https://sites.google.com,Yes,(214) 376-2171,,0.0,65.0,32.6958554,-97.1301945,soul food restaurant,Food & Restaurant,75203,,,,,,,No,no_contact_found
Marys Twisted Kitchen,"1223 E Red Bird Ln, Dallas, TX 75241",https://marystwistedkitchen.com,Yes,(214) 710-8462,,356.0,1.0,32.6958554,-97.1301945,soul food restaurant,Food & Restaurant,75203,,,,,,,No,no_contact_found
D'Ventures Restaurant OUTDOOR TAKE-OUT ONLY,"7474 S Lancaster Rd, Dallas, TX 75241",https://facebook.com,Yes,(972) 228-4665,,6.0,97.0,32.6958554,-97.1301945,soul food restaurant,Food & Restaurant,75203,,,,,,,No,no_contact_found
Tha Neighborhood Kitchen,"4705 Yancy St, Dallas, TX 75216",https://business.site,Yes,(469) 399-0144,,9.0,38.0,32.6958554,-97.1301945,soul food restaurant,Food & Restaurant,75203,,,,,https://www.facebook.com/GoogleAds/,,No,no_contact_found
Lots of Love Southern Soulfood,"1827 S Haskell Ave, Dallas, TX 75223",https://lotsoflove.com,Yes,(945) 244-0098,,,,32.6958554,-97.1301945,soul food restaurant,Food & Restaurant,75203,,,,,,,No,no_contact_found
Sweet Bella Soul Food Kitchen,"8131 Forest Ln, Dallas, TX 75243",https://sweetbellasoulfoodkitchen.com,Yes,(214) 272-3801,,4.0,45.0,32.9095498,-97.0528351,soul food restaurant,Food & Restaurant,75203,support@getbento.com,,,support@getbento.com,,,Yes,found_homepage
Sooul Food Cafe,"3308 Elsie Faye Heggins St, Dallas, TX 75215",https://sooulfood.com,Yes,(972) 280-7787,,,,32.7123474,-96.9794744,soul food restaurant,Food & Restaurant,75203,tino01@sbcglobal1.net,,,tino01@sbcglobal1.net,,,Yes,found_homepage
Carpe diem Kitchen & Cocktails,"214 N Akard St, Dallas, TX 75201",https://carpekitchenandcocktails.com,Yes,(469) 235-1904,,0.0,15.0,32.7123474,-96.9794744,soul food restaurant,Food & Restaurant,75203,,,,,,,No,no_contact_found
Sassy Sisters Soul Food,"3518 Spring Ave, Dallas, TX 75210",https://sassysisterssoulfood.org,Yes,(214) 566-6095,,,,32.7123474,-96.9794744,soul food restaurant,Food & Restaurant,75203,sandra@sassysisterssoul.org,,,sandra@sassysisterssoul.org,,,Yes,found_homepage
Roots Southern Table,"13050 Bee St Suit 160, Farmers Branch, TX 75234",https://rootssoutherntable.com,Yes,(214) 346-4441,,244.0,1.0,32.9233217,-97.0396307,southern food restaurant,Food & Restaurant,75203,support@sheffoodandwine.com,reservations@rootssoutherntable.com,info@rootssoutherntable.com,support@sheffoodandwine.com | reservations@rootssoutherntable.com | info@rootssoutherntable.com,https://www.facebook.com/pages/category/Restaurant/Roots-Southern-Table-105990801526326/,https://www.instagram.com/rootssouthtable/,Yes,found_homepage
Pretty Tasty Southern Cuisine,"Lower Level, 600 N Pearl St # H102, Dallas, TX 75201",https://talktasty2me.com,Yes,(214) 272-7032,,5.0,1.0,32.7622796,-96.9230402,southern food restaurant,Food & Restaurant,75203,contactus@talktasty2me.com,catering@talktasty2me.com,,contactus@talktasty2me.com | catering@talktasty2me.com,,http://www.instagram.com/talktasty2me_,Yes,found_subpage
Classe Ghost Kitchen,"7634 S Great Trinity Forest Way, Dallas, TX 75217",https://classeeats.com,Yes,(214) 282-0070,,1.0,4.0,32.712253,-96.83501,southern food restaurant,Food & Restaurant,75203,,,,,,,No,no_contact_found
Southern Exchange Kitchen. LLC,"19019 Midway Rd, Dallas, TX 75287",https://southernexchangekitchen.com,Yes,(469) 626-7446,,5.0,6.0,33.0108187,-96.9883215,southern food restaurant,Food & Restaurant,75203,,,,,,,No,no_contact_found
Soul Shack,"305 W Farm to Market Rd 1382 #502, Cedar Hill, TX 75104",https://soulshackdallas.com,Yes,(972) 637-3145,,3.0,87.0,32.6024554,-97.087688,southern food restaurant,Food & Restaurant,75203,soulshackdallas@gmail.com,,,soulshackdallas@gmail.com,https://www.facebook.com/524161984104261,https://www.instagram.com/soulshackdallas,Yes,found_homepage
Ellen's,"1790 N Record St, Dallas, TX 75202",https://ellens.com,Yes,(469) 206-3339,,123.0,5.0,32.7734831,-96.9813892,southern food restaurant,Food & Restaurant,75203,,,,,,,No,no_contact_found
Greens And Cornbread,"1499 Regal Row Suite 7, Dallas, TX 75247",https://greensandcornbread.com,Yes,(413) 314-3588,,1.0,3.0,32.8348843,-97.0224765,southern food restaurant,Food & Restaurant,75203,,,,,,,No,no_contact_found
Chefs Palette,"1325 Botham Jean Blvd, Dallas, TX 75215",https://canvashoteldallas.com,Yes,(214) 421-1080,,,,32.7734812,-96.981386,comfort food restaurant,Food & Restaurant,75203,,,,,https://www.facebook.com/CANVASDallas,https://www.instagram.com/CANVASDallas,No,no_contact_found
Culinary Dropout,"150 Turtle Creek Blvd # 101, Dallas, TX 75207",https://culinarydropout.com,Yes,(469) 259-2250,,7.0,95.0,32.7479531,-96.9726662,comfort food restaurant,Food & Restaurant,75203,,,,,https://www.facebook.com/culinarydropout/,https://www.instagram.com/culinarydropout/,No,no_contact_found
Dos Amigos Tacos & Tequila,"504 N Madison Ave, Dallas, TX 75208",https://luxxgrouphospitality.com,Yes,,,4.0,5.0,32.7490708,-96.9705137,comfort food restaurant,Food & Restaurant,75203,,,,,,,No,no_contact_found
Vegan Food House,"832 W Seventh St, Dallas, TX 75208",https://veganfoodhouse.com,Yes,(469) 248-0297,,742.0,1.0,32.7490708,-96.9705137,comfort food restaurant,Food & Restaurant,75203,,,,,https://www.facebook.com/houseofveganfood/,http://instagram.com/houseofveganfood,No,no_contact_found
The Kati Roll Company,"1322 Elm St, Dallas, TX 75202",https://thekatirollcompany.com,Yes,(214) 643-6436,,1.0,45.0,32.7490708,-96.9705137,comfort food restaurant,Food & Restaurant,75203,,,,,,,No,no_contact_found
Arbor Kitchen,"2101 N Stemmons Fwy, Dallas, TX 75207",https://marriott.com,Yes,,,2.0,3.0,32.7490708,-96.9705137,comfort food restaurant,Food & Restaurant,75203,,,,,,,No,no_contact_found
Win Buffet,"3434 W Illinois Ave #400, Dallas, TX 75211",https://facebook.com,Yes,(214) 330-8881,,87.0,1.0,32.7191235,-97.1667118,buffet restaurant,Food & Restaurant,75203,,,,,https://www.facebook.com/reg/,https://l.facebook.com/l.php?u=https%3A%2F%2Fwww.instagram.com%2F&h=AT4Ea_7sQZr8RV8jsX6un8dVnqSYO0C65ld2-M6eBin2ELgqd_WhFDOB6aAO03Sy09iVgTHoiLauMPvGXuLWwYVpysRLySSTHjHeWua6iNCkjfCcSZ88CwmEhkk27T_btBAKLGdDI01JKZqfUZpKe8zO8A,No,no_contact_found
Grand China Super Buffet,"4018 Ross Ave, Dallas, TX 75204",https://grandchinadallas.com,Yes,(214) 515-5505,,2.0,1.0,32.7191235,-97.1667118,buffet restaurant,Food & Restaurant,75203,,,,,,,No,no_contact_found
King Buffet,"10250 Technology Blvd W, Dallas, TX 75220",https://kingbuffetdallas.com,Yes,(214) 904-0000,,297.0,7.0,32.7191235,-97.1667118,buffet restaurant,Food & Restaurant,75203,,,,,https://www.facebook.com/KingBuffetDallas/,,No,no_contact_found
Golden Corral Buffet & Grill,"1540 N Cockrell Hill Rd, Dallas, TX 75211",https://goldencorral.com,Yes,(214) 339-5799,,464.0,4.0,32.7191235,-97.1667118,buffet restaurant,Food & Restaurant,75203,,,,,,,No,no_contact_found
Ocean King Buffet,"700 S Cockrell Hill Rd suite 180, Duncanville, TX 75137",https://oceankingbuffet.com,Yes,(469) 868-6134,,5.0,91.0,32.7191235,-97.1667118,buffet restaurant,Food & Restaurant,75203,,,,,https://www.facebook.com/profile.php?id=100069530183776,,No,no_contact_found
Kalachandji's,"5430 Gurley Ave, Dallas, TX 75223",https://kalachandjis.com,Yes,(214) 821-1048,,652.0,2.0,32.7191235,-97.1667118,buffet restaurant,Food & Restaurant,75203,,,,,,,No,no_contact_found
Asian Star Buffet,"9208 E R L Thornton Fwy #112a, Dallas, TX 75228",https://asianstardfw.com,Yes,(214) 321-6666,,928.0,1.0,32.7948589,-96.9750868,buffet restaurant,Food & Restaurant,75203,asianstar9208@gmail.com,,,asianstar9208@gmail.com,http://facebook.com,,Yes,found_homepage
Peking Kitchen,"1710 Norman Dr, Dallas, TX 75211",https://supermenu.net,Yes,(214) 331-8555,,8.0,43.0,32.7225533,-97.1201831,buffet restaurant,Food & Restaurant,75203,,,,,,,No,no_contact_found
Flaming Buffet,"11722 Marsh Ln #228, Dallas, TX 75229",https://flaming-buffet.shop,Yes,(214) 352-2800,,711.0,2.0,32.9084971,-97.1431977,buffet restaurant,Food & Restaurant,75203,,,,,,,No,no_contact_found
Namak Indian Cuisine,"1700 Pacific Ave, opp to starbucks, C101, on, S Ervay St side, Dallas, TX 75201",https://namakdallas.com,Yes,(972) 982-2006,,593.0,10.0,32.9084971,-97.1431977,buffet restaurant,Food & Restaurant,75203,,,,,,,No,no_contact_found
Open Palette,"400 Olive St, Dallas, TX 75201",https://marriott.com,Yes,(214) 777-6574,,6.0,6.0,32.9084971,-97.1431977,buffet restaurant,Food & Restaurant,75203,,,,,,,No,no_contact_found
Centennial,"300 Reunion Blvd, Dallas, TX 75207",https://hyatt.com,Yes,(214) 712-7148,,4.0,6.0,32.9084971,-97.1431977,buffet restaurant,Food & Restaurant,75203,,,,,,,No,no_contact_found
New China Town,"2850 W Davis St, Dallas, TX 75211",https://new-china-town.com,Yes,(214) 333-9292,,4.0,23.0,32.9084971,-97.1431977,buffet restaurant,Food & Restaurant,75203,,,,,,,No,no_contact_found
China Wok,"4849 Sunnyvale St, Dallas, TX 75216",https://tapthru.com,Yes,(214) 371-8998,,2.0,57.0,32.695482,-97.0614201,buffet restaurant,Food & Restaurant,75203,,,,,,,No,no_contact_found
O'Desi aroma,"The Exchange Food Hall, 211 S Akard St, Dallas, TX 75202",https://odesiaroma.com,Yes,(972) 742-8986,,1.0,4.0,32.695482,-97.0614201,buffet restaurant,Food & Restaurant,75203,odamarketing8448@gmail.com,,,odamarketing8448@gmail.com,https://www.facebook.com/odesiaromausa/,https://www.instagram.com/o_desi_aroma/,Yes,found_homepage
Vietnam Restaurant,"4302 Bryan St, Dallas, TX 75204",https://vietnamrestaurantdallas.com,Yes,(469) 715-1942,,5.0,91.0,32.695482,-97.0614201,buffet restaurant,Food & Restaurant,75203,vnnguyenle@yahoo.com,,,vnnguyenle@yahoo.com,https://www.facebook.com/profile.php?id=100069804454589,,Yes,found_homepage
Ho Mei Express Chinese Kitchen,"1820 W Mockingbird Ln #9, Dallas, TX 75235",https://homeiexpressdallas.com,Yes,(214) 819-7077,,2.0,56.0,32.695482,-97.0614201,buffet restaurant,Food & Restaurant,75203,,,,,,,No,no_contact_found
Chef Wang,"1201 Main St #390, Dallas, TX 75202",https://chefwangdallas.com,Yes,(214) 741-1711,,9.0,19.0,32.695482,-97.0614201,buffet restaurant,Food & Restaurant,75203,,,,,,,No,no_contact_found
Dining at the Music Hall at Fair Park,"Music Hall at Fair Park, 909 1st Ave, Dallas, TX 75210",https://musichalldining.com,Yes,(214) 413-3940,,5.0,1.0,32.695482,-97.0614201,buffet restaurant,Food & Restaurant,75203,musichall@ciemail.com,musichalldining@ciemail.com,,musichall@ciemail.com | musichalldining@ciemail.com,,,Yes,found_homepage
Opus,"2301 Flora St # 100, Dallas, TX 75201",https://diningatthemeyerson.com,Yes,(214) 981-2943,,6.0,3.0,32.695482,-97.0614201,buffet restaurant,Food & Restaurant,75203,meyersondining@ciemail.com,meyersonevents@ciemail.com,,meyersondining@ciemail.com | meyersonevents@ciemail.com,,,Yes,found_homepage
Sushiya,"1306 Elm St, Dallas, TX 75202",https://sushiyatx.com,Yes,(214) 744-9600,,3.0,93.0,32.695482,-97.0614201,buffet restaurant,Food & Restaurant,75203,,,,,,,No,no_contact_found
Pei Wei Asian Kitchen,"2222 McKinney Ave Suite 100, Dallas, TX 75201",https://peiwei.com,Yes,(214) 965-0007,,380.0,1.0,32.695482,-97.0614201,buffet restaurant,Food & Restaurant,75203,,,,,,,No,no_contact_found
The Crescent Club,"200 Crescent Ct # 17, Dallas, TX 75201",https://crescentclubandspa.com,Yes,(214) 953-4343,,9.0,7.0,32.695482,-97.0614201,buffet restaurant,Food & Restaurant,75203,info@crescentclubandspa.com,spaconcierge@crescentcourt.com,,info@crescentclubandspa.com | spaconcierge@crescentcourt.com,https://www.facebook.com/thecrescentclub/,https://www.instagram.com/thecrescentclubdallas,Yes,found_homepage
Asia Wok,"901 Main St # C122, Dallas, TX 75202",https://asiawok.top,Yes,(214) 752-5888,,7.0,11.0,32.695482,-97.0614201,buffet restaurant,Food & Restaurant,75203,black9@qq.com,,,black9@qq.com,,,Yes,found_homepage
Centric Bar & Grille,"650 N Pearl St, Dallas, TX 75201",https://marriott.com,Yes,(214) 855-1708,,7.0,4.0,32.695482,-97.0614201,buffet restaurant,Food & Restaurant,75203,,,,,,,No,no_contact_found
The Zodiac,"1618 Main St Level Six, Dallas, TX 75201",https://stores.neimanmarcus.com,Yes,(214) 573-5800,,2.0,20.0,32.695482,-97.0614201,buffet restaurant,Food & Restaurant,75203,,,,,,,No,no_contact_found
Osaka Sushi & Grill All You Can Eat Buffet,"4350 Belt Line Rd, Addison, TX 75001",https://osakaaddisontx.com,Yes,(972) 386-8899,,40.0,3.0,32.9539524,-97.125754,buffet restaurant,Food & Restaurant,75203,,,,,https://www.facebook.com/osakasushigrill,https://www.instagram.com/osakasushigrill_aycebuffet/,No,no_contact_found
Nobu Dallas,"400 Crescent Ct, Dallas, TX 75201",https://noburestaurants.com,Yes,(214) 252-7000,,7.0,94.0,32.7251873,-97.0996091,buffet restaurant,Food & Restaurant,75203,groupsandevents@oneandonlycapetown.com,,,groupsandevents@oneandonlycapetown.com,https://www.facebook.com/noburestaurants,https://www.instagram.com/noburestaurants,Yes,found_subpage
82Fifty Restaurant,"8250 N Central Expy, Dallas, TX 75206",https://hilton.com,Yes,(214) 706-0140,,8.0,2.0,32.7251873,-97.0996091,buffet restaurant,Food & Restaurant,75203,,,,,,,No,no_contact_found
Bombay Republic Indian Kitchen & Bar Co Brand of Kailash Parbat,"700 E Campbell Rd ste 190, Richardson, TX 75081",https://bombayrepublicdallas.com,Yes,(972) 803-6273,,293.0,3.0,32.9746595,-97.0038053,buffet restaurant,Food & Restaurant,75203,bombayrepublicrs@gmail.com,,,bombayrepublicrs@gmail.com,https://www.facebook.com/BombayRepublicRichardson/,https://www.instagram.com/bombayrepublicrichardson/,Yes,found_homepage
China King Super Buffet II,"3907 W Camp Wisdom Rd, Dallas, TX 75237",https://china-king-super-buffet.com,Yes,(972) 572-6188,,25.0,2.0,32.7191235,-97.1667118,all you can eat buffet,Food & Restaurant,75203,,,,,,,No,no_contact_found
Empire Buffet,"926 E Hwy 67, Duncanville, TX 75137",https://empirebuffetduncanville.com,Yes,(972) 369-8888,,8.0,36.0,32.6423,-97.1774046,all you can eat buffet,Food & Restaurant,75203,,,,,,,No,no_contact_found
King Buffet,"300 E Interstate 20, Arlington, TX 76018",https://kingbuffetarlington.com,Yes,(817) 465-8888,,302.0,2.0,32.676924,-97.396827,all you can eat buffet,Food & Restaurant,75203,kingbuffetarlington@gmail.com,,,kingbuffetarlington@gmail.com,,,Yes,found_homepage
King Buffet,"521 Central Pkwy E, Plano, TX 75074",https://kingbuffetplano.com,Yes,(972) 422-0000,,213.0,7.0,33.0267361,-96.9965333,all you can eat buffet,Food & Restaurant,75203,,,,,,,No,no_contact_found
Ginzaro Sushi,"920 S Harwood St #136, Dallas, TX 75201",https://ginzarosushi.com,Yes,(469) 776-8213,,0.0,27.0,32.7434631,-97.1236742,all you can eat buffet,Food & Restaurant,75203,,,,,https://www.facebook.com/wix,https://www.instagram.com/wix,No,no_contact_found
Crouching Tiger Hidden Dragon,"328 N Greenville Ave, Richardson, TX 75081",https://cthdrichardsontx.com,Yes,(972) 255-5788,,8.0,42.0,32.951678,-97.0168761,all you can eat buffet,Food & Restaurant,75203,cthdrichardsontx@gmail.com,,,cthdrichardsontx@gmail.com,https://www.facebook.com/people/Crouching-Tiger-Hidden-Dragon/61582240090148/,https://www.instagram.com/cthdtexas/,Yes,found_homepage
Casa Pollastro,"18160 Dallas Pkwy, Dallas, TX 75287",https://casapollastro.com,Yes,(469) 206-3541,,53.0,1.0,32.9962398,-97.1170009,all you can eat buffet,Food & Restaurant,75203,,,,,,,No,no_contact_found
El Rey De Las Tortillas,"1300 S Polk St, Dallas, TX 75224",https://elreydelastortillastx.com,Yes,(945) 239-9956,,6.0,11.0,32.7325147,-96.8740323,Mexican restaurant,Food & Restaurant,75203,,,,,,,No,no_contact_found
Rj Mexican Cuisine,"1701 N Market St #102, Dallas, TX 75202",https://rjmexicancuisine.com,Yes,(214) 744-1420,,261.0,11.0,32.7816329,-96.8433047,Mexican restaurant,Food & Restaurant,75203,rjmexicancuisine@sbcglobal.net,rjmexicandallas@gmail.com,,rjmexicancuisine@sbcglobal.net | rjmexicandallas@gmail.com,,http://instagram.com/rjmexicancuisine,Yes,found_subpage
Mi Cocina,"3232 McKinney Ave Suite 175, Dallas, TX 75204",https://micocina.com,Yes,(214) 600-8044,,126.0,1.0,32.7816329,-96.8433047,Mexican restaurant,Food & Restaurant,75203,,,,,https://www.facebook.com/MiCocinaTexmex,https://www.instagram.com/micocina/,No,no_contact_found
Tacos El Cerro,"2518 S Beckley Ave Suite 1, Dallas, TX 75224",https://tacoselcerro.com,Yes,(469) 223-9305,,6.0,13.0,32.7172902,-96.8587355,Mexican restaurant,Food & Restaurant,75203,,,,,,,No,no_contact_found
Taqueria Taxco,"303 E Ledbetter Dr, Dallas, TX 75216",https://ttaxco.com,Yes,(469) 778-2698,,359.0,1.0,32.686276,-96.8558373,Mexican restaurant,Food & Restaurant,75203,,,,,,,No,no_contact_found
AL CHILE TAQUERIA,"3806 S Polk St, Dallas, TX 75224",https://alchiletaqueria.com,Yes,(214) 647-1441,,8.0,68.0,32.6972525,-96.8756504,Mexican restaurant,Food & Restaurant,75203,,,,,,,No,no_contact_found
El Carlos Elegante,"1400 N Riverfront Blvd, Dallas, TX 75207",https://elcarloselegante.com,Yes,(214) 277-1800,,8.0,55.0,32.7901768,-96.856041,Mexican restaurant,Food & Restaurant,75203,reservations@elcarloselegante.com,,,reservations@elcarloselegante.com,https://www.facebook.com/ElCarlosElegante,https://www.instagram.com/elcarloselegante/,Yes,found_homepage
Don Sebas Taqueria,"111 Continental Ave, Dallas, TX 75207",https://donsebastaqueriayfrutaloca.com,Yes,(972) 913-4443,,9.0,20.0,32.7842786,-96.8529518,Mexican restaurant,Food & Restaurant,75203,,,,,,,No,no_contact_found
Ocho Regiones Restaurant,"2539 W Davis St, Dallas, TX 75211",https://ochoregionesbishoparts.com,Yes,(469) 862-7845,,1.0,32.0,32.7498084,-96.8958215,Mexican restaurant,Food & Restaurant,75203,antelmogarciame@gmail.com,,,antelmogarciame@gmail.com,https://www.facebook.com/OchoRegionesRestaurant,,Yes,found_homepage
La Paisanita Taqueria,"440 W Davis St, Dallas, TX 75208",https://lapaisanitataqueria.shop,Yes,(214) 942-0000,,244.0,1.0,32.7476875,-96.85155,Mexican restaurant,Food & Restaurant,75203,,,,,,,No,no_contact_found
Tortas Insurgentes,"201 Jefferson Blvd, Dallas, TX 75208",https://tortasinsurgentestx.com,Yes,(469) 317-7411,,0.0,63.0,32.7476875,-96.85155,Mexican restaurant,Food & Restaurant,75203,,,,,https://www.facebook.com/TorteriaInsurgentes/?ref=page_internal,,No,no_contact_found
Cactus Mexican Cuisine,"1409 Ferndale Ave, Dallas, TX 75224",https://elcactusmexicancuisine.com,Yes,(214) 730-0922,,4.0,49.0,32.726358,-96.8811526,Mexican restaurant,Food & Restaurant,75203,,,,,https://www.facebook.com/cactusmexicancuisine/,https://www.instagram.com/thecactusmexicancuisine/,No,no_contact_found
Mexican Sugar,"2355 Olive St #155, Dallas, TX 75201",https://mexicansugarcocina.com,Yes,(214) 613-1796,,559.0,2.0,32.7912182,-96.8404605,Mexican restaurant,Food & Restaurant,75203,,,,,,,No,no_contact_found
Tienda Hispana #1,"303 E Jefferson Blvd, Dallas, TX 75203",https://tiendahispanatx.com,Yes,(214) 941-1480,,8.0,4.0,32.7496541,-96.8635625,Mexican restaurant,Food & Restaurant,75203,,,,,https://www.facebook.com/tiendahispanadallas,,No,no_contact_found
Miriam Cocina Latina,"2015 Woodall Rodgers Fwy, Dallas, TX 75201",https://miriamcocina.com,Yes,(214) 855-5275,,241.0,1.0,32.7898592,-96.8385256,Mexican restaurant,Food & Restaurant,75203,,,,,https://www.facebook.com/miriamcocinadallas,https://www.instagram.com/miriamcocinalatina/,No,no_contact_found
Buena Vista Restaurant & Club,"1804 Fort Worth Ave, Dallas, TX 75208",https://buenavistadallas.com,Yes,(214) 742-6911,,9.0,48.0,32.7646062,-96.8846745,Mexican restaurant,Food & Restaurant,75203,,,,,,,No,no_contact_found
The Mexican,"1401 Turtle Creek Blvd, Dallas, TX 75207",https://themexican.com,Yes,(214) 210-5700,,301.0,1.0,32.79643,-96.8587173,Mexican restaurant,Food & Restaurant,75203,,,,,https://www.facebook.com/TheMexicanDallas/,https://www.instagram.com/themexicandallas/,No,no_contact_found
El Fenix,"1601 McKinney Ave Downtown #1, Dallas, TX 75202",https://elfenix.com,Yes,(214) 747-1121,,704.0,6.0,32.787446,-96.8409134,Mexican restaurant,Food & Restaurant,75203,,,,,,,No,no_contact_found
Twisted Trompo,"1211 Commerce St, Dallas, TX 75202",https://twistedtrompo.com,Yes,(214) 760-9599,,773.0,1.0,32.787446,-96.8409134,Mexican restaurant,Food & Restaurant,75203,,,,,https://www.facebook.com/motherflamingtacos,https://www.instagram.com/motherflamingtacos/,No,no_contact_found
El patio,"1601 Singleton Blvd, Dallas, TX 75212",https://elpatiodallas.com,Yes,(214) 377-7072,,4.0,22.0,32.7787858,-96.8818065,Mexican restaurant,Food & Restaurant,75203,,,,,,,No,no_contact_found
Beto & Son,"3011 Gulden Ln #108, Dallas, TX 75212",https://betoandsondallas.com,Yes,(469) 249-8590,,487.0,3.0,32.7791763,-96.8645687,Mexican restaurant,Food & Restaurant,75203,julian@betoandson.com,daniela@betoandson.com,,julian@betoandson.com | daniela@betoandson.com,https://facebook.com/309922386044494,https://instagram.com/betoandson,Yes,found_homepage
Las Tarascas Taqueria,"2200 W Clarendon Dr, Dallas, TX 75208",https://facebook.com,Yes,(972) 803-3799,,7.0,10.0,32.7344895,-96.8905093,Mexican restaurant,Food & Restaurant,75203,,,,,,,No,no_contact_found
Wild Salsa,"1800 Main St, Dallas, TX 75201",https://wildsalsarestaurant.com,Yes,(214) 741-9453,,740.0,2.0,32.7811852,-96.8318059,Mexican restaurant,Food & Restaurant,75203,,,,,https://www.facebook.com/wildsalsa,https://www.instagram.com/wildsalsarestaurant/,No,no_contact_found
Milagro Tacos Cantina,"440 Singleton Blvd Ste 100, Dallas, TX 75212",https://milagrotacocantina.com,Yes,(469) 872-0168,,3.0,46.0,32.7784222,-96.8675032,Mexican restaurant,Food & Restaurant,75203,,,,,,,No,no_contact_found
Tienda Hispana #2,"601 E Jefferson Blvd, Dallas, TX 75203",https://tiendahispanatx.com,Yes,(469) 291-7120,,7.0,1.0,32.742899,-96.8640131,Mexican restaurant,Food & Restaurant,75203,,,,,https://www.facebook.com/tiendahispanadallas,,No,no_contact_found
Cafe Herrera on Lamar,"665 S Lamar St, Dallas, TX 75202",https://omnihotels.com,Yes,(214) 979-2521,,0.0,79.0,32.7750305,-96.83936,Mexican restaurant,Food & Restaurant,75203,,,,,,,No,no_contact_found
Texano Cocina,"5622 Lemmon Ave, Dallas, TX 75209",https://texanococina.com,Yes,(214) 238-0442,,4.0,37.0,32.8294234,-96.8611893,Mexican restaurant,Food & Restaurant,75203,info@texanococina.com,,,info@texanococina.com,https://www.facebook.com/texanococina,https://www.instagram.com/texanococina/,Yes,found_homepage
Salsa Limn,"411 N Akard St, Dallas, TX 75201",https://salsalimon.com,Yes,(972) 803-4388,,535.0,1.0,32.7831807,-96.8366703,Mexican restaurant,Food & Restaurant,75203,contact@salsalimon.com,feedback@salsalimon.com,,contact@salsalimon.com | feedback@salsalimon.com,https://www.facebook.com/salsalimon/,https://www.instagram.com/salsalimon,Yes,found_homepage
Las Palmas Tex-Mex,"2708 Routh St, Dallas, TX 75201",https://laspalmasdallas.com,Yes,(214) 647-1232,,195.0,2.0,32.7975219,-96.8387016,Mexican restaurant,Food & Restaurant,75203,,,,,,,No,no_contact_found
Limons Restaurant,"3105 W Davis St, Dallas, TX 75211",https://limons.restaurant,Yes,(214) 330-0947,,3.0,73.0,32.7496846,-96.9076589,Mexican restaurant,Food & Restaurant,75203,contact@contact.pl,limons_restaurant@yahoo.com,,contact@contact.pl | limons_restaurant@yahoo.com,https://www.facebook.com/profile.php?id=100063520364846,https://www.instagram.com/limons_veracruzana?igsh=d2tvMzgxbmdqdGZi&utm_source=qr,Yes,found_homepage
Donde Los Tacos,"900 W Davis St, Dallas, TX 75208",https://dondelostacos.com,Yes,(214) 258-6689,,7.0,18.0,32.7443715,-96.903492,taqueria,Food & Restaurant,75203,,,,,,,No,no_contact_found
Taqueria La Veracruzana,"1817 S Edgefield Ave, Dallas, TX 75224",https://veracruzana.top,Yes,(214) 943-3616,,3.0,13.0,32.7443715,-96.903492,taqueria,Food & Restaurant,75203,info@veracruzana.top,black9@qq.com,,info@veracruzana.top | black9@qq.com,,,Yes,found_homepage
Taqueria Taxco,"104 E Saner Ave, Dallas, TX 75216",https://ttaxco.com,Yes,(214) 792-9844,,6.0,29.0,32.7566807,-96.8952646,taqueria,Food & Restaurant,75203,,,,,,,No,no_contact_found
Taqueria Taxco,"4830 S Lancaster Rd, Dallas, TX 75216",https://ttaxco.com,Yes,(214) 272-8708,,2.0,22.0,32.6894878,-96.8627915,taqueria,Food & Restaurant,75203,,,,,,,No,no_contact_found
Taco City y Mas,"265 W Comstock St, Dallas, TX 75208",https://tacocityymas.com,Yes,(972) 863-8935,,4.0,81.0,32.7433693,-96.9095626,taqueria,Food & Restaurant,75203,,,,,,,No,no_contact_found
Papis Tacos and More,"710 Fort Worth Ave, Dallas, TX 75208",https://papistacosandmore.com,Yes,(214) 484-1634,,1.0,11.0,32.7433693,-96.9095626,taqueria,Food & Restaurant,75203,,,,,,,No,no_contact_found
Chilangos Tacos,"4012 Ross Ave, Dallas, TX 75204",https://chilangostacos.com,Yes,(469) 399-0322,,413.0,1.0,32.779524,-96.8735429,taqueria,Food & Restaurant,75203,hola@chilangostacos.com,catering@chilangostacos.com,press@chilangostacos.com,hola@chilangostacos.com | catering@chilangostacos.com | press@chilangostacos.com,https://www.facebook.com/chilangostacosdallas,https://www.instagram.com/chilangostacos/,Yes,found_subpage
Taqueria Tacontodo,"3850 W Clarendon Dr, Dallas, TX 75211",https://ordertaqueriatacondo.com,Yes,(469) 677-5020,,9.0,11.0,32.7345671,-96.9565126,taqueria,Food & Restaurant,75203,,,,,,,No,no_contact_found
AL CHILE TAQUERIA,"2643 S Hampton Rd, Dallas, TX 75224",https://alchiletaqueria.com,Yes,(214) 377-9222,,1.0,81.0,32.7189178,-96.9295372,taqueria,Food & Restaurant,75203,,,,,,,No,no_contact_found
Taquero,"5434 Ross Ave, Dallas, TX 75206",https://taquerodallas.com,Yes,(469) 372-6049,,0.0,70.0,32.8108497,-96.842455,taqueria,Food & Restaurant,75203,info@taquerodallas.com,,,info@taquerodallas.com,,,Yes,found_homepage
Tacos Juancho,"3604 Oak Lawn Ave, Dallas, TX 75219",https://tacosjuancho.com,Yes,(214) 484-4970,,6.0,32.0,32.8128152,-96.8763277,taqueria,Food & Restaurant,75203,,,,,,https://www.instagram.com/tacos.juancho/,No,no_contact_found
TAQUERIA VAZQUEZ #1,"2410 S Hampton Rd, Dallas, TX 75224",https://taqueriavazquez6tx.com,Yes,(214) 446-2822,,6.0,60.0,32.721891,-96.9289079,taqueria,Food & Restaurant,75203,,,,,,,No,no_contact_found
365 Tacos Singleton,"353 Singleton Blvd #100, Dallas, TX 75212",https://365tacos.com,Yes,(469) 872-0065,,2.0,6.0,32.7788691,-96.9018591,taqueria,Food & Restaurant,75203,,,,,https://www.facebook.com/three65tacos,https://www.instagram.com/three65tacos,No,no_contact_found
Taqueria La Ventana,"1611 McKinney Ave, Dallas, TX 75202",https://taquerialaventana.com,Yes,(214) 484-6803,,115.0,2.0,32.787751,-96.8768219,taqueria,Food & Restaurant,75203,,,,,https://www.facebook.com/TaqueriaLaVentana/,https://www.instagram.com/taquerialaventana/,No,no_contact_found
Ms Chingn Cantina,"312 W Davis St, Dallas, TX 75208",https://maschingondallas.com,Yes,(214) 272-8859,,1.0,24.0,32.787751,-96.8768219,taqueria,Food & Restaurant,75203,info@maschingondallas.com,,,info@maschingondallas.com,,https://www.instagram.com/maschingondallas/,Yes,found_homepage
Taqueria El Arquito,"3400 Commerce St, Dallas, TX 75226",https://taqueriaelarquito.com,Yes,(469) 777-4981,,1.0,67.0,32.787751,-96.8768219,taqueria,Food & Restaurant,75203,,,,,,,No,no_contact_found
Taqueria Sofia,"Taqueria Sofia, 1420 E Illinois Ave, Dallas, TX 75216",https://order.online,Yes,(214) 607-7905,,2.0,2.0,32.7197696,-96.8755804,taqueria,Food & Restaurant,75203,,,,,,,No,no_contact_found
Ixta-Tacos,"3404 S Lancaster Rd, Dallas, TX 75216",https://orderixtatacos.com,Yes,(214) 701-9825,,1.0,29.0,32.7197696,-96.8755804,taqueria,Food & Restaurant,75203,,,,,,,No,no_contact_found
The Taco Stand,"3227 McKinney Ave, Dallas, TX 75204",https://letstaco.com,Yes,(469) 943-2183,,4.0,94.0,32.8039028,-96.8719731,taqueria,Food & Restaurant,75203,hola@letstaco.com,,,hola@letstaco.com,https://www.facebook.com/letstaco,https://www.instagram.com/letstaco_/,Yes,found_subpage
Taqueria Doa Elva,"3022 E Illinois Ave, Dallas, TX 75216",https://m.facebook.com,Yes,(214) 554-5757,,4.0,35.0,32.7160712,-96.8478287,taqueria,Food & Restaurant,75203,,,,,https://www.facebook.com/reg/,https://l.facebook.com/l.php?u=https%3A%2F%2Fwww.instagram.com%2F&h=AT4W3-fuQZhxVfd6138AGIwrIPP5oO2snT5Rgnx6fbcAeGhPl0l3udkegAqsw0Umc3OOEVjQEZPfjbqzIjD-QTRFELh7KgxuSxWAHcdWiheCEGAFeo5j9T7SxqK09seQXlWwfeG27RSBU08eOV9qdU74uA,No,no_contact_found
Chilangos Tacos - Exchange Hall,"211 S Akard St #105, Dallas, TX 75202",https://chilangostacos.com,Yes,,,0.0,31.0,32.7793691,-96.8721273,taqueria,Food & Restaurant,75203,hola@chilangostacos.com,catering@chilangostacos.com,press@chilangostacos.com,hola@chilangostacos.com | catering@chilangostacos.com | press@chilangostacos.com,https://www.facebook.com/chilangostacosdallas,https://www.instagram.com/chilangostacos/,Yes,found_subpage
Taqueria El Arquito,"7500 S Westmoreland Rd, Dallas, TX 75237",https://taqueriaelarquito.com,Yes,(469) 250-7307,,2.0,26.0,32.6542556,-96.957385,taqueria,Food & Restaurant,75203,,,,,,,No,no_contact_found
Tacos Puro Df - Dallas,"2900 W Davis St, Dallas, TX 75211",https://tacospurodfdallas.com,Yes,(214) 758-0996,,2.0,10.0,32.743394,-96.9094748,tacos,Food & Restaurant,75203,tacospurodf@gmail.com,,,tacospurodf@gmail.com,,https://www.instagram.com/tacospurodf/,Yes,found_homepage
The Taco Kitchen,"921 W Commerce St, Dallas, TX 75208",https://kitchenplaydate.com,Yes,(214) 623-5723,,2.0,9.0,32.7734831,-96.9092914,tacos,Food & Restaurant,75203,,,,,,,No,no_contact_found
Texas Street Tacos,"3006 Duncanville Rd, Dallas, TX 75211",https://texasstreettacos.com,Yes,(469) 372-0305,,8.0,15.0,32.7100314,-96.9804316,tacos,Food & Restaurant,75203,,,,,,,No,no_contact_found
Tacos La Banqueta Puro DF,"1305 N Carroll Ave, Dallas, TX 75204",https://tacoslabanquetapurodf.com,Yes,(214) 823-1260,,345.0,3.0,32.7994952,-96.8492652,tacos,Food & Restaurant,75203,,,,,https://www.facebook.com/search/top?q=tacos%20la%20banqueta,https://www.instagram.com/labanquetamain/,No,no_contact_found
Feng Shui Fine Asian Cuisine,"2355 Olive St #150, Dallas, TX 75201",https://fengshuidallas.com,Yes,(945) 288-6088,,4.0,27.0,32.7912182,-96.9486072,Chinese restaurant,Food & Restaurant,75203,info@fengshuidallas.com,,,info@fengshuidallas.com,,https://www.instagram.com/fengshui.dallas/,Yes,found_homepage
Night Rooster,"1000 N Riverfront Blvd, Dallas, TX 75207",https://nightroosterdallas.com,Yes,(945) 292-2016,,2.0,5.0,32.7912182,-96.9486072,Chinese restaurant,Food & Restaurant,75203,caleb@hooperhc.com,sergio@hooperhc.com,clark@hooperhc.com,caleb@hooperhc.com | sergio@hooperhc.com | clark@hooperhc.com | carlon@hooperhc.com | alison@lindseymillerpr.com,,https://www.instagram.com/nightroosterdallas/,Yes,found_subpage
City Kitchen,"340 S Hampton Rd, Dallas, TX 75208",https://citykitchenorder.com,Yes,(214) 272-3066,,7.0,14.0,32.7912182,-96.9486072,Chinese restaurant,Food & Restaurant,75203,,,,,https://www.facebook.com/citykitchencateringdfw/,,No,no_contact_found
Mei Asian Cuisine,"7325 Gaston Ave Suite 110, Dallas, TX 75214",https://meiasiancuisine.com,Yes,(214) 216-4542,,8.0,40.0,32.8119016,-96.8743822,Chinese restaurant,Food & Restaurant,75203,info@meiasiancuisine.com,,,info@meiasiancuisine.com,https://www.facebook.com/people/Mei-Asian-Cuisine/61571611799694,https://www.instagram.com/meiasiancuisine,Yes,found_homepage
Maison Chinoise,"4152 Cole Ave #106, Dallas, TX 75204",https://maisonchinoiserestaurants.com,Yes,(469) 949-2991,,3.0,27.0,32.8160842,-96.9364362,Chinese restaurant,Food & Restaurant,75203,,,,,,,No,no_contact_found
Chinese Kitchen,"3939 S Polk St #203, Dallas, TX 75224",https://chinesekitchentx.com,Yes,(214) 372-2121,,4.0,34.0,32.6961454,-96.9856818,Chinese restaurant,Food & Restaurant,75203,,,,,,,No,no_contact_found
MiYa Chinese,"9540 Garland Rd Suite 383, Dallas, TX 75218",https://miyachinese.com,Yes,(214) 484-1175,,0.0,79.0,32.8335045,-96.8455742,Chinese restaurant,Food & Restaurant,75203,gm@miyachinese.com,manager@miyachinese.com,filler@godaddy.com,gm@miyachinese.com | manager@miyachinese.com | filler@godaddy.com,,,Yes,found_homepage
Elephant East,"2823 McKinnon St, Dallas, TX 75201",https://elephanteastdallas.com,Yes,(214) 256-4151,,8.0,51.0,32.7804828,-96.9470196,Chinese restaurant,Food & Restaurant,75203,hello@elephanteast.com,,,hello@elephanteast.com,https://www.facebook.com/elephanteastdal/,https://www.instagram.com/elephanteastdal/,Yes,found_subpage
Royal China Restaurant,"6025 Royal Ln #201, Dallas, TX 75230",https://royalchinadallas.com,Yes,(214) 361-1771,,14.0,2.0,32.8960769,-96.9463231,Chinese restaurant,Food & Restaurant,75203,,,,,https://www.facebook.com/Royalchinadallas,https://www.instagram.com/royalchina_dallas/,No,no_contact_found
Szechuan Chinese Restaurant,"4411 Lemmon Ave #108, Dallas, TX 75219",https://szechuanchineserestauranttx.com,Yes,(214) 521-2345,,7.0,50.0,32.8960769,-96.9463231,Chinese restaurant,Food & Restaurant,75203,,,,,,,No,no_contact_found
Brooklyn Dumpling Shop,"2548 Elm St, Dallas, TX 75226",https://brooklyndumplingshop.com,Yes,(214) 764-8009,,5.0,39.0,32.7838156,-96.9313312,Chinese restaurant,Food & Restaurant,75203,,,,,,,No,no_contact_found
China Bull Express,"8227 Park Ln, Dallas, TX 75231",https://chinabullexpress.com,Yes,(214) 758-0628,,8.0,46.0,32.7838156,-96.9313312,Chinese restaurant,Food & Restaurant,75203,,,,,,,No,no_contact_found
Pei Wei Asian Kitchen,"6119 Greenville Ave, Dallas, TX 75206",https://peiwei.com,Yes,(214) 660-5858,,7.0,71.0,32.7838156,-96.9313312,Chinese restaurant,Food & Restaurant,75203,,,,,,,No,no_contact_found
Ritual Dallas,"1623 N Hall St #103, Dallas, TX 75204",https://ritualdallas.com,Yes,(682) 308-2883,,2.0,40.0,32.7838156,-96.9313312,Chinese restaurant,Food & Restaurant,75203,,,,,,https://www.instagram.com/ritualdtx/,No,no_contact_found
Mei Mei Chinese Buffet,"10455 N Central Expy #123, Dallas, TX 75230",https://meimeibuffet.com,Yes,(214) 890-1888,,859.0,1.0,32.889778,-96.9160046,Chinese restaurant,Food & Restaurant,75203,,,,,,,No,no_contact_found
The Wok by Sushic,"211 S Akard St, Dallas, TX 75202",https://theexchangehall.com,Yes,,,0.0,2.0,32.7793126,-96.9441102,Chinese restaurant,Food & Restaurant,75203,,,,,https://www.facebook.com/exchangehall,https://www.instagram.com/theexchangehall/,No,no_contact_found
Komodo Dallas,"2550 Pacific Ave, Dallas, TX 75226",https://komododallas.com,Yes,(214) 261-6000,,785.0,1.0,32.7793126,-96.9441102,Chinese restaurant,Food & Restaurant,75203,,,,,,,No,no_contact_found
Sapa House,"1623 Main St #102, Dallas, TX 75201",https://ordersapahousedallas.com,Yes,(214) 748-0746,,53.0,1.0,32.7793126,-96.9441102,Chinese restaurant,Food & Restaurant,75203,,,,,,,No,no_contact_found
Kuai Asian Kitchen,"325 North St. Paul Street C9, Dallas, TX 75201",https://kuaidumplings.com,Yes,(972) 789-1199,,2.0,10.0,32.7793126,-96.9441102,Chinese restaurant,Food & Restaurant,75203,,,,,https://www.facebook.com/75976889992,https://www.instagram.com/kuaiasiankitchen,No,no_contact_found
Bushi Bushi Dim Sum Place,"4930 Belt Line Rd, Dallas, TX 75254",https://bushi4930.com,Yes,(972) 677-7653,,7.0,75.0,32.9532008,-96.9715665,Chinese restaurant,Food & Restaurant,75203,,,,,,,No,no_contact_found
Bowls of Rice,"921 W Commerce St, Dallas, TX 75208",https://bowlsofrice.com,Yes,,,5.0,3.0,32.7734985,-96.9813907,Chinese restaurant,Food & Restaurant,75203,,,,,,,No,no_contact_found
Royal Wok Chinese Restaurant,"2560 Royal Ln Suite 100, Dallas, TX 75229",https://royalwokchinese.com,Yes,(972) 488-8282,,0.0,65.0,32.895555,-97.0381025,Chinese restaurant,Food & Restaurant,75203,,,,,,,No,no_contact_found
Black Ship Little Katana,"555 S Lamar St #130, Dallas, TX 75202",https://omnihotels.com,Yes,(214) 760-7200,,0.0,26.0,32.7751958,-96.9483164,Chinese restaurant,Food & Restaurant,75203,,,,,,,No,no_contact_found
Musume Dallas,"2330 Flora St #100, Dallas, TX 75201",https://musumedallas.com,Yes,(214) 871-8883,,130.0,1.0,32.7751958,-96.9483164,Chinese restaurant,Food & Restaurant,75203,,,,,,,No,no_contact_found
Egg Roll Hut,"4509 Columbia Ave, Dallas, TX 75226",https://eggrollhutdallas.com,Yes,(214) 823-4131,,0.0,88.0,32.7751958,-96.9483164,Chinese restaurant,Food & Restaurant,75203,,,,,,,No,no_contact_found
May Dragon Chinese Restaurant,"4848 Belt Line Rd, Dallas, TX 75254",https://maydragon.com,Yes,(972) 392-9998,,9.0,74.0,32.9532058,-96.9734324,Chinese restaurant,Food & Restaurant,75203,eat@maydragon.com,,,eat@maydragon.com,https://www.facebook.com/Joemaydragon,https://www.instagram.com/addison_may_dragon/,Yes,found_homepage
Mr. Wong's Chicken & Rice - Illinois Ave,"2415 W Illinois Ave, Dallas, TX 75233",https://mrwongschicken.com,Yes,(214) 339-7070,,1.0,97.0,32.7734812,-96.981386,Chinese restaurant,Food & Restaurant,75203,feedback@mrwongschicken.com,,,feedback@mrwongschicken.com,https://www.facebook.com/MrWongsChicken/,https://www.instagram.com/mrwongschicken/,Yes,found_subpage
Bangkok City Restaurant,"4301 Bryan St #101, Dallas, TX 75204",https://bangkokcityrestaurant.com,Yes,(214) 824-6200,,60.0,1.0,32.7734812,-96.981386,Chinese restaurant,Food & Restaurant,75203,,,,,https://www.facebook.com/Bangkok-City-Restaurant-228106737335258/,,No,no_contact_found
Awesome Chinese Cuisine,"1520 Independence Pkwy, Plano, TX 75075",https://awesomechinesetx.com,Yes,(972) 232-7238,,9.0,49.0,33.0202516,-96.893553,Chinese restaurant,Food & Restaurant,75203,,,,,,,No,no_contact_found
P.F. Chang's,"8687 N Central Expy Ste 225, Dallas, TX 75225",https://locations.pfchangs.com,Yes,(214) 265-8669,,392.0,2.0,32.8668373,-96.9172687,Chinese restaurant,Food & Restaurant,75203,,,,,https://www.facebook.com/pfchangs/,https://www.instagram.com/pfchangs/,No,no_contact_found
Pakpao Thai,"1628 Oak Lawn Ave #120, Dallas, TX 75207",https://pakpaothai.com,Yes,(214) 749-7002,,4.0,89.0,32.8668373,-96.9172687,Chinese restaurant,Food & Restaurant,75203,,,,,,,No,no_contact_found
Bloom Healthy Asian Kitchen Downtown,"325 North St. Paul Street, Dallas, TX 75201",https://bloomasiankitchen.com,Yes,(415) 349-0776,,,,32.8668373,-96.9172687,Chinese restaurant,Food & Restaurant,75203,,,,,,,No,no_contact_found
Indian Masala Tadka,"1001 Ross Ave #100, Dallas, TX 75202",https://masalatadkatx.com,Yes,(214) 964-0815,,5.0,90.0,32.8158643,-96.9915037,Indian restaurant,Food & Restaurant,75203,,,,,https://www.facebook.com/indianmasalatadkatx/,https://www.instagram.com/indianmasalatadka/,No,no_contact_found
Elephant Indian Bar & Grill,"4154 N Central Expy, Dallas, TX 75204",https://elephantgrill.com,Yes,(214) 377-9843,,137.0,1.0,32.8158643,-96.9915037,Indian restaurant,Food & Restaurant,75203,elephantgrill@gmail.com,elephant.mkonnekt@gmail.com,elephantindianbarandgrill@gmail.com,elephantgrill@gmail.com | elephant.mkonnekt@gmail.com | elephantindianbarandgrill@gmail.com,https://www.facebook.com/Elephantrestaurantdallas,https://www.instagram.com/elephantrestaurantdallas/?hl=en,Yes,found_homepage
Namak Indian Restaurant & Bar,"5500 Greenville Ave #600, Dallas, TX 75206",https://namakusa.com,Yes,(214) 730-0047,,4.0,41.0,32.8158643,-96.9915037,Indian restaurant,Food & Restaurant,75203,info@namakus.com,danish@namakus.com,,info@namakus.com | danish@namakus.com,https://www.facebook.com/people/Namak-Indian-Restaurant-Bar/61575667318010/,https://www.instagram.com/namak_greenvilledallas/,Yes,found_homepage
Mayfair garden express Pakistani/indian cuisine,"701 Commerce St, Dallas, TX 75202",https://mayfairgarden-texas.com,Yes,(737) 975-6776,,3.0,43.0,32.8158643,-96.9915037,Indian restaurant,Food & Restaurant,75203,,,,,,,No,no_contact_found
Roti Grill,"3001 Knox St 100 Suite 100, Dallas, TX 75205",https://rotigrill.us,Yes,(214) 521-3655,,208.0,2.0,32.8158643,-96.9915037,Indian restaurant,Food & Restaurant,75203,rotifrisco@gmail.com,,,rotifrisco@gmail.com,https://www.facebook.com/rotigrilldallas/,,Yes,found_subpage
India Palace,"12817 Preston Rd Suite # 105, Dallas, TX 75230",https://indiapalacedallas.com,Yes,(972) 392-0190,,790.0,1.0,32.8158643,-96.9915037,Indian restaurant,Food & Restaurant,75203,indiapalacedallastx@gmail.com,,,indiapalacedallastx@gmail.com,https://www.facebook.com/indiapalacedallas/,https://www.instagram.com/indiapalace.dallas,Yes,found_subpage
Sanjh Restaurant & Bar,"5250 N O'Connor Blvd Suite 146, Irving, TX 75039",https://sanjhrestaurant.com,Yes,(972) 239-1800,,494.0,5.0,32.8688192,-97.2263622,Indian restaurant,Food & Restaurant,75203,marketing@tivonaconcepts.com,,,marketing@tivonaconcepts.com,https://www.facebook.com/profile.php?id=100095367200579,https://www.instagram.com/sanjhrestaurant,Yes,found_homepage
Kashkan Dhaba - Essence of fine dining,"17370 Preston Rd #490, Dallas, TX 75252",https://kashkandhaba.com,Yes,(972) 685-0001,,1.0,33.0,32.8688192,-97.2263622,Indian restaurant,Food & Restaurant,75203,admin@kashkandhaba.com,support@kashkandhaba.com,,admin@kashkandhaba.com | support@kashkandhaba.com,,,Yes,found_subpage
Taj Mahal Indian Restaurant & Bar,"10219 N Central Expy, Dallas, TX 75231",https://tajmahaldallas.com,Yes,(214) 692-0535,,9.0,72.0,32.8859763,-97.05924,Indian restaurant,Food & Restaurant,75203,,,,,,,No,no_contact_found
Ariana Cuisine,"3607A Greenville Ave, Dallas, TX 75206",https://arianacuisinetx.com,Yes,(469) 317-7112,,8.0,49.0,32.8312098,-97.0586892,Indian restaurant,Food & Restaurant,75203,,,,,,,No,no_contact_found
Vindu Indian Cuisine,"4701 Frankford Rd ste 237, Dallas, TX 75287",https://vindudallas.com,Yes,(972) 931-5999,,7.0,69.0,32.8312098,-97.0586892,Indian restaurant,Food & Restaurant,75203,info@vindudallas.com,,,info@vindudallas.com,https://en-gb.facebook.com/DallasVindu/,https://www.instagram.com/vinduindiancuisine/?hl=en,Yes,found_homepage
Lyari Cafe Finest Pakistani/Indian Halal Cuisine,"11641 Harry Hines Blvd #201, Dallas, TX 75229",https://lyaricafe.com,Yes,(972) 589-1260,,718.0,1.0,32.8312098,-97.0586892,Indian restaurant,Food & Restaurant,75203,info@lyaricafe.com,,,info@lyaricafe.com,https://www.facebook.com/profile.php?id=100088467701414,https://www.instagram.com/lyaricafe/,Yes,found_homepage
Saffron Kitchen and Bar,"5005 S Cooper St #163, Arlington, TX 76017",https://saffronkitchenandbar.com,Yes,(817) 406-1163,,7.0,52.0,32.6641734,-97.421845,Indian restaurant,Food & Restaurant,75203,info@saffronkitchenandbar.com,,,info@saffronkitchenandbar.com,https://www.facebook.com/SaffronKitchenAndBar/,,Yes,found_homepage
Herbs Indian Cuisine,"TOM THUMB Plaza, 660 Grapevine Hwy, Hurst, TX 76054",https://herbsindianhurst.com,Yes,(817) 479-6100,,9.0,53.0,32.8628142,-97.4685536,Indian restaurant,Food & Restaurant,75203,,,,,,,No,no_contact_found
Mughlai Fine Indian Cuisine,"5301 Alpha Rd UNIT 14, Dallas, TX 75240",https://mughlaidfw.com,Yes,(972) 392-7786,,374.0,1.0,32.9332935,-97.1056773,Indian restaurant,Food & Restaurant,75203,,,,,https://www.facebook.com/MughlaiDallas,https://instagram.com/mughlairestaurantgroup,No,no_contact_found
Hyderabadi Biryani & BBQ,"6855 Greenville Ave, Dallas, TX 75231",https://hyderabadibiryanibarbeque.com,Yes,(469) 921-4331,,9.0,99.0,32.9332935,-97.1056773,Indian restaurant,Food & Restaurant,75203,,,,,,,No,no_contact_found
India Grill indian restaurant and bar,"3900 Chaney Dr Ste 117, Arlington, TX 76018",https://indiagrillofarlington.com,Yes,(817) 468-9150,,335.0,5.0,32.6812306,-97.4020761,Indian restaurant,Food & Restaurant,75203,info@indiagrillofarlington.com,,,info@indiagrillofarlington.com,https://www.facebook.com/indiagrillofarlington/,https://www.instagram.com/indiagrillarlington?igsh=Y2JzejJscHk3Mmg5&utm_source=qr,Yes,found_homepage
Papaya Kitchen,"5200 Lemmon Ave #102, Dallas, TX 75209",https://papayakitchendallastx.com,Yes,(214) 964-0044,,0.0,37.0,32.8256883,-96.8930515,Vietnamese restaurant,Food & Restaurant,75203,eli201165@yahoo.com,,,eli201165@yahoo.com,https://www.facebook.com/961423453716458,https://www.instagram.com/papayakitchen.dallas,Yes,found_homepage
Ngon Vietnamese Kitchen,"1907 Greenville Ave, Dallas, TX 75206",https://ngonvietkitchen.com,Yes,(469) 250-7183,,6.0,83.0,32.813727,-96.8426241,Vietnamese restaurant,Food & Restaurant,75203,info@ngonvietnamesekitchen.com,,,info@ngonvietnamesekitchen.com,https://www.facebook.com/ngonvietnamesekitchen,https://www.instagram.com/ngonvietkitchen/,Yes,found_homepage
LaVui Vietnamese Restaurant,"5321 Maple Ave, Dallas, TX 75235",https://lavuirestaurants.com,Yes,(469) 776-8212,,9.0,63.0,32.8179349,-96.9049045,Vietnamese restaurant,Food & Restaurant,75203,,,,,https://www.facebook.com/LaVuiDallas,https://www.instagram.com/lavuidallas,No,no_contact_found
DaLat Vietnamese Restaurant and Bar,"2537 N Fitzhugh Ave, Dallas, TX 75204",https://dalatdallas.com,Yes,(214) 827-3200,,795.0,1.0,32.7837488,-96.8552611,Vietnamese restaurant,Food & Restaurant,75203,,,,,,,No,no_contact_found
Mot Hai Ba,"6047 Lewis St, Dallas, TX 75206",https://mothaibadallas.com,Yes,(972) 638-7468,,5.0,66.0,32.7837488,-96.8552611,Vietnamese restaurant,Food & Restaurant,75203,,,,,,,No,no_contact_found
Pho Crimson,"3000 Blackburn St #140c, Dallas, TX 75204",https://phocrimsoncafe.com,Yes,(469) 547-5443,,8.0,84.0,32.8088322,-96.8675846,Vietnamese restaurant,Food & Restaurant,75203,,,,,,,No,no_contact_found
Malai Kitchen,"3699 McKinney Ave #319, Dallas, TX 75204",https://malaikitchen.com,Yes,(214) 599-7857,,510.0,2.0,32.8088322,-96.8675846,Vietnamese restaurant,Food & Restaurant,75203,,,,,http://www.facebook.com/malaikitchen,https://www.instagram.com/malaikitchen/,No,no_contact_found
Nothin' But Pho ToGo,"4321 Live Oak St, Dallas, TX 75204",https://nothinbutpho.com,Yes,(972) 645-5435,,4.0,5.0,32.8088322,-96.8675846,Vietnamese restaurant,Food & Restaurant,75203,nothinbutpho@gmail.com,,,nothinbutpho@gmail.com,,,Yes,found_homepage
Pho 88,"312 W Seventh St, Dallas, TX 75208",https://chanthaipho88.com,Yes,(214) 948-0098,,,,32.7493008,-96.9082542,Vietnamese restaurant,Food & Restaurant,75203,pho88chanthai@gmail.com,,,pho88chanthai@gmail.com,https://www.facebook.com/Chan-Thai-Pho-88-102745335706840,https://www.instagram.com/chanthai_pho88/,Yes,found_homepage
Ka Thai Uptown,"3220 McKinney Ave Suite 120, Dallas, TX 75204",https://kathairestaurant.com,Yes,(469) 291-7995,,6.0,89.0,32.7496807,-97.413876,Thai restaurant,Food & Restaurant,75203,nfo@kathairestaurant.com,,,nfo@kathairestaurant.com,https://www.facebook.com/ka.thai.965,https://www.instagram.com/kathairestaurant,Yes,found_homepage
Sakhuu Thai Cuisine,"4801 Bryan St # 100, Dallas, TX 75204",https://sakhuuthaidallas.com,Yes,(214) 828-9300,,7.0,42.0,32.7496807,-97.413876,Thai restaurant,Food & Restaurant,75203,sakhuuthaidallas@gmail.com,,,sakhuuthaidallas@gmail.com,https://www.facebook.com/sakhuuthaitx/,https://www.instagram.com/sakhuuthai_dallas/,Yes,found_homepage
@Eat Thai,"4321 Live Oak St, Dallas, TX 75204",https://ateatthaitx.com,Yes,(571) 430-8765,,7.0,1.0,32.7496807,-97.413876,Thai restaurant,Food & Restaurant,75203,,,,,,,No,no_contact_found
crushcraft Thai Eats,"2688 Laclede St #100, Dallas, TX 75201",https://crushcraftthai.com,Yes,(972) 677-7038,,35.0,2.0,32.7496807,-97.413876,Thai restaurant,Food & Restaurant,75203,info@crushcraftthai.com,,,info@crushcraftthai.com,https://www.facebook.com/crushcraftthai,https://www.instagram.com/crushcraft/,Yes,found_subpage
ZAAP Kitchen Lao & Thai Street Eats - FITZHUGH,"2325 N Fitzhugh Ave Suite 105, Dallas, TX 75204",https://order.toasttab.com,Yes,(214) 613-2710,,8.0,22.0,32.7496807,-97.413876,Thai restaurant,Food & Restaurant,75203,,,,,,,No,no_contact_found
Malai Kitchen,"6130 Luther Ln, Dallas, TX 75225",https://malaikitchen.com,Yes,(972) 373-4434,,2.0,45.0,32.7496807,-97.413876,Thai restaurant,Food & Restaurant,75203,,,,,,,No,no_contact_found
Thai Thai Restaurant,"1731 Greenville Ave, Dallas, TX 75206",https://thaithaidallastx.com,Yes,(214) 828-9795,,11.0,1.0,32.7496807,-97.413876,Thai restaurant,Food & Restaurant,75203,,,,,,,No,no_contact_found
Thai Lotus Kitchen,"3851 Cedar Springs Rd, Dallas, TX 75219",https://thailotuskitchen.com,Yes,(214) 520-9385,,3.0,51.0,32.7496807,-97.413876,Thai restaurant,Food & Restaurant,75203,,,,,,,No,no_contact_found
Ka Thai Midtown,"8185 Walnut Hill Ln #1410, Dallas, TX 75231",https://kathairestaurant.com,Yes,(469) 291-7995,,0.0,38.0,32.7496807,-97.413876,Thai restaurant,Food & Restaurant,75203,nfo@kathairestaurant.com,,,nfo@kathairestaurant.com,https://www.facebook.com/ka.thai.965,https://www.instagram.com/kathairestaurant,Yes,found_homepage
Si Lom Thai Asian Fusion,"3300 Oak Lawn Ave #110, Dallas, TX 75219",https://silomdallas.com,Yes,(214) 780-0983,,2.0,72.0,32.7496807,-97.413876,Thai restaurant,Food & Restaurant,75203,silomdallas@gmail.com,,,silomdallas@gmail.com,https://www.facebook.com/silomdallastx?rf=164169677061140,,Yes,found_homepage
Thai's Thumbz Urban Kitchen Dallas,"18101 Preston Rd #106, Dallas, TX 75252",https://thaisthumbz.com,Yes,(972) 803-6371,,6.0,9.0,32.7496807,-97.413876,Thai restaurant,Food & Restaurant,75203,thaisthumbz@yahoo.com,,,thaisthumbz@yahoo.com,https://www.facebook.com/thaithumbz/,https://www.instagram.com/thaithumbz/,Yes,found_homepage
ZAAP Kitchen Lao & Thai TAKE OUT,"2420 Victory Park Ln, Dallas, TX 75219",https://order.toasttab.com,Yes,(214) 484-2735,,1.0,11.0,32.7496807,-97.413876,Thai restaurant,Food & Restaurant,75203,,,,,,,No,no_contact_found
Ka Thai North Dallas,"6859 Arapaho Rd #601, Dallas, TX 75248",https://kathairestaurant.com,Yes,(469) 291-7995,,1.0,25.0,32.7496807,-97.413876,Thai restaurant,Food & Restaurant,75203,nfo@kathairestaurant.com,,,nfo@kathairestaurant.com,https://www.facebook.com/ka.thai.965,https://www.instagram.com/kathairestaurant,Yes,found_homepage
Khao Horm Thai,"2525 Inwood Rd #123, Dallas, TX 75235",https://khaohorm-thai-dallas.com,Yes,(469) 778-0075,,9.0,35.0,32.7496807,-97.413876,Thai restaurant,Food & Restaurant,75203,hbsn777.llc@gmail.com,,,hbsn777.llc@gmail.com,,,Yes,found_homepage
Thai Palm Dallas,"2824 N O'Connor Rd, Irving, TX 75062",https://thaipalmdallas.com,Yes,(972) 255-4295,,6.0,33.0,32.7496807,-97.413876,Thai restaurant,Food & Restaurant,75203,thaipalmdallas@gmail.com,,,thaipalmdallas@gmail.com,,,Yes,found_homepage
Bangkok Dee Thai Cuisine (Official),"10207 N Central Expy, Dallas, TX 75231",https://bangkokdeethaicuisine.com,Yes,(214) 739-3436,,6.0,65.0,32.7496807,-97.413876,Thai restaurant,Food & Restaurant,75203,,,,,,,No,no_contact_found
Royal Thai,"5500 Greenville Ave #608, Dallas, TX 75206",https://royalthaidallas.com,Yes,(214) 691-3555,,5.0,78.0,32.7496807,-97.413876,Thai restaurant,Food & Restaurant,75203,,,,,https://www.facebook.com/profile.php?id=100069697810362&ref=embed_page,,No,no_contact_found
Hibachi Street Food,"921 W Commerce St Suite K17, Dallas, TX 75208",https://hibachistreetfood.com,Yes,(972) 639-0311,,,,32.7496807,-97.413876,Thai restaurant,Food & Restaurant,75203,,,,,,,No,no_contact_found
Sabaidee Lao & Thai Street Food - Addison,"5365 Spring Valley Rd STE 158, Dallas, TX 75254",https://sabaidee.us,Yes,(972) 863-7575,,9.0,71.0,32.7496807,-97.413876,Thai restaurant,Food & Restaurant,75203,,,,,https://www.facebook.com/SabaideeDallas/,https://www.instagram.com/sabaideefood/?hl=en,No,no_contact_found
Ma Li Thai Kitchen,"9191 Forest Ln Suite 3, Dallas, TX 75243",https://malithaikitchen.com,Yes,(972) 235-3038,,2.0,28.0,32.7496807,-97.413876,Thai restaurant,Food & Restaurant,75203,malithaikitchen88@gmail.com,,,malithaikitchen88@gmail.com,https://www.facebook.com/ThaiKitchendallas,https://www.instagram.com/wix,Yes,found_homepage
Zaap Kitchen Lao & Thai Street Eats - LOVERS,"5219 W Lovers Ln, Dallas, TX 75209",https://zaapkitchen.com,Yes,(214) 242-9567,,6.0,6.0,32.7496807,-97.413876,Thai restaurant,Food & Restaurant,75203,,,,,,,No,no_contact_found
Asian Mint,"11617 N Central Expy Suite 135, Dallas, TX 75243",https://asianmint.com,Yes,(214) 363-6655,,443.0,2.0,32.7496807,-97.413876,Thai restaurant,Food & Restaurant,75203,,,,,,,No,no_contact_found
Bangkok Inn,"6033 Oram St, Dallas, TX 75206",https://bangkokinndallas.com,Yes,(214) 821-8979,,3.0,25.0,32.7496807,-97.413876,Thai restaurant,Food & Restaurant,75203,info@bangkokinn.com,,,info@bangkokinn.com,http://www.facebook.com/pages/Bangkok-Inn/105946436114086,,Yes,found_homepage
Thai Opal,"6300 Skillman St #156, Dallas, TX 75231",https://thaiopal.com,Yes,(214) 553-5956,,6.0,51.0,32.7496807,-97.413876,Thai restaurant,Food & Restaurant,75203,thaiopal@yahoo.com,,,thaiopal@yahoo.com,https://www.facebook.com/thaiopal/,https://www.instagram.com/explore/locations/331655036/thai-opal-restaurant/,Yes,found_homepage
Tukta Thai,"9625 Plano Rd #500, Dallas, TX 75238",https://tuktathai.com,Yes,(214) 342-0121,,6.0,37.0,32.7496807,-97.413876,Thai restaurant,Food & Restaurant,75203,,,,,,,No,no_contact_found
Ginger Thai Restaurant,"6434 E Mockingbird Ln Ste 111, Dallas, TX 75214",https://gingerthaidallas.com,Yes,(214) 887-6175,,0.0,24.0,32.7496807,-97.413876,Thai restaurant,Food & Restaurant,75203,,,,,https://www.facebook.com/pages/Ginger-Thai-Cuisine/113265778707514,,No,no_contact_found
Best Thai Signature - Dallas (Frankford Rd),"18352 Dallas Pkwy #112, Dallas, TX 75287",https://bestthaidallas.com,Yes,(972) 930-9973,,3.0,61.0,32.7496807,-97.413876,Thai restaurant,Food & Restaurant,75203,bestthai.manager@gmail.com,,,bestthai.manager@gmail.com,https://www.facebook.com/BestThaiAddison,,Yes,found_homepage
WaiWai Kitchen,"4315 Lemmon Ave, Dallas, TX 75219",https://waiwaikitchendallas.com,Yes,(214) 520-8868,,5.0,48.0,32.7496807,-97.413876,Thai restaurant,Food & Restaurant,75203,,,,,,,No,no_contact_found
Banana Leaf Thai Cuisine,"17370 Preston Rd #500, Dallas, TX 75252",https://thaibananaleaf.com,Yes,(972) 713-0123,,42.0,2.0,32.7496807,-97.413876,Thai restaurant,Food & Restaurant,75203,bnldallas@gmail.com,,,bnldallas@gmail.com,https://www.facebook.com/BananaLeafThaiRestaurantDallas/,https://www.instagram.com/bananaleafthaicuisine/,Yes,found_homepage
Moom Muum,"9100 N Central Expy #149, Dallas, TX 75231",https://moommuum.com,Yes,(972) 685-3980,,3.0,49.0,32.7496807,-97.413876,Thai restaurant,Food & Restaurant,75203,scary-valentine@hotmail.com,,,scary-valentine@hotmail.com,https://www.facebook.com/109039265029027,https://www.instagram.com/moommuumdallas,Yes,found_homepage
Real Thai Cuisine,"2230 S Collins St, Arlington, TX 76010",https://realthaicuisinetx.com,Yes,(682) 252-7136,,8.0,46.0,32.7066165,-97.6749142,Thai restaurant,Food & Restaurant,75203,,,,,,,No,no_contact_found
Brya Zan Thai Noodle + Brew,"1909 Preston Rd, Plano, TX 75093",https://bryazan.com,Yes,(469) 498-4099,,2.0,32.0,33.0259097,-97.372925,Thai restaurant,Food & Restaurant,75203,info@bryazan.com,,,info@bryazan.com,https://www.facebook.com/bryazan,https://www.instagram.com/bryazan,Yes,found_subpage
RHAAN Thai Cuisine,"2500 NE Green Oaks Blvd, Arlington, TX 76006",https://rhaanthaicuisinetx.com,Yes,(817) 203-3198,,2.0,49.0,32.7845864,-97.6407458,Thai restaurant,Food & Restaurant,75203,apoo1280@yahoo.com,,,apoo1280@yahoo.com,https://www.facebook.com/rhaanthaicuisine/?locale=ca_ES,,Yes,found_homepage
Black Thai Authentic Cuisine,"1616 W Hebron Pkwy #114, Carrollton, TX 75010",https://blackthaicarrollton.com,Yes,(214) 731-6449,,7.0,60.0,32.7845864,-97.6407458,Thai restaurant,Food & Restaurant,75203,blackthaicarrollton@gmail.com,,,blackthaicarrollton@gmail.com,https://www.facebook.com/370537339481520,https://www.instagram.com/blackthaiauthenticcuisine,Yes,found_homepage
Tei-An,"1722 Routh St Suite110, Dallas, TX 75201",https://tei-an.com,Yes,(214) 220-2828,,0.0,63.0,32.7845864,-97.6407458,Thai restaurant,Food & Restaurant,75203,,,,,,,No,no_contact_found
Holy Khao Lao Thai Cuisine,"2020 W Buckingham Rd, Garland, TX 75042",https://order.tbdine.com,Yes,(972) 388-4606,,0.0,18.0,32.9298519,-97.2349356,Thai restaurant,Food & Restaurant,75203,,,,,,,No,no_contact_found
Bambu Thai,"1930 N Coit Rd #100, Richardson, TX 75080",https://bambuasiancuisine.com,Yes,(972) 480-8880,,4.0,56.0,32.9298519,-97.2349356,Thai restaurant,Food & Restaurant,75203,bambuasiancuisinetx@gmail.com,,,bambuasiancuisinetx@gmail.com,,https://www.instagram.com/bambuthaiisan/,Yes,found_homepage
Too Thai Street EatsCarrollton,"2540 Old Denton Rd #138, Carrollton, TX 75006",https://toothai.com,Yes,(469) 892-6313,,654.0,1.0,32.9298519,-97.2349356,Thai restaurant,Food & Restaurant,75203,toothaimanager12@gmail.com,,,toothaimanager12@gmail.com,,https://www.instagram.com/toothaistreeteats,Yes,found_homepage
Yummy Thai Richardson Best Authentic Thai Food Restaurant TX,"1332 S Plano Rd Suite 670, Richardson, TX 75081",https://richardsonyummythai.com,Yes,(214) 758-0353,,2.0,22.0,32.9298519,-97.2349356,Thai restaurant,Food & Restaurant,75203,,,,,https://www.facebook.com/YummyThaiRichardson,https://www.instagram.com/yummythaitx/,No,no_contact_found
Tande Thai,"5754 Grandscape Blvd Suite 105, The Colony, TX 75056",https://tandethai.com,Yes,(972) 410-2030,,8.0,67.0,32.9298519,-97.2349356,Thai restaurant,Food & Restaurant,75203,hello@tandethai.com,,,hello@tandethai.com,https://www.facebook.com/tandethai,https://www.instagram.com/tandethai/,Yes,found_homepage
Taste of Thai Plano 3205,"3205 Alma Dr # 401, Plano, TX 75075",https://tasteofthaiplano.com,Yes,(469) 786-0202,,8.0,60.0,32.9298519,-97.2349356,Thai restaurant,Food & Restaurant,75203,,,,,,,No,no_contact_found
Tom Yum Thai,"3313 Belt Line Rd, Garland, TX 75044",https://mytomyumthai.com,Yes,(214) 703-0391,,3.0,68.0,32.9298519,-97.2349356,Thai restaurant,Food & Restaurant,75203,,,,,,,No,no_contact_found
Thai Texas,"5736 SW Green Oaks Blvd, Arlington, TX 76017",https://thaitexas.info,Yes,(817) 870-6057,,10.0,1.0,32.6736947,-97.7711911,Thai restaurant,Food & Restaurant,75203,,,,,,,No,no_contact_found
Thai's Thumbz Urban Kitchen Richardson,"3610 Shire Blvd, Richardson, TX 75082",https://thaisthumbz.com,Yes,(972) 423-2444,,316.0,1.0,33.0011062,-97.2612284,Thai restaurant,Food & Restaurant,75203,thaisthumbz@yahoo.com,,,thaisthumbz@yahoo.com,https://www.facebook.com/thaithumbz/,https://www.instagram.com/thaithumbz/,Yes,found_homepage
Taste of Thai,"2535 E Arkansas Ln Suite 319, Arlington, TX 76010",https://tasteofthaifw.com,Yes,(817) 435-1438,,6.0,91.0,32.7067696,-97.6421123,Thai restaurant,Food & Restaurant,75203,swyprm@yahoo.com,,,swyprm@yahoo.com,https://www.facebook.com/tasteofthai95,https://www.instagram.com/tasteofthai_arlington/,Yes,found_homepage
San Korean BBQ,"5609 SMU Boulevard Suite 102, Dallas, TX 75206",https://sankoreanbbq.com,Yes,(214) 484-1673,,7.0,4.0,32.7784343,-96.9721939,Korean BBQ,Food & Restaurant,75203,smu@sankoreanbbq.com,,,smu@sankoreanbbq.com,,,Yes,found_homepage
Gen Korean BBQ House,"5500 Greenville Ave ste 1102, Dallas, TX 75206",https://genkoreanbbq.com,Yes,(210) 742-2926,,7.0,55.0,32.7784343,-96.9721939,Korean BBQ,Food & Restaurant,75203,,,,,https://www.facebook.com/thegenkoreanbbqhouse,https://www.instagram.com/genkoreanbbq,No,no_contact_found
Sura Korean Bistro & All You Can Eat BBQ of Dallas,"2240 Royal Ln #106, Dallas, TX 75229",https://surakoreanbbqdallas.com,Yes,(972) 243-5656,,510.0,1.0,32.8946485,-97.0472342,Korean BBQ,Food & Restaurant,75203,,,,,https://www.facebook.com/surabbqdallas/,https://www.instagram.com/sura_korean_bistro_aycebbq/,No,no_contact_found
WooMeeOk Korean BBQ,"10560 Walnut St #200, Dallas, TX 75243",https://woomeeokdallas.com,Yes,(469) 822-3136,,5.0,95.0,32.9160354,-96.8454172,Korean BBQ,Food & Restaurant,75203,,,,,https://www.facebook.com/people/Woomeeok/61552248527085/,https://www.instagram.com/woomeeok_dallas?igsh=YjM4emN6N2o4Y2U5,No,no_contact_found
Koryo Korean BBQ,"2560 Royal Ln #105, Dallas, TX 75229",https://eatkoryo.com,Yes,(214) 272-7486,,793.0,1.0,32.8954801,-97.0374322,Korean BBQ,Food & Restaurant,75203,koryo@jyhospitality.com,,,koryo@jyhospitality.com,,http://instagram.com/koryobbq,Yes,found_homepage
Burnin92 Korean BBQ & Skewers,"11445 Emerald St #120, Dallas, TX 75229",https://burnin92.com,Yes,(972) 629-9507,,9.0,37.0,32.8954801,-97.0374322,Korean BBQ,Food & Restaurant,75203,,,,,https://www.facebook.com/Burnin92BBQ,https://www.instagram.com/burnin92bbq/,No,no_contact_found
JOA GRILL | Korean BBQ,"2254 Royal Ln, Dallas, TX 75229",https://joagrill.com,Yes,(972) 241-3900,,395.0,1.0,32.8954801,-97.0374322,Korean BBQ,Food & Restaurant,75203,,,,,,,No,no_contact_found
Dal Dong Nae restaurant,"11445 Emerald St, Dallas, TX 75229",https://daldongnae.com,Yes,(972) 484-2994,,2.0,53.0,32.8954801,-97.0374322,Korean BBQ,Food & Restaurant,75203,,,,,,,No,no_contact_found
moonbowls (Healthy Korean Bowls- Commerce St),"921 W Commerce St, Dallas, TX 75208",https://moonbowls.com,Yes,(323) 987-4617,,4.0,13.0,32.7493563,-96.9810445,Korean BBQ,Food & Restaurant,75203,,,,,,https://www.instagram.com/eatmoonbowls/,No,no_contact_found
Sugoi Sushi,"778 Fort Worth Ave Suite G-150, Dallas, TX 75208",https://sugoidallas.com,Yes,(214) 238-7570,,8.0,13.0,32.7479672,-96.9729779,Japanese restaurant,Food & Restaurant,75203,info@sugoidallas.com,,,info@sugoidallas.com,https://www.facebook.com/profile.php?id=61580040249670,https://www.instagram.com/sugoidallas,Yes,found_homepage
Sushi Kozy,"2000 Ross Ave suite 150, Dallas, TX 75201",https://sushikozy.com,Yes,(214) 452-2777,,3.0,12.0,32.7479672,-96.9729779,Japanese restaurant,Food & Restaurant,75203,,,,,,,No,no_contact_found
TEN Sushi + Cocktail Bar,"2301 N Akard St, Dallas, TX 75201",https://tensushicocktail.com,Yes,(945) 205-0222,,6.0,46.0,32.7479672,-96.9729779,Japanese restaurant,Food & Restaurant,75203,,,,,https://www.facebook.com/tensushicocktailbar/,https://www.instagram.com/tensushicocktailbar/?hl=en,No,no_contact_found
Yellowtail Sushi Bar & Steak,"2400 Victory Park Ln, Dallas, TX 75219",https://yellowtailsushivp.com,Yes,(972) 803-6824,,3.0,70.0,32.7479672,-96.9729779,Japanese restaurant,Food & Restaurant,75203,,,,,,,No,no_contact_found
Tatsu Dallas,"3309 Elm St ste 120, Dallas, TX 75226",https://tatsu-dallas.com,Yes,(469) 271-7710,,1.0,20.0,32.7479672,-96.9729779,Japanese restaurant,Food & Restaurant,75203,info@tatsu-dallas.com,press@tatsu-dallas.com,,info@tatsu-dallas.com | press@tatsu-dallas.com,,https://www.instagram.com/tatsu_dallas/,Yes,found_homepage
Tanpopo Japanese kitchen,"921 W Commerce St, Dallas, TX 75208",https://tanpopo.online,Yes,(817) 471-6248,,5.0,4.0,32.7479672,-96.9729779,Japanese restaurant,Food & Restaurant,75203,,,,,,,No,no_contact_found
Domodomo K,"2681 Howell St BU3, Dallas, TX 75201",https://domodomorestaurant.com,Yes,(214) 238-0603,,2.0,37.0,32.7479672,-96.9729779,Japanese restaurant,Food & Restaurant,75203,,,,,,,No,no_contact_found
Sushi Sakana Uptown Dallas,"2811 McKinney Ave 28 (1st floor, Dallas, TX 75204",https://sushisakana.com,Yes,(469) 620-2100,,4.0,23.0,32.7479672,-96.9729779,Japanese restaurant,Food & Restaurant,75203,,,,,https://www.facebook.com/sushisakanaplano/,https://www.instagram.com/sushisakanaplano/,No,no_contact_found
Sushi by Scratch Restaurants: Dallas,"Inside of The Adolphus Hotel, 1321 Commerce St, Dallas, TX 75202",https://sushibyscratchrestaurants.com,Yes,(214) 272-2759,,3.0,12.0,32.7479672,-96.9729779,Japanese restaurant,Food & Restaurant,75203,info@scratchrestaurants.com,,,info@scratchrestaurants.com,,https://www.instagram.com/sushibyscratchrestaurants/?hl=en,Yes,found_homepage
Uchib Dallas,"2817 Maple Ave Floor 2, Dallas, TX 75201",https://uchiba.uchirestaurants.com,Yes,(214) 855-5454,,2.0,62.0,32.7479672,-96.9729779,Japanese restaurant,Food & Restaurant,75203,,,,,,,No,no_contact_found
Uchi Dallas,"2817 Maple Ave, Dallas, TX 75201",https://uchi.uchirestaurants.com,Yes,(214) 855-5454,,711.0,2.0,32.7479672,-96.9729779,Japanese restaurant,Food & Restaurant,75203,,,,,,,No,no_contact_found
Sushi | Bar Dallas,"2111 Jackson St, Dallas, TX 75201",https://sushibarhospitality.com,Yes,(214) 420-8532,,2.0,10.0,32.7479672,-96.9729779,Japanese restaurant,Food & Restaurant,75203,info@sushibarhospitality.com,rstock@sushibarhospitality.com,,info@sushibarhospitality.com | rstock@sushibarhospitality.com,https://www.facebook.com/sushibarhospitality,https://www.instagram.com/sushibarrestaurants,Yes,found_homepage
KAWA OMAKASE HANDROLL BAR,"5940 Royal Ln, Dallas, TX 75230",https://kawakase.com,Yes,(214) 434-1318,,3.0,46.0,32.8944415,-96.9496532,Japanese restaurant,Food & Restaurant,75203,,,,,,,No,no_contact_found
WAYA Japanese Izakaya,"6334 Gaston Ave, Dallas, TX 75214",https://wayadallas.com,Yes,(972) 982-2103,,3.0,1.0,32.8131133,-96.8976462,Japanese restaurant,Food & Restaurant,75203,contact@wayadallas.com,,,contact@wayadallas.com,,https://www.instagram.com/waya_dallas/,Yes,found_homepage
Anchor Sushi Bar,"3130 Knox St, Dallas, TX 75205",https://anchorsushi.com,Yes,(214) 432-0853,,0.0,91.0,32.8131133,-96.8976462,Japanese restaurant,Food & Restaurant,75203,knox@anchorsushi.com,,,knox@anchorsushi.com,https://www.facebook.com/anchorsushibar,https://www.instagram.com/theanchorsushibar/,Yes,found_subpage
Takumi Hachi (Japanese Dining Experience),"5312 Belt Line Rd, Dallas, TX 75254",https://hachi.takefiveusa.com,Yes,(214) 242-8900,,0.0,6.0,32.9534914,-96.9602237,Japanese restaurant,Food & Restaurant,75203,,,,,https://www.facebook.com/profile.php?id=100054591003208,https://www.instagram.com/izakaya.hachi/,No,no_contact_found
Pearl Sushi,"4640 McKinney Ave #130, Dallas, TX 75205",https://pearlrestaurants.com,Yes,(469) 453-0033,,2.0,24.0,32.7776922,-96.9342345,Japanese restaurant,Food & Restaurant,75203,,,,,,,No,no_contact_found
Namo,"3699 McKinney Ave #305, Dallas, TX 75204",https://namosushi.com,Yes,(214) 484-5151,,5.0,58.0,32.7776922,-96.9342345,Japanese restaurant,Food & Restaurant,75203,info@namosushi.com,media@lesliebrennerconcepts.com,,info@namosushi.com | media@lesliebrennerconcepts.com,,https://www.instagram.com/namo/?hl=en,Yes,found_homepage
Oishii Sushi & Pan-Asian Dallas - Wycliff Ave,"2525 Wycliff Ave #110, Dallas, TX 75219",https://oishiirestaurants.com,Yes,(214) 599-9448,,787.0,1.0,32.7776922,-96.9342345,Japanese restaurant,Food & Restaurant,75203,,,,,https://www.facebook.com/oishiisushidallas/,https://www.instagram.com/oishiidallas,No,no_contact_found
Kessaku,"205 N Akard St, Dallas, TX 75201, 50th Floor, 1401 Elm St 50th Floor, Dallas, TX 75202",https://kessakurestaurants.com,Yes,(214) 239-9999,,2.0,31.0,32.7776922,-96.9342345,Japanese restaurant,Food & Restaurant,75203,,,,,https://www.facebook.com/Kessaku-114316244026914,https://www.instagram.com/kessaku/,No,no_contact_found
Blue Sushi Sake Grill,"3220 McKinney Ave STE 100, Dallas, TX 75204",https://bluesushisakegrill.com,Yes,(469) 673-2583,,800.0,1.0,32.7776922,-96.9342345,Japanese restaurant,Food & Restaurant,75203,,,,,https://www.facebook.com/bluesushisakegrillrivernorth,https://www.instagram.com/bluesushisakegrill/,No,no_contact_found
TEN Ramen,"1888 Sylvan Ave #F100, Dallas, TX 75208",https://tenramenhp.com,Yes,(972) 803-4400,,642.0,1.0,32.7776922,-96.9342345,Japanese restaurant,Food & Restaurant,75203,,,,,,https://www.instagram.com/tenramen/,No,no_contact_found
JingHe Japanese Restaurant,"5321 E Mockingbird Ln #105, Dallas, TX 75206",https://jingherestaurant.com,Yes,(214) 377-7548,,5.0,77.0,32.7776922,-96.9342345,Japanese restaurant,Food & Restaurant,75203,jinghemockingbird@gmail.com,jinghejapanese@gmail.com,,jinghemockingbird@gmail.com | jinghejapanese@gmail.com,,https://www.instagram.com/wix,Yes,found_homepage
Nori Handroll Bar & Sushi,"2814 Elm St, Dallas, TX 75226",https://norihandrollbar.com,Yes,(469) 436-6674,,2.0,51.0,32.7776922,-96.9342345,Japanese restaurant,Food & Restaurant,75203,,,,,https://facebook.com/norihandrollbar,https://instagram.com/norihandrollbar,No,no_contact_found
Hibiki Sushi,"2651 Commerce St #120, Dallas, TX 75226",https://facebook.com,Yes,(469) 248-0516,,1.0,80.0,32.7776922,-96.9342345,Japanese restaurant,Food & Restaurant,75203,,,,,,,No,no_contact_found
Picazo Sushi & Poke,"4711 Maple Ave, Dallas, TX 75219",https://picazosushipokecatering.com,Yes,(972) 598-0396,,5.0,14.0,32.7776922,-96.9342345,Japanese restaurant,Food & Restaurant,75203,,,,,https://www.facebook.com/profile.php?id=61569944667126&mibextid=LQQJ4d&rdid=IVyQrkEGPzXBQ2jU&share_url=https%3A%2F%2Fwww.facebook.com%2Fshare%2F14kh9W5a4wv%2F%3Fmibextid%3DLQQJ4d#,,No,no_contact_found
Blue Sushi Sake Grill,"7859 Walnut Hill Ln STE 180, Dallas, TX 75230",https://bluesushisakegrill.com,Yes,(972) 677-7887,,681.0,1.0,32.8813467,-96.9171123,Japanese restaurant,Food & Restaurant,75203,,,,,https://www.facebook.com/bluesushisakegrillrivernorth,https://www.instagram.com/bluesushisakegrill/,No,no_contact_found
Sasa Sushi,"6340 Gaston Ave, Dallas, TX 75214",https://sasasushitx.com,Yes,(214) 484-7420,,128.0,1.0,32.8813467,-96.9171123,Japanese restaurant,Food & Restaurant,75203,,,,,,,No,no_contact_found
Yujo,"12835 Preston Rd suite 216, Dallas, TX 75230",https://yujomakase.com,Yes,(214) 238-6716,,6.0,22.0,32.8813467,-96.9171123,Japanese restaurant,Food & Restaurant,75203,,,,,https://www.facebook.com/yujomakase/,https://www.instagram.com/yujomakase/,No,no_contact_found
Tei Tei Robata Bar,"2906 N Henderson Ave, Dallas, TX 75206",https://teiteirobata.com,Yes,(214) 828-2400,,3.0,43.0,32.8813467,-96.9171123,Japanese restaurant,Food & Restaurant,75203,,,,,http://www.facebook.com/teiteirobata,http://instagram.com/teiteirobatabar,No,no_contact_found
The Anchor Restaurant and Grill,"6025 Royal Ln, Dallas, TX 75230",https://anchorsushi.com,Yes,(972) 362-2150,,6.0,31.0,32.8813467,-96.9171123,Japanese restaurant,Food & Restaurant,75203,knox@anchorsushi.com,,,knox@anchorsushi.com,https://www.facebook.com/anchorsushibar,https://www.instagram.com/theanchorsushibar/,Yes,found_subpage
Oishii Sushi & Pan-Asian Dallas - Preston Hollow,"11700 Preston Rd Suite 650, Dallas, TX 75230",https://oishiirestaurants.com,Yes,(214) 272-8485,,5.0,19.0,32.8813467,-96.9171123,Japanese restaurant,Food & Restaurant,75203,,,,,https://www.facebook.com/oishiisushidallas/,https://www.instagram.com/oishiidallas,No,no_contact_found
Wabi House,"1802 Greenville Ave Until 100, Dallas, TX 75206",https://wabihousetx.com,Yes,(469) 949-5121,,492.0,2.0,32.8813467,-96.9171123,Japanese restaurant,Food & Restaurant,75203,,,,,,,No,no_contact_found
Shinsei Restaurant,"7713 Inwood Rd, Dallas, TX 75209",https://shinseirestaurant.com,Yes,(214) 352-0005,,1.0,57.0,32.8813467,-96.9171123,Japanese restaurant,Food & Restaurant,75203,,,,,https://www.facebook.com/ShinseiRestaurant,https://instagram.com/shinseirestaurant/,No,no_contact_found
Ichigoh Ramen Lounge,"2724 Commerce St, Dallas, TX 75226",https://ichigohramen.com,Yes,(972) 707-0732,,5.0,80.0,32.8813467,-96.9171123,Japanese restaurant,Food & Restaurant,75203,,,,,,https://www.instagram.com/ichigohramen/,No,no_contact_found
Japan House,"1820 Market Pl Blvd, Irving, TX 75063",https://japanhouseusa.com,Yes,(972) 685-5118,,345.0,1.0,32.919399,-97.1158203,Japanese restaurant,Food & Restaurant,75203,,,,,,,No,no_contact_found
Kaze | Japanese Restaurant,"7525 Greenville Ave, Dallas, TX 75231",https://kazedallas.com,Yes,(214) 200-3219,,405.0,1.0,32.8847515,-96.9033507,Japanese restaurant,Food & Restaurant,75203,,,,,,,No,no_contact_found
JINYA Ramen Bar - Victory Park,"625 High Market St Suite 185, Dallas, TX 75219",https://jinyaramenbar.com,Yes,(469) 248-0150,,942.0,2.0,32.8847515,-96.9033507,Japanese restaurant,Food & Restaurant,75203,,,,,https://www.facebook.com/JinyaRamenBar/,https://www.instagram.com/jinyaramenbar/,No,no_contact_found
"With Love, Sushi","921 W Commerce St K12, Dallas, TX 75208",https://withlovesushi.com,Yes,,,7.0,1.0,32.7734831,-96.9813892,Japanese restaurant,Food & Restaurant,75203,,,,,,,No,no_contact_found
Sushi Kyoto,"6429 Hillcrest Ave, Dallas, TX 75205",https://sushikyotodallas.com,Yes,(214) 506-8981,,4.0,38.0,32.7734831,-96.9813892,Japanese restaurant,Food & Restaurant,75203,sushikyoto.lee@gmail.com,,,sushikyoto.lee@gmail.com,https://www.facebook.com/people/Sushi-Kyoto/100094864553870/,,Yes,found_homepage
Yama Izakaya & Sushi,"8989 Forest Ln #112, Dallas, TX 75243",https://yamadallas.com,Yes,(972) 234-3474,,469.0,1.0,32.9101805,-96.8939471,Japanese restaurant,Food & Restaurant,75203,,,,,,,No,no_contact_found
Little Katana Las Colinas,"6420 N MacArthur Blvd #140, Irving, TX 75039",https://lklascolinas.com,Yes,(972) 362-0888,,418.0,1.0,32.8963973,-97.1019098,Japanese restaurant,Food & Restaurant,75203,,,,,https://www.facebook.com/littlekatanalascolinas,https://www.instagram.com/little_katana_lascolinas/,No,no_contact_found
Sushi Mock,"5321 E Mockingbird Ln #130, Dallas, TX 75206",https://sushimocki.com,Yes,(469) 677-7219,,1.0,18.0,32.8380989,-96.9196266,Japanese restaurant,Food & Restaurant,75203,sushimocki@gmail.com,,,sushimocki@gmail.com,,,Yes,found_homepage
Takumi Sushi,"14060 Dallas Pkwy Suite B, Dallas, TX 75240",https://takumispringvalley.com,Yes,(214) 258-5540,,0.0,68.0,32.9391231,-96.9650629,Japanese restaurant,Food & Restaurant,75203,,,,,https://www.facebook.com/profile.php?id=61558463400285&paipv=0&eav=AfaXXScBBrcgeRH2CFkqauJSgGIpFR_K55IKTvx0RMWoALhOWuIW6to5m1ilbXnU8z8,,No,no_contact_found
Little Katana,"4525 Cole Ave #160, Dallas, TX 75205",https://lkuptown.com,Yes,(214) 443-9600,,2.0,48.0,32.8225187,-96.9339093,Japanese restaurant,Food & Restaurant,75203,,,,,,,No,no_contact_found
Tokyo Hana,"9900 Lakeview Pkwy, Rowlett, TX 75088",https://tokyohanarowlett.com,Yes,(972) 412-0303,,3.0,95.0,32.9209241,-96.6501302,Japanese restaurant,Food & Restaurant,75203,tokyohanarowlett@gmail.com,,,tokyohanarowlett@gmail.com,,,Yes,found_homepage
Yogi's Sushi Bar,"9440 Garland Rd #130, Dallas, TX 75218",https://yogissushi.com,Yes,(469) 343-0135,,2.0,33.0,32.8327243,-96.8466346,Japanese restaurant,Food & Restaurant,75203,admin@yogissushi.com,,,admin@yogissushi.com,https://www.facebook.com/Yogis-Sushi-Sports-105045085085827/,https://www.instagram.com/yogissushibardallas/,Yes,found_homepage
Nikko Southlake Restaurant,"1420 E Southlake Blvd, Southlake, TX 76092",https://nikkosouthlake.com,Yes,(469) 369-1839,,258.0,1.0,32.9414399,-97.2742907,Japanese restaurant,Food & Restaurant,75203,info@nikkosouthlake.com,,,info@nikkosouthlake.com,,https://www.instagram.com/nikko_southlake/,Yes,found_homepage
Sushi Axiom,"3211 Oak Lawn Ave C, Dallas, TX 75219",https://axiomdallas.com,Yes,(214) 828-2288,,271.0,1.0,32.8103179,-96.9525294,Japanese restaurant,Food & Restaurant,75203,axiomdallas@gmail.com,,,axiomdallas@gmail.com,http://www.facebook.com/sushiaxiomdallas,https://instagram.com/sushiaxiomdallas,Yes,found_homepage
Mr Max Izakaya Restaurant,"3028 N Belt Line Rd, Irving, TX 75062",https://mrmaxtx.com,Yes,(972) 255-8889,,573.0,1.0,32.848315,-97.1357196,Japanese restaurant,Food & Restaurant,75203,,,,,https://www.facebook.com/mrmaxizakayarestaurant,https://www.instagram.com/mrmax_izakaya/,No,no_contact_found
Hungry Belly,"2818 N Fitzhugh Ave, Dallas, TX 75204",https://hungrybellydallas.com,Yes,(214) 258-5859,,9.0,78.0,32.8154783,-96.9312877,Japanese restaurant,Food & Restaurant,75203,,,,,,https://www.instagram.com/hungrybellydallas,No,no_contact_found
Genkis Sushi,"921 W Commerce St Suite K17, Dallas, TX 75208",https://genkissushi.com,Yes,(682) 688-3666,,4.0,4.0,32.8154783,-96.9312877,Japanese restaurant,Food & Restaurant,75203,,,,,https://www.facebook.com/genkissushi,https://www.instagram.com/genkis.sushi/,No,no_contact_found
Osa Izakaya ( Japanese cuisine),"9711 Plano Rd, Dallas, TX 75238",https://osaizakaya.com,Yes,(214) 506-0765,,6.0,43.0,32.8796477,-96.8456207,Japanese restaurant,Food & Restaurant,75203,,,,,,,No,no_contact_found
"Oishii Sushi & Pan-Asian, Dallas - SMU Blvd","5627 SMU Boulevard, Dallas, TX 75206",https://oishiirestaurants.com,Yes,(972) 863-8863,,9.0,50.0,32.8422214,-96.9159247,Japanese restaurant,Food & Restaurant,75203,,,,,https://www.facebook.com/oishiisushidallas/,https://www.instagram.com/oishiidallas,No,no_contact_found
Ichiro Sapporo Ramen,"2555 Inwood Rd #139, Dallas, TX 75235",https://ichiroramendallas.com,Yes,(469) 242-0094,,646.0,1.0,32.8422214,-96.9159247,Japanese restaurant,Food & Restaurant,75203,sapporo.inwood@gmail.com,,,sapporo.inwood@gmail.com,https://www.facebook.com/IchiroRamenShop/,,Yes,found_homepage
Ai Sushi,"4123 Cedar Springs Rd #102, Dallas, TX 75219",https://aisushibar.com,Yes,(214) 468-4587,,4.0,41.0,32.8422214,-96.9159247,Japanese restaurant,Food & Restaurant,75203,,,,,,https://www.instagram.com/aisushi_uptown_dallas,No,no_contact_found
MBO,"6109B Berkshire Ln, Dallas, TX 75225",https://instagram.com,Yes,,,2.0,6.0,32.8422214,-96.9159247,Japanese restaurant,Food & Restaurant,75203,,,,,https://developers.facebook.com/docs/instagram,https://about.instagram.com/,No,no_contact_found
FireXBox Sushi and Hibachi,"9918 Plano Rd, Dallas, TX 75238",https://firexboxdallas.com,Yes,(214) 503-8888,,5.0,98.0,32.8422214,-96.9159247,Japanese restaurant,Food & Restaurant,75203,,,,,,,No,no_contact_found
Mr. Sushi,"4860 Belt Line Rd, Dallas, TX 75254",https://mrsushidallas.com,Yes,(972) 385-0168,,3.0,94.0,32.9531853,-96.9732257,Japanese restaurant,Food & Restaurant,75203,,,,,,,No,no_contact_found
Oni Ramen,"2822 Elm St, Dallas, TX 75226",https://oniramen.com,Yes,,,15.0,2.0,32.7845797,-96.9269128,Japanese restaurant,Food & Restaurant,75203,oniramende@gmail.com,,,oniramende@gmail.com,https://www.facebook.com/oniramen,https://www.instagram.com/oniramenofc/,Yes,found_homepage
ZENSHI Handcrafted Sushi,"315 S Hampton Rd, Dallas, TX 75208",https://zenshisushi.com,Yes,(214) 331-0160,,,,32.7429142,-97.0013977,sushi restaurant,Food & Restaurant,75203,info@zenshisushi.com,,,info@zenshisushi.com,https://www.facebook.com/zenshisushi,https://www.instagram.com/zenshisushi,Yes,found_homepage
Shoyo,"1916 Greenville Ave, Dallas, TX 75206",https://shoyodallas.com,Yes,,,0.0,23.0,32.8133903,-96.9142278,sushi restaurant,Food & Restaurant,75203,,,,,,https://www.instagram.com/shoyodallas/?hl=en,No,no_contact_found
Norman's Japanese Grill,"4002 Oak Lawn Ave, Dallas, TX 75219",https://normansjapanese.com,Yes,(469) 960-6544,,0.0,15.0,32.7734812,-96.981386,sushi restaurant,Food & Restaurant,75203,info@durohospitality.com,,,info@durohospitality.com,https://www.facebook.com/people/Normans-Japanese-Grill/61578963421845/,https://scontent-lax3-1.cdninstagram.com/v/t51.82787-15/641739783_17888726730441494_2337581393805424007_n.jpg?stp=dst-jpg_e35_tt6&_nc_cat=104&ccb=7-5&_nc_sid=18de74&efg=eyJlZmdfdGFnIjoiQ0FST1VTRUxfSVRFTS5iZXN0X2ltYWdlX3VybGdlbi5DMyJ9&_nc_ohc=Yoe9qHptYq0Q7kNvwGPozro&_nc_oc=AdrVCxDeJyqDo8HMBqzsCdWWceiJJYAi1qWyhd1BIyVOejymXLsnPl00N-K03zRHlsM&_nc_zt=23&_nc_ht=scontent-lax3-1.cdninstagram.com&edm=ANo9K5cEAAAA&_nc_gid=zyFmwPQ4F2dvTWDPquJ7Gw&_nc_tpa=Q5bMBQH584MxmU2q4BfO4YxqAIHPzVHeCp8Ug5vsHHYDN9eS3F9azyEWp_akwsmKOJVK0j2Z3AWb3IxzKQ&oh=00_Af2aMUtx5wybMB4IQ8C3XuqzVe3AEPGod3TSEY6FSk9v-g&oe=69E8F79E,Yes,found_homepage
Sushi House,"5619 W Lovers Ln, Dallas, TX 75209",https://sushihousedallas.com,Yes,(214) 350-2100,,9.0,30.0,32.8380989,-96.9196266,sushi restaurant,Food & Restaurant,75203,jiinhkim@gmail.com,,,jiinhkim@gmail.com,,,Yes,found_homepage
POKE SUSHI ROLL,"5706 E Mockingbird Ln #110, Dallas, TX 75206",https://pokesushiroll.com,Yes,(972) 280-7546,,8.0,39.0,32.8380989,-96.9196266,sushi restaurant,Food & Restaurant,75203,,,,,https://www.facebook.com/pokesushiroll,https://www.instagram.com/pokesushiroll,No,no_contact_found
Sushi Box,"6757 Arapaho Rd #709, Dallas, TX 75248",https://sushiboxdallas.menu11.com,Yes,(972) 707-7267,,9.0,37.0,32.962942,-96.9347106,sushi restaurant,Food & Restaurant,75203,,,,,,,No,no_contact_found
K-Pop Ramen Dallas,"5150 Lemmon Ave #104, Dallas, TX 75209",https://order.toasttab.com,Yes,(972) 685-3033,,564.0,4.0,32.7696037,-96.9796926,ramen restaurant,Food & Restaurant,75203,,,,,,,No,no_contact_found
HINODEYA Ramen & Bar Greenville,"2023 Greenville Ave Suite 130, Dallas, TX 75206",https://hinodeyaramen.com,Yes,(972) 685-4117,,882.0,1.0,32.7696037,-96.9796926,ramen restaurant,Food & Restaurant,75203,,,,,,,No,no_contact_found
JINYA Ramen Bar - Preston Hollow,"7949 Walnut Hill Ln #160, Dallas, TX 75230",https://jinyaramenbar.com,Yes,(214) 272-7578,,567.0,2.0,32.822341,-96.9800868,ramen restaurant,Food & Restaurant,75203,,,,,https://www.facebook.com/JinyaRamenBar/,https://www.instagram.com/jinyaramenbar/,No,no_contact_found
Casa Ramen Dallas,"9440 Garland Rd Suite 108, Dallas, TX 75218",https://casaramendallas.com,Yes,(469) 200-6697,,0.0,26.0,32.8328481,-96.8470051,ramen restaurant,Food & Restaurant,75203,casaramendallas@gmail.com,,,casaramendallas@gmail.com,https://www.facebook.com/casaramendallas/,https://www.instagram.com/casaramendallas/,Yes,found_homepage
Alara - Modern Mediterranean,"1628 Oak Lawn Ave #120, Dallas, TX 75207",https://alaradtx.com,Yes,(214) 238-0737,,0.0,3.0,32.750471,-97.1129054,Mediterranean restaurant,Food & Restaurant,75203,team@alaradtx.com,,,team@alaradtx.com,,https://www.instagram.com/alaradtx,Yes,found_homepage
Chefika,"7859 Walnut Hill Ln Ste 170, Dallas, TX 75230",https://chefikadallas.com,Yes,(214) 758-0155,,4.0,59.0,32.750471,-97.1129054,Mediterranean restaurant,Food & Restaurant,75203,,,,,,https://www.instagram.com/chefikadallas/,No,no_contact_found
CAVA,"1919 McKinney Ave, Dallas, TX 75201",https://cava.com,Yes,(214) 281-8668,,670.0,1.0,32.750471,-97.1129054,Mediterranean restaurant,Food & Restaurant,75203,,,,,,,No,no_contact_found
Baboush,"3636 McKinney Ave #160, Dallas, TX 75204",https://baboushdallas.com,Yes,(214) 599-0707,,330.0,1.0,32.750471,-97.1129054,Mediterranean restaurant,Food & Restaurant,75203,,,,,,,No,no_contact_found
Cafe Izmir Mediterranean Tapas,"3711 Greenville Ave, Dallas, TX 75206",https://cafeizmir.com,Yes,(214) 826-7788,,9.0,61.0,32.750471,-97.1129054,Mediterranean restaurant,Food & Restaurant,75203,,,,,https://www.facebook.com/cafeizmirgreenville,https://www.instagram.com/cafeizmirgreenville/,No,no_contact_found
XENiA Mediterranean Kitchen,"921 W Commerce St, Dallas, TX 75208",https://eatxenia.com,Yes,(323) 973-2353,,6.0,3.0,32.750471,-97.1129054,Mediterranean restaurant,Food & Restaurant,75203,hello@eatxenia.com,,,hello@eatxenia.com,http://facebook.com/eatxenia,http://instagram.com/eatxenia,Yes,found_homepage
Fusion Mediterranean Grill & Bar,"12835 Preston Rd #220, Dallas, TX 75230",https://fusiongrillandbar.com,Yes,(469) 215-5952,,0.0,92.0,32.750471,-97.1129054,Mediterranean restaurant,Food & Restaurant,75203,fusiondallastx@gmail.com,,,fusiondallastx@gmail.com,https://www.facebook.com/,https://www.instagram.com/fusiondallastxx,Yes,found_homepage
Baboushi,"the exchange food hall, 211 S Akard St, Dallas, TX 75202",https://baboushi.com,Yes,(214) 436-5450,,7.0,14.0,32.750471,-97.1129054,Mediterranean restaurant,Food & Restaurant,75203,info@baboushi.com,,,info@baboushi.com,https://www.facebook.com/baboushdallas/photos_by,https://www.instagram.com/baboushdallas/,Yes,found_subpage
Selda Mediterranean,"6006 Belt Line Rd, Dallas, TX 75254",https://seldadallas.com,Yes,(972) 662-8847,,11.0,2.0,32.9535348,-97.0912859,Mediterranean restaurant,Food & Restaurant,75203,,,,,,,No,no_contact_found
Zatar Lebanese Tapas & Bar,"2825 Commerce St, Dallas, TX 75226",https://zatardallas.com,Yes,(972) 863-7100,,3.0,92.0,32.9535348,-97.0912859,Mediterranean restaurant,Food & Restaurant,75203,reservations@zatardallas.com,,,reservations@zatardallas.com,http://www.facebook.com/zatardallas,http://instagram.com/zatardallas,Yes,found_homepage
Open Sesame Lebanese Grill,"2615 Oak Lawn Ave, Dallas, TX 75219",https://opensesameuptown.com,Yes,(469) 726-2825,,348.0,1.0,32.9535348,-97.0912859,Mediterranean restaurant,Food & Restaurant,75203,mokamal18@gmail.com,,,mokamal18@gmail.com,https://www.facebook.com/opensesamedallas,https://www.instagram.com/opensesamelebanesegrill/,Yes,found_homepage
Saaya,"2511 Swiss Ave STE 110, Dallas, TX 75204",https://saayadallas.com,Yes,(469) 480-6254,,799.0,1.0,32.9535348,-97.0912859,Mediterranean restaurant,Food & Restaurant,75203,info@saayadallas.com,,,info@saayadallas.com,https://www.facebook.com/saayalounge,https://www.instagram.com/saayalounge/,Yes,found_subpage
Sara's Mediterranean dallas,"2625 W Jefferson Blvd, Dallas, TX 75211",https://sarasmediterraneandallas.com,Yes,(469) 655-2356,,,,32.9535348,-97.0912859,Mediterranean restaurant,Food & Restaurant,75203,,,,,,,No,no_contact_found
Ephesus Mediterranean Grill,"10455 N Central Expy #118, Dallas, TX 75230",https://ephesusmediterraneangrilldallas.com,Yes,(972) 302-9766,,2.0,86.0,32.9535348,-97.0912859,Mediterranean restaurant,Food & Restaurant,75203,ephesusdallas@gmail.com,,,ephesusdallas@gmail.com,https://www.facebook.com/EphesusDallas/,https://www.instagram.com/ephesusdallas/,Yes,found_homepage
Taziki's Mediterranean Cafe - Old Town,"5500 Greenville Ave Unit #507, Dallas, TX 75206",https://tazikis.com,Yes,(214) 390-5458,,2.0,17.0,32.9535348,-97.0912859,Mediterranean restaurant,Food & Restaurant,75203,,,,,https://www.facebook.com/TazikisMedCafe,https://www.instagram.com/tazikis/,No,no_contact_found
AJ Greek & Gyro,"2231 W Ledbetter Dr #260, Dallas, TX 75224",https://orderajgreekandgyro.com,Yes,(972) 707-0688,,3.0,67.0,32.6920886,-97.1435659,Mediterranean restaurant,Food & Restaurant,75203,,,,,https://web.facebook.com/people/AJ-Greek-Gyro/61565929935169,https://www.instagram.com/explore/locations/122893375771118/aj-greek-gyro/,No,no_contact_found
Villa Azur,"2440 Victory Park Ln, Dallas, TX 75219",https://villaazurdallas.com,Yes,(214) 397-4176,,7.0,27.0,32.6920886,-97.1435659,Mediterranean restaurant,Food & Restaurant,75203,,,,,https://www.facebook.com/villaazurhospitality,https://www.instagram.com/villaazurmiamibeach/,No,no_contact_found
Sachet,"4270 Oak Lawn Ave, Dallas, TX 75219",https://sachetdallas.com,Yes,(214) 613-6425,,1.0,56.0,32.6920886,-97.1435659,Mediterranean restaurant,Food & Restaurant,75203,,,,,,,No,no_contact_found
The Devonshire Club,"5757 W Lovers Ln suite 101, Dallas, TX 75209",https://thedevonshireclub.com,Yes,(214) 758-0025,,3.0,15.0,32.6920886,-97.1435659,Mediterranean restaurant,Food & Restaurant,75203,,,,,,https://www.instagram.com/thedevonshireclub/,No,no_contact_found
Ziziki's,"4514 Travis St UNIT 122, Dallas, TX 75205",https://zizikis.com,Yes,(214) 521-2233,,1.0,78.0,32.6920886,-97.1435659,Mediterranean restaurant,Food & Restaurant,75203,,,,,,,No,no_contact_found
Wava Halal Grill,"600 N Pearl St STE G103, Dallas, TX 75201",https://wavahalalgrill.com,Yes,(469) 348-4409,,,,32.6920886,-97.1435659,Mediterranean restaurant,Food & Restaurant,75203,info@wavagrill.com,,,info@wavagrill.com,,https://www.instagram.com/wavahalalgrillTX/,Yes,found_homepage
Fadi's Mediterranean Grill,"3001 Knox St #110, Dallas, TX 75205",https://fadiscuisine.com,Yes,(214) 528-1800,,199.0,2.0,32.6920886,-97.1435659,Mediterranean restaurant,Food & Restaurant,75203,booking@domainname.com,,,booking@domainname.com,https://www.facebook.com/theartinstituteofhouston/posts/pfbid075Bo8d5zFuVSxeofprXzbd1ftaudP2VDkKG8AcPCUBCSSj1AWS5AHDsqpWki4FJvl,https://www.instagram.com/reel/C-_JLhdJ_Nl/?utm_source=ig_embed&utm_campaign=loading,Yes,found_subpage
Food From Galilee,"6710 Snider Plaza, Dallas, TX 75205",https://foodfromgalilee.com,Yes,(214) 750-0330,,5.0,41.0,32.6920886,-97.1435659,Mediterranean restaurant,Food & Restaurant,75203,,,,,,,No,no_contact_found
Toasty Pita,"1700 Pacific Ave C-103, Dallas, TX 75201",https://toastypita.com,Yes,(214) 220-1114,,5.0,1.0,32.6920886,-97.1435659,Mediterranean restaurant,Food & Restaurant,75203,comments@toastypita.com,,,comments@toastypita.com,https://www.facebook.com/,,Yes,found_homepage
Ardy's Mediterranean Fusion,"15615 Quorum Dr, Addison, TX 75001",https://ardysgrill.com,Yes,(972) 982-2734,,350.0,1.0,32.9618248,-97.1145201,Mediterranean restaurant,Food & Restaurant,75203,filler@godaddy.com,,,filler@godaddy.com,https://www.facebook.com/105776350902963,https://www.instagram.com/ardys_grill,Yes,found_homepage
Kostas Cafe,"4914 Greenville Ave, Dallas, TX 75206",https://kostascafe.com,Yes,(469) 505-1957,,3.0,62.0,32.9618248,-97.1145201,Mediterranean restaurant,Food & Restaurant,75203,,,,,,,No,no_contact_found
Miznon,"2639 Main St, Dallas, TX 75226",https://miznousa.com,Yes,,,4.0,14.0,32.7492691,-97.1157879,Mediterranean restaurant,Food & Restaurant,75203,,,,,,,No,no_contact_found
Luna Grill Dallas Gaston,"3921 Gaston Ave, Dallas, TX 75204",https://lunagrill.com,Yes,(972) 807-5863,,,,32.7492691,-97.1157879,Mediterranean restaurant,Food & Restaurant,75203,rewards@lunagrill.com,,,rewards@lunagrill.com,https://www.facebook.com/LunaGrill/,https://www.instagram.com/lunagrill/,Yes,found_subpage
Old Damascus Mediterranean Restaurant,"1310 W Campbell Rd #108, Richardson, TX 75080",https://olddamascus.cloveronline.com,Yes,(214) 242-9700,,6.0,78.0,32.9791183,-97.0530664,Middle Eastern restaurant,Food & Restaurant,75203,,,,,,,No,no_contact_found
Gyro Rice and Spice,"7722 Forest Ln, Dallas, TX 75230",https://gyroriceandspice.com,Yes,(214) 272-3882,,0.0,23.0,32.7492691,-97.1157879,Middle Eastern restaurant,Food & Restaurant,75203,,,,,,,No,no_contact_found
Darna Mediterranean Eatery,"7700 Windrose Ave., Plano, TX 75024",https://darnaeatery.com,Yes,(469) 825-4110,,925.0,1.0,33.0819552,-97.1143488,Middle Eastern restaurant,Food & Restaurant,75203,events@yelaconcepts.com,,,events@yelaconcepts.com,https://www.facebook.com/darnaeatery,https://www.instagram.com/darnaeatery/,Yes,found_homepage
Gilgamesh Restaurant&Bakery,"300 Terrace Dr #301, Richardson, TX 75081",https://gilgameshdallas.com,Yes,(469) 206-7138,,638.0,1.0,33.0819552,-97.1143488,Middle Eastern restaurant,Food & Restaurant,75203,,,,,https://www.facebook.com/p/Gilgamesh-Restaurant-100077440602784/,https://www.instagram.com/gilgameshrestaurantdallas/,No,no_contact_found
Selda Gyro Doner,"101 S Coit Rd suite 1, Richardson, TX 75080",https://seldadallas.com,Yes,(858) 247-2694,,3.0,52.0,33.0819552,-97.1143488,Middle Eastern restaurant,Food & Restaurant,75203,,,,,,,No,no_contact_found
Healthy Bowls By Furough Brothers,"Inside Packin Bowls Restaurant, 1868 Sylvan Ave, Dallas, TX 75208",https://orderfurloughbrothers.com,Yes,(281) 606-5477,,,,32.7734812,-97.1255815,Middle Eastern restaurant,Food & Restaurant,75203,,,,,,,No,no_contact_found
Afrah Mediterranean Restaurant,"318 E Main St, Richardson, TX 75081",https://afrah.com,Yes,(972) 234-9898,,260.0,5.0,32.7734812,-97.1255815,Middle Eastern restaurant,Food & Restaurant,75203,,,,,,,No,no_contact_found
Shish Kabob Cafe,"7879 Spring Valley Rd # 115, Dallas, TX 75254",https://shishkabobcafe.site,Yes,(972) 680-8989,,679.0,1.0,32.7734812,-97.1255815,Middle Eastern restaurant,Food & Restaurant,75203,omarbarzani@yahoo.com,,,omarbarzani@yahoo.com,https://www.facebook.com/shishkabobscafe/,,Yes,found_homepage
Sahara Mediterranean Restaurant,"5441 Alpha Rd #112, Dallas, TX 75240",https://thesahararestaurant.com,Yes,(972) 788-1898,,7.0,83.0,32.7734812,-97.1255815,Middle Eastern restaurant,Food & Restaurant,75203,info@thesahararestaurant.com,,,info@thesahararestaurant.com,,,Yes,found_homepage
Urban Italia,"3030 Nowitzki Way, Dallas, TX 75219",https://theurbanitalia.com,Yes,(972) 478-0084,,3.0,17.0,32.7734812,-97.1255815,Middle Eastern restaurant,Food & Restaurant,75203,marketing@tivonaconcepts.com,,,marketing@tivonaconcepts.com,,https://www.instagram.com/urbanitaliarestaurant,Yes,found_homepage
Shiraz Mediterranean Grill,"18101 Preston Rd Suite 101, Dallas, TX 75252",https://shirazdallas.com,Yes,(214) 484-6075,,294.0,1.0,32.9991811,-97.0869973,Middle Eastern restaurant,Food & Restaurant,75203,shirazgrill@yahoo.com,,,shirazgrill@yahoo.com,https://www.facebook.com/274774052384071,https://www.instagram.com/shiraz_mediterranean_grill,Yes,found_homepage
Naya AL Hashem Mediterranean Restaurant,"525 W Arapaho Rd suite15, Richardson, TX 75080",https://nayaalhashemrichardson.com,Yes,(972) 807-3097,,0.0,27.0,32.9612711,-97.0252297,Middle Eastern restaurant,Food & Restaurant,75203,rorobash12@yahoo.com,,,rorobash12@yahoo.com,,https://www.instagram.com/naya_alhashem/,Yes,found_homepage
Zon Zon,"5455 Belt Line Rd Suite #130, Dallas, TX 75248",https://zonzondallas.com,Yes,(214) 838-1388,,1.0,10.0,32.9612711,-97.0252297,Middle Eastern restaurant,Food & Restaurant,75203,info@zonzon.com,info@zonzondallas.com,,info@zonzon.com | info@zonzondallas.com,,https://www.instagram.com/zonzondallas/?hl=en,Yes,found_homepage
"Selda Mediterranean Kitchen - Frisco, TX","9250 Dallas Pkwy Suite 130, Frisco, TX 75033",https://seldadallas.com,Yes,(469) 214-2994,,2.0,51.0,33.1542993,-97.1278571,Middle Eastern restaurant,Food & Restaurant,75203,,,,,,,No,no_contact_found
HQ Dallas Rooftop,"310 S Houston St 12th floor, Dallas, TX 75202",https://hqdallasrooftop.com,Yes,(214) 238-6589,,0.0,5.0,32.7770271,-97.0949706,Middle Eastern restaurant,Food & Restaurant,75203,,,,,https://www.facebook.com/HQDallasRooftop,https://www.instagram.com/hqdallasrooftop/,No,no_contact_found
MADINA HALAL GRILL,"114 E Main St, Richardson, TX 75081",https://madinamoroccantx.com,Yes,(214) 774-9120,,104.0,2.0,32.7770271,-97.0949706,Middle Eastern restaurant,Food & Restaurant,75203,,,,,,,No,no_contact_found
ZDAR Food,"214 E Spring Valley Rd, Richardson, TX 75081",https://zdarfoods.com,Yes,(214) 238-3466,,6.0,78.0,32.7770271,-97.0949706,Middle Eastern restaurant,Food & Restaurant,75203,,,,,,,No,no_contact_found
Ayat Dallas,"200 W Spring Valley Rd, Richardson, TX 75081",https://ayatnyc.com,Yes,(214) 272-8490,,8.0,46.0,32.7770271,-97.0949706,Middle Eastern restaurant,Food & Restaurant,75203,,,,,https://www.facebook.com/ayat.nyc/,https://www.instagram.com/ayat.nyc/,No,no_contact_found
Zeytin,"114 E John W Carpenter Fwy #100, Irving, TX 75062",https://zeytingrill.com,Yes,(972) 887-2000,,338.0,1.0,32.8660562,-97.2330265,Middle Eastern restaurant,Food & Restaurant,75203,,,,,,,No,no_contact_found
WAVA HALAL GRILL,"3611 Greenville Ave A, Dallas, TX 75206",https://wavahalalgrill.com,Yes,(469) 778-0787,,786.0,1.0,32.8051705,-97.0272348,halal restaurant,Food & Restaurant,75203,info@wavagrill.com,,,info@wavagrill.com,,https://www.instagram.com/wavahalalgrillTX/,Yes,found_homepage
The Halal Guys,"5444 Lemmon Ave, Dallas, TX 75209",https://thehalalguys.com,Yes,(469) 729-9929,,82.0,2.0,32.8051705,-97.0272348,halal restaurant,Food & Restaurant,75203,marketing@thehalalguysny.com,info@thehalalguysny.com,rewards@thehalalguysny.com,marketing@thehalalguysny.com | info@thehalalguysny.com | rewards@thehalalguysny.com,https://www.facebook.com/TheHalalGuys,https://www.instagram.com/thehalalguys/,Yes,found_subpage
CAFE LAZIZ,"9203 Skillman St # 108, Dallas, TX 75243",https://cafelazizdallas.com,Yes,(214) 774-9933,,5.0,53.0,32.8051705,-97.0272348,halal restaurant,Food & Restaurant,75203,,,,,https://www.facebook.com/Mymozo-Online-Ordering-211432203141138/,,No,no_contact_found
Wava Halal Grill,"804 West Shore Dr, Richardson, TX 75080",https://orderwavahalalgrill.com,Yes,(972) 707-0808,,6.0,50.0,32.9622716,-97.0360758,halal restaurant,Food & Restaurant,75203,,,,,https://www.facebook.com/profile.php?id=100065611474726,https://www.instagram.com/wava_halal_grill/,No,no_contact_found
Everything Halal,"3701 Esters Rd #106, Irving, TX 75038",https://halalirving.com,Yes,(972) 887-3742,,8.0,51.0,32.8576863,-97.2969022,halal restaurant,Food & Restaurant,75203,,,,,,,No,no_contact_found
Rokhat Grill,"2205 N Central Expy #180, Plano, TX 75075",https://rokhatgrills.com,Yes,(469) 298-2091,,68.0,3.0,33.0297136,-96.9980526,halal restaurant,Food & Restaurant,75203,azizimamov77@gmail.com,,,azizimamov77@gmail.com,,,Yes,found_homepage
Shah's Halal Food - Irving,"8140 N MacArthur Blvd #125, Irving, TX 75063",https://shahshalalfood.com,Yes,(214) 434-1751,,5.0,47.0,32.9196407,-97.245457,halal restaurant,Food & Restaurant,75203,support@shahshalalfood.com,,,support@shahshalalfood.com,https://www.facebook.com/ShahsHalal/,https://www.instagram.com/shahshalalfood/,Yes,found_homepage
Chop House Gyro - Dallas,"5301 Alpha Rd Suit A-12, Dallas, TX 75240",https://chophousegyro.com,Yes,(214) 831-9905,,1.0,46.0,32.880946,-97.0613078,halal restaurant,Food & Restaurant,75203,kausik@chophousegyro.com,,,kausik@chophousegyro.com,https://www.facebook.com/chophousegyro/,https://www.instagram.com/chophousegyro/,Yes,found_homepage
oomi Kitchen,"3510 Ross Ave ste 100, Dallas, TX 75204",https://oomikitchen.com,Yes,(469) 372-0396,,1.0,60.0,32.880946,-97.0613078,halal restaurant,Food & Restaurant,75203,info@oomikitchen.com,,,info@oomikitchen.com,https://www.facebook.com/oomikitchen,https://www.instagram.com/oomikitchen/,Yes,found_homepage
Halal Fusionz,"4488 Spring Valley Rd, Farmers Branch, TX 75244",https://halalfusionz.com,Yes,(214) 628-0262,,4.0,43.0,32.880946,-97.0613078,halal restaurant,Food & Restaurant,75203,,,,,,,No,no_contact_found
CHOPPED HALAL GRILL,"3000 Northside Blvd #500, Richardson, TX 75080",https://choppedhalalgrill.com,Yes,(972) 235-2467,,4.0,85.0,32.880946,-97.0613078,halal restaurant,Food & Restaurant,75203,,,,,,,No,no_contact_found
Bali Street Cafe,"2515 Inwood Rd Suite 119, Dallas, TX 75235",https://balicafetx.com,Yes,(972) 504-5629,,7.0,73.0,32.880946,-97.0613078,halal restaurant,Food & Restaurant,75203,balistreetcafe@gmail.com,,,balistreetcafe@gmail.com,https://www.facebook.com/thekoiway,https://www.instagram.com/eatkoiway,Yes,found_homepage
Halal Cuts Taco Restaurant and Meat Shop,"3642 N Belt Line Rd, Irving, TX 75062",https://halalcutstx.com,Yes,(469) 565-8083,,7.0,38.0,32.8562949,-97.2791773,halal restaurant,Food & Restaurant,75203,,,,,,,No,no_contact_found
Poblanos Piri Piri & Sabers Kitchen,"3636 N Belt Line Rd, Irving, TX 75062",https://poblanospiripiri.com,Yes,(469) 340-2208,,2.0,68.0,32.8561251,-97.2790898,halal restaurant,Food & Restaurant,75203,,,,,,,No,no_contact_found
Zaiqa House (HMS zabiha Halal),"1709 Belt Line Rd, Garland, TX 75044",https://zaiqa-house.com,Yes,(469) 781-5637,,6.0,16.0,32.9455506,-96.9423838,halal restaurant,Food & Restaurant,75203,,,,,https://www.facebook.com/profile.php?id=61585487007661,https://www.instagram.com/zaiqa_house_garland?igsh=MWh4em00ZncyMTlobw%3D%3D&utm_source=qr,No,no_contact_found
AL Kabob Grill & Cafe,"11357 Harry Hines Blvd, Dallas, TX 75229",https://hrpos.heartland.us,Yes,(972) 620-9300,,130.0,1.0,32.7842938,-97.0862483,halal restaurant,Food & Restaurant,75203,,,,,,,No,no_contact_found
Sultani Grill & Burgers,"2851 Esters Rd, Irving, TX 75062",https://sultanigrill.com,Yes,(972) 600-9309,,187.0,1.0,32.8464952,-97.297656,halal restaurant,Food & Restaurant,75203,,,,,,,No,no_contact_found
Everest Momo & Kabab,"2527 Royal Ln #140, Dallas, TX 75229",https://everestmomotx.com,Yes,(214) 758-0612,,6.0,11.0,32.9381837,-97.1884007,halal restaurant,Food & Restaurant,75203,,,,,,,No,no_contact_found
Desi'oso,"921 W Commerce St suite 19, Dallas, TX 75208",https://desioso.com,Yes,(469) 693-8503,,,,32.9381837,-97.1884007,halal restaurant,Food & Restaurant,75203,,,,,,,No,no_contact_found
Lagos Kitchen - Dallas,"921 W Commerce St, Dallas, TX 75208",https://lagoskitchentexas.com,Yes,(317) 289-1698,,7.0,7.0,32.7509923,-97.965015,African restaurant,Food & Restaurant,75203,order@lagoskitchentexas.com,,,order@lagoskitchentexas.com,,,Yes,found_homepage
Shuri African Restaurant,"9410 Walnut St, Dallas, TX 75243",https://shuriafricanrestaurant.shop,Yes,(972) 863-8820,,8.0,69.0,32.7509923,-97.965015,African restaurant,Food & Restaurant,75203,localoria.com@gmail.com,,,localoria.com@gmail.com,,,Yes,found_homepage
Kanny's Restaurant and Lounge,"9780 Walnut St #138, Dallas, TX 75243",https://kannysrestaurant.com,Yes,(469) 918-8188,,8.0,88.0,32.7509923,-97.965015,African restaurant,Food & Restaurant,75203,order@kannysrestaurant.com,info@kannysrestaurant.com,,order@kannysrestaurant.com | info@kannysrestaurant.com,,,Yes,found_subpage
La Marmite - African Restaurant,"2902 Buckner Blvd Suite 255, Dallas, TX 75227",https://order.toasttab.com,Yes,(214) 214-4282,,7.0,2.0,32.7509923,-97.965015,African restaurant,Food & Restaurant,75203,,,,,,,No,no_contact_found
Street Suya,"1499 Regal Row, Dallas, TX 75247",https://streetsuyausa.com,Yes,(469) 319-1228,,6.0,5.0,32.7509923,-97.965015,African restaurant,Food & Restaurant,75203,,,,,,,No,no_contact_found
Ghana Jollof,"2201 Wolf St, Dallas, TX 75201",https://order.store,Yes,(469) 573-2342,,,,32.7509923,-97.965015,African restaurant,Food & Restaurant,75203,,,,,,,No,no_contact_found
OLORI AFRICAN CUISINE RESTAURANT AND EVENT CATERING SERVICES(DALLAS),"9203 Skillman St suite 114, Dallas, TX 75243",https://oloriafricancuisine.net,Yes,(214) 964-0065,,8.0,25.0,32.7509923,-97.965015,African restaurant,Food & Restaurant,75203,,,,,,https://instagram.com/olori_african_cuisine?igshid=NDc0ODY0MjQ=,No,no_contact_found
Dallul East African Cuisine,"13021 Coit Rd # 98, Dallas, TX 75240",https://dallulrestaurantandbar.com,Yes,(469) 941-4545,,3.0,31.0,32.7509923,-97.965015,African restaurant,Food & Restaurant,75203,hailehani03@gmail.com,,,hailehani03@gmail.com,https://www.facebook.com/p/Dallul-East-African-Cuisine-100057111983523/,,Yes,found_homepage
Aso Rock | Restaurant & Lounge,"9220 Skillman St #115, Dallas, TX 75243",https://asorocktx.com,Yes,(214) 831-3316,,7.0,95.0,32.7509923,-97.965015,African restaurant,Food & Restaurant,75203,asorock2023@gmail.com,,,asorock2023@gmail.com,https://www.facebook.com/asorockdallas/,https://www.instagram.com/asorockdallas/?hl=en,Yes,found_homepage
West African Way,"1405 Jupiter Rd #116, Plano, TX 75074",https://l.instagram.com,Yes,(972) 424-2634,,2.0,61.0,32.7509923,-97.965015,African restaurant,Food & Restaurant,75203,,,,,,,No,no_contact_found
Bea's catering Nigeria & Soul Food,"9605 Clark Rd Suite 100, Dallas, TX 75249",https://beasnigerian.com,Yes,(972) 803-3669,,3.0,24.0,32.7509923,-97.965015,African restaurant,Food & Restaurant,75203,,,,,,,No,no_contact_found
Freshnez at Klyde Warren Park,"6 Woodall Rodgers Fwy, Dallas, TX 75201",https://freshnezkitchen.com,Yes,(833) 888-3639,,1.0,1.0,32.7509923,-97.965015,African restaurant,Food & Restaurant,75203,20orders@freshnezkitchen.com,orders@freshnezkitchen.com,,20orders@freshnezkitchen.com | orders@freshnezkitchen.com,,,Yes,found_homepage
"Aldeez Afribbean, Restaurant & Lounge","3950 Rosemeade Pkwy Suite 100, Dallas, TX 75287",https://aldeez.com,Yes,(214) 731-6590,,293.0,1.0,32.7509923,-97.965015,African restaurant,Food & Restaurant,75203,info@aldeez.com,,,info@aldeez.com,https://www.facebook.com/aldeezrestaurant,https://www.instagram.com/aldeezrestaurant,Yes,found_homepage
Talkinspoon by Guest365,"1716 Young St Suite 125, Dallas, TX 75201",https://talkinspoon.com,Yes,(469) 604-5351,,3.0,16.0,32.7509923,-97.965015,African restaurant,Food & Restaurant,75203,,,,,,https://www.instagram.com/talkinspoon/,No,no_contact_found
Exotic Grill African Cuisine,"415 N Main St #102, Euless, TX 76039",https://exoticafricangrill.site,Yes,(817) 857-6861,,3.0,46.0,32.7509923,-97.965015,African restaurant,Food & Restaurant,75203,exoticgrill.contact@gmail.com,,,exoticgrill.contact@gmail.com,https://www.facebook.com/congolesecuisine/,,Yes,found_subpage
Chef Collette Catering & Africa Market,"Chefcollette pastries, 721 SW Green Oaks Blvd, Arlington, TX 76017",https://chefcollettepastries.com,Yes,(682) 248-3243,,8.0,5.0,32.7509923,-97.965015,African restaurant,Food & Restaurant,75203,20collettepastries8@gmail.com,collettepastries8@gmail.com,,20collettepastries8@gmail.com | collettepastries8@gmail.com,https://facebook.com/chefcollettepastries/,https://www.instagram.com/chefcollectpasties/,Yes,found_homepage
Yenat Guada Ethiopian Cuisine,"7015 Greenville Ave ste 300, Dallas, TX 75231",https://yenatguada.com,Yes,(469) 547-1624,,9.0,65.0,32.7509923,-97.965015,African restaurant,Food & Restaurant,75203,,,,,,,No,no_contact_found
East Soul Food | Restaurant and Lounge,"4425 W Walnut St STE 301, Garland, TX 75042",https://eastsoulfood.com,Yes,(469) 969-0087,,0.0,11.0,32.7509923,-97.965015,African restaurant,Food & Restaurant,75203,,,,,https://www.facebook.com/profile.php?id=100049104232706&mibextid=ZbWKwL,https://www.instagram.com/east_soulfood/,No,no_contact_found
ALADINNS SPOT (Inside Shin-Chon Market),"11422 Harry Hines Blvd #210, Dallas, TX 75229",https://aladinnsspot.com,Yes,(469) 435-5316,,5.0,1.0,32.7509923,-97.965015,African restaurant,Food & Restaurant,75203,,,,,,,No,no_contact_found
Monrovia Lounge,"9220 Skillman St #227, Dallas, TX 75243",https://monrovialoungedfw.com,Yes,(469) 984-4636,,9.0,14.0,32.7509923,-97.965015,African restaurant,Food & Restaurant,75203,,,,,https://www.facebook.com/monrovialoungedfw/,,No,no_contact_found
Finesse Touch African Restaurant,"1499 Regal Row Suite 107, Dallas, TX 75247",https://finessetouchcatering.square.site,Yes,(469) 733-7701,,3.0,3.0,32.7734831,-97.1255847,Nigerian restaurant,Food & Restaurant,75203,,,,,,,No,no_contact_found
5 Senses Cuisine - Nigerian Fusion,"1499 Regal Row, Dallas, TX 75247",https://5sensescuisine.com,Yes,(682) 220-4228,,0.0,4.0,32.7734831,-97.1255847,Nigerian restaurant,Food & Restaurant,75203,info@5sensescuisine.com,,,info@5sensescuisine.com,,,Yes,found_homepage
Angie Winners Kitchen,"2905 E Arkansas Ln #100, Arlington, TX 76010",https://angiewinnerskitchen.com,Yes,(972) 854-6161,,298.0,1.0,32.7058044,-97.3480217,Nigerian restaurant,Food & Restaurant,75203,chefangiewinnerskitchen@gmail.com,,,chefangiewinnerskitchen@gmail.com,https://www.facebook.com/share/1a8sUFUS15/?mibextid=wwXIfr,https://www.instagram.com/angiewinnerskitchen/,Yes,found_homepage
Jollof Haus - West African Flavors,"945 W Stacy Rd #130, Allen, TX 75013",https://jollofhauz.com,Yes,(972) 332-8185,,0.0,26.0,33.1291533,-96.9630142,Nigerian restaurant,Food & Restaurant,75203,jollofhaus@gmail.com,info@jollofhauz.com,,jollofhaus@gmail.com | info@jollofhauz.com,https://www.facebook.com/profile.php?id=100083610466461,https://www.instagram.com/jollofhaus/,Yes,found_subpage
EndlessJoy kitchen,"2161ocelot st, Crandall, TX 75114",https://endlessjoykitchen.com,Yes,(682) 307-2865,,,,32.655391,-96.7180171,Nigerian restaurant,Food & Restaurant,75203,endlessjoykitchen@gmail.com,,,endlessjoykitchen@gmail.com,https://www.facebook.com/share/18ojUCeM5m/,https://www.instagram.com/endlessjoykitchen?igsh=MXBlanByajlvdXI5bg==,Yes,found_homepage
Lola's Restaurant & Lounge,"3435 N Belt Line Rd, Irving, TX 75062",https://lolasafricanrestaurant.com,Yes,(972) 594-5000,,1.0,57.0,32.8534968,-97.2823438,Nigerian restaurant,Food & Restaurant,75203,deedeechops@lolasafricanrestaurant.com,,,deedeechops@lolasafricanrestaurant.com,,,Yes,found_homepage
ChefTemii - Nigerian Restaurant & Catering,"1900 W Arbrook Blvd #116, Arlington, TX 76015",https://cheftemii.com,Yes,(214) 603-1413,,2.0,19.0,32.684452,-97.427426,Nigerian restaurant,Food & Restaurant,75203,info@cheftemii.com,,,info@cheftemii.com,https://www.facebook.com/ChefTemii,https://www.instagram.com/ChefTemii,Yes,found_subpage
Seinyaa African Food and Kitchen,"3645 E University Dr, McKinney, TX 75069",https://seinyaafood.com,Yes,(469) 489-9500,,9.0,1.0,33.1929732,-96.8448082,Nigerian restaurant,Food & Restaurant,75203,,,,,,,No,no_contact_found
Mama B'S International Kitchen,"2985 TX-360, Grand Prairie, TX 75052",https://mamabsinternationalkitchen.com,Yes,(469) 999-0607,,0.0,35.0,32.6944042,-97.3485708,Nigerian restaurant,Food & Restaurant,75203,oscarspencer2014@yahoo.com,,,oscarspencer2014@yahoo.com,https://www.facebook.com/profile.php?id=100063931455274,,Yes,found_subpage
Suya Stop Inc.,"311 E Pioneer Pkwy # B, Grand Prairie, TX 75051",https://suyastopgp.com,Yes,(817) 966-9808,,9.0,36.0,32.7082695,-97.2899827,Nigerian restaurant,Food & Restaurant,75203,suyastop@gmail.com,,,suyastop@gmail.com,https://www.facebook.com/suyastop/photos,https://www.instagram.com/suyastop/,Yes,found_homepage
Arona Food Place,"6505 W Park Blvd #215, Plano, TX 75093",https://aronafoodplace.com,Yes,(469) 678-6034,,8.0,38.0,33.0291854,-97.1296693,Nigerian restaurant,Food & Restaurant,75203,,,,,,,No,no_contact_found
T's Buka,"807 E Arkansas Ln, Arlington, TX 76010",https://tsbuka.com,Yes,(682) 276-6400,,1.0,55.0,32.7065825,-97.3876834,Nigerian restaurant,Food & Restaurant,75203,,,,,,,No,no_contact_found
Izkina Restaurant & Lounge,"1701 Botham Jean Blvd, Dallas, TX 75215",https://izkinadfw.com,Yes,(972) 677-7716,,3.0,93.0,32.7734812,-97.1255815,Nigerian restaurant,Food & Restaurant,75203,admin@izkinadfw.com,,,admin@izkinadfw.com,,https://www.instagram.com/izkinadallas/?hl=en,Yes,found_homepage
Desta Ethiopian Restaurant,"12101 Greenville Ave #105, Dallas, TX 75243",https://destaethiopiaresturant.com,Yes,(214) 575-9004,,475.0,1.0,32.8738205,-97.0519646,Ethiopian restaurant,Food & Restaurant,75203,destadallas1@gmail.com,,,destadallas1@gmail.com,,https://www.instagram.com/destarestaurantdallas,Yes,found_homepage
Lalibela Restaurant & Bar,"9191 Forest Ln # 2, Dallas, TX 75243",https://lalibeladallastx.com,Yes,(972) 792-8442,,4.0,23.0,32.8738205,-97.0519646,Ethiopian restaurant,Food & Restaurant,75203,,,,,,,No,no_contact_found
Etopicafe,"9560 Skillman St Suite 111, Dallas, TX 75243",https://etopicaferestaurant.com,Yes,(469) 372-0994,,8.0,19.0,32.8738205,-97.0519646,Ethiopian restaurant,Food & Restaurant,75203,tommyexpressllc@gmail.com,,,tommyexpressllc@gmail.com,https://www.facebook.com/672684972604396,https://www.instagram.com/etopi_cafe,Yes,found_homepage
Dukem dallas,"9241 Skillman St, Dallas, TX 75243",https://dukemethiopian.com,Yes,(469) 209-1225,,4.0,11.0,32.8738205,-97.0519646,Ethiopian restaurant,Food & Restaurant,75203,debele.mojo@yahoo.com,,,debele.mojo@yahoo.com,https://www.facebook.com/dukemfreshmeat/,,Yes,found_homepage
Abeba Foods To Go,"6882 Shady Brook Ln, Dallas, TX 75231",https://abebafoodstogo.com,Yes,(214) 361-7633,,6.0,22.0,32.8738205,-97.0519646,Ethiopian restaurant,Food & Restaurant,75203,,,,,,,No,no_contact_found
Sheba's Kitchen,"430 N Coit Rd #400, Richardson, TX 75080",https://shebasethiokitchen.com,Yes,(214) 377-8182,,2.0,21.0,32.8738205,-97.0519646,Ethiopian restaurant,Food & Restaurant,75203,,,,,,,No,no_contact_found
Zemen Bar & Restaurant,"2148 E Belt Line Rd, Richardson, TX 75081",https://zemenbarrestaurant.com,Yes,(214) 242-8859,,5.0,8.0,32.8738205,-97.0519646,Ethiopian restaurant,Food & Restaurant,75203,,,,,,,No,no_contact_found
Queen of Sheba Restaurant,"14875 Inwood Rd, Addison, TX 75001",https://thequeensheba.com,Yes,(972) 239-3290,,35.0,1.0,32.8738205,-97.0519646,Ethiopian restaurant,Food & Restaurant,75203,info@theqeensheba.com,,,info@theqeensheba.com,https://facebook.com/1256036021165929,https://www.instagram.com/thequeenofshebarestaurant/,Yes,found_homepage
Abeba Grocery,"9560 Skillman St, Dallas, TX 75243",https://abebagrocery.com,Yes,(972) 982-2687,,6.0,15.0,32.8738205,-97.0519646,Ethiopian restaurant,Food & Restaurant,75203,,,,,,,No,no_contact_found
Shebelle Bar & Grill,"17194 Preston Rd suite 115, Dallas, TX 75248",https://shebelledallas.com,Yes,(214) 484-5021,,3.0,40.0,32.8738205,-97.0519646,Ethiopian restaurant,Food & Restaurant,75203,shebelle2023@gmail.com,,,shebelle2023@gmail.com,,,Yes,found_homepage
Zion Ethiopian Restaurant,"401 N Central Expy #300, Richardson, TX 75080",https://zionethiopianrestaurant.com,Yes,(214) 258-6658,,8.0,13.0,32.8738205,-97.0519646,Ethiopian restaurant,Food & Restaurant,75203,,,,,,,No,no_contact_found
Surma Grocery and Ethiopian Restaurant,"2425 W Walnut St #200, Garland, TX 75042",https://wordpress.com,Yes,(469) 863-7110,,9.0,22.0,32.8738205,-97.0519646,Ethiopian restaurant,Food & Restaurant,75203,,,,,https://www.facebook.com/WordPresscom/,https://www.instagram.com/wordpressdotcom/,No,no_contact_found
LOZA LOUNGE Ethiopian and Eritrean restaurant and bar,"4460 W Walnut St suit 216, Garland, TX 75042",https://lozadallas.com,Yes,(214) 730-8893,,9.0,5.0,32.8738205,-97.0519646,Ethiopian restaurant,Food & Restaurant,75203,,,,,,,No,no_contact_found
Tadassy Caribbean Eatz,"4107 W Camp Wisdom Rd #239, Dallas, TX 75237",https://tadassycaribbeaneatz.com,Yes,(570) 534-1107,,6.0,8.0,32.77747,-97.9436501,Caribbean restaurant,Food & Restaurant,75203,,,,,https://www.facebook.com/tadassycaribbeaneatz?mibextid=ZbWKwL,https://www.instagram.com/tadassycaribbeaneatz/,No,no_contact_found
Nyam & Chill Jamaican Homestyle Cooking,"1499 Regal Row, Dallas, TX 75247",https://nyamandchill.com,Yes,(214) 998-5917,,4.0,6.0,32.77747,-97.9436501,Caribbean restaurant,Food & Restaurant,75203,,,,,,,No,no_contact_found
Jamaica Mi Hungry,"8702 S Lancaster Rd #110, Dallas, TX 75241",https://jamaicamihungry.com,Yes,(469) 250-7970,,5.0,49.0,32.77747,-97.9436501,Caribbean restaurant,Food & Restaurant,75203,jamaicamihungry@gmail.com,,,jamaicamihungry@gmail.com,,,Yes,found_homepage
Taste of Jamaica,"3225 W Pleasant Run Rd, Lancaster, TX 75146",https://tasteofjamaicatx.com,Yes,(469) 677-0050,,3.0,21.0,32.77747,-97.9436501,Caribbean restaurant,Food & Restaurant,75203,,,,,,,No,no_contact_found
Roland's Jamaica Chicken,"4070 N Belt Line Rd Suite 162, Irving, TX 75038",https://rolandsjamaicachicken.shop,Yes,(972) 887-5435,,5.0,94.0,32.77747,-97.9436501,Caribbean restaurant,Food & Restaurant,75203,rolandsjamaicachicken.shop@gmail.com,,,rolandsjamaicachicken.shop@gmail.com,https://www.facebook.com/p/Rolands-Jamaica-Chicken-100085863740995/,https://www.instagram.com/rolandjamaicanchicken/?hl=en,Yes,found_homepage
Tates Of Chicago,"Uptown Eats, 4321 Live Oak St, Dallas, TX 75204",https://chefboytate.co,Yes,(385) 645-3247,,,,32.77747,-97.9436501,Caribbean restaurant,Food & Restaurant,75203,,,,,,,No,no_contact_found
The Island Spot,"309 Jefferson Blvd, Dallas, TX 75208",https://island-spot.com,Yes,(972) 913-4919,,2.0,99.0,32.77747,-97.9436501,Caribbean restaurant,Food & Restaurant,75203,,,,,https://www.facebook.com/TheIslandSpot/?epa=SEARCH_BOX,https://www.instagram.com/theislandspot/,No,no_contact_found
Jamaica Cook Shop,"2033 Military Pkwy #104a, Mesquite, TX 75149",https://jamaicancookshop.com,Yes,(469) 917-8417,,281.0,1.0,32.7725681,-97.9375984,Jamaican restaurant,Food & Restaurant,75203,,,,,,,No,no_contact_found
The Island Spot,"2661 Midway Rd, Carrollton, TX 75006",https://island-spot.com,Yes,(972) 447-7000,,667.0,1.0,32.7725681,-97.9375984,Jamaican restaurant,Food & Restaurant,75203,,,,,https://www.facebook.com/TheIslandSpot/?epa=SEARCH_BOX,https://www.instagram.com/theislandspot/,No,no_contact_found
La Campia Salvadorea,"1408 W Davis St, Dallas, TX 75208",https://lacampinasalvadorena.com,Yes,(214) 948-3030,,5.0,76.0,32.7433492,-97.1152375,Salvadoran restaurant,Food & Restaurant,75203,lacampinasalvadorena@gmail.com,,,lacampinasalvadorena@gmail.com,https://www.facebook.com/profile.php?id=100064161187488&ref=page_internal,https://www.instagram.com/lacampinasalvadorenatexas/,Yes,found_homepage
Restaurant Y Panaderia Latina,"3221 W Davis St, Dallas, TX 75211",https://latinarestaurante.com,Yes,(214) 337-4470,,0.0,42.0,32.7433492,-97.1152375,Salvadoran restaurant,Food & Restaurant,75203,,,,,https://www.facebook.com/profile.php?id=100063621267251,https://www.instagram.com/lalatinarestaurant777/,No,no_contact_found
Restaurante Mamita Tancho,"116 S Carroll Ave, Dallas, TX 75226",https://restaurantemamitatanchotx.com,Yes,(214) 370-9004,,8.0,27.0,32.7433492,-97.1152375,Salvadoran restaurant,Food & Restaurant,75203,,,,,,,No,no_contact_found
Pupusas to go,"108 N Fitzhugh Ave, Dallas, TX 75246",https://pupusastogotx.com,Yes,(469) 726-8145,,8.0,26.0,32.7433492,-97.1152375,Salvadoran restaurant,Food & Restaurant,75203,joselupian@yahoo.com,,,joselupian@yahoo.com,,,Yes,found_homepage
Pupuseria Marina,"9530 Overlake Dr, Dallas, TX 75220",https://pupuseria-marina.gbiz.shop,Yes,(214) 902-0380,,8.0,18.0,32.7433492,-97.1152375,Salvadoran restaurant,Food & Restaurant,75203,,,,,,,No,no_contact_found
La Unica Restaurante Salvadoreo,"2078 N Jim Miller Rd, Dallas, TX 75217",https://pupusaslaunica.com,Yes,(214) 730-0490,,5.0,8.0,32.7433492,-97.1152375,Salvadoran restaurant,Food & Restaurant,75203,info@pupusaslaunica.com,,,info@pupusaslaunica.com,,,Yes,found_homepage
Tacos y pupusas juanitas,"4858 E Grand Ave a, Dallas, TX 75223",https://tacosypupusasjuanita.com,Yes,(469) 248-3215,,5.0,1.0,32.7433492,-97.1152375,Salvadoran restaurant,Food & Restaurant,75203,,,,,,,No,no_contact_found
Pupuseria Beltran,"1512 S Beltline Rd #8, Dallas, TX 75253",https://beltra.top,Yes,(972) 286-2686,,0.0,48.0,32.6810797,-96.8841322,Salvadoran restaurant,Food & Restaurant,75203,black9@qq.com,,,black9@qq.com,,,Yes,found_homepage
Casa Linda Salvadoran Cuisine,"11255 Garland Rd Ste 1330, Dallas, TX 75218",https://casalindasc.com,Yes,(469) 372-0866,,7.0,43.0,32.6810797,-96.8841322,Salvadoran restaurant,Food & Restaurant,75203,,,,,https://www.facebook.com/1356202054491395,https://www.instagram.com/casa_linda_salvadoran_cuisine,No,no_contact_found
La Campia Salvadorea,"3068 Forest Ln Suite 212, Dallas, TX 75234",https://lacampinasalvadorena.com,Yes,(972) 243-1227,,6.0,26.0,32.9090342,-97.1617897,Salvadoran restaurant,Food & Restaurant,75203,lacampinasalvadorena@gmail.com,,,lacampinasalvadorena@gmail.com,https://www.facebook.com/profile.php?id=100064161187488&ref=page_internal,https://www.instagram.com/lacampinasalvadorenatexas/,Yes,found_homepage
Luchaz pupuseria y restaurante,"2215 Oates Dr suite c, Dallas, TX 75228",https://luchazpupuseriayrestaurantetx.com,Yes,(469) 372-0018,,6.0,13.0,32.8219349,-96.9660519,Salvadoran restaurant,Food & Restaurant,75203,,,,,,,No,no_contact_found
Mamita Tancho #2,"2240 N Prairie Creek Rd Suite 600, Dallas, TX 75227",https://restaurantemamitatanchotx.com,Yes,(214) 482-5473,,7.0,3.0,32.7507546,-96.9528212,Salvadoran restaurant,Food & Restaurant,75203,,,,,,,No,no_contact_found
Mi Tierrita Taqueria,"2838 W Davis St, Dallas, TX 75211",https://mobile-webview8.com,Yes,(214) 333-2300,,8.0,10.0,32.7491575,-97.156374,Salvadoran restaurant,Food & Restaurant,75203,,,,,,,No,no_contact_found
San Martin Bakery and Restaurant,"5407 Belt Line Rd, Dallas, TX 75248",https://sanmartinbakery.us,Yes,(972) 803-6770,,821.0,1.0,32.8021821,-97.9534852,Guatemalan restaurant,Food & Restaurant,75203,,,,,,,No,no_contact_found
RESTAURANTE EL MESON CHAPIN,"1560 N Sylvania Ave, Fort Worth, TX 76111",https://fromtherestaurant.com,Yes,(682) 371-2377,,0.0,45.0,32.8021821,-97.9534852,Guatemalan restaurant,Food & Restaurant,75203,,,,,,,No,no_contact_found
Flors Restaurant,"2525 Royal Ln #317, Dallas, TX 75229",https://floresrestaurantirving.com,Yes,(469) 217-9765,,0.0,3.0,32.8021821,-97.9534852,Guatemalan restaurant,Food & Restaurant,75203,dallasfusionllc@gmail.com,,,dallasfusionllc@gmail.com,,,Yes,found_homepage
Panaderia Guatelmalteca La Unica,"1401 Jupiter Rd, Plano, TX 75074",https://panaderia.edan.io,Yes,(469) 467-4552,,2.0,35.0,32.8021821,-97.9534852,Guatemalan restaurant,Food & Restaurant,75203,,,,,,,No,no_contact_found
Panaderia Guatemalteca La Mejor,"2717 E Belt Line Rd Apt 105, Carrollton, TX 75006",https://panlamejor.com,Yes,(972) 820-7137,,593.0,1.0,32.8021821,-97.9534852,Guatemalan restaurant,Food & Restaurant,75203,,,,,https://www.facebook.com/WixEspanol,https://www.instagram.com/wix,No,no_contact_found
Casa Brasa,"8111 Preston Rd, Dallas, TX 75225",https://thecasabrasa.com,Yes,(214) 644-2272,,3.0,15.0,32.8021821,-97.9534852,Guatemalan restaurant,Food & Restaurant,75203,info@thecasabrasa.com,hr@big-dill.com,press@thecasabrasa.com,info@thecasabrasa.com | hr@big-dill.com | press@thecasabrasa.com,https://www.facebook.com/profile.php?id=61582888412692,https://www.instagram.com/casabrasadallas?igsh=ZThhZDU0NmloZXEx&utm_source=qr,Yes,found_homepage
3 Hermanas Restaurante,"4858 E Grand Ave, Dallas, TX 75223",https://3hermanasrestaurantetx.com,Yes,(469) 248-3215,,8.0,3.0,32.8021821,-97.9534852,Guatemalan restaurant,Food & Restaurant,75203,,,,,,,No,no_contact_found
Sabor Latino,"5431 E Grand Ave, Dallas, TX 75223",https://saborlatinodallas.com,Yes,(817) 243-5500,,1.0,29.0,32.8021821,-97.9534852,Guatemalan restaurant,Food & Restaurant,75203,saborjuiceland@yahoo.com,,,saborjuiceland@yahoo.com,https://www.facebook.com/Saborlatino-Dallas-105191974296557/,https://www.instagram.com/saborlatino_dallas/,Yes,found_homepage
Dulce Nina at The Cedars,"1800 S Ervay St Ste A, Dallas, TX 75215",https://dulceninaatc.com,Yes,(214) 434-1154,,6.0,10.0,32.7703781,-96.8230391,small restaurant,Food & Restaurant,75203,dulceninaatc@gmail.com,,,dulceninaatc@gmail.com,,https://www.instagram.com/dulceninaatc/,Yes,found_homepage
Lola's Kitchen,"2434 S Harwood St, Dallas, TX 75215",https://lolaskitchendallas.com,Yes,(469) 544-1585,,2.0,4.0,32.7683924,-96.8158722,small restaurant,Food & Restaurant,75203,,,,,,,No,no_contact_found
Morales Restaurant,"1913 S Edgefield Ave, Dallas, TX 75224",https://morales.top,Yes,(469) 466-8109,,9.0,7.0,32.726548,-96.8808458,small restaurant,Food & Restaurant,75203,black9@qq.com,,,black9@qq.com,,,Yes,found_homepage
LOCAL Public Eatery Henderson,"2323 N Henderson Ave #100, Dallas, TX 75206",https://localpubliceatery.com,Yes,(469) 689-2780,,577.0,2.0,32.8143268,-96.8504528,local restaurant,Food & Restaurant,75203,info@localriverdistrict.com,info@localkits.com,kamloops@localpubliceatery.com,info@localriverdistrict.com | info@localkits.com | kamloops@localpubliceatery.com | info@localgastown.com | penticton@localpubliceatery.com | info@localbarclay.com | info@localon8thave.com | info@localsherwood.com | info@localjasperave.com | info@localsoco.com | info@localmedhat.com | info@localgarryst.com | adelaide@localpubliceatery.com | info@localleaside.com | info@locallibertyvillage.com | info@locallansdowne.com | info@localterryave.com | henderson@localpubliceatery.com | thewoodlands@localpubliceatery.com,,https://www.instagram.com/localpubliceatery/,Yes,found_subpage
Pangea Dallas,"1910 Pacific Ave #1400, Dallas, TX 75201",https://pangeadallas.com,Yes,(469) 485-7665,,7.0,18.0,32.7478757,-96.8971744,local restaurant,Food & Restaurant,75203,,,,,,,No,no_contact_found
Revelers Hall,"412 N Bishop Ave, Dallas, TX 75208",https://revelershall.com,Yes,(972) 982-2661,,9.0,72.0,32.742625,-96.8831712,local restaurant,Food & Restaurant,75203,music@revelershall.com,booking@revelershall.com,,music@revelershall.com | booking@revelershall.com,http://www.facebook.com/revelershall/,https://instagram.com/revelershall/,Yes,found_subpage
Cowboy Lounge,"2900 Botham Jean Blvd, Dallas, TX 75215",https://cowboy-lounge.edan.io,Yes,(469) 855-4927,,6.0,44.0,32.759049,-96.8539861,hole in the wall restaurant,Food & Restaurant,75203,,,,,,,No,no_contact_found
Bowen House,"2614 Boll St, Dallas, TX 75204",https://bowenhousetx.com,Yes,(214) 484-1385,,3.0,95.0,32.7979484,-96.8740537,hole in the wall restaurant,Food & Restaurant,75203,,,,,,,No,no_contact_found
City Tavern | Dallas Soccer Bar,"1514 Elm St, Dallas, TX 75201",https://citytaverndowntown.com,Yes,(972) 629-9300,,9.0,90.0,32.7703781,-96.859088,hole in the wall restaurant,Food & Restaurant,75203,info@citytaverndowntown.com,,,info@citytaverndowntown.com,https://www.facebook.com/120176575742,https://www.instagram.com/citytaverndfw,Yes,found_homepage
Frankie's Downtown,"1303 Main St, Dallas, TX 75202",https://frankiesbar.com,Yes,(214) 741-1919,,139.0,3.0,32.8003624,-96.8492998,hole in the wall restaurant,Food & Restaurant,75203,,,,,,,No,no_contact_found
Seor Bean,"708 Olive St, Dallas, TX 75201",https://senorbean.website,Yes,(214) 989-7965,,7.0,57.0,32.7603425,-96.8502536,hole in the wall restaurant,Food & Restaurant,75203,bean_senor@yahoo.com,,,bean_senor@yahoo.com,https://www.facebook.com/SenorBeanMexicanGrillCatina/,https://instagram.com/senorbeandallas?utm_source=ig_profile_share&igshid=1tf24kvhu3rel,Yes,found_subpage
One Eyed Penguin,"1404 Main St, Dallas, TX 75202",https://oneeyedpenguin.com,Yes,,,2.0,50.0,32.811917,-96.8427942,hole in the wall restaurant,Food & Restaurant,75203,,,,,https://www.facebook.com/oneeyedpenguin,https://www.instagram.com/oneeyedpenguin,No,no_contact_found
Robbies place,"1200 S Riverfront Blvd, Dallas, TX 75207",https://facebook.com,Yes,,,8.0,20.0,32.7722432,-96.8637219,hole in the wall restaurant,Food & Restaurant,75203,,,,,,,No,no_contact_found
Neighborhood Services,"3848 Oak Lawn Ave Ste 210, Dallas, TX 75219",https://nhsoaklawn.com,Yes,(972) 803-5563,,0.0,22.0,32.8150283,-97.09021,neighborhood restaurant,Food & Restaurant,75203,,,,,,,No,no_contact_found
Neighborhood Services,"5027 W Lovers Ln, Dallas, TX 75209",https://nhstheoriginal.com,Yes,(214) 350-5027,,7.0,48.0,32.8150283,-97.09021,neighborhood restaurant,Food & Restaurant,75203,,,,,,,No,no_contact_found
Neighborhood Services,"5100 Belt Line Rd Suite 795, Dallas, TX 75254",https://nhsaddison.com,Yes,(972) 789-9639,,8.0,88.0,32.8150283,-97.09021,neighborhood restaurant,Food & Restaurant,75203,,,,,,,No,no_contact_found
Claremont,"4343 W Northwest Hwy, Dallas, TX 75220",https://claremontdallas.com,Yes,(972) 803-3456,,6.0,7.0,32.8150283,-97.09021,neighborhood restaurant,Food & Restaurant,75203,info@claremonttdallas.com,,,info@claremonttdallas.com,https://www.facebook.com/profile.php?id=61566503409880,https://www.instagram.com/claremontdallas/,Yes,found_homepage
Killer Joe Neighborhood Cafe,"108 N Fitzhugh Ave Suite 100, Dallas, TX 75214",https://killerjoeneighborhoodcafe.com,Yes,(214) 377-9334,,5.0,29.0,32.8150283,-97.09021,neighborhood restaurant,Food & Restaurant,75203,killerjoetx@gmail.com,,,killerjoetx@gmail.com,,https://www.instagram.com/killerjoetx,Yes,found_homepage
Oak Cliff Social Club,"238 W Davis St, Dallas, TX 75208",https://facebook.com,Yes,(214) 941-0298,,8.0,22.0,32.8150283,-97.09021,neighborhood restaurant,Food & Restaurant,75203,,,,,,,No,no_contact_found
Cock & Bull Neighborhood Pub,"6330 Gaston Ave, Dallas, TX 75214",https://cockandbulldallas.com,Yes,(214) 841-9111,,7.0,40.0,32.8150283,-97.09021,neighborhood restaurant,Food & Restaurant,75203,,,,,,,No,no_contact_found
Neighborhood Cellar,"246 W Davis St, Dallas, TX 75208",https://neighborhoodcellar.com,Yes,(214) 377-7059,,4.0,11.0,32.8150283,-97.09021,neighborhood restaurant,Food & Restaurant,75203,customerservice@neighborhoodcellar.com,,,customerservice@neighborhoodcellar.com,,,Yes,found_homepage
Eloise Lundy Recreation Center,"1229 Reverend CBT Smith St, Dallas, TX 75203",https://dallasparks.org,Yes,(214) 670-6781,,2.0,10.0,32.8150283,-97.09021,neighborhood restaurant,Food & Restaurant,75203,,,,,https://www.facebook.com/DallasParkRec,https://www.instagram.com/DallasParkRec/,No,no_contact_found
Aunt Bette's Community Pantry,"3203 Holmes St, Dallas, TX 75215",https://stphilips1600.org,Yes,(214) 753-5600,,4.0,11.0,32.8150283,-97.09021,neighborhood restaurant,Food & Restaurant,75203,,,,,,,No,no_contact_found
Tony's Neighborhood Food Store,"820 N Fitzhugh Ave, Dallas, TX 75246",https://valero.com,Yes,(214) 572-0406,,2.0,3.0,32.8150283,-97.09021,neighborhood restaurant,Food & Restaurant,75203,,,,,,,No,no_contact_found
Bistro 31,"87 Highland Park Village Suite 200 / 1st Floor, Dallas, TX 75205",https://bistro31dallas.com,Yes,(214) 420-3900,,91.0,1.0,32.7479191,-96.9717228,bistro,Food & Restaurant,75203,,,,,,,No,no_contact_found
The Bistro - Eat. Drink. Connect.,"2150 Market Center Blvd, Dallas, TX 75207",https://marriott.com,Yes,,,7.0,1.0,32.7479191,-96.9717228,bistro,Food & Restaurant,75203,,,,,https://www.facebook.com/groups/marriottbonvoyinsiders/,https://www.instagram.com/marriottbonvoy/,No,no_contact_found
Knox Bistro,"3230 Knox St #140, Dallas, TX 75205",https://knoxbistro.com,Yes,(469) 250-4007,,7.0,89.0,32.7479191,-96.9717228,bistro,Food & Restaurant,75203,,,,,https://www.facebook.com/UpOnKnox/,https://www.instagram.com/knoxbistro/,No,no_contact_found
Beverleys Bistro and Bar,"3215 N Fitzhugh Ave, Dallas, TX 75204",https://beverleysdallas.com,Yes,(214) 915-8840,,8.0,52.0,32.7479191,-96.9717228,bistro,Food & Restaurant,75203,info@beverleysdallas.com,,,info@beverleysdallas.com,,https://www.instagram.com/beverleysdallas/,Yes,found_homepage
Bite - Sushi & Tapas,"900 E Clarendon Dr suite 120, Dallas, TX 75203",https://bitesushitapas.com,Yes,(214) 732-9581,,,,32.7479191,-96.9717228,bistro,Food & Restaurant,75203,,,,,https://www.facebook.com/profile.php?id=61582099886860,https://www.instagram.com/bitesushitapas/,No,no_contact_found
Bistro B,"9780 Walnut St #340, Dallas, TX 75243",https://bistrob.com,Yes,(214) 575-9885,,64.0,4.0,32.921727,-96.8638604,bistro,Food & Restaurant,75203,,,,,https://www.facebook.com/254228817779961,https://www.instagram.com/bistrobrestaurant,No,no_contact_found
Bite Bistro,"1150 Empire Central Pl #104, Dallas, TX 75247",https://bitedallas.com,Yes,(214) 484-5460,,6.0,17.0,32.8239178,-97.0189257,bistro,Food & Restaurant,75203,contact@bitedallas.com,,,contact@bitedallas.com,http://www.facebook.com/profile.php?id=100087717792128,https://instagram.com/bitebistrodallas,Yes,found_homepage
Titches Bar and Bistro,"1933 Main St, Dallas, TX 75201",https://ihg.com,Yes,(214) 741-7700,,0.0,2.0,32.7819759,-96.9386315,bistro,Food & Restaurant,75203,,,,,https://www.facebook.com/ihghotels,,No,no_contact_found
St. Martin's Wine Bistro,"4223 Bryan St, Dallas, TX 75204",https://stmartinswinebistro.com,Yes,(214) 826-0940,,9.0,98.0,32.7819759,-96.9386315,bistro,Food & Restaurant,75203,,,,,,https://www.instagram.com/stmartinswinebistro/,No,no_contact_found
McRae's American Bistro & Cocktails,"9913 Garland Rd, Dallas, TX 75218",https://mcraesamericanbistro.com,Yes,(214) 792-9944,,3.0,19.0,32.8377799,-96.8419385,bistro,Food & Restaurant,75203,,,,,https://www.facebook.com/McRaesAmericanBistro,https://www.instagram.com/mcraesamericanbistro/,No,no_contact_found
Perch Bistro & Bar,"7709 Inwood Rd, Dallas, TX 75209",https://fearingrestaurantgroup.com,Yes,(214) 764-3334,,6.0,15.0,32.8188775,-97.0145948,bistro,Food & Restaurant,75203,,,,,https://www.facebook.com/ShinseiRestaurant,https://www.instagram.com/shinseirestaurant/,No,no_contact_found
Sky Blossom Rooftop Bistro Bar,"1514 Elm St #611, Dallas, TX 75201",https://skyblossombistro.com,Yes,(469) 313-1524,,2.0,71.0,32.7477437,-96.9691552,bistro,Food & Restaurant,75203,info@skyblossombistro.com,,,info@skyblossombistro.com,,,Yes,found_homepage
Le Bilboquet,"4514 Travis St UNIT 124, Dallas, TX 75205",https://lebilboquetdallas.com,Yes,(469) 730-2937,,4.0,42.0,32.7477437,-96.9691552,bistro,Food & Restaurant,75203,,,,,https://www.facebook.com/lebilboquetdallas/,https://www.instagram.com/lebilboquetdallas/,No,no_contact_found
The Bistro + Restaurant + Bar at Courtyard by Marriott NorthWest,"2930 Forest Ln, Dallas, TX 75234",https://order.online,Yes,(972) 620-8000,,6.0,1.0,32.9087509,-97.0233685,bistro,Food & Restaurant,75203,,,,,,,No,no_contact_found
Parigi Restaurant,"3311 Oak Lawn Ave, Dallas, TX 75219",https://parigidallas.com,Yes,(214) 521-0295,,8.0,44.0,32.7566807,-96.9673624,bistro,Food & Restaurant,75203,orders@parigidallas.com,,,orders@parigidallas.com,https://www.facebook.com/parigidallas,http://instagram.com/parigidallas,Yes,found_homepage
Moxies,"100 Crescent Ct, Dallas, TX 75201",https://moxies.com,Yes,(469) 936-4329,,8.0,3.0,32.7596673,-96.8974202,lunch spot,General,75203,marketing@moxies.ca,guestrelations@moxies.ca,t4@moxies.ca,marketing@moxies.ca | guestrelations@moxies.ca | t4@moxies.ca | donations@moxies.ca | info@moxies.ca,https://www.facebook.com/MoxiesOfficial,https://www.instagram.com/moxiescanada/,Yes,found_subpage
Dragonfly,"2332 Leonard St, Dallas, TX 75201",https://hotelzaza.com,Yes,(214) 550-9500,,6.0,68.0,32.7944494,-96.8379057,dinner restaurant,Food & Restaurant,75203,austin@hotelzaza.com,dallasuptown@hotelzaza.com,houstonmemorial@hotelzaza.com,austin@hotelzaza.com | dallasuptown@hotelzaza.com | houstonmemorial@hotelzaza.com | houstonmuseumdistrict@hotelzaza.com | zippoints@hotelzaza.com | mediainquiry@hotelzaza.com,,https://www.instagram.com/p/Cyoh3QGNIOL/?img_index=1,Yes,found_subpage
Bam's Vegan,"1499 Regal Row #101, Dallas, TX 75247",https://bamsvegan.com,Yes,(972) 677-8152,,5.0,22.0,32.8348843,-97.0224765,vegan restaurant,Food & Restaurant,75203,contact@bamsvegan.com,,,contact@bamsvegan.com,https://www.facebook.com/bamsvegan/,https://www.instagram.com/BAMSVEGAN/,Yes,found_homepage
Vegan Heat,"3766 Samuell Blvd, Dallas, TX 75228",https://veganchickenshack.com,Yes,(469) 524-8780,,0.0,13.0,32.7926797,-96.8740812,vegan restaurant,Food & Restaurant,75203,,,,,,,No,no_contact_found
El Palote Panaderia,"2537 S Buckner Blvd, Dallas, TX 75227",https://elpalote.com,Yes,(972) 807-2673,,745.0,1.0,32.7559864,-96.8276744,vegan restaurant,Food & Restaurant,75203,,,,,https://www.facebook.com/elpalotepanaderia/?locale=es_LA,https://www.instagram.com/elpalote.vegan/,No,no_contact_found
True Food Kitchen,"8383 Preston Center Plaza #100, Dallas, TX 75225",https://truefoodkitchen.com,Yes,(214) 377-3333,,543.0,1.0,32.8640947,-96.9475293,vegan restaurant,Food & Restaurant,75203,,,,,https://www.facebook.com/TrueFoodKitchen/,https://www.instagram.com/livetruefood/,No,no_contact_found
Vegan Vibes,"2801 Commerce St, Dallas, TX 75226",https://order.online,Yes,(516) 518-4341,,,,32.8640947,-96.9475293,vegan restaurant,Food & Restaurant,75203,,,,,,,No,no_contact_found
D'Vegan,"9780 Walnut St, Dallas, TX 75243",https://d-vegan.com,Yes,(972) 437-3939,,7.0,46.0,32.9219129,-96.8636427,vegan restaurant,Food & Restaurant,75203,,,,,,,No,no_contact_found
Sankofa Kitchen & Bar,"4141 W Wheatland Rd, Dallas, TX 75237",https://sankofakitchen.com,Yes,(972) 296-0940,,5.0,92.0,32.6478676,-97.0314281,vegan restaurant,Food & Restaurant,75203,,,,,https://www.facebook.com/SankofaKitchenAndBar,https://www.instagram.com/sankofa_kitchen/,No,no_contact_found
Flower Child,"5450 W Lovers Ln, Dallas, TX 75209",https://iamaflowerchild.com,Yes,(214) 231-5367,,225.0,1.0,32.7734831,-96.9813892,vegan restaurant,Food & Restaurant,75203,,,,,https://www.facebook.com/EatFlowerChild,https://www.instagram.com/EatFlowerChild/,No,no_contact_found
Vegan Vibrationz,"7800 Windrose Ave., Plano, TX 75024",https://legacyfoodhall.com,Yes,(214) 713-7131,,6.0,40.0,33.083271,-96.9700002,vegan restaurant,Food & Restaurant,75203,hello@legacyfoodhall.com,,,hello@legacyfoodhall.com,https://www.facebook.com/LegacyFoodHall/,https://www.instagram.com/legacyfoodhall/?hl=en,Yes,found_subpage
Nunos Tacos & Vegmex Grill,"8024 Spring Valley Rd Suite 8024, Dallas, TX 75240",https://toasttab.com,Yes,,,47.0,1.0,32.9392005,-96.9123233,vegan restaurant,Food & Restaurant,75203,,,,,,,No,no_contact_found
Rye,"1920 Greenville Ave, Dallas, TX 75206",https://rye.restaurant,Yes,(972) 803-3391,,4.0,40.0,32.8134924,-96.8419511,vegetarian restaurant,Food & Restaurant,75203,info@rye.restaurant,,,info@rye.restaurant,http://facebook.com/ryemckinney/,http://instagram.com/rye.restaurant,Yes,found_homepage
Believe Nutrition,"1901 S Edgefield Ave, Dallas, TX 75224",https://imelda-garcia2.herbalife.com,Yes,(214) 236-3013,,,,32.7734831,-96.9092914,health food restaurant,Food & Restaurant,75203,,,,,,,No,no_contact_found
Farmer's Fridge,"Located in next to the cafe, 650 S Griffin St, Dallas, TX 75202",https://farmersfridge.com,Yes,(312) 229-0099,,,,32.7471258,-96.900039,health food restaurant,Food & Restaurant,75203,,,,,https://www.facebook.com/farmersfridge,https://www.instagram.com/farmersfridge/,No,no_contact_found
Citron Salad,"921 W Commerce St Suite K17, Dallas, TX 75208",https://genkisushidallas.com,Yes,(469) 487-3745,,,,32.7433492,-96.8989442,health food restaurant,Food & Restaurant,75203,,,,,https://www.facebook.com/dallas.genkisushi/,https://instagram.com/genkisushidallas,No,no_contact_found
Farmer's Fridge,"Located on first floor waiting area in the vending bank, 525 S Griffin St, Dallas, TX 75202",https://farmersfridge.com,Yes,(312) 229-0357,,,,32.7433492,-96.8989442,health food restaurant,Food & Restaurant,75203,,,,,https://www.facebook.com/farmersfridge,https://www.instagram.com/farmersfridge/,No,no_contact_found
TWISTY NUTRITION,"8423 Lake June Rd, Dallas, TX 75217",https://magdalenal.herbalife.com,Yes,(214) 355-6516,,3.0,3.0,32.7349427,-96.7472285,health food restaurant,Food & Restaurant,75203,,,,,,,No,no_contact_found
Farmer's Fridge,"Located in the first floor micro-market, 2550 Pacific Ave, Dallas, TX 75226",https://farmersfridge.com,Yes,(312) 229-0221,,,,32.7931158,-96.8742934,health food restaurant,Food & Restaurant,75203,,,,,https://www.facebook.com/farmersfridge,https://www.instagram.com/farmersfridge/,No,no_contact_found
Farmer's Fridge,"Located in the cafe in the Rolex office, 2601 N Harwood St, Dallas, TX 75201",https://farmersfridge.com,Yes,(312) 229-0099,,,,32.7487485,-96.899924,health food restaurant,Food & Restaurant,75203,,,,,https://www.facebook.com/farmersfridge,https://www.instagram.com/farmersfridge/,No,no_contact_found
Table,"3636 Shenandoah St, Dallas, TX 75205",https://atable.kitchen,Yes,(214) 682-4364,,8.0,3.0,32.8403226,-96.8656933,health food restaurant,Food & Restaurant,75203,,,,,https://www.facebook.com/atable.kitchen/?modal=admin_todo_tour,https://www.instagram.com/atable.kitchen/,No,no_contact_found
Freshella Kitchen,"7145 John W. Carpenter Fwy Suite A, Dallas, TX 75247",https://freshellakitchen.com,Yes,(214) 905-6140,,3.0,37.0,32.8159656,-96.9423073,health food restaurant,Food & Restaurant,75203,info@freshellakitchen.com,,,info@freshellakitchen.com,https://www.facebook.com/FreshellaKitchen/,https://www.instagram.com/freshellakitchen/,Yes,found_homepage
Smoothie King,"Village Shp Ctr, 1075 Wynnewood Plaza ste 1075, Dallas, TX 75224",https://locations.smoothieking.com,Yes,(214) 758-0643,,9.0,9.0,32.7214503,-96.9027802,health food restaurant,Food & Restaurant,75203,,,,,,,No,no_contact_found
MIXT Salads,"2355 Olive St #140, Dallas, TX 75201",https://mixt.com,Yes,,,6.0,8.0,32.7913717,-96.8766109,health food restaurant,Food & Restaurant,75203,,,,,,https://www.instagram.com/mixt/?hl=en,No,no_contact_found
Caf OLIVIA,"2200 Ross Ave suite 100, Dallas, TX 75201",https://cafeoliviatx.com,Yes,(214) 238-6216,,1.0,7.0,32.7469953,-96.9005915,organic cafe,Food & Restaurant,75203,,,,,https://www.facebook.com/cafeoliviatx,https://www.instagram.com/cafeoliviatx/,No,no_contact_found
Oak Cliff Nutrition,"613 S Hampton Rd, Dallas, TX 75208",https://engageyourclub.com,Yes,(469) 328-8325,,4.0,1.0,32.7492597,-96.8969738,organic cafe,Food & Restaurant,75203,,,,,,,No,no_contact_found
Company Cafe & Bar,"2104 Greenville Ave, Dallas, TX 75206",https://companycafe.com,Yes,(214) 827-2233,,88.0,1.0,32.8150343,-96.8420329,organic cafe,Food & Restaurant,75203,,,,,https://www.facebook.com/companycafe,https://www.instagram.com/p/CATMtLankNS/,No,no_contact_found
The Nest Craft,"5217 Alpha Rd Ste 155 Ste 155, Dallas, TX 75240",https://thenestcraft.com,Yes,(214) 613-6085,,0.0,56.0,32.9333433,-96.8913206,organic cafe,Food & Restaurant,75203,thenestcraft.dallas@gmail.com,,,thenestcraft.dallas@gmail.com,,https://www.instagram.com/thenestcraft.dallas,Yes,found_homepage
D.L. Mack's,"3699 McKinney Ave ste 106, Dallas, TX 75204",https://dlmacks.com,Yes,(214) 894-7883,,8.0,27.0,32.7934617,-96.8391772,quick service restaurant,Food & Restaurant,75204,,,,,,,No,no_contact_found
Whataburger,"2428 N Haskell Ave., Dallas, TX 75204",https://locations.whataburger.com,Yes,(214) 821-0293,,131.0,5.0,32.7987819,-96.813858,quick service restaurant,Food & Restaurant,75204,,,,,https://www.facebook.com/whataburger,https://instagram.com/whataburger,No,no_contact_found
Chick-fil-A,"1401 Elm St Ste 220, Dallas, TX 75202",https://chick-fil-a.com,Yes,(214) 748-4520,,335.0,1.0,32.7801887,-96.8395419,quick service restaurant,Food & Restaurant,75204,,,,,,,No,no_contact_found
One Tasty Wiener,"3408 Main St, Dallas, TX 75226",https://instagram.com,Yes,(214) 778-9429,,,,32.7853622,-96.8116782,quick service restaurant,Food & Restaurant,75204,,,,,,,No,no_contact_found
Bom Aa,"3400 Ross Ave, Dallas, TX 75204",https://socialsglobal.com,Yes,(214) 395-9874,,6.0,1.0,32.7987194,-96.8139126,quick service restaurant,Food & Restaurant,75204,application@socialsdallas.com,,,application@socialsdallas.com,,,Yes,found_homepage
Golden Chick,"2828 E Ledbetter Dr, Dallas, TX 75216",https://locations.goldenchick.com,Yes,(214) 484-1354,,7.0,15.0,32.6935728,-96.8093953,quick service restaurant,Food & Restaurant,75204,,,,,https://www.facebook.com/GoldenChick/,https://www.instagram.com/goldenchickofficial/,No,no_contact_found
"sweetgreen - Healthy Salads, Bowls and Plates","3636 McKinney Ave Ste 100, Dallas, TX 75204",https://sweetgreen.com,Yes,(214) 833-0802,,4.0,48.0,32.8075283,-96.8331068,quick service restaurant,Food & Restaurant,75204,,,,,http://facebook.com/sweetgreen,https://www.instagram.com/sweetgreen/,No,no_contact_found
Chipotle Mexican Grill,"2705 McKinney Ave, Dallas, TX 75204",https://locations.chipotle.com,Yes,(214) 871-3100,,202.0,1.0,32.8075283,-96.8331068,quick service restaurant,Food & Restaurant,75204,,,,,,,No,no_contact_found
Logan Burger,"4817 Ross Ave, Dallas, TX 75204",https://loganburger.com,Yes,(972) 467-2497,,0.0,9.0,32.8060652,-96.8128345,quick service restaurant,Food & Restaurant,75204,,,,,,,No,no_contact_found
The Meltdown,"4400 N Central Expy, Dallas, TX 75206",https://themeltdown.com,Yes,(214) 824-1269,,,,32.8039028,-96.8359242,quick service restaurant,Food & Restaurant,75204,,,,,,,No,no_contact_found
QuikTrip,"3181 Lemmon Ave E, Dallas, TX 75204",https://locations.quiktrip.com,Yes,(469) 801-2291,,0.0,11.0,32.807489,-96.8347459,quick service restaurant,Food & Restaurant,75204,,,,,https://www.facebook.com/Quiktrip,https://www.instagram.com/quiktrip/,No,no_contact_found
Saquic Taco,"4817 Ross Ave, Dallas, TX 75204",https://saquic-taco.square.site,Yes,(469) 994-4962,,5.0,31.0,32.8060652,-96.8128345,quick service restaurant,Food & Restaurant,75204,,,,,,,No,no_contact_found
The Meltdown,"2030 Market Center Blvd, Dallas, TX 75207",https://themeltdown.com,Yes,(214) 742-2135,,,,32.79859,-96.8610669,quick service restaurant,Food & Restaurant,75204,,,,,,,No,no_contact_found
Hot Lips,"3510 Ross Ave ste 100, Dallas, TX 75204",https://oomikitchen.com,Yes,(469) 372-0396,,,,32.7962347,-96.8236499,quick service restaurant,Food & Restaurant,75204,,,,,,,No,no_contact_found
Jack in the Box,"4210 N Central Expy, Dallas, TX 75206",https://locations.jackinthebox.com,Yes,(214) 823-3650,,399.0,1.0,32.8158294,-96.8245831,quick service restaurant,Food & Restaurant,75204,,,,,https://www.facebook.com/jackinthebox/,https://www.instagram.com/jackinthebox/,No,no_contact_found
Chick-fil-A,"J.G. LaHair @ Baylor Dallas Ed, 3500 Gaston Ave, Dallas, TX 75246",https://chick-fil-a.com,Yes,(214) 820-3215,,4.0,41.0,32.8158294,-96.8245831,quick service restaurant,Food & Restaurant,75204,,,,,,,No,no_contact_found
The Meltdown,"1415 Medical District Dr, Dallas, TX 75207",https://themeltdown.com,Yes,(214) 630-9949,,,,32.808024,-96.8760349,quick service restaurant,Food & Restaurant,75204,,,,,,,No,no_contact_found
Plomo Quesadillas: Henderson Ave,"1802 McMillan Ave, Dallas, TX 75206",https://eatplomo.com,Yes,(214) 730-0021,,9.0,77.0,32.8116482,-96.8105913,quick service restaurant,Food & Restaurant,75204,omar@kasimventures.com,,,omar@kasimventures.com,http://facebook.com/eatplomo,http://instagram.com/eatplomo,Yes,found_homepage
Velvet Taco,"3411 McKinney Ave, Dallas, TX 75204",https://velvettaco.com,Yes,(469) 862-8226,,853.0,2.0,32.8001483,-96.8374574,quick service restaurant,Food & Restaurant,75204,,,,,https://facebook.com/velvettaco/,https://www.instagram.com/velvettaco/,No,no_contact_found
Taco Bell,"2404 N Washington Ave, Dallas, TX 75204",https://locations.tacobell.com,Yes,(214) 821-4866,,444.0,2.0,32.8086608,-96.8329399,quick service restaurant,Food & Restaurant,75204,,,,,https://www.facebook.com/tacobell,https://www.instagram.com/tacobell/,No,no_contact_found
McDonald's,"4151 N Central Expy, Dallas, TX 75206",https://mcdonalds.com,Yes,(214) 219-0562,,22.0,2.0,32.8086608,-96.8329399,quick service restaurant,Food & Restaurant,75204,,,,,https://www.facebook.com/McDonalds/,https://www.instagram.com/wearegolden/,No,no_contact_found
Hudson House,"3699 McKinney Ave Ste 200, Dallas, TX 75204",https://hudsonhouse.com,Yes,(214) 894-7874,,6.0,75.0,32.8075831,-96.8340187,burger restaurant,Food & Restaurant,75204,lascolinas@hudsonhousehp.com,,,lascolinas@hudsonhousehp.com,http://www.facebook.com/HudsonHouseHP,http://instagram.com/thehudsonhouse,Yes,found_subpage
NADC Burger,"2908 McKinney Ave, Dallas, TX 75204",https://nadcburger.com,Yes,(855) 328-6232,,1.0,13.0,32.7803311,-96.8377363,burger restaurant,Food & Restaurant,75204,,,,,https://www.facebook.com/nadcburger/,http://instagram.com/nadcburger,No,no_contact_found
The Peak Inn,"132 N Peak St, Dallas, TX 75226",https://thepeakinndallas.com,Yes,(214) 377-8828,,6.0,31.0,32.7908187,-96.8057507,burger restaurant,Food & Restaurant,75204,joel@thepeakinndallas.com,,,joel@thepeakinndallas.com,https://www.facebook.com/thepeakinn/,https://www.instagram.com/thepeakinn/,Yes,found_homepage
JG's Old Fashioned Hamburgers,"12101 Greenville Ave #109, Dallas, TX 75243",https://jgsburgers.com,Yes,(972) 644-8628,,641.0,2.0,32.9127828,-96.7822837,burger restaurant,Food & Restaurant,75204,,,,,,,No,no_contact_found
The Loon,"3028 N Hall St #179, Dallas, TX 75204",https://theloonbar.com,Yes,(214) 303-1151,,6.0,39.0,32.7843941,-96.8220952,burger restaurant,Food & Restaurant,75204,theloonbar@gmail.com,,,theloonbar@gmail.com,https://www.facebook.com/TheLoonDallas/,http://instagram.com/theloonuptown,Yes,found_subpage
E Bar Tex-Mex,"1901 N Haskell Ave., Dallas, TX 75204",https://ebartexmex.com,Yes,(214) 824-3227,,689.0,2.0,32.7843941,-96.8220952,burger restaurant,Food & Restaurant,75204,,,,,,,No,no_contact_found
Bryan Street Tavern,"4315 Bryan St, Dallas, TX 75204",https://bryanstreettavern.com,Yes,(214) 821-4447,,245.0,1.0,32.7996855,-96.8152962,burger restaurant,Food & Restaurant,75204,jhinkson@taverncompanies.com,,,jhinkson@taverncompanies.com,https://www.facebook.com/100086466991225,https://www.instagram.com/bryanstreettavern/,Yes,found_homepage
Rodeo Cold,"3826 Ross Ave, Dallas, TX 75204",https://rodeo-cold.com,Yes,(214) 446-9296,,2.0,13.0,32.7984418,-96.8211605,burger restaurant,Food & Restaurant,75204,events@rodeo-cold.com,rodeocold@plugpublicrelations.com,,events@rodeo-cold.com | rodeocold@plugpublicrelations.com,,http://instagram.com/rodeocolddtx,Yes,found_homepage
Maple & Motor,"14885 Preston Rd, Dallas, TX 75254",https://mapleandmotor.com,Yes,(214) 905-9400,,7.0,26.0,32.9502764,-96.8401279,burger restaurant,Food & Restaurant,75204,catering@mapleandmotor.com,info@mapleandmotor.com,,catering@mapleandmotor.com | info@mapleandmotor.com,http://www.facebook.com/mapleandmotor,,Yes,found_homepage
MUTTS Canine Cantina - Dallas,"2889 Cityplace W Blvd, Dallas, TX 75204",https://muttscantina.com,Yes,(214) 377-8723,,110.0,1.0,32.80609,-96.8311659,burger restaurant,Food & Restaurant,75204,,,,,,,No,no_contact_found
Hamburgotti's,"1057 S Sherman St, Richardson, TX 75081",https://hamburgottis.com,Yes,(214) 272-7745,,3.0,63.0,32.9378109,-96.7766893,burger restaurant,Food & Restaurant,75204,,,,,,http://instagram.com/hamburgottis,No,no_contact_found
Snuffer's Restaurant & Bar,"3526 Greenville Ave, Dallas, TX 75206",https://snuffers.com,Yes,(214) 826-6850,,93.0,2.0,32.8310835,-96.8058989,burger restaurant,Food & Restaurant,75204,,,,,,,No,no_contact_found
Haystack Burgers and Barley,"6465 E Mockingbird Ln Ste 500, Dallas, TX 75214",https://haystackburgers.com,Yes,(214) 434-1588,,3.0,29.0,32.8370924,-96.7872298,burger restaurant,Food & Restaurant,75204,,,,,https://www.facebook.com/haystackburgers,https://www.instagram.com/haystackburgers/,No,no_contact_found
In-N-Out Burger,"2525 W Mockingbird Ln, Dallas, TX 75235",https://locations.in-n-out.com,Yes,(800) 786-1000,,742.0,4.0,32.8287757,-96.880247,burger restaurant,Food & Restaurant,75204,,,,,https://www.facebook.com/innout,https://www.instagram.com/innout,No,no_contact_found
Uptown Pub,"3605 McKinney Ave, Dallas, TX 75204",https://uptownpubdtx.com,Yes,(214) 522-5100,,9.0,70.0,32.8073249,-96.8337195,burger restaurant,Food & Restaurant,75204,,,,,,,No,no_contact_found
Goff's Hamburgers,"3032 Mockingbird Ln, Dallas, TX 75205",https://goffshamburgers.com,Yes,(214) 520-9133,,7.0,22.0,32.8371133,-96.8162348,burger restaurant,Food & Restaurant,75204,goffscatering@gmail.com,,,goffscatering@gmail.com,https://www.facebook.com/GoffsHamburgers,,Yes,found_homepage
Slider & Blues,"6309 Hillcrest Ave, Dallas, TX 75205",https://sliderandblues.com,Yes,(469) 443-4693,,2.0,13.0,32.8431017,-96.8235059,burger restaurant,Food & Restaurant,75204,snider@sliderandblues.com,,,snider@sliderandblues.com,,https://www.instagram.com/sliderandblues/,Yes,found_subpage
Mendocino Farms,"3700 McKinney Ave, Dallas, TX 75204",https://mendocinofarms.com,Yes,(972) 993-2792,,5.0,22.0,32.787222,-96.8314687,chicken sandwich shop,Food & Restaurant,75204,,,,,,,No,no_contact_found
Hattie B's Hot Chicken,"3827 Lemmon Ave, Dallas, TX 75219",https://hattieb.com,Yes,(469) 425-8100,,593.0,1.0,32.8124257,-96.8427766,chicken sandwich shop,Food & Restaurant,75204,amy@hattieb.com,,,amy@hattieb.com,https://www.facebook.com/HattieBsHotChicken,https://www.instagram.com/hattiebs/,Yes,found_homepage
Bodega Sandwiches & Wraps,"3510 Ross Ave ste 100, Dallas, TX 75204",https://oomikitchen.com,Yes,(469) 372-0396,,,,32.7962347,-96.8236499,chicken sandwich shop,Food & Restaurant,75204,,,,,,,No,no_contact_found
Pine Isle,"2325 N Fitzhugh Ave Suite 104, Dallas, TX 75204",https://alohapineisle.com,Yes,(214) 272-9163,,8.0,24.0,32.8108338,-96.8182011,chicken sandwich shop,Food & Restaurant,75204,,,,,,https://www.instagram.com/pine.isle?igsh=bTB6d2xieXMxZ2Jz,No,no_contact_found
McAlister's Deli,"4101 Lemmon Ave, Dallas, TX 75219",https://locations.mcalistersdeli.com,Yes,(469) 718-5500,,5.0,68.0,32.8148554,-96.8456805,chicken sandwich shop,Food & Restaurant,75204,,,,,https://www.facebook.com/mcalistersdeli,https://www.instagram.com/mcalistersdeli/,No,no_contact_found
Blackfriar Pub,"2621 McKinney Ave, Dallas, TX 75204",https://blackfriarpub.com,Yes,(214) 953-0599,,2.0,96.0,32.8101082,-96.8465137,chicken sandwich shop,Food & Restaurant,75204,,,,,https://www.facebook.com/blackfriarpubdallas,https://www.instagram.com/blackfriarpubdallas/,No,no_contact_found
Trailer Birds,"4610 N Central Expy, Dallas, TX 75206",https://trailerbirds.com,Yes,(214) 370-4550,,9.0,1.0,32.7996898,-96.8367203,chicken sandwich shop,Food & Restaurant,75204,,,,,https://www.facebook.com/trailerbirdsofficial,https://www.instagram.com/trailerbirds/,No,no_contact_found
River Pig Saloon,"1720 Greenville Ave, Dallas, TX 75206",https://riverpigsaloon.com,Yes,(214) 272-3135,,3.0,23.0,32.8013563,-96.8218269,chicken sandwich shop,Food & Restaurant,75204,,,,,https://www.facebook.com/RiverPigSaloon,http://instagram.com/riverpigsaloon,No,no_contact_found
Elle Dallas,"3113 Ross Ave, Dallas, TX 75204",https://elledallas.com,Yes,(214) 272-9476,,0.0,5.0,32.8013563,-96.8218269,chicken sandwich shop,Food & Restaurant,75204,elledallas3113@gmail.com,,,elledallas3113@gmail.com,,,Yes,found_subpage
East Hampton Sandwich Co.,"3888 Oak Lawn Ave #100, Dallas, TX 75219",https://ehsandwich.com,Yes,(214) 443-7925,,9.0,56.0,32.7933716,-96.8381798,chicken sandwich shop,Food & Restaurant,75204,,,,,,,No,no_contact_found
Two Hands,"2681 Howell St, Dallas, TX 75204",https://twohandshospitality.com,Yes,(469) 981-7765,,3.0,20.0,32.8001483,-96.8374574,chicken sandwich shop,Food & Restaurant,75204,dallas@twohandshospitality.com,,,dallas@twohandshospitality.com,https://www.facebook.com/TwoHandsRestaurant,https://www.instagram.com/twohandsrestaurant/,Yes,found_subpage
Thomas Avenue Beverage Co,"2901 Thomas Ave, Dallas, TX 75204",https://tabctavern.com,Yes,(972) 765-3560,,5.0,8.0,32.8058968,-96.8347766,chicken sandwich shop,Food & Restaurant,75204,manager@tabctavern.com,,,manager@tabctavern.com,https://www.facebook.com/tabctavern,https://www.instagram.com/tabctavern,Yes,found_homepage
bb.q Chicken Lower Greenville (Dallas),"1811 Greenville Ave #145, Dallas, TX 75206",https://bbqchicken.com,Yes,(214) 468-4349,,5.0,46.0,32.7958828,-96.813294,fried chicken restaurant,Food & Restaurant,75204,gm@bbqktown.com,,,gm@bbqktown.com,https://www.facebook.com/bbqchickenus,https://www.instagram.com/bbqchickenus/,Yes,found_subpage
Clucky's Damn Good Chicken,"3510 Ross Ave ste 100, Dallas, TX 75204",https://oomikitchen.com,Yes,(469) 372-0396,,,,32.787222,-96.8314687,fried chicken restaurant,Food & Restaurant,75204,info@oomikitchen.com,,,info@oomikitchen.com,https://www.facebook.com/oomikitchen,https://www.instagram.com/oomikitchen/,Yes,found_homepage
Another Broken Egg Cafe,"3223 Lemmon Ave #103, Dallas, TX 75204",https://anotherbrokenegg.com,Yes,(972) 803-6323,,5.0,11.0,32.7996898,-96.8367203,fried chicken restaurant,Food & Restaurant,75204,,,,,https://www.facebook.com/AnotherBrokenEgg/,https://www.instagram.com/anotherbrokenegg/,No,no_contact_found
Louisiana Famous Fried Chicken,"9751 Walnut St #122, Dallas, TX 75243",https://louisianafamousfriedchicken-walnut.com,Yes,(469) 217-9274,,1.0,20.0,32.9239514,-96.7550366,fried chicken restaurant,Food & Restaurant,75204,lfcwalnutstreet122@gmail.com,,,lfcwalnutstreet122@gmail.com,,,Yes,found_homepage
Mike's Chicken,"7752 Forest Ln, Dallas, TX 75230",https://mikeschicken.co,Yes,(214) 377-9692,,3.0,94.0,32.9091717,-96.8092748,fried chicken restaurant,Food & Restaurant,75204,hello@mikeschicken.co,,,hello@mikeschicken.co,https://www.facebook.com/mikeschicken/,https://www.instagram.com/mikeschickendallas/,Yes,found_homepage
HG Sply Co.,"2008 Greenville Ave, Dallas, TX 75206",https://hgsplyco.com,Yes,(469) 334-0895,,214.0,5.0,32.8141738,-96.8059004,fried chicken restaurant,Food & Restaurant,75204,marketing@unco.com,,,marketing@unco.com,https://www.facebook.com/hgsplyco,https://www.instagram.com/hgsplyco/?hl=en,Yes,found_homepage
Charlie's Creole Kitchen,"2129 Greenville Ave, Dallas, TX 75206",https://charliescreolekitchentexas.com,Yes,(214) 821-8890,,8.0,91.0,32.8161517,-96.8065976,fried chicken restaurant,Food & Restaurant,75204,,,,,,,No,no_contact_found
Stoner's Pizza Joint,"2325 N Fitzhugh Ave, Dallas, TX 75204",https://stonerspizzajoint.com,Yes,(214) 736-7669,,9.0,26.0,32.7965785,-96.8328806,hot wings restaurant,Food & Restaurant,75204,info@stonerspizzajoint.com,,,info@stonerspizzajoint.com,https://www.facebook.com/stonerspizzajoint,https://www.instagram.com/stonerspizzajoint/,Yes,found_homepage
Buffalo Wild Wings,"4140 Lemmon Ave Suite 176, Dallas, TX 75219",https://buffalowildwings.com,Yes,(214) 520-7067,,760.0,1.0,32.7965785,-96.8328806,hot wings restaurant,Food & Restaurant,75204,,,,,,,No,no_contact_found
Juju's Wings and Daiquiri,"4201 Gaston Ave #104, Dallas, TX 75246",https://jujuswingsanddaiquiri.com,Yes,(214) 846-4564,,5.0,6.0,32.7951504,-96.8123428,hot wings restaurant,Food & Restaurant,75204,contact@jujuswingsanddaiquiri.com,,,contact@jujuswingsanddaiquiri.com,https://www.facebook.com/profile.php?id=61572412300371&mibextid=wwXIfr&mibextid=wwXIfr,https://www.instagram.com/jujus.wings,Yes,found_homepage
Wingstop,"5334 Ross Ave Ste 600, Dallas, TX 75206",https://wingstop.com,Yes,(214) 821-9464,,4.0,87.0,32.8096143,-96.806667,hot wings restaurant,Food & Restaurant,75204,,,,,,,No,no_contact_found
Wingstop,"4411 Lemmon Ave Ste 100, Dallas, TX 75219",https://wingstop.com,Yes,(214) 219-9464,,1.0,66.0,32.8179593,-96.8492813,hot wings restaurant,Food & Restaurant,75204,,,,,,,No,no_contact_found
Hideaway on Henderson,"2405 N Henderson Ave, Dallas, TX 75206",https://henderson.myhideawaydallas.com,Yes,(972) 685-3440,,5.0,27.0,32.7951237,-96.8249913,hot wings restaurant,Food & Restaurant,75204,,,,,,,No,no_contact_found
Backyard - Dallas,"505 N Good Latimer Expy, Dallas, TX 75204",https://backyarddallas.com,Yes,(469) 250-0873,,812.0,1.0,32.7951237,-96.8249913,hot wings restaurant,Food & Restaurant,75204,,,,,,,No,no_contact_found
Dallasite Billiards,"4822 Bryan St, Dallas, TX 75204",https://dallasitetx.com,Yes,,,3.0,51.0,32.7951237,-96.8249913,hot wings restaurant,Food & Restaurant,75204,,,,,,,No,no_contact_found
The Playwright Irish Pub,"1722 Routh St STE 102, Dallas, TX 75201",https://playwrightdallaspub.com,Yes,(214) 272-7316,,7.0,61.0,32.791762,-96.8317653,hot wings restaurant,Food & Restaurant,75204,,,,,,,No,no_contact_found
Lifes Good Bar & Grill,"3619 Greenville Ave, Dallas, TX 75206",https://lifesgooddtx.com,Yes,(469) 778-0197,,1.0,53.0,32.831581,-96.806363,hot wings restaurant,Food & Restaurant,75204,,,,,,,No,no_contact_found
Cosmo's,"1212 Skillman St, Dallas, TX 75206",https://cosmosloungedallas.com,Yes,(214) 826-4200,,3.0,63.0,32.7987194,-96.8139126,hot wings restaurant,Food & Restaurant,75204,cosmosbardallas@gmail.com,,,cosmosbardallas@gmail.com,https://www.facebook.com/Cosmos-Restaurant-Bar-115694085120780,,Yes,found_homepage
Katy Trail Ice House,"3127 Routh St, Dallas, TX 75201",https://katyicehouse.com,Yes,(214) 468-0600,,783.0,3.0,32.7934617,-96.9473239,hot dog stand,General,75204,,,,,https://www.facebook.com/Katyicehouse,https://www.instagram.com/katytrailicehouse/?hl=en,No,no_contact_found
Cold Beer Company,"3600 Main St, Dallas, TX 75226",https://coldbeerco.com,Yes,(214) 952-2068,,0.0,52.0,32.7934617,-96.9473239,hot dog stand,General,75204,info@coldbeerco.com,,,info@coldbeerco.com,,https://www.instagram.com/coldbeerco,Yes,found_homepage
Burgundy's Local,"3314 Ross Ave, Dallas, TX 75204",https://burgundypasturebeef.com,Yes,(972) 707-7241,,8.0,14.0,32.7965785,-96.9410273,hot dog stand,General,75204,,,,,https://facebook.com/BurgundysLocalDallas/,,No,no_contact_found
7-Eleven,"4024 Ross Ave @, N Haskell Ave., Dallas, TX 75204",https://7-eleven.com,Yes,(214) 826-4046,,4.0,4.0,32.7965785,-96.9410273,hot dog stand,General,75204,,,,,https://www.facebook.com/7Eleven,https://www.instagram.com/7eleven/,No,no_contact_found
Woof Tone Inn & Spa,"1719 N Fitzhugh Ave, Dallas, TX 75204",https://wooftoneinnspa.com,Yes,(469) 620-1763,,3.0,6.0,32.7965785,-96.9410273,hot dog stand,General,75204,reception@wooftoneinnspa.com,,,reception@wooftoneinnspa.com,https://www.facebook.com/profile.php?id=61558483300276,https://www.instagram.com/explore/locations/297312703463213/woof-tone-inn-spa/,Yes,found_homepage
7-Eleven,"4301 Ross Ave, Dallas, TX 75204",https://7-eleven.com,Yes,(214) 824-2489,,1.0,7.0,32.7965785,-96.9410273,hot dog stand,General,75204,,,,,https://www.facebook.com/7Eleven,https://www.instagram.com/7eleven/,No,no_contact_found
Sonic Drive-In,"3023 Inwood Rd, Dallas, TX 75235",https://sonicdrivein.com,Yes,(214) 350-4077,,921.0,1.0,32.7965785,-96.9410273,hot dog stand,General,75204,,,,,,,No,no_contact_found
Stoneleigh P,"4218 Lemmon Ave, Dallas, TX 75219",https://thestoneleighp.com,Yes,(214) 871-2346,,3.0,76.0,32.7965785,-96.9410273,hot dog stand,General,75204,,,,,,,No,no_contact_found
Dog Haus,"5665 E Mockingbird Ln, Dallas, TX 75206",https://dallas.doghaus.com,Yes,(945) 306-6444,,6.0,9.0,32.7965785,-96.9410273,hot dog stand,General,75204,,,,,https://www.facebook.com/doghausdogs,https://www.instagram.com/doghausdogs/,No,no_contact_found
La Victoria,"1605 N Haskell Ave., Dallas, TX 75204",https://facebook.com,Yes,(214) 827-0101,,164.0,1.0,32.7965785,-96.9410273,hot dog stand,General,75204,,,,,,,No,no_contact_found
Off The Cuff,"2901 Elm St, Dallas, TX 75226",https://otcdallas.com,Yes,(469) 237-0918,,6.0,44.0,32.7965785,-96.9410273,hot dog stand,General,75204,info@otcdallas.com,,,info@otcdallas.com,https://www.facebook.com/offthecuffdallas/,https://www.instagram.com/offthecuffdallas/,Yes,found_homepage
7-Eleven,"2503 Lemmon Ave, Dallas, TX 75204",https://7-eleven.com,Yes,(214) 370-9481,,5.0,11.0,32.7965785,-96.9410273,hot dog stand,General,75204,,,,,https://www.facebook.com/7Eleven,https://www.instagram.com/7eleven/,No,no_contact_found
Velvet Taco,"2556 Elm St, Dallas, TX 75226",https://velvettaco.com,Yes,(214) 329-0663,,759.0,6.0,32.7965785,-96.9410273,hot dog stand,General,75204,,,,,https://facebook.com/velvettaco/,https://www.instagram.com/velvettaco/,No,no_contact_found
I Want That One,"2410 N Haskell Ave., Dallas, TX 75204",https://iwantthatone.net,Yes,(214) 258-5196,,5.0,2.0,32.7965785,-96.9410273,hot dog stand,General,75204,info@iwantthatone.net,,,info@iwantthatone.net,https://www.facebook.com/people/I-Want-That-One/61557128605128/#,https://www.instagram.com/iwantthatone_dallas/,Yes,found_homepage
North Texas Cowboy Cleaners,"4302 Ross Ave apt 4014, Dallas, TX 75204",https://northtexascowboycleaners.com,Yes,(214) 571-7074,,9.0,38.0,32.7965785,-96.9410273,hot dog stand,General,75204,support@northtexascowboycleaners.com,,,support@northtexascowboycleaners.com,,,Yes,found_homepage
7-Eleven,"3712 Live Oak St, Dallas, TX 75204",https://7-eleven.com,Yes,(214) 315-1186,,0.0,7.0,32.7965785,-96.9410273,hot dog stand,General,75204,,,,,https://www.facebook.com/7Eleven,https://www.instagram.com/7eleven/,No,no_contact_found
7-Eleven,"2711 McKinney Ave, Dallas, TX 75204",https://7-eleven.com,Yes,(214) 999-0877,,5.0,4.0,32.7965785,-96.9410273,hot dog stand,General,75204,,,,,https://www.facebook.com/7Eleven,https://www.instagram.com/7eleven/,No,no_contact_found
Whataburger,"5500 Lemmon Ave, Dallas, TX 75209",https://locations.whataburger.com,Yes,(214) 521-3870,,621.0,2.0,32.8286879,-96.8965533,drive through restaurant,Food & Restaurant,75204,,,,,https://www.facebook.com/whataburger,https://instagram.com/whataburger,No,no_contact_found
McDonald's,"5403 Ross Ave, Dallas, TX 75206",https://mcdonalds.com,Yes,(214) 827-6800,,669.0,1.0,32.8072428,-96.8463387,drive through restaurant,Food & Restaurant,75204,,,,,https://www.facebook.com/McDonalds/,https://www.instagram.com/wearegolden/,No,no_contact_found
Wendy's,"4018 Lemmon Ave, Dallas, TX 75219",https://locations.wendys.com,Yes,(214) 272-0842,,560.0,1.0,32.8144834,-96.8802211,drive through restaurant,Food & Restaurant,75204,,,,,https://www.facebook.com/wendys/,https://www.instagram.com/wendys/#,No,no_contact_found
Burger King,"5119 Ross Ave, Dallas, TX 75206",https://burgerking.com,Yes,(469) 334-0058,,1.0,92.0,32.8144834,-96.8802211,drive through restaurant,Food & Restaurant,75204,,,,,,,No,no_contact_found
Taco Cabana,"3923 Lemmon Ave, Dallas, TX 75219",https://tacocabana.com,Yes,(214) 522-3770,,857.0,1.0,32.8144834,-96.8802211,drive through restaurant,Food & Restaurant,75204,customercontact@tacocabana.com,,,customercontact@tacocabana.com,https://www.facebook.com/TacoCabana/,https://instagram.com/tacocabana,Yes,found_subpage
Whataburger,"2741 N Stemmons Fwy, Dallas, TX 75207",https://locations.whataburger.com,Yes,(214) 630-1210,,537.0,4.0,32.8089721,-96.9192823,drive through restaurant,Food & Restaurant,75204,,,,,https://www.facebook.com/whataburger,https://instagram.com/whataburger,No,no_contact_found
McDonald's,"5337 E Grand Ave, Dallas, TX 75223",https://mcdonalds.com,Yes,(972) 853-8408,,220.0,2.0,32.8049456,-96.8493371,drive through restaurant,Food & Restaurant,75204,,,,,https://www.facebook.com/McDonalds/,https://www.instagram.com/wearegolden/,No,no_contact_found
McDonald's,"3310 Al Lipscomb Way, Dallas, TX 75210",https://mcdonalds.com,Yes,(214) 428-7470,,766.0,2.0,32.8049456,-96.8493371,drive through restaurant,Food & Restaurant,75204,,,,,https://www.facebook.com/McDonalds/,https://www.instagram.com/wearegolden/,No,no_contact_found
Jack in the Box,"6308 Gaston Ave, Dallas, TX 75214",https://locations.jackinthebox.com,Yes,(214) 484-1088,,7.0,84.0,32.8049456,-96.8493371,drive through restaurant,Food & Restaurant,75204,,,,,https://www.facebook.com/jackinthebox/,https://www.instagram.com/jackinthebox/,No,no_contact_found
In-N-Out Burger,"7940 N Central Expy, Dallas, TX 75206",https://locations.in-n-out.com,Yes,(800) 786-1000,,105.0,6.0,32.8599846,-96.8414604,drive through restaurant,Food & Restaurant,75204,,,,,https://www.facebook.com/innout,https://www.instagram.com/innout,No,no_contact_found
Taco Bell,"4341 Lemmon Ave, Dallas, TX 75219",https://locations.tacobell.com,Yes,(214) 443-7828,,20.0,1.0,32.8174561,-96.8846631,drive through restaurant,Food & Restaurant,75204,,,,,https://www.facebook.com/tacobell,https://www.instagram.com/tacobell/,No,no_contact_found
Taco Bell - Live Ms Caf,"5506 E Mockingbird Ln, Dallas, TX 75206",https://locations.tacobell.com,Yes,(214) 821-5751,,241.0,1.0,32.8362658,-96.8453846,drive through restaurant,Food & Restaurant,75204,,,,,https://www.facebook.com/tacobell,https://www.instagram.com/tacobell/,No,no_contact_found
Jason Pizza,"4817 Ross Ave, Dallas, TX 75204",https://jason-pizza.square.site,Yes,(972) 467-4123,,,,32.8362658,-96.8453846,drive through restaurant,Food & Restaurant,75204,,,,,,,No,no_contact_found
In-N-Out Burger,"7909 Lyndon B Johnson Fwy, Dallas, TX 75240",https://locations.in-n-out.com,Yes,(800) 786-1000,,39.0,6.0,32.9252848,-96.8427185,drive through restaurant,Food & Restaurant,75204,,,,,https://www.facebook.com/innout,https://www.instagram.com/innout,No,no_contact_found
Wild Italian pizza,"4817 Ross Ave, Dallas, TX 75204",https://wilditalianpizza.com,Yes,,,,,32.847426,-96.8592492,drive through restaurant,Food & Restaurant,75204,,,,,,,No,no_contact_found
El Atoron,"5004 Columbia Ave Dallas Tx 75214, Dallas, TX 75206",https://elatorondallas.com,Yes,(214) 887-8846,,503.0,1.0,32.7964839,-96.8335628,drive through restaurant,Food & Restaurant,75204,,,,,,,No,no_contact_found
Starbucks Coffee Company,"4025 Gaston Ave, Dallas, TX 75246",https://starbucks.com,Yes,(214) 824-3675,,81.0,1.0,32.7905545,-96.8732837,drive through restaurant,Food & Restaurant,75204,press@starbucks.com,pressemea@starbucks.com,investorrelations@starbucks.com,press@starbucks.com | pressemea@starbucks.com | investorrelations@starbucks.com | partnerships@starbucks.com,https://facebook.com/starbucks,https://instagram.com/starbucks,Yes,found_subpage
Starbucks Coffee Company,"3699 McKinney Ave, Dallas, TX 75204",https://starbucks.com,Yes,(214) 219-1735,,1.0,58.0,32.80834,-96.8701778,drive through restaurant,Food & Restaurant,75204,press@starbucks.com,pressemea@starbucks.com,investorrelations@starbucks.com,press@starbucks.com | pressemea@starbucks.com | investorrelations@starbucks.com | partnerships@starbucks.com,https://facebook.com/starbucks,https://instagram.com/starbucks,Yes,found_subpage
Jack in the Box,"6355 E Mockingbird Ln, Dallas, TX 75214",https://locations.jackinthebox.com,Yes,(214) 826-7320,,3.0,62.0,32.8368189,-96.8254388,drive through restaurant,Food & Restaurant,75204,,,,,https://www.facebook.com/jackinthebox/,https://www.instagram.com/jackinthebox/,No,no_contact_found
Starbucks Coffee Company,"2800 Oak Lawn Ave, Dallas, TX 75219",https://starbucks.com,Yes,(214) 219-0369,,7.0,60.0,32.8069593,-96.8828441,drive through restaurant,Food & Restaurant,75204,press@starbucks.com,pressemea@starbucks.com,investorrelations@starbucks.com,press@starbucks.com | pressemea@starbucks.com | investorrelations@starbucks.com | partnerships@starbucks.com,https://facebook.com/starbucks,https://instagram.com/starbucks,Yes,found_subpage
Starbucks Coffee Company,"4023 Lemmon Ave, Dallas, TX 75219",https://starbucks.com,Yes,(469) 923-0018,,9.0,53.0,32.8140756,-96.8807227,drive through restaurant,Food & Restaurant,75204,press@starbucks.com,pressemea@starbucks.com,investorrelations@starbucks.com,press@starbucks.com | pressemea@starbucks.com | investorrelations@starbucks.com | partnerships@starbucks.com,https://facebook.com/starbucks,https://instagram.com/starbucks,Yes,found_subpage
Shell,"2801 N Fitzhugh Ave, Dallas, TX 75204",https://find.shell.com,Yes,(214) 887-0714,,5.0,5.0,32.8140756,-96.8807227,drive through restaurant,Food & Restaurant,75204,,,,,,,No,no_contact_found
Dairy-Ette,"9785 Ferguson Rd, Dallas, TX 75228",https://dairyette.shop,Yes,(214) 327-9983,,364.0,1.0,32.8211143,-96.751808,drive through restaurant,Food & Restaurant,75204,wherevi.com@gmail.com,,,wherevi.com@gmail.com,,,Yes,found_homepage
Shell,"2324 McKinney Ave, Dallas, TX 75201",https://find.shell.com,Yes,(469) 248-3149,,9.0,23.0,32.8032772,-96.8511343,drive through restaurant,Food & Restaurant,75204,,,,,,,No,no_contact_found
Eatzis Market & Bakery,"3403 Oak Lawn Ave, Dallas, TX 75219",https://eatzis.com,Yes,(214) 526-1515,,642.0,3.0,32.8032772,-96.8511343,drive through restaurant,Food & Restaurant,75204,,,,,,,No,no_contact_found
Easy Slider,"3905 Eastside Ave, Dallas, TX 75226",https://easyslidertexas.com,Yes,(469) 917-7111,,4.0,5.0,32.7884964,-97.9557857,food truck,Food & Restaurant,75204,info@easyslidertexas.com,,,info@easyslidertexas.com,https://www.facebook.com/people/Easy-Slider/100063592390037/,https://www.instagram.com/easyslidertx/?hl=en,Yes,found_homepage
MyPiesPizzeria LLC,"5601 Sears St, Dallas, TX 75206",https://mypiespizzeria.com,Yes,(214) 302-9828,,4.0,1.0,32.7884964,-97.9557857,food truck,Food & Restaurant,75204,,,,,,,No,no_contact_found
Food Tours Of America - Dallas,"3839 McKinney Ave, Dallas, TX 75204",https://foodtoursofamerica.com,Yes,(214) 272-2327,,5.0,75.0,32.7884964,-97.9557857,food truck,Food & Restaurant,75204,,,,,,,No,no_contact_found
The Hamburger Man,"3930 Cedar Springs Rd, Dallas, TX 75219",https://thehamburgerman.com,Yes,(214) 522-1223,,7.0,10.0,32.7884964,-97.9557857,food truck,Food & Restaurant,75204,catering@thehamburgerman.com,,,catering@thehamburgerman.com,https://www.facebook.com/p/Th…Man-100076056502863/,https://www.instagram.com/exp…amburger-man/recent/,Yes,found_homepage
365 Tacos,"2801 N Fitzhugh Ave, Dallas, TX 75204",https://365tacos.com,Yes,(214) 887-0714,,2.0,9.0,32.7987194,-97.9314282,food truck,Food & Restaurant,75204,,,,,https://www.facebook.com/three65tacos,https://www.instagram.com/three65tacos,No,no_contact_found
El Come Taco,"2513 N Fitzhugh Ave, Dallas, TX 75204",https://elcometaco.com,Yes,(214) 821-3738,,266.0,1.0,32.7987194,-97.9314282,food truck,Food & Restaurant,75204,info@elcometaco.com,,,info@elcometaco.com,https://www.facebook.com/Come-Taco-367170943406470/,https://www.instagram.com/elcometaco/,Yes,found_homepage
Tacos Y Mas,"5419 Ross Ave, Dallas, TX 75206",https://tacosymas.com,Yes,(214) 217-4390,,301.0,1.0,32.7987194,-97.9314282,food truck,Food & Restaurant,75204,info@tacosymas.com,,,info@tacosymas.com,https://facebook.com/tacosymastx,https://instagram.com/tacosymastx,Yes,found_subpage
Chelsea Corner,"4830 McKinney Ave, Dallas, TX 75205",https://chelseacornerdallas.com,Yes,(469) 726-2211,,323.0,1.0,32.7987194,-97.9314282,food truck,Food & Restaurant,75204,info@chelseacorner.com,,,info@chelseacorner.com,https://www.facebook.com/chelseacorner/,https://www.instagram.com/chelseacornerdallas/,Yes,found_homepage
Klyde Warren Park,"2012 Woodall Rodgers Fwy, Dallas, TX 75201",https://klydewarrenpark.org,Yes,(214) 716-4500,,658.0,18.0,32.7987194,-97.9314282,food truck,Food & Restaurant,75204,,,,,https://www.facebook.com/KlydeWarrenParkDallas,https://www.instagram.com/p/DXMzPVQAMKx/,No,no_contact_found
Punch Drunk Chef Meal Prep,"2505 N Fitzhugh Ave, Dallas, TX 75204",https://pdcmealprep.com,Yes,(469) 921-5436,,9.0,13.0,32.7987194,-97.9314282,food truck,Food & Restaurant,75204,info@pdcmealprep.com,,,info@pdcmealprep.com,,http://www.instagram.com/pdcmealprep,Yes,found_subpage
Urban Taco,"3510 Ross Ave ste 100, Dallas, TX 75204",https://oomikitchen.com,Yes,(469) 372-0396,,4.0,83.0,32.7987194,-97.9314282,food truck,Food & Restaurant,75204,info@oomikitchen.com,,,info@oomikitchen.com,https://www.facebook.com/oomikitchen,https://www.instagram.com/oomikitchen/,Yes,found_homepage
EL Paisano,"305 S Carroll Ave, Dallas, TX 75226",https://el-paisano.shop,Yes,,,655.0,2.0,32.7987194,-97.9314282,food truck,Food & Restaurant,75204,localoria.com@gmail.com,,,localoria.com@gmail.com,,,Yes,found_homepage
Taco Joint Peak,"911 N Peak St, Dallas, TX 75204",https://thetacojoint.com,Yes,(214) 826-8226,,9.0,95.0,32.7987194,-97.9314282,food truck,Food & Restaurant,75204,,,,,https://www.facebook.com/thetacojointdallas,https://www.instagram.com/thetacojoint/,No,no_contact_found
LazrTek Truck Wash,"3232 McKinney Ave Suite 500, Dallas, TX 75204",https://lazrtek.com,Yes,(469) 536-8478,,,,32.7987194,-97.9314282,food truck,Food & Restaurant,75204,,,,,,,No,no_contact_found
Joe Leo Fine Tex Mex,"2722 N Fitzhugh Ave, Dallas, TX 75204",https://joeleotexmex.com,Yes,(214) 363-2699,,9.0,97.0,32.7987194,-97.9314282,food truck,Food & Restaurant,75204,,,,,https://www.facebook.com/joeleotexmex,https://www.instagram.com/joeleotexmex,No,no_contact_found
Oh Balls! Food Truck,"120 S Sylvania Ave, Fort Worth, TX 76111",https://ohballstx.com,Yes,(817) 937-5435,,1.0,7.0,32.7987194,-97.9314282,food truck,Food & Restaurant,75204,,,,,https://www.facebook.com/447077365734659,https://www.instagram.com/ohballstx,No,no_contact_found
Exxon,"2503 Lemmon Ave, Dallas, TX 75204",https://exxon.com,Yes,(214) 824-1202,,0.0,64.0,32.7870529,-97.9524595,mobile food vendor,Food & Restaurant,75204,emrewards@chd.exxonmobilsupport.com,,,emrewards@chd.exxonmobilsupport.com,,,Yes,found_subpage
Lakewood Tower Farmers Market,"6301 Gaston Ave, Dallas, TX 75214",https://goodlocalmarkets.org,Yes,(440) 387-1959,,,,32.7870529,-97.9524595,mobile food vendor,Food & Restaurant,75204,info@goodlocalmarkets.org,,,info@goodlocalmarkets.org,https://www.facebook.com/goodlocalmarkets/,https://www.instagram.com/goodlocalmarkets/,Yes,found_homepage
Carl's Kitchen,"1401 E Arapaho Rd suite d, Richardson, TX 75081",https://carlskitchen.biz,Yes,(469) 504-8793,,7.0,7.0,32.7794769,-97.9533017,mobile food vendor,Food & Restaurant,75204,carlskitchen1401@gmail.com,wichcamefirst@gmail.com,,carlskitchen1401@gmail.com | wichcamefirst@gmail.com,https://www.facebook.com/people/Carls-Kitchen/100076940705508/,https://www.instagram.com/carlskitchentx/?hl=en,Yes,found_homepage
Extreme Mobile Services Inc.,"2202 Manana Dr suite 130, Dallas, TX 75220",https://extrememobileservices.com,Yes,(214) 488-1237,,4.0,4.0,32.7794769,-97.9533017,mobile food vendor,Food & Restaurant,75204,,,,,,,No,no_contact_found
Farmers Market,"909 S Pearl Expy, Dallas, TX 75201",https://dallasfarmersmarket.org,Yes,(214) 748-1293,,0.0,9.0,32.7794769,-97.9533017,mobile food vendor,Food & Restaurant,75204,,,,,,,No,no_contact_found
La Parada,"2000 Woodall Rodgers Fwy, Dallas, TX 75201",https://laparadaonthepark.com,Yes,(214) 531-6062,,9.0,3.0,32.7794769,-97.9533017,mobile food vendor,Food & Restaurant,75204,,,,,https://www.facebook.com/MiCocinaTexmex,https://www.instagram.com/micocina/,No,no_contact_found
The Underground Market on Alta Avenue,"5600 Alta Ave, Dallas, TX 75206",https://theundergroundmrkt.com,Yes,,,,,32.7794769,-97.9533017,mobile food vendor,Food & Restaurant,75204,hello@theundergroundmrkt.com,,,hello@theundergroundmrkt.com,https://www.facebook.com/theundergroundmrkt/,https://www.instagram.com/undergroundmrkt/,Yes,found_homepage
Mobil,"S Lamar & Powhattan, Dallas, TX 75215",https://exxon.com,Yes,(972) 828-0711,,0.0,39.0,32.7794769,-97.9533017,mobile food vendor,Food & Restaurant,75204,emrewards@chd.exxonmobilsupport.com,,,emrewards@chd.exxonmobilsupport.com,,,Yes,found_subpage
Oncor Electric Delivery - Headquarters,"1616 Woodall Rodgers Fwy, Dallas, TX 75202",https://oncor.com,Yes,(888) 313-6862,,6.0,23.0,32.7794769,-97.9533017,mobile food vendor,Food & Restaurant,75204,,,,,,,No,no_contact_found
The Underground Market,"5700 Oram St, Dallas, TX 75206",https://linktr.ee,Yes,,,2.0,1.0,32.7794769,-97.9533017,mobile food vendor,Food & Restaurant,75204,support@linktr.ee,,,support@linktr.ee,,https://www.instagram.com/linktr.ee/,Yes,found_subpage
Artisan Street Markets,"5000 Matilda St, Dallas, TX 75206",https://artisanstreetmarkets.com,Yes,,,,,32.8313475,-97.9239912,mobile food vendor,Food & Restaurant,75204,,,,,,,No,no_contact_found
Scardello Artisan Cheese,"911 S Pearl Expy, Dallas, TX 75201",https://scardellocheese.com,Yes,(214) 219-1300,,1.0,4.0,32.8313475,-97.9239912,mobile food vendor,Food & Restaurant,75204,,,,,,,No,no_contact_found
Chevron,"4423 Live Oak St, Dallas, TX 75204",https://chevron.com,Yes,(855) 285-9595,,4.0,1.0,32.8313475,-97.9239912,mobile food vendor,Food & Restaurant,75204,chvcips@chevron.com,,,chvcips@chevron.com,https://www.facebook.com/Chevron,https://www.instagram.com/chevron,Yes,found_subpage
ELOTE Co. Mexican Snacks,"1952 N Harwood St, Dallas, TX 75201",https://mexicansnaks.com,Yes,,,5.0,1.0,32.7802329,-96.828101,street food vendor,Food & Restaurant,75204,,,,,,,No,no_contact_found
Incloodie Food Tours Dallas,"325 North St. Paul Street Suite 3100, Dallas, TX 75201",https://incloodiefoodtour.com,Yes,(682) 422-6927,,8.0,20.0,32.783334,-96.8334065,street food vendor,Food & Restaurant,75204,info@incloodiefoodtour.com,,,info@incloodiefoodtour.com,https://www.facebook.com/incloodiefoodtour,https://www.instagram.com/reel/DHlz0LVJhDO/?igsh=Mm91enBobGw5Y2dq,Yes,found_subpage
Andy's Treat Truck,"2012 Woodall Rodgers Fwy, Dallas, TX 75201",https://locations.eatandys.com,Yes,(469) 400-3020,,5.0,5.0,32.804896,-96.8302759,street food vendor,Food & Restaurant,75204,,,,,,,No,no_contact_found
Strangeways,"2429 N Fitzhugh Ave, Dallas, TX 75204",https://strangewaysdallas.com,Yes,(214) 823-7800,,0.0,52.0,32.8118142,-96.8191268,street food vendor,Food & Restaurant,75204,,,,,,,No,no_contact_found
Cityplace Market,"2417 Lemmon Ave, Dallas, TX 75204",https://properties.kimcorealty.com,Yes,(833) 800-4343,,575.0,3.0,32.7853622,-96.8116782,street food vendor,Food & Restaurant,75204,gmisoulis@kimcorealty.com,jcyprow@kimcorealty.com,scox@kimcorealty.com,gmisoulis@kimcorealty.com | jcyprow@kimcorealty.com | scox@kimcorealty.com | gfeigenbaum@kimcorealty.com | apittelli@kimcorealty.com | bbridges@kimcorealty.com | bwegmann@kimcorealty.com | cimmel@kimcorealty.com | cciminiello@kimcorealty.com | chickey@kimcorealty.com | ctaylor@kimcorealty.com | dgrass@kimcorealty.com | dhare@kimcorealty.com | gglazer@kimcorealty.com | greed@kimcorealty.com | jhuss@kimcorealty.com | jpolizzotti@kimcorealty.com | jhuntzinger@kimcorealty.com | jlondono@kimcorealty.com | mzeiner@kimcorealty.com | mespejo@kimcorealty.com | mnvazquez@kimcorealty.com | mlawson@kimcorealty.com | nbrown@kimcorealty.com | pmccune@kimcorealty.com | pemsky@kimcorealty.com | sbillings@kimcorealty.com | schung@kimcorealty.com | sngo@kimcorealty.com | sodish@kimcorealty.com | sparedes@kimcorealty.com | telias@kimcorealty.com | asanto@kimcorealty.com | voneil@kimcorealty.com | dbujnicki@kimcorealty.com | llandro@kimcorealty.com | tchernomordik@kimcorealty.com | kcovino@kimcorealty.com | ehassan@kimcorealty.com | jmaisch@kimcorealty.com | mtoscano@kimcorealty.com | aschwartz@kimcorealty.com | award@kimcorealty.com | arunkel@kimcorealty.com | adaniels@kimcorealty.com | aboeker@kimcorealty.com | bminton@kimcorealty.com | cbyrd@kimcorealty.com | cvinzant@kimcorealty.com | dcohn@kimcorealty.com | dsalvage@kimcorealty.com | dschooley@kimcorealty.com | gashby@kimcorealty.com | izimmerman@kimcorealty.com | jmielke@kimcorealty.com | jmellow@kimcorealty.com | jweinkranz@kimcorealty.com | klittlejohn@kimcorealty.com | kwycoff@kimcorealty.com | kallen@kimcorealty.com | kburmeister@kimcorealty.com | mcurcio@kimcorealty.com | mmagnaghi@kimcorealty.com | mburns@kimcorealty.com | msalinas@kimcorealty.com | mreigner@kimcorealty.com | nfreddo@kimcorealty.com | reckblad@kimcorealty.com | rancelovici@kimcorealty.com | rbevis@kimcorealty.com | rmerritt@kimcorealty.com | rwachtler@kimcorealty.com | sphelps@kimcorealty.com | shazzi@kimcorealty.com | tbuckstein@kimcorealty.com | tpira@kimcorealty.com | tsimmons@kimcorealty.com | tzart@kimcorealty.com | vanthony@kimcorealty.com | zblatteis@kimcorealty.com | malvarez@kimcorealty.com | sheick@kimcorealty.com | mgarcia@kimcorealty.com | aoklak@kimcorealty.com | breynolds@kimcorealty.com | dlo@kimcorealty.com | gkatz@kimcorealty.com | jgelfman@kimcorealty.com | mrickards@kimcorealty.com | mstrahs@kimcorealty.com | mogden@kimcorealty.com | rmccoy@kimcorealty.com | acintron@kimcorealty.com | bhall@kimcorealty.com | dbrubaker@kimcorealty.com | erowold@kimcorealty.com | elorenzana@kimcorealty.com | jwestbrook@kimcorealty.com | kmaxey@kimcorealty.com | kwheeler@kimcorealty.com | asdrigotti@kimcorealty.com | cmedina@kimcorealty.com | cnguyen@kimcorealty.com | cbartell@kimcorealty.com | dbarry@kimcorealty.com | ely@kimcorealty.com | hmacmillan@kimcorealty.com | jcotumaccio@kimcorealty.com | kgaerttner@kimcorealty.com | kcurtiss@kimcorealty.com | mlipke@kimcorealty.com | pvernaza@kimcorealty.com | slaguna@kimcorealty.com,https://www.facebook.com/kimcorealty,https://www.instagram.com/kimcorealty,Yes,found_subpage
Green Light Social,"2625 Floyd St, Dallas, TX 75204",https://greenlightsocial.com,Yes,(469) 871-0111,,6.0,53.0,32.8088084,-96.8331635,street food vendor,Food & Restaurant,75204,,,,,,,No,no_contact_found
Select Start,"2811 Main St, Dallas, TX 75226",https://selectstartarcade.com,Yes,,,3.0,53.0,32.795752,-96.8368884,street food vendor,Food & Restaurant,75204,,,,,https://www.facebook.com/SelectStartArcadeBar,https://www.instagram.com/selectstartarcade,No,no_contact_found
Walmart Neighborhood Market,"2305 N Central Expy, Dallas, TX 75204",https://walmart.com,Yes,(214) 953-0460,,103.0,4.0,32.7894973,-96.8379058,street food vendor,Food & Restaurant,75204,,,,,,,No,no_contact_found
Pegasus City Brewery,"1508 Commerce St, Dallas, TX 75201",https://pegasuscitybrewery.com,Yes,(972) 366-7722,,4.0,26.0,32.7894973,-96.8379058,street food vendor,Food & Restaurant,75204,info@pegasuscitybrewery.com,,,info@pegasuscitybrewery.com,https://www.facebook.com/PegasusCityBrewery,https://www.instagram.com/pegasuscitybrewery/,Yes,found_homepage
Dot's Hop House & Cocktail Courtyard,"2645 Commerce St, Dallas, TX 75226",https://dotshophouse.com,Yes,(214) 230-3687,,939.0,1.0,32.7894973,-96.8379058,street food vendor,Food & Restaurant,75204,dotshophouse@gmail.com,,,dotshophouse@gmail.com,,,Yes,found_homepage
Whole Foods Market,"2510 McKinney Ave, Dallas, TX 75201",https://wholefoodsmarket.com,Yes,(469) 518-5814,,839.0,1.0,32.7894973,-96.8379058,street food vendor,Food & Restaurant,75204,,,,,https://www.facebook.com/wholefoodsUK/,https://www.instagram.com/wholefoodsuk/,No,no_contact_found
The 2nd Tap,"920 S Harwood St #125, Dallas, TX 75201",https://the2ndtap.com,Yes,(972) 982-0200,,5.0,4.0,32.7855716,-96.8397625,street food vendor,Food & Restaurant,75204,info@your-site.com,info@the2ndtap.com,,info@your-site.com | info@the2ndtap.com,https://www.facebook.com/,,Yes,found_homepage
Superior Trading Co,"2711 Hickory St, Dallas, TX 75226",https://superiortradingdallas.com,Yes,(214) 565-9881,,6.0,3.0,32.7767955,-96.8138321,street food vendor,Food & Restaurant,75204,info@superiortradingdallas.com,,,info@superiortradingdallas.com,,,Yes,found_homepage
The Bomb Factory,"2713 Canton St, Dallas, TX 75226",https://thebombfactory.com,Yes,(214) 749-5757,,986.0,3.0,32.7896889,-96.8376006,street food vendor,Food & Restaurant,75204,contact@thebombfactory.com,,,contact@thebombfactory.com,https://www.facebook.com/thebombfactorydallas/,https://www.instagram.com/thebombfactorydallas/,Yes,found_subpage
The Factory in Deep Ellum,"2713 Canton St, Dallas, TX 75226",https://thefactoryindeepellum.com,Yes,(214) 749-5757,,97.0,1.0,32.7773366,-96.8264475,street food vendor,Food & Restaurant,75204,,,,,https://www.facebook.com/thebombfactorydallas/,https://www.instagram.com/thebombfactorydallas/,No,no_contact_found
Punch Bowl Social,"2600 Main St, Dallas, TX 75226",https://punchbowlsocial.com,Yes,(469) 607-6880,,561.0,1.0,32.7773366,-96.8264475,street food vendor,Food & Restaurant,75204,,,,,https://www.facebook.com/punchbowlsocial/,https://www.instagram.com/punchbowlsocial,No,no_contact_found
Trailer Birds,"2525 Wycliff Ave, Dallas, TX 75219",https://trailerbirds.com,Yes,(214) 780-0999,,6.0,1.0,32.9866894,-97.0905867,food trailer,Food & Restaurant,75204,,,,,https://www.facebook.com/trailerbirdsofficial,https://www.instagram.com/trailerbirds/,No,no_contact_found
Toastique,"3839 McKinney Ave #135, Dallas, TX 75204",https://toastique.com,Yes,(214) 272-9400,,2.0,9.0,32.8092215,-96.8320769,cafe,Food & Restaurant,75204,,,,,https://www.facebook.com/toastique/,https://www.instagram.com/toastique/,No,no_contact_found
Cafe Duro,"2804 Greenville Ave, Dallas, TX 75206",https://cafe-duro.com,Yes,(214) 888-8485,,8.0,24.0,32.8232311,-96.8060829,cafe,Food & Restaurant,75204,info@cafe-duro.com,,,info@cafe-duro.com,https://www.facebook.com/Duro-Hospitality-102974212241508,https://www.instagram.com/durohospitality/,Yes,found_homepage
LE BLOOM,"4152 Travis St, Dallas, TX 75204",https://lebloomdallas.com,Yes,,,5.0,6.0,32.8165751,-96.8298489,cafe,Food & Restaurant,75204,hello@lebloomdallas.com,,,hello@lebloomdallas.com,,https://www.instagram.com/lebloomdallas/?hl=en,Yes,found_homepage
Pinkies Coffee + Cocktails,"3900 Cedar Springs Rd, Dallas, TX 75219",https://drinkpinkies.com,Yes,,,8.0,10.0,32.8045201,-96.8355306,cafe,Food & Restaurant,75204,hello@drinkpinkies.com,,,hello@drinkpinkies.com,https://www.facebook.com/61576669672584,https://www.instagram.com/pinkiescoffeeandcocktails/,Yes,found_homepage
Capital One Caf,"3700 McKinney Ave Suite 126, Dallas, TX 75204",https://capitalone.com,Yes,(214) 210-1611,,7.0,3.0,32.8045201,-96.8355306,cafe,Food & Restaurant,75204,,,,,https://www.facebook.com/capitalone/,https://www.instagram.com/capitalone/,No,no_contact_found
Alcove Wine Bar,"2907 State St, Dallas, TX 75204",https://alcovewine.com,Yes,(214) 871-2200,,5.0,19.0,32.7993645,-96.8371677,cafe,Food & Restaurant,75204,,,,,,,No,no_contact_found
HOPE Coffee DTS (inside the Bailey Student Center and Chafer Chapel),"1200 Apple St, Dallas, TX 75204",https://hopecoffeedts.com,Yes,(972) 685-3568,,1.0,7.0,32.7954081,-96.8152361,cafe,Food & Restaurant,75204,dts@hopecoffee.com,,,dts@hopecoffee.com,https://www.facebook.com/hopecoffee,https://www.instagram.com/hopecoffee/,Yes,found_homepage
Starbucks Coffee Company,"4241 Capitol Ave, Dallas, TX 75204",https://starbucks.com,Yes,(972) 338-3100,,9.0,7.0,32.7954081,-96.8152361,cafe,Food & Restaurant,75204,press@starbucks.com,pressemea@starbucks.com,investorrelations@starbucks.com,press@starbucks.com | pressemea@starbucks.com | investorrelations@starbucks.com | partnerships@starbucks.com,https://facebook.com/starbucks,https://instagram.com/starbucks,Yes,found_subpage
Starbucks,"2727 Live Oak St, Dallas, TX 75204",https://starbucks.com,Yes,(214) 273-2115,,5.0,8.0,32.7987819,-96.813858,cafe,Food & Restaurant,75204,press@starbucks.com,pressemea@starbucks.com,investorrelations@starbucks.com,press@starbucks.com | pressemea@starbucks.com | investorrelations@starbucks.com | partnerships@starbucks.com,https://facebook.com/starbucks,https://instagram.com/starbucks,Yes,found_subpage
El Chingon Dallas,"3404 Ross Ave, Dallas, TX 75204",https://elchingon.com,Yes,,,,,32.7873644,-96.8332242,cafe,Food & Restaurant,75204,info@gbodgroup.com,,,info@gbodgroup.com,https://www.facebook.com/elchingonsd/,https://www.instagram.com/elchingonsd/,Yes,found_subpage
Halcyon,"2900 Greenville Ave, Dallas, TX 75206",https://halcyoncoffeebar.com,Yes,(469) 547-2265,,173.0,1.0,32.8239924,-96.8059853,cafe,Food & Restaurant,75204,info@halcyoncoffeebar.com,,,info@halcyoncoffeebar.com,,,Yes,found_homepage
Frida Social Club,"3403 McKinney Ave, Dallas, TX 75204",https://m.facebook.com,Yes,(972) 988-9022,,2.0,35.0,32.79765,-96.8282689,cafe,Food & Restaurant,75204,,,,,,,No,no_contact_found
cutwithkevin,"1619 N Hall St, Dallas, TX 75204",https://kevinkilby.glossgenius.com,Yes,,,,,32.7949657,-96.8249363,cafe,Food & Restaurant,75204,,,,,https://www.facebook.com/GlossGenius/,https://www.instagram.com/glossgenius/,No,no_contact_found
Lyla,"3309 McKinney Ave, Dallas, TX 75204",https://lylarestaurant.com,Yes,(214) 216-0575,,105.0,1.0,32.7949657,-96.8249363,cafe,Food & Restaurant,75204,info@lylarestaurant.com,,,info@lylarestaurant.com,https://www.facebook.com/lylarestaurant,https://www.instagram.com/lylarestaurants,Yes,found_subpage
Starbucks Coffee Company,"2417 N Haskell Ave., Dallas, TX 75204",https://starbucks.com,Yes,(214) 826-0331,,9.0,5.0,32.7949657,-96.8249363,cafe,Food & Restaurant,75204,press@starbucks.com,pressemea@starbucks.com,investorrelations@starbucks.com,press@starbucks.com | pressemea@starbucks.com | investorrelations@starbucks.com | partnerships@starbucks.com,https://facebook.com/starbucks,https://instagram.com/starbucks,Yes,found_subpage
BOCADO,"3300 Ross Ave, Dallas, TX 75204",https://bocadodallas.com,Yes,(469) 677-0077,,0.0,31.0,32.8007334,-96.8373836,cafe,Food & Restaurant,75204,,,,,https://www.facebook.com/CantinaFinaDFW,,No,no_contact_found
PrintWithMe Print Kiosk at Sip Stir Cafe & Coffeehouse,"3800 McKinney Ave #180, Dallas, TX 75204",https://printwithme.com,Yes,(773) 797-2118,,1.0,1.0,32.8007334,-96.8373836,cafe,Food & Restaurant,75204,support@printwithme.com,,,support@printwithme.com,https://www.facebook.com/WithMeAmenities,https://www.instagram.com/withmeamenities/,Yes,found_subpage
Biscuit Royale,"3510 Ross Ave ste 100, Dallas, TX 75204",https://oomikitchen.com,Yes,(214) 929-3162,,,,32.8007334,-96.8373836,cafe,Food & Restaurant,75204,info@oomikitchen.com,,,info@oomikitchen.com,https://www.facebook.com/oomikitchen,https://www.instagram.com/oomikitchen/,Yes,found_homepage
Savage Rabbit,"3510 Ross Ave ste 100, Dallas, TX 75204",https://oomikitchen.com,Yes,(469) 372-0396,,,,32.8118142,-96.8191268,cafe,Food & Restaurant,75204,,,,,,,No,no_contact_found
Local Jonny's,"5471 Belt Line Rd, Dallas, TX 75254",https://localjonnystx.com,Yes,(214) 484-4127,,2.0,22.0,32.9548048,-96.8482689,cafe,Food & Restaurant,75204,localjonnytx@gmail.com,,,localjonnytx@gmail.com,,https://www.instagram.com/localjonnystx/,Yes,found_homepage
